-- Poster → r_keeper import SQL
-- Generated by import_poster script

BEGIN;

-- Phase 1: Categories
DELETE FROM recipe_items;
DELETE FROM order_items WHERE order_id IN (SELECT id FROM orders WHERE venue_id = '00000000-0000-0000-0000-000000000010');
DELETE FROM payments WHERE order_id IN (SELECT id FROM orders WHERE venue_id = '00000000-0000-0000-0000-000000000010');
DELETE FROM orders WHERE venue_id = '00000000-0000-0000-0000-000000000010';
DELETE FROM stock_items;
DELETE FROM products WHERE venue_id = '00000000-0000-0000-0000-000000000010';
DELETE FROM categories WHERE venue_id = '00000000-0000-0000-0000-000000000010';

INSERT INTO categories (id, venue_id, name, external_id, external_source, sort_order)
VALUES ('e22356c7-e007-de1f-c498-eb9e3d407c12', '00000000-0000-0000-0000-000000000010', 'Прохладительные', '33', 'poster', 1);
INSERT INTO categories (id, venue_id, name, external_id, external_source, sort_order)
VALUES ('8bad17c0-c828-4c63-064b-c33a9f7accbf', '00000000-0000-0000-0000-000000000010', 'Алкоголь', '15', 'poster', 2);
INSERT INTO categories (id, venue_id, name, external_id, external_source, sort_order)
VALUES ('89c80051-7717-384c-a047-ae889b11c7d6', '00000000-0000-0000-0000-000000000010', 'Виски', '28', 'poster', 3);
INSERT INTO categories (id, venue_id, name, external_id, external_source, sort_order)
VALUES ('c90e5bff-a921-2e03-3cbf-41e1a8558b9b', '00000000-0000-0000-0000-000000000010', 'Бургеры', '34', 'poster', 4);
INSERT INTO categories (id, venue_id, name, external_id, external_source, sort_order)
VALUES ('9d61d706-e978-bde7-6b74-0122711481dc', '00000000-0000-0000-0000-000000000010', 'Бренди', '29', 'poster', 5);
INSERT INTO categories (id, venue_id, name, external_id, external_source, sort_order)
VALUES ('4527e2dd-7fec-fa1d-6437-79eae983dd8d', '00000000-0000-0000-0000-000000000010', 'Соки', '20', 'poster', 6);
INSERT INTO categories (id, venue_id, name, external_id, external_source, sort_order)
VALUES ('96900a55-b855-436f-243b-2146a68e9ee0', '00000000-0000-0000-0000-000000000010', 'Вино, красное', '23', 'poster', 7);
INSERT INTO categories (id, venue_id, name, external_id, external_source, sort_order)
VALUES ('f217ad0c-76e6-2f57-4ffd-674005ee7eac', '00000000-0000-0000-0000-000000000010', 'Вино, белое', '22', 'poster', 8);
INSERT INTO categories (id, venue_id, name, external_id, external_source, sort_order)
VALUES ('ad84a03d-926d-2c37-fc8c-a3c5fc7016c3', '00000000-0000-0000-0000-000000000010', 'Пиво', '25', 'poster', 9);
INSERT INTO categories (id, venue_id, name, external_id, external_source, sort_order)
VALUES ('85d2d7dd-dd3e-acb6-0486-6943df708177', '00000000-0000-0000-0000-000000000010', 'Водка', '27', 'poster', 10);
INSERT INTO categories (id, venue_id, name, external_id, external_source, sort_order)
VALUES ('5849bcb2-d2a4-c9d6-7840-968d5280c62a', '00000000-0000-0000-0000-000000000010', 'Коктейли', '26', 'poster', 11);
INSERT INTO categories (id, venue_id, name, external_id, external_source, sort_order)
VALUES ('6968ce19-3561-212b-fa85-fce5e19cea6b', '00000000-0000-0000-0000-000000000010', 'Кофе', '19', 'poster', 12);
INSERT INTO categories (id, venue_id, name, external_id, external_source, sort_order)
VALUES ('f85b08e6-4cf7-bf05-8f7e-76322d16b777', '00000000-0000-0000-0000-000000000010', 'Глинтвейн', '24', 'poster', 13);
INSERT INTO categories (id, venue_id, name, external_id, external_source, sort_order)
VALUES ('0af742ae-27a3-1fc1-cf9f-dafb492eaf06', '00000000-0000-0000-0000-000000000010', 'Завтраки', '4', 'poster', 14);
INSERT INTO categories (id, venue_id, name, external_id, external_source, sort_order)
VALUES ('410bfb57-7263-5c4f-30d2-7a87e333c812', '00000000-0000-0000-0000-000000000010', 'Top screen', '0', 'poster', 15);
INSERT INTO categories (id, venue_id, name, external_id, external_source, sort_order)
VALUES ('6fadc6b1-2c82-ad44-964a-98f0fca806c1', '00000000-0000-0000-0000-000000000010', 'Закуски', '6', 'poster', 16);
INSERT INTO categories (id, venue_id, name, external_id, external_source, sort_order)
VALUES ('75f6359b-6d70-0536-90eb-33863df408f9', '00000000-0000-0000-0000-000000000010', 'Банкетное менб', '36', 'poster', 17);
INSERT INTO categories (id, venue_id, name, external_id, external_source, sort_order)
VALUES ('e15a0460-ab2d-f961-b07a-82537fbb943b', '00000000-0000-0000-0000-000000000010', 'Основные блюда', '9', 'poster', 18);
INSERT INTO categories (id, venue_id, name, external_id, external_source, sort_order)
VALUES ('0bbfef50-d8bb-5a90-0e2a-49d5c08df8a7', '00000000-0000-0000-0000-000000000010', 'Супы', '7', 'poster', 19);
INSERT INTO categories (id, venue_id, name, external_id, external_source, sort_order)
VALUES ('e21df300-2712-0803-3714-c39a0eda661e', '00000000-0000-0000-0000-000000000010', 'Джин', '32', 'poster', 20);
INSERT INTO categories (id, venue_id, name, external_id, external_source, sort_order)
VALUES ('a7ebb616-3862-295c-7500-b7212fe9e9fe', '00000000-0000-0000-0000-000000000010', 'Вино, домашнее', '21', 'poster', 21);
INSERT INTO categories (id, venue_id, name, external_id, external_source, sort_order)
VALUES ('eacecb3d-d2be-ef18-e17d-dd068b3d01dc', '00000000-0000-0000-0000-000000000010', 'Гарниры', '11', 'poster', 22);
INSERT INTO categories (id, venue_id, name, external_id, external_source, sort_order)
VALUES ('f1b2b0fa-739d-33bc-0f98-740809ccdc2f', '00000000-0000-0000-0000-000000000010', 'Салаты', '5', 'poster', 23);
INSERT INTO categories (id, venue_id, name, external_id, external_source, sort_order)
VALUES ('e36f3276-d4d8-8585-e385-93fb63faf345', '00000000-0000-0000-0000-000000000010', 'Стейки', '10', 'poster', 24);
INSERT INTO categories (id, venue_id, name, external_id, external_source, sort_order)
VALUES ('24578517-e50f-5bc5-1b10-081415962bc7', '00000000-0000-0000-0000-000000000010', 'Фондю', '35', 'poster', 25);
INSERT INTO categories (id, venue_id, name, external_id, external_source, sort_order)
VALUES ('9b263379-661e-1c41-c17d-4517f10750e7', '00000000-0000-0000-0000-000000000010', 'Молочные коктейли', '18', 'poster', 26);
INSERT INTO categories (id, venue_id, name, external_id, external_source, sort_order)
VALUES ('2bf864e5-7956-3c2b-ec97-48082b524f0e', '00000000-0000-0000-0000-000000000010', 'Паста', '8', 'poster', 27);
INSERT INTO categories (id, venue_id, name, external_id, external_source, sort_order)
VALUES ('949a75ee-4352-8f78-0b6f-6d0c824a739e', '00000000-0000-0000-0000-000000000010', 'Хлеб', '12', 'poster', 28);
INSERT INTO categories (id, venue_id, name, external_id, external_source, sort_order)
VALUES ('f3c6e619-20ce-2ed7-3545-7fc934353a3d', '00000000-0000-0000-0000-000000000010', 'Ром', '30', 'poster', 29);
INSERT INTO categories (id, venue_id, name, external_id, external_source, sort_order)
VALUES ('71ab20de-16e9-0c52-eb56-c4956820513a', '00000000-0000-0000-0000-000000000010', 'Текила', '31', 'poster', 30);
INSERT INTO categories (id, venue_id, name, external_id, external_source, sort_order)
VALUES ('21ed765b-2020-ad1c-81e5-2e93da1eded2', '00000000-0000-0000-0000-000000000010', 'Чаи', '16', 'poster', 31);

-- Phase 2: Products
INSERT INTO products (id, venue_id, category_id, name, price, cost_price, type, sort_order, external_id, external_source)
VALUES ('120437cb-67b8-9406-9251-d8a348262f65', '00000000-0000-0000-0000-000000000010', '89c80051-7717-384c-a047-ae889b11c7d6', ' Jameson', 480.0, 139.95, 'dish', 999, '135', 'poster');
INSERT INTO products (id, venue_id, category_id, name, price, cost_price, type, sort_order, external_id, external_source)
VALUES ('eed148a6-7f8f-38d6-85f9-602481bbc846', '00000000-0000-0000-0000-000000000010', 'e22356c7-e007-de1f-c498-eb9e3d407c12', ' Вода Bonaqua с газом ', 130.0, 34.0, 'dish', 999, '146', 'poster');
INSERT INTO products (id, venue_id, category_id, name, price, cost_price, type, sort_order, external_id, external_source)
VALUES ('1a9038b5-12c1-4b41-756a-ce6d8bb0fac8', '00000000-0000-0000-0000-000000000010', 'c90e5bff-a921-2e03-3cbf-41e1a8558b9b', ' Куриный Бургер  ', 670.0, 508.94, 'dish', 999, '114', 'poster');
INSERT INTO products (id, venue_id, category_id, name, price, cost_price, type, sort_order, external_id, external_source)
VALUES ('e532fcb4-dc6d-4091-b3da-fd41b40bb06e', '00000000-0000-0000-0000-000000000010', '9d61d706-e978-bde7-6b74-0122711481dc', ' Кыргызстан Кыргызстан', 200.0, 61.55, 'dish', 999, '136', 'poster');
INSERT INTO products (id, venue_id, category_id, name, price, cost_price, type, sort_order, external_id, external_source)
VALUES ('d56291c3-0b81-82df-41d8-2bffd8869d31', '00000000-0000-0000-0000-000000000010', '4527e2dd-7fec-fa1d-6437-79eae983dd8d', ' Мультифрукт сок Rich', 430.0, 149.12, 'dish', 999, '140', 'poster');
INSERT INTO products (id, venue_id, category_id, name, price, cost_price, type, sort_order, external_id, external_source)
VALUES ('891fbb64-0a53-e6d6-f1bf-27e191c4de93', '00000000-0000-0000-0000-000000000010', '96900a55-b855-436f-243b-2146a68e9ee0', 'Appassionate', 4220.0, 1787.51, 'dish', 999, '121', 'poster');
INSERT INTO products (id, venue_id, category_id, name, price, cost_price, type, sort_order, external_id, external_source)
VALUES ('86a31dd0-97f1-eb78-7de1-45e29021b34e', '00000000-0000-0000-0000-000000000010', 'f217ad0c-76e6-2f57-4ffd-674005ee7eac', 'Aroma de France', 2580.0, 975.0, 'dish', 999, '119', 'poster');
INSERT INTO products (id, venue_id, category_id, name, price, cost_price, type, sort_order, external_id, external_source)
VALUES ('c16bce15-fa53-0477-7fc7-755989859be8', '00000000-0000-0000-0000-000000000010', '96900a55-b855-436f-243b-2146a68e9ee0', 'Aroma de France red', 2560.0, 975.0, 'dish', 999, '123', 'poster');
INSERT INTO products (id, venue_id, category_id, name, price, cost_price, type, sort_order, external_id, external_source)
VALUES ('260b99e2-59bd-a3dc-c313-434aff0daf54', '00000000-0000-0000-0000-000000000010', 'e22356c7-e007-de1f-c498-eb9e3d407c12', 'Coca-Cola', 190.0, 67.0, 'dish', 999, '144', 'poster');
INSERT INTO products (id, venue_id, category_id, name, price, cost_price, type, sort_order, external_id, external_source)
VALUES ('30d3c4b2-8d8b-4d91-9c67-b3d72ab218cc', '00000000-0000-0000-0000-000000000010', 'ad84a03d-926d-2c37-fc8c-a3c5fc7016c3', 'Corona Extra', 470.0, 160.0, 'dish', 999, '129', 'poster');
INSERT INTO products (id, venue_id, category_id, name, price, cost_price, type, sort_order, external_id, external_source)
VALUES ('a0be9126-1b9b-666d-c68e-fd66161cff95', '00000000-0000-0000-0000-000000000010', '85d2d7dd-dd3e-acb6-0486-6943df708177', 'Finlandia', 320.0, 87.71, 'dish', 999, '131', 'poster');
INSERT INTO products (id, venue_id, category_id, name, price, cost_price, type, sort_order, external_id, external_source)
VALUES ('5d41e372-0bfb-8212-e08b-622352f32b09', '00000000-0000-0000-0000-000000000010', '5849bcb2-d2a4-c9d6-7840-968d5280c62a', 'French 75', 470.0, 100.74, 'dish', 999, '179', 'poster');
INSERT INTO products (id, venue_id, category_id, name, price, cost_price, type, sort_order, external_id, external_source)
VALUES ('6599a59a-6cf7-70c9-0971-07a0078ce7cf', '00000000-0000-0000-0000-000000000010', 'ad84a03d-926d-2c37-fc8c-a3c5fc7016c3', 'Heineken', 380.0, 126.64, 'dish', 999, '128', 'poster');
INSERT INTO products (id, venue_id, category_id, name, price, cost_price, type, sort_order, external_id, external_source)
VALUES ('86712b3a-562c-f614-e8fa-56c456824301', '00000000-0000-0000-0000-000000000010', '89c80051-7717-384c-a047-ae889b11c7d6', 'Jack Daniel''s', 500.0, 155.46, 'dish', 999, '134', 'poster');
INSERT INTO products (id, venue_id, category_id, name, price, cost_price, type, sort_order, external_id, external_source)
VALUES ('862ddc62-34ac-a265-0c37-34351dbbd3a4', '00000000-0000-0000-0000-000000000010', '96900a55-b855-436f-243b-2146a68e9ee0', 'Jacob’s Creek Shiraz Cabernet', 3540.0, 960.0, 'dish', 999, '224', 'poster');
INSERT INTO products (id, venue_id, category_id, name, price, cost_price, type, sort_order, external_id, external_source)
VALUES ('cc796b1e-8e6d-d182-c491-dfcab55bc50e', '00000000-0000-0000-0000-000000000010', 'f217ad0c-76e6-2f57-4ffd-674005ee7eac', 'LYA, Toscana Bianco', 3800.0, 1100.0, 'dish', 999, '117', 'poster');
INSERT INTO products (id, venue_id, category_id, name, price, cost_price, type, sort_order, external_id, external_source)
VALUES ('171299cb-76e1-a013-fde5-bddec524aa9e', '00000000-0000-0000-0000-000000000010', 'f217ad0c-76e6-2f57-4ffd-674005ee7eac', 'Pinot Grigio Delle Venezie DOC', 2820.0, 830.0, 'dish', 999, '118', 'poster');
INSERT INTO products (id, venue_id, category_id, name, price, cost_price, type, sort_order, external_id, external_source)
VALUES ('87a16f18-fe21-86fb-1acf-9c8cc486478a', '00000000-0000-0000-0000-000000000010', '96900a55-b855-436f-243b-2146a68e9ee0', 'Priore Chianti', 3100.0, 1410.0, 'dish', 999, '122', 'poster');
INSERT INTO products (id, venue_id, category_id, name, price, cost_price, type, sort_order, external_id, external_source)
VALUES ('12c00a10-9417-532f-bd97-a2bf1a11e847', '00000000-0000-0000-0000-000000000010', 'f217ad0c-76e6-2f57-4ffd-674005ee7eac', 'San Valentin', 2170.0, 690.0, 'dish', 999, '120', 'poster');
INSERT INTO products (id, venue_id, category_id, name, price, cost_price, type, sort_order, external_id, external_source)
VALUES ('39a3cd60-263c-c0b3-ee54-c5b493db41cc', '00000000-0000-0000-0000-000000000010', '96900a55-b855-436f-243b-2146a68e9ee0', 'San Valentin red', 2170.0, 690.0, 'dish', 999, '124', 'poster');
INSERT INTO products (id, venue_id, category_id, name, price, cost_price, type, sort_order, external_id, external_source)
VALUES ('4f5dfe3a-4ba6-edc6-1a39-a54a344ea46a', '00000000-0000-0000-0000-000000000010', 'e22356c7-e007-de1f-c498-eb9e3d407c12', 'Schweppes', 220.0, 37.8, 'dish', 999, '159', 'poster');
INSERT INTO products (id, venue_id, category_id, name, price, cost_price, type, sort_order, external_id, external_source)
VALUES ('1d55740b-7a2f-ce7c-d33a-454fb2de27dc', '00000000-0000-0000-0000-000000000010', 'ad84a03d-926d-2c37-fc8c-a3c5fc7016c3', 'Stella Artois', 420.0, 144.0, 'dish', 999, '155', 'poster');
INSERT INTO products (id, venue_id, category_id, name, price, cost_price, type, sort_order, external_id, external_source)
VALUES ('66f7200b-8619-ba9f-8b5d-74b32585286b', '00000000-0000-0000-0000-000000000010', '96900a55-b855-436f-243b-2146a68e9ee0', 'Veneto Merlot Rosso Red Wine ', 3100.0, 820.0, 'dish', 999, '205', 'poster');
INSERT INTO products (id, venue_id, category_id, name, price, cost_price, type, sort_order, external_id, external_source)
VALUES ('8d39c5f6-7b37-38c9-14be-a79428be2504', '00000000-0000-0000-0000-000000000010', '4527e2dd-7fec-fa1d-6437-79eae983dd8d', 'Ананасовый сок', 430.0, 140.54, 'dish', 999, '198', 'poster');
INSERT INTO products (id, venue_id, category_id, name, price, cost_price, type, sort_order, external_id, external_source)
VALUES ('f17e6b93-235c-e217-e8bb-314b22b364b3', '00000000-0000-0000-0000-000000000010', '4527e2dd-7fec-fa1d-6437-79eae983dd8d', 'Апельсиновый сок Rich', 430.0, 155.33, 'dish', 999, '206', 'poster');
INSERT INTO products (id, venue_id, category_id, name, price, cost_price, type, sort_order, external_id, external_source)
VALUES ('86c75460-89b0-64da-2249-a8b6e678e24d', '00000000-0000-0000-0000-000000000010', '5849bcb2-d2a4-c9d6-7840-968d5280c62a', 'Апероль шприц', 500.0, 189.37, 'dish', 999, '130', 'poster');
INSERT INTO products (id, venue_id, category_id, name, price, cost_price, type, sort_order, external_id, external_source)
VALUES ('5b708223-a2c0-dd04-0433-11f0f0b00841', '00000000-0000-0000-0000-000000000010', '6968ce19-3561-212b-fa85-fce5e19cea6b', 'Аффогато', 310.0, 82.04, 'dish', 999, '192', 'poster');
INSERT INTO products (id, venue_id, category_id, name, price, cost_price, type, sort_order, external_id, external_source)
VALUES ('eaa4a05e-8cb8-7629-ddfb-e23226f1c2ee', '00000000-0000-0000-0000-000000000010', 'f85b08e6-4cf7-bf05-8f7e-76322d16b777', 'Безалкогольный глинвейн', 300.0, 77.99, 'dish', 999, '127', 'poster');
INSERT INTO products (id, venue_id, category_id, name, price, cost_price, type, sort_order, external_id, external_source)
VALUES ('df7c2c21-ccac-5baf-78ab-7927f7db522f', '00000000-0000-0000-0000-000000000010', '9d61d706-e978-bde7-6b74-0122711481dc', 'Бишкек', 160.0, 48.52, 'dish', 999, '137', 'poster');
INSERT INTO products (id, venue_id, category_id, name, price, cost_price, type, sort_order, external_id, external_source)
VALUES ('58e4c43b-44e0-70ce-99e7-6b0093966f41', '00000000-0000-0000-0000-000000000010', '0af742ae-27a3-1fc1-cf9f-dafb492eaf06', 'Блинчики', 320.0, 48.92, 'dish', 999, '176', 'poster');
INSERT INTO products (id, venue_id, category_id, name, price, cost_price, type, sort_order, external_id, external_source)
VALUES ('1b4182a4-6b08-de8c-21f6-c0a2236991f0', '00000000-0000-0000-0000-000000000010', '410bfb57-7263-5c4f-30d2-7a87e333c812', 'Бой посуды ', 0.0, 0.0, 'dish', 999, '185', 'poster');
INSERT INTO products (id, venue_id, category_id, name, price, cost_price, type, sort_order, external_id, external_source)
VALUES ('9f75207d-109f-6d24-d616-901e7f05e942', '00000000-0000-0000-0000-000000000010', '6fadc6b1-2c82-ad44-964a-98f0fca806c1', 'Брускетта с костным мозгом ', 710.0, 311.11, 'dish', 999, '223', 'poster');
INSERT INTO products (id, venue_id, category_id, name, price, cost_price, type, sort_order, external_id, external_source)
VALUES ('ef5a0fd9-15a0-6dc1-a208-29c4a17eb52f', '00000000-0000-0000-0000-000000000010', '6fadc6b1-2c82-ad44-964a-98f0fca806c1', 'Брускетта с томленой говядиной ', 710.0, 212.46, 'dish', 999, '222', 'poster');
INSERT INTO products (id, venue_id, category_id, name, price, cost_price, type, sort_order, external_id, external_source)
VALUES ('ce90a2e4-a08b-570d-aca7-50bb5d2d0ab2', '00000000-0000-0000-0000-000000000010', '6fadc6b1-2c82-ad44-964a-98f0fca806c1', 'Брускетты с запеченными баклажанами', 440.0, 81.85, 'dish', 999, '112', 'poster');
INSERT INTO products (id, venue_id, category_id, name, price, cost_price, type, sort_order, external_id, external_source)
VALUES ('3d7e22b7-98eb-25da-ac3b-90e987e6829c', '00000000-0000-0000-0000-000000000010', '4527e2dd-7fec-fa1d-6437-79eae983dd8d', 'Вишневый сок Rich', 430.0, 146.0, 'dish', 999, '143', 'poster');
INSERT INTO products (id, venue_id, category_id, name, price, cost_price, type, sort_order, external_id, external_source)
VALUES ('966437e8-b784-92e7-0afa-ff8bde6f1e53', '00000000-0000-0000-0000-000000000010', 'e22356c7-e007-de1f-c498-eb9e3d407c12', 'Вода Bonaqua без газа', 130.0, 33.0, 'dish', 999, '145', 'poster');
INSERT INTO products (id, venue_id, category_id, name, price, cost_price, type, sort_order, external_id, external_source)
VALUES ('12dd0c72-4671-5cd8-b7da-98389426555c', '00000000-0000-0000-0000-000000000010', '410bfb57-7263-5c4f-30d2-7a87e333c812', 'Вода для гостей', 0.0, 0.0, 'dish', 999, '228', 'poster');
INSERT INTO products (id, venue_id, category_id, name, price, cost_price, type, sort_order, external_id, external_source)
VALUES ('d158543d-e9dc-0b2a-7902-b665a39db719', '00000000-0000-0000-0000-000000000010', 'f85b08e6-4cf7-bf05-8f7e-76322d16b777', 'Глинвейн на красном вине', 410.0, 134.51, 'dish', 999, '126', 'poster');
INSERT INTO products (id, venue_id, category_id, name, price, cost_price, type, sort_order, external_id, external_source)
VALUES ('d2434048-8926-9995-9323-9ab371ad6f0b', '00000000-0000-0000-0000-000000000010', 'f85b08e6-4cf7-bf05-8f7e-76322d16b777', 'Глинтвейн на белом вине', 400.0, 131.98, 'dish', 999, '125', 'poster');
INSERT INTO products (id, venue_id, category_id, name, price, cost_price, type, sort_order, external_id, external_source)
VALUES ('b34a3112-ff0e-f459-d3c3-fde15aac2c99', '00000000-0000-0000-0000-000000000010', '75f6359b-6d70-0536-90eb-33863df408f9', 'Говядина для мясной тарелки ', 740.0, 331.7, 'dish', 999, '237', 'poster');
INSERT INTO products (id, venue_id, category_id, name, price, cost_price, type, sort_order, external_id, external_source)
VALUES ('c0fb869e-f434-07cb-f666-b9f7e55d4032', '00000000-0000-0000-0000-000000000010', 'c90e5bff-a921-2e03-3cbf-41e1a8558b9b', 'Говяжий Бургер', 770.0, 548.32, 'dish', 999, '113', 'poster');
INSERT INTO products (id, venue_id, category_id, name, price, cost_price, type, sort_order, external_id, external_source)
VALUES ('6e00b5a0-6b62-d942-73e4-86982bcae389', '00000000-0000-0000-0000-000000000010', 'e15a0460-ab2d-f961-b07a-82537fbb943b', 'Говяжьи медальоны с овощами на гриле', 1370.0, 705.3, 'dish', 999, '21', 'poster');
INSERT INTO products (id, venue_id, category_id, name, price, cost_price, type, sort_order, external_id, external_source)
VALUES ('fe60b0ae-2583-0dd8-24c6-ce415c7dbabd', '00000000-0000-0000-0000-000000000010', '6968ce19-3561-212b-fa85-fce5e19cea6b', 'Горячий шоколад', 330.0, 104.14, 'dish', 999, '96', 'poster');
INSERT INTO products (id, venue_id, category_id, name, price, cost_price, type, sort_order, external_id, external_source)
VALUES ('ba729be8-36f6-fb9a-7e2c-4b99753cb652', '00000000-0000-0000-0000-000000000010', '0bbfef50-d8bb-5a90-0e2a-49d5c08df8a7', 'Грибной крем суп', 600.0, 109.97, 'dish', 999, '217', 'poster');
INSERT INTO products (id, venue_id, category_id, name, price, cost_price, type, sort_order, external_id, external_source)
VALUES ('497d0040-b877-bebf-95b7-582bf7a5e783', '00000000-0000-0000-0000-000000000010', '0af742ae-27a3-1fc1-cf9f-dafb492eaf06', 'Детский завтрак', 250.0, 39.42, 'dish', 999, '174', 'poster');
INSERT INTO products (id, venue_id, category_id, name, price, cost_price, type, sort_order, external_id, external_source)
VALUES ('5c89def4-2cf8-cd5b-f430-12e6eb3260cf', '00000000-0000-0000-0000-000000000010', 'e21df300-2712-0803-3714-c39a0eda661e', 'Джин,  Gordon''s 50мл', 320.0, 112.75, 'dish', 999, '91', 'poster');
INSERT INTO products (id, venue_id, category_id, name, price, cost_price, type, sort_order, external_id, external_source)
VALUES ('8d7b5a09-5bd6-308f-bc9a-70c9db3161df', '00000000-0000-0000-0000-000000000010', '5849bcb2-d2a4-c9d6-7840-968d5280c62a', 'Джин-тоник', 370.0, 121.15, 'dish', 999, '81', 'poster');
INSERT INTO products (id, venue_id, category_id, name, price, cost_price, type, sort_order, external_id, external_source)
VALUES ('2a282418-43ba-4155-2773-748bfe3b0561', '00000000-0000-0000-0000-000000000010', '410bfb57-7263-5c4f-30d2-7a87e333c812', 'Добавки', 0.0, 0.0, 'dish', 999, '186', 'poster');
INSERT INTO products (id, venue_id, category_id, name, price, cost_price, type, sort_order, external_id, external_source)
VALUES ('ba6fbcf2-1f2b-909a-e5f9-b9c5fe635c92', '00000000-0000-0000-0000-000000000010', '410bfb57-7263-5c4f-30d2-7a87e333c812', 'Добавки бар', 0.0, 0.0, 'dish', 999, '187', 'poster');
INSERT INTO products (id, venue_id, category_id, name, price, cost_price, type, sort_order, external_id, external_source)
VALUES ('eb1260af-ca5f-c811-fd1c-bf1664229477', '00000000-0000-0000-0000-000000000010', 'a7ebb616-3862-295c-7500-b7212fe9e9fe', 'Домашнее белое сухое', 310.0, 62.39, 'dish', 999, '115', 'poster');
INSERT INTO products (id, venue_id, category_id, name, price, cost_price, type, sort_order, external_id, external_source)
VALUES ('ca58c9ff-fe24-427b-5955-2cd4feccec48', '00000000-0000-0000-0000-000000000010', 'a7ebb616-3862-295c-7500-b7212fe9e9fe', 'Домашнее красное сухое', 310.0, 62.5, 'dish', 999, '116', 'poster');
INSERT INTO products (id, venue_id, category_id, name, price, cost_price, type, sort_order, external_id, external_source)
VALUES ('fdc9a1d9-d212-6915-9a25-025e9880e5ea', '00000000-0000-0000-0000-000000000010', '0af742ae-27a3-1fc1-cf9f-dafb492eaf06', 'Завтрак ', 0.0, 51.25, 'dish', 999, '165', 'poster');
INSERT INTO products (id, venue_id, category_id, name, price, cost_price, type, sort_order, external_id, external_source)
VALUES ('38432f7f-ba41-eaa0-7e46-d791008e4b02', '00000000-0000-0000-0000-000000000010', '0af742ae-27a3-1fc1-cf9f-dafb492eaf06', 'Завтрак, английский', 510.0, 169.56, 'dish', 999, '6', 'poster');
INSERT INTO products (id, venue_id, category_id, name, price, cost_price, type, sort_order, external_id, external_source)
VALUES ('7b0b5f60-47be-c07e-9585-af9a20b6d773', '00000000-0000-0000-0000-000000000010', '0af742ae-27a3-1fc1-cf9f-dafb492eaf06', 'Завтрак, деревенский', 460.0, 141.51, 'dish', 999, '9', 'poster');
INSERT INTO products (id, venue_id, category_id, name, price, cost_price, type, sort_order, external_id, external_source)
VALUES ('e2e0597c-8c7b-c017-0aeb-164d7e7401db', '00000000-0000-0000-0000-000000000010', 'a7ebb616-3862-295c-7500-b7212fe9e9fe', 'Игристое', 1060.0, 399.68, 'dish', 999, '173', 'poster');
INSERT INTO products (id, venue_id, category_id, name, price, cost_price, type, sort_order, external_id, external_source)
VALUES ('338bdc4d-fbd5-43ad-a7a7-3951ceca3a16', '00000000-0000-0000-0000-000000000010', '6968ce19-3561-212b-fa85-fce5e19cea6b', 'Какао', 260.0, 45.98, 'dish', 999, '97', 'poster');
INSERT INTO products (id, venue_id, category_id, name, price, cost_price, type, sort_order, external_id, external_source)
VALUES ('021231f4-e9fa-ecbb-5f2a-ad1321ca42ea', '00000000-0000-0000-0000-000000000010', '6968ce19-3561-212b-fa85-fce5e19cea6b', 'Капучино', 230.0, 59.27, 'dish', 999, '59', 'poster');
INSERT INTO products (id, venue_id, category_id, name, price, cost_price, type, sort_order, external_id, external_source)
VALUES ('81b3193a-f1f9-6ba6-5630-5c911f0c4a69', '00000000-0000-0000-0000-000000000010', 'eacecb3d-d2be-ef18-e17d-dd068b3d01dc', 'Картофель фри', 220.0, 30.3, 'dish', 999, '48', 'poster');
INSERT INTO products (id, venue_id, category_id, name, price, cost_price, type, sort_order, external_id, external_source)
VALUES ('3e9ef73d-3da6-3a82-456a-d27d4a1c4254', '00000000-0000-0000-0000-000000000010', 'eacecb3d-d2be-ef18-e17d-dd068b3d01dc', 'Картофельное пюре', 220.0, 48.0, 'dish', 999, '49', 'poster');
INSERT INTO products (id, venue_id, category_id, name, price, cost_price, type, sort_order, external_id, external_source)
VALUES ('bc75aa2b-4910-21bf-56ff-d9769b039d8e', '00000000-0000-0000-0000-000000000010', 'eacecb3d-d2be-ef18-e17d-dd068b3d01dc', 'Картофельные дольки', 220.0, 39.05, 'dish', 999, '47', 'poster');
INSERT INTO products (id, venue_id, category_id, name, price, cost_price, type, sort_order, external_id, external_source)
VALUES ('77b14698-bdde-f921-4fa2-e5932aec413d', '00000000-0000-0000-0000-000000000010', '0af742ae-27a3-1fc1-cf9f-dafb492eaf06', 'Каша овсянка', 0.0, 74.75, 'dish', 999, '231', 'poster');
INSERT INTO products (id, venue_id, category_id, name, price, cost_price, type, sort_order, external_id, external_source)
VALUES ('2836be19-8d27-0aa1-68ed-3bbc6cf94fb8', '00000000-0000-0000-0000-000000000010', '0af742ae-27a3-1fc1-cf9f-dafb492eaf06', 'Каша, овсянная', 270.0, 48.0, 'dish', 999, '13', 'poster');
INSERT INTO products (id, venue_id, category_id, name, price, cost_price, type, sort_order, external_id, external_source)
VALUES ('8d266d35-f6a4-b267-e097-564510f7f857', '00000000-0000-0000-0000-000000000010', '0af742ae-27a3-1fc1-cf9f-dafb492eaf06', 'Каша, рисовая', 270.0, 61.4, 'dish', 999, '12', 'poster');
INSERT INTO products (id, venue_id, category_id, name, price, cost_price, type, sort_order, external_id, external_source)
VALUES ('2334cdda-9fd8-40f0-0a18-b2cbad79aa33', '00000000-0000-0000-0000-000000000010', 'f1b2b0fa-739d-33bc-0f98-740809ccdc2f', 'Китайский салат ', 580.0, 168.3, 'dish', 999, '225', 'poster');
INSERT INTO products (id, venue_id, category_id, name, price, cost_price, type, sort_order, external_id, external_source)
VALUES ('4cb15d99-ad0e-d256-a257-afdad4bf887e', '00000000-0000-0000-0000-000000000010', 'e36f3276-d4d8-8585-e385-93fb63faf345', 'Ковбой стейк под соусом демиглас запеченным баклажаном с кабачком', 1750.0, 799.33, 'dish', 999, '110', 'poster');
INSERT INTO products (id, venue_id, category_id, name, price, cost_price, type, sort_order, external_id, external_source)
VALUES ('da98da7c-a663-0228-294e-97c1fae50fd1', '00000000-0000-0000-0000-000000000010', '6968ce19-3561-212b-fa85-fce5e19cea6b', 'Кофе, американо', 180.0, 35.0, 'dish', 999, '54', 'poster');
INSERT INTO products (id, venue_id, category_id, name, price, cost_price, type, sort_order, external_id, external_source)
VALUES ('4695b67d-781a-20db-f80e-66824f8cfc13', '00000000-0000-0000-0000-000000000010', '6968ce19-3561-212b-fa85-fce5e19cea6b', 'Кофе, дабл американо', 250.0, 70.0, 'dish', 999, '55', 'poster');
INSERT INTO products (id, venue_id, category_id, name, price, cost_price, type, sort_order, external_id, external_source)
VALUES ('2aea4c79-36dc-7b25-0bb9-c98c36e577c7', '00000000-0000-0000-0000-000000000010', '6968ce19-3561-212b-fa85-fce5e19cea6b', 'Кофе, капучино', 200.0, 52.33, 'dish', 999, '58', 'poster');
INSERT INTO products (id, venue_id, category_id, name, price, cost_price, type, sort_order, external_id, external_source)
VALUES ('d46f67a1-e1dd-e079-0b5c-329f6422c4d4', '00000000-0000-0000-0000-000000000010', '6968ce19-3561-212b-fa85-fce5e19cea6b', 'Кофе, латте', 280.0, 52.33, 'dish', 999, '60', 'poster');
INSERT INTO products (id, venue_id, category_id, name, price, cost_price, type, sort_order, external_id, external_source)
VALUES ('f35a1ebf-94b4-c196-4fdb-5698a8e21330', '00000000-0000-0000-0000-000000000010', '6fadc6b1-2c82-ad44-964a-98f0fca806c1', 'Крылышки Баффало ', 820.0, 254.79, 'dish', 999, '170', 'poster');
INSERT INTO products (id, venue_id, category_id, name, price, cost_price, type, sort_order, external_id, external_source)
VALUES ('dcd34bec-b943-9872-b2cb-cb0a447c06ad', '00000000-0000-0000-0000-000000000010', 'f1b2b0fa-739d-33bc-0f98-740809ccdc2f', 'Куриный салат под мусом ', 780.0, 226.34, 'dish', 999, '214', 'poster');
INSERT INTO products (id, venue_id, category_id, name, price, cost_price, type, sort_order, external_id, external_source)
VALUES ('627b586a-57c8-d217-1549-c47bb32192ac', '00000000-0000-0000-0000-000000000010', '0bbfef50-d8bb-5a90-0e2a-49d5c08df8a7', 'Куриный суп с домашней лапшой', 460.0, 81.5, 'dish', 999, '26', 'poster');
INSERT INTO products (id, venue_id, category_id, name, price, cost_price, type, sort_order, external_id, external_source)
VALUES ('1c073c70-af4c-f98a-a02e-b288931cb698', '00000000-0000-0000-0000-000000000010', '75f6359b-6d70-0536-90eb-33863df408f9', 'Курица в сливочном соусе', 650.0, 137.45, 'dish', 999, '240', 'poster');
INSERT INTO products (id, venue_id, category_id, name, price, cost_price, type, sort_order, external_id, external_source)
VALUES ('4c82db15-198b-f448-39ec-1edcd557f6e8', '00000000-0000-0000-0000-000000000010', '24578517-e50f-5bc5-1b10-081415962bc7', 'лииимон', 0.0, 34.5, 'dish', 999, '244', 'poster');
INSERT INTO products (id, venue_id, category_id, name, price, cost_price, type, sort_order, external_id, external_source)
VALUES ('7b770597-db74-3f3c-9e58-c1fcc33ce156', '00000000-0000-0000-0000-000000000010', '24578517-e50f-5bc5-1b10-081415962bc7', 'лимон', 0.0, 34.5, 'dish', 999, '243', 'poster');
INSERT INTO products (id, venue_id, category_id, name, price, cost_price, type, sort_order, external_id, external_source)
VALUES ('5b7828a6-fad3-dc3f-06c7-979905efbff1', '00000000-0000-0000-0000-000000000010', 'e22356c7-e007-de1f-c498-eb9e3d407c12', 'Лимонад, (0.33л)', 350.0, 29.05, 'dish', 999, '61', 'poster');
INSERT INTO products (id, venue_id, category_id, name, price, cost_price, type, sort_order, external_id, external_source)
VALUES ('1649694a-a1df-1a36-ccd0-08ba48ab2fd1', '00000000-0000-0000-0000-000000000010', 'e22356c7-e007-de1f-c498-eb9e3d407c12', 'Лимонад, (1л)', 550.0, 56.97, 'dish', 999, '36', 'poster');
INSERT INTO products (id, venue_id, category_id, name, price, cost_price, type, sort_order, external_id, external_source)
VALUES ('f56fcbab-7287-0b1b-0fc6-5b72f220c734', '00000000-0000-0000-0000-000000000010', '5849bcb2-d2a4-c9d6-7840-968d5280c62a', 'Лонг Айленд Айс Ти', 670.0, 221.15, 'dish', 999, '78', 'poster');
INSERT INTO products (id, venue_id, category_id, name, price, cost_price, type, sort_order, external_id, external_source)
VALUES ('e8d6bf84-b922-74ed-a60e-b4c2042a92f7', '00000000-0000-0000-0000-000000000010', '6968ce19-3561-212b-fa85-fce5e19cea6b', 'Матча аффогато', 300.0, 55.58, 'dish', 999, '193', 'poster');
INSERT INTO products (id, venue_id, category_id, name, price, cost_price, type, sort_order, external_id, external_source)
VALUES ('41ecb895-35f4-1ee7-ff19-13453a517c60', '00000000-0000-0000-0000-000000000010', 'e22356c7-e007-de1f-c498-eb9e3d407c12', 'Матча Латте', 260.0, 28.1, 'dish', 999, '196', 'poster');
INSERT INTO products (id, venue_id, category_id, name, price, cost_price, type, sort_order, external_id, external_source)
VALUES ('12ed9f10-ff0b-e993-650d-bf1c5c9673d0', '00000000-0000-0000-0000-000000000010', 'e22356c7-e007-de1f-c498-eb9e3d407c12', 'Матча Манго Латте', 320.0, 49.81, 'dish', 999, '197', 'poster');
INSERT INTO products (id, venue_id, category_id, name, price, cost_price, type, sort_order, external_id, external_source)
VALUES ('1afe238c-a186-0e67-9e9d-d39b8c4abe8a', '00000000-0000-0000-0000-000000000010', '410bfb57-7263-5c4f-30d2-7a87e333c812', 'Мини бар в дома', 0.0, 0.0, 'dish', 999, '229', 'poster');
INSERT INTO products (id, venue_id, category_id, name, price, cost_price, type, sort_order, external_id, external_source)
VALUES ('134318a5-b3ba-8433-c9f4-446b46b10995', '00000000-0000-0000-0000-000000000010', '9b263379-661e-1c41-c17d-4517f10750e7', 'Молочный коктейль, ваниль', 370.0, 79.16, 'dish', 999, '37', 'poster');
INSERT INTO products (id, venue_id, category_id, name, price, cost_price, type, sort_order, external_id, external_source)
VALUES ('d6248727-8d48-1513-14ba-2abe0e9b6abf', '00000000-0000-0000-0000-000000000010', '9b263379-661e-1c41-c17d-4517f10750e7', 'Молочный коктейль, клубника', 370.0, 84.61, 'dish', 999, '39', 'poster');
INSERT INTO products (id, venue_id, category_id, name, price, cost_price, type, sort_order, external_id, external_source)
VALUES ('3b80474c-9414-a513-7578-5a4d84e49583', '00000000-0000-0000-0000-000000000010', '9b263379-661e-1c41-c17d-4517f10750e7', 'Молочный коктейль, шоколад', 370.0, 79.13, 'dish', 999, '38', 'poster');
INSERT INTO products (id, venue_id, category_id, name, price, cost_price, type, sort_order, external_id, external_source)
VALUES ('3a53c66f-13f8-5e8b-bb99-5669576c3869', '00000000-0000-0000-0000-000000000010', '5849bcb2-d2a4-c9d6-7840-968d5280c62a', 'Мохито', 460.0, 141.49, 'dish', 999, '80', 'poster');
INSERT INTO products (id, venue_id, category_id, name, price, cost_price, type, sort_order, external_id, external_source)
VALUES ('b9bdca4d-a423-6c36-2351-10cf52ff0eec', '00000000-0000-0000-0000-000000000010', '0af742ae-27a3-1fc1-cf9f-dafb492eaf06', 'На завтрак деревенский ', 0.0, 146.83, 'dish', 999, '230', 'poster');
INSERT INTO products (id, venue_id, category_id, name, price, cost_price, type, sort_order, external_id, external_source)
VALUES ('8b7920ef-e954-d760-2a69-99cafc830c2e', '00000000-0000-0000-0000-000000000010', 'eacecb3d-d2be-ef18-e17d-dd068b3d01dc', 'Наггетсы ', 270.0, 65.53, 'dish', 999, '171', 'poster');
INSERT INTO products (id, venue_id, category_id, name, price, cost_price, type, sort_order, external_id, external_source)
VALUES ('b627abd9-fb00-28f4-a09b-09fcb24019c0', '00000000-0000-0000-0000-000000000010', '85d2d7dd-dd3e-acb6-0486-6943df708177', 'Настроение', 150.0, 39.31, 'dish', 999, '132', 'poster');
INSERT INTO products (id, venue_id, category_id, name, price, cost_price, type, sort_order, external_id, external_source)
VALUES ('73f062e8-2ade-a467-1943-fa856c717a43', '00000000-0000-0000-0000-000000000010', 'eacecb3d-d2be-ef18-e17d-dd068b3d01dc', 'Овощи на гриле', 260.0, 59.99, 'dish', 999, '51', 'poster');
INSERT INTO products (id, venue_id, category_id, name, price, cost_price, type, sort_order, external_id, external_source)
VALUES ('4f62358e-97a1-94f3-88a7-2af7ee5afc60', '00000000-0000-0000-0000-000000000010', 'eacecb3d-d2be-ef18-e17d-dd068b3d01dc', 'Овощи на пару', 320.0, 47.39, 'dish', 999, '182', 'poster');
INSERT INTO products (id, venue_id, category_id, name, price, cost_price, type, sort_order, external_id, external_source)
VALUES ('43d01c83-b96b-074d-7925-1c9bdadd2291', '00000000-0000-0000-0000-000000000010', '75f6359b-6d70-0536-90eb-33863df408f9', 'Овощная нарезка ', 600.0, 137.26, 'dish', 999, '239', 'poster');
INSERT INTO products (id, venue_id, category_id, name, price, cost_price, type, sort_order, external_id, external_source)
VALUES ('94d2bddc-c99f-2985-f8eb-9d8a4a995ad3', '00000000-0000-0000-0000-000000000010', '0af742ae-27a3-1fc1-cf9f-dafb492eaf06', 'Омлет с овощами', 300.0, 63.7, 'dish', 999, '10', 'poster');
INSERT INTO products (id, venue_id, category_id, name, price, cost_price, type, sort_order, external_id, external_source)
VALUES ('f84367c9-6f4c-dad3-017a-1b34c7bccb0f', '00000000-0000-0000-0000-000000000010', '0af742ae-27a3-1fc1-cf9f-dafb492eaf06', 'Омлет со шпинатом', 0.0, 85.9, 'dish', 999, '232', 'poster');
INSERT INTO products (id, venue_id, category_id, name, price, cost_price, type, sort_order, external_id, external_source)
VALUES ('09d9bcce-e54b-d518-c5bf-1c5d4b683d38', '00000000-0000-0000-0000-000000000010', 'eacecb3d-d2be-ef18-e17d-dd068b3d01dc', 'Отварной рис', 200.0, 35.98, 'dish', 999, '50', 'poster');
INSERT INTO products (id, venue_id, category_id, name, price, cost_price, type, sort_order, external_id, external_source)
VALUES ('7f688518-4003-c783-7333-b947a8856b49', '00000000-0000-0000-0000-000000000010', '2bf864e5-7956-3c2b-ec97-48082b524f0e', 'Паста Арабьята', 470.0, 51.1, 'dish', 999, '28', 'poster');
INSERT INTO products (id, venue_id, category_id, name, price, cost_price, type, sort_order, external_id, external_source)
VALUES ('0d07baf4-74fe-e6af-ddf9-5304e58f2192', '00000000-0000-0000-0000-000000000010', '2bf864e5-7956-3c2b-ec97-48082b524f0e', 'Паста Фетучини с Томленым Мясом ', 850.0, 221.13, 'dish', 999, '221', 'poster');
INSERT INTO products (id, venue_id, category_id, name, price, cost_price, type, sort_order, external_id, external_source)
VALUES ('e81dc667-2a7e-c5f0-b886-e7a3451b0fd2', '00000000-0000-0000-0000-000000000010', '2bf864e5-7956-3c2b-ec97-48082b524f0e', 'Пенне Арабьята', 570.0, 116.78, 'dish', 999, '219', 'poster');
INSERT INTO products (id, venue_id, category_id, name, price, cost_price, type, sort_order, external_id, external_source)
VALUES ('c6df6494-4f53-4174-6660-06fb0dc02db5', '00000000-0000-0000-0000-000000000010', '4527e2dd-7fec-fa1d-6437-79eae983dd8d', 'Персиковый сок', 430.0, 153.07, 'dish', 999, '199', 'poster');
INSERT INTO products (id, venue_id, category_id, name, price, cost_price, type, sort_order, external_id, external_source)
VALUES ('82c55340-bd07-2a9a-a6cc-6ce377f958f2', '00000000-0000-0000-0000-000000000010', '410bfb57-7263-5c4f-30d2-7a87e333c812', 'Персонал', 0.0, 0.0, 'dish', 999, '148', 'poster');
INSERT INTO products (id, venue_id, category_id, name, price, cost_price, type, sort_order, external_id, external_source)
VALUES ('782d5239-6b80-6ed6-2826-6dd3cc859f42', '00000000-0000-0000-0000-000000000010', '75f6359b-6d70-0536-90eb-33863df408f9', 'Плов', 12500.0, 2308.62, 'dish', 999, '238', 'poster');
INSERT INTO products (id, venue_id, category_id, name, price, cost_price, type, sort_order, external_id, external_source)
VALUES ('571098f5-c27c-72d4-3170-c18f2c3eb4b8', '00000000-0000-0000-0000-000000000010', '75f6359b-6d70-0536-90eb-33863df408f9', 'Плов 2 кг ', 8000.0, 1538.32, 'dish', 999, '245', 'poster');
INSERT INTO products (id, venue_id, category_id, name, price, cost_price, type, sort_order, external_id, external_source)
VALUES ('42b6e7d8-7668-f5ba-8b37-8e29dbe0f18e', '00000000-0000-0000-0000-000000000010', '6968ce19-3561-212b-fa85-fce5e19cea6b', 'Раф', 300.0, 52.33, 'dish', 999, '101', 'poster');
INSERT INTO products (id, venue_id, category_id, name, price, cost_price, type, sort_order, external_id, external_source)
VALUES ('893a297c-be92-9e8d-83b2-12cea671ef68', '00000000-0000-0000-0000-000000000010', '949a75ee-4352-8f78-0b6f-6d0c824a739e', 'Ремесленный хлеб', 90.0, 0.0, 'dish', 999, '53', 'poster');
INSERT INTO products (id, venue_id, category_id, name, price, cost_price, type, sort_order, external_id, external_source)
VALUES ('7ddbed72-7deb-5ee4-0634-41d52192bad1', '00000000-0000-0000-0000-000000000010', 'e36f3276-d4d8-8585-e385-93fb63faf345', 'Рибай стейк под соусом демиглас и запеченным картофелем', 1750.0, 846.66, 'dish', 999, '23', 'poster');
INSERT INTO products (id, venue_id, category_id, name, price, cost_price, type, sort_order, external_id, external_source)
VALUES ('7413eaae-2ad5-ff35-6852-fcb85d2b33de', '00000000-0000-0000-0000-000000000010', 'f3c6e619-20ce-2ed7-3545-7fc934353a3d', 'Ром, Bacardi 50мл', 320.0, 97.5, 'dish', 999, '89', 'poster');
INSERT INTO products (id, venue_id, category_id, name, price, cost_price, type, sort_order, external_id, external_source)
VALUES ('951f4bf6-be55-0e75-59a9-7e580a0d07c4', '00000000-0000-0000-0000-000000000010', 'f1b2b0fa-739d-33bc-0f98-740809ccdc2f', 'Салат, греческий', 640.0, 136.05, 'dish', 999, '14', 'poster');
INSERT INTO products (id, venue_id, category_id, name, price, cost_price, type, sort_order, external_id, external_source)
VALUES ('fdb6f575-fe3f-282e-93d0-1dad56530fa5', '00000000-0000-0000-0000-000000000010', 'f1b2b0fa-739d-33bc-0f98-740809ccdc2f', 'Салат, Цезарь (курица)', 640.0, 130.99, 'dish', 999, '15', 'poster');
INSERT INTO products (id, venue_id, category_id, name, price, cost_price, type, sort_order, external_id, external_source)
VALUES ('ec008c40-a46c-b6e8-ed3d-14c982b6d274', '00000000-0000-0000-0000-000000000010', '6fadc6b1-2c82-ad44-964a-98f0fca806c1', 'Самсы ', 330.0, 97.21, 'dish', 999, '220', 'poster');
INSERT INTO products (id, venue_id, category_id, name, price, cost_price, type, sort_order, external_id, external_source)
VALUES ('173e368a-d010-e7e5-618f-f94ba76ee9ed', '00000000-0000-0000-0000-000000000010', '5849bcb2-d2a4-c9d6-7840-968d5280c62a', 'Смэш', 470.0, 16.73, 'dish', 999, '178', 'poster');
INSERT INTO products (id, venue_id, category_id, name, price, cost_price, type, sort_order, external_id, external_source)
VALUES ('9d00fee6-5b1a-acb8-1114-e668525ce1a6', '00000000-0000-0000-0000-000000000010', '4527e2dd-7fec-fa1d-6437-79eae983dd8d', 'Сок на завтрак', 330.0, 0.0, 'dish', 999, '200', 'poster');
INSERT INTO products (id, venue_id, category_id, name, price, cost_price, type, sort_order, external_id, external_source)
VALUES ('34be4c41-8483-67b6-927a-0bdb8761fbe4', '00000000-0000-0000-0000-000000000010', '0af742ae-27a3-1fc1-cf9f-dafb492eaf06', 'Сосиски', 170.0, 51.25, 'dish', 999, '162', 'poster');
INSERT INTO products (id, venue_id, category_id, name, price, cost_price, type, sort_order, external_id, external_source)
VALUES ('f5e07166-faf7-d429-5419-891577dc4984', '00000000-0000-0000-0000-000000000010', 'e36f3276-d4d8-8585-e385-93fb63faf345', 'Стейк из семги ', 1750.0, 555.62, 'dish', 999, '180', 'poster');
INSERT INTO products (id, venue_id, category_id, name, price, cost_price, type, sort_order, external_id, external_source)
VALUES ('89f7c252-16f5-61cd-3e79-006400fd853a', '00000000-0000-0000-0000-000000000010', 'e36f3276-d4d8-8585-e385-93fb63faf345', 'Стейк Нью Йорк ', 1750.0, 592.7, 'dish', 999, '208', 'poster');
INSERT INTO products (id, venue_id, category_id, name, price, cost_price, type, sort_order, external_id, external_source)
VALUES ('be5a3d23-0a5b-1ce3-2f38-ba9348e91024', '00000000-0000-0000-0000-000000000010', 'e36f3276-d4d8-8585-e385-93fb63faf345', 'Стейк Тибон', 1750.0, 698.17, 'dish', 999, '207', 'poster');
INSERT INTO products (id, venue_id, category_id, name, price, cost_price, type, sort_order, external_id, external_source)
VALUES ('5f05b996-99f5-dfcb-e4b9-79078ca1f540', '00000000-0000-0000-0000-000000000010', '0bbfef50-d8bb-5a90-0e2a-49d5c08df8a7', 'Суп, чечевичный', 460.0, 61.85, 'dish', 999, '100', 'poster');
INSERT INTO products (id, venue_id, category_id, name, price, cost_price, type, sort_order, external_id, external_source)
VALUES ('62cdaaca-f6e8-fe1a-af41-d7fc95a79021', '00000000-0000-0000-0000-000000000010', 'c90e5bff-a921-2e03-3cbf-41e1a8558b9b', 'Сыр', 40.0, 301.82, 'dish', 999, '167', 'poster');
INSERT INTO products (id, venue_id, category_id, name, price, cost_price, type, sort_order, external_id, external_source)
VALUES ('7aa75306-57c4-c931-9f48-5be9338d9d93', '00000000-0000-0000-0000-000000000010', '0af742ae-27a3-1fc1-cf9f-dafb492eaf06', 'Сырники', 340.0, 99.59, 'dish', 999, '161', 'poster');
INSERT INTO products (id, venue_id, category_id, name, price, cost_price, type, sort_order, external_id, external_source)
VALUES ('268549ab-e1a3-cea2-db9c-75532e7bf2b9', '00000000-0000-0000-0000-000000000010', '24578517-e50f-5bc5-1b10-081415962bc7', 'Сырное фондю', 3500.0, 142.73, 'dish', 999, '188', 'poster');
INSERT INTO products (id, venue_id, category_id, name, price, cost_price, type, sort_order, external_id, external_source)
VALUES ('1aa7f6ca-bf7a-15df-5273-b94f915b5aee', '00000000-0000-0000-0000-000000000010', '71ab20de-16e9-0c52-eb56-c4956820513a', 'Текила,  Sierra Silver 50мл', 370.0, 114.36, 'dish', 999, '90', 'poster');
INSERT INTO products (id, venue_id, category_id, name, price, cost_price, type, sort_order, external_id, external_source)
VALUES ('0f7cfc79-3a3f-41ac-1aa4-b27431de9236', '00000000-0000-0000-0000-000000000010', '2bf864e5-7956-3c2b-ec97-48082b524f0e', 'Фетучини Альфредо', 620.0, 122.7, 'dish', 999, '29', 'poster');
INSERT INTO products (id, venue_id, category_id, name, price, cost_price, type, sort_order, external_id, external_source)
VALUES ('fa279504-c591-b5b8-70cb-6c4c299a37d8', '00000000-0000-0000-0000-000000000010', 'e15a0460-ab2d-f961-b07a-82537fbb943b', 'Филе миньон с печеным картофелем и шпинатом', 1370.0, 496.8, 'dish', 999, '22', 'poster');
INSERT INTO products (id, venue_id, category_id, name, price, cost_price, type, sort_order, external_id, external_source)
VALUES ('26ad0fd9-81e8-65dc-e4c6-c596d951a9b8', '00000000-0000-0000-0000-000000000010', '949a75ee-4352-8f78-0b6f-6d0c824a739e', 'Французский багет', 90.0, 0.0, 'dish', 999, '52', 'poster');
INSERT INTO products (id, venue_id, category_id, name, price, cost_price, type, sort_order, external_id, external_source)
VALUES ('7c7c305a-92ed-bc40-0bb5-1155fc4e313f', '00000000-0000-0000-0000-000000000010', 'eacecb3d-d2be-ef18-e17d-dd068b3d01dc', 'Хлебная корзина', 220.0, 51.77, 'dish', 999, '99', 'poster');
INSERT INTO products (id, venue_id, category_id, name, price, cost_price, type, sort_order, external_id, external_source)
VALUES ('9a06fa1f-d2b5-1b6f-d6c5-37c2ffa3adfd', '00000000-0000-0000-0000-000000000010', 'f1b2b0fa-739d-33bc-0f98-740809ccdc2f', 'Хрустящие Баклажаны', 640.0, 70.17, 'dish', 999, '168', 'poster');
INSERT INTO products (id, venue_id, category_id, name, price, cost_price, type, sort_order, external_id, external_source)
VALUES ('21440c88-4cbd-1082-fb8c-b75c36c3461f', '00000000-0000-0000-0000-000000000010', 'e36f3276-d4d8-8585-e385-93fb63faf345', 'Цыпленок на хоспере', 1900.0, 314.04, 'dish', 999, '215', 'poster');
INSERT INTO products (id, venue_id, category_id, name, price, cost_price, type, sort_order, external_id, external_source)
VALUES ('404a11bb-480c-d6f1-a5d9-0bb410737c15', '00000000-0000-0000-0000-000000000010', '21ed765b-2020-ad1c-81e5-2e93da1eded2', 'Чай ', 320.0, 0.0, 'dish', 999, '183', 'poster');
INSERT INTO products (id, venue_id, category_id, name, price, cost_price, type, sort_order, external_id, external_source)
VALUES ('a2b39819-292c-0b80-799d-c77d7020fc9d', '00000000-0000-0000-0000-000000000010', '21ed765b-2020-ad1c-81e5-2e93da1eded2', 'Чай зеленый ', 190.0, 0.0, 'dish', 999, '34', 'poster');
INSERT INTO products (id, venue_id, category_id, name, price, cost_price, type, sort_order, external_id, external_source)
VALUES ('7a291d79-c795-0f76-118b-25d10a078238', '00000000-0000-0000-0000-000000000010', '21ed765b-2020-ad1c-81e5-2e93da1eded2', 'Чай малина маракуйа', 370.0, 105.9, 'dish', 999, '191', 'poster');
INSERT INTO products (id, venue_id, category_id, name, price, cost_price, type, sort_order, external_id, external_source)
VALUES ('0caff6fe-c574-8665-33ca-5f2cee71ebb2', '00000000-0000-0000-0000-000000000010', '21ed765b-2020-ad1c-81e5-2e93da1eded2', 'Чай черный', 190.0, 0.0, 'dish', 999, '35', 'poster');
INSERT INTO products (id, venue_id, category_id, name, price, cost_price, type, sort_order, external_id, external_source)
VALUES ('bd63cdca-84b0-4bda-520e-13725e4b4e60', '00000000-0000-0000-0000-000000000010', '21ed765b-2020-ad1c-81e5-2e93da1eded2', 'Чай, имбирный', 370.0, 49.69, 'dish', 999, '33', 'poster');
INSERT INTO products (id, venue_id, category_id, name, price, cost_price, type, sort_order, external_id, external_source)
VALUES ('f35ae6ee-40da-7479-c64b-612bff507023', '00000000-0000-0000-0000-000000000010', '21ed765b-2020-ad1c-81e5-2e93da1eded2', 'Чай, малиновый', 370.0, 70.14, 'dish', 999, '31', 'poster');
INSERT INTO products (id, venue_id, category_id, name, price, cost_price, type, sort_order, external_id, external_source)
VALUES ('09d404dd-f87b-b319-4eda-9ce7c697868d', '00000000-0000-0000-0000-000000000010', '21ed765b-2020-ad1c-81e5-2e93da1eded2', 'Чай, облепиховый', 370.0, 37.11, 'dish', 999, '32', 'poster');
INSERT INTO products (id, venue_id, category_id, name, price, cost_price, type, sort_order, external_id, external_source)
VALUES ('5c3938ac-271e-5674-37aa-116c20435202', '00000000-0000-0000-0000-000000000010', '21ed765b-2020-ad1c-81e5-2e93da1eded2', 'Чай, ягодный', 370.0, 79.3, 'dish', 999, '234', 'poster');
INSERT INTO products (id, venue_id, category_id, name, price, cost_price, type, sort_order, external_id, external_source)
VALUES ('898d2cec-bf17-cd4c-dc70-b73dd36af83c', '00000000-0000-0000-0000-000000000010', '6fadc6b1-2c82-ad44-964a-98f0fca806c1', 'Чипсы в ассортименте 110гр', 330.0, 103.0, 'dish', 999, '236', 'poster');
INSERT INTO products (id, venue_id, category_id, name, price, cost_price, type, sort_order, external_id, external_source)
VALUES ('fa1ac02b-7f93-b40e-a05d-de600d45dcdb', '00000000-0000-0000-0000-000000000010', '6fadc6b1-2c82-ad44-964a-98f0fca806c1', 'Чипсы в ассортименте 60гр', 200.0, 54.0, 'dish', 999, '235', 'poster');
INSERT INTO products (id, venue_id, category_id, name, price, cost_price, type, sort_order, external_id, external_source)
VALUES ('c636b78c-9167-53b3-dfe7-3946590a8c73', '00000000-0000-0000-0000-000000000010', '24578517-e50f-5bc5-1b10-081415962bc7', 'Шоколадный фондю ', 3500.0, 682.29, 'dish', 999, '189', 'poster');
INSERT INTO products (id, venue_id, category_id, name, price, cost_price, type, sort_order, external_id, external_source)
VALUES ('badf5f45-b516-78fa-fbe7-ff32ed526953', '00000000-0000-0000-0000-000000000010', '0bbfef50-d8bb-5a90-0e2a-49d5c08df8a7', 'Шорпо с говядиной ', 720.0, 114.61, 'dish', 999, '226', 'poster');
INSERT INTO products (id, venue_id, category_id, name, price, cost_price, type, sort_order, external_id, external_source)
VALUES ('2e331f2f-b6fd-7898-11b0-9b0e3a2e58be', '00000000-0000-0000-0000-000000000010', '6968ce19-3561-212b-fa85-fce5e19cea6b', 'Эспрессо', 180.0, 35.0, 'dish', 999, '57', 'poster');
INSERT INTO products (id, venue_id, category_id, name, price, cost_price, type, sort_order, external_id, external_source)
VALUES ('88c713d7-09a9-d70c-f6d9-2b28eb664bd5', '00000000-0000-0000-0000-000000000010', '4527e2dd-7fec-fa1d-6437-79eae983dd8d', 'Яблочный сок Rich', 430.0, 146.0, 'dish', 999, '138', 'poster');
INSERT INTO products (id, venue_id, category_id, name, price, cost_price, type, sort_order, external_id, external_source)
VALUES ('ec61223f-a380-dd08-f9eb-461b3c2f80e6', '00000000-0000-0000-0000-000000000010', '0af742ae-27a3-1fc1-cf9f-dafb492eaf06', 'Яйца', 120.0, 28.0, 'dish', 999, '163', 'poster');
INSERT INTO products (id, venue_id, category_id, name, price, cost_price, type, sort_order, external_id, external_source)
VALUES ('c10f6483-27d9-ca48-5e52-fb5a740be095', '00000000-0000-0000-0000-000000000010', 'c90e5bff-a921-2e03-3cbf-41e1a8558b9b', 'Яйцо', 40.0, 14.0, 'dish', 999, '166', 'poster');
INSERT INTO products (id, venue_id, name, price, cost_price, type, external_id, external_source)
VALUES ('bb41c67e-d584-f041-47ad-12499e38aab2', '00000000-0000-0000-0000-000000000010', 'Cola 1л', 200.0, 80.0, 'ingredient', '241', 'poster');
INSERT INTO products (id, venue_id, name, price, cost_price, type, external_id, external_source)
VALUES ('1eabb11c-7e82-2ee8-ac6c-0d47f1653e25', '00000000-0000-0000-0000-000000000010', 'Santo Stefano', 1200.0, 656.0, 'ingredient', '246', 'poster');
INSERT INTO products (id, venue_id, name, price, cost_price, type, external_id, external_source)
VALUES ('e46827e9-bff2-b635-a563-0455e95c70b9', '00000000-0000-0000-0000-000000000010', 'Фанта 1л', 200.0, 80.0, 'ingredient', '242', 'poster');
INSERT INTO products (id, venue_id, name, price, cost_price, type, external_id, external_source)
VALUES ('c8f8e038-a0a8-13de-f535-ae5879a03f19', '00000000-0000-0000-0000-000000000010', 'Appassionate', 0, 0.0, 'ingredient', '367', 'poster');
INSERT INTO products (id, venue_id, name, price, cost_price, type, external_id, external_source)
VALUES ('d8076592-5848-a970-3690-c59b5295cebe', '00000000-0000-0000-0000-000000000010', 'Aroma de French ', 0, 0.0, 'ingredient', '368', 'poster');
INSERT INTO products (id, venue_id, name, price, cost_price, type, external_id, external_source)
VALUES ('fb249224-f7d8-e460-8747-b311ac2cee20', '00000000-0000-0000-0000-000000000010', 'Aroma de French red', 0, 0.0, 'ingredient', '426', 'poster');
INSERT INTO products (id, venue_id, name, price, cost_price, type, external_id, external_source)
VALUES ('3da8bf1c-943a-1605-e277-cd31ed8f64d0', '00000000-0000-0000-0000-000000000010', 'Aroy кисло сладкий соус', 0, 0.0, 'ingredient', '439', 'poster');
INSERT INTO products (id, venue_id, name, price, cost_price, type, external_id, external_source)
VALUES ('7a226fc8-ed1a-a229-d666-c5780bff53a6', '00000000-0000-0000-0000-000000000010', 'Coca Cola', 0, 0.0, 'ingredient', '370', 'poster');
INSERT INTO products (id, venue_id, name, price, cost_price, type, external_id, external_source)
VALUES ('982e8cf3-535f-5c99-9816-abf57d689830', '00000000-0000-0000-0000-000000000010', 'Cola ж/б для домов', 0, 0.0, 'ingredient', '488', 'poster');
INSERT INTO products (id, venue_id, name, price, cost_price, type, external_id, external_source)
VALUES ('715f31a4-2ea8-ef3c-e11d-c09f3cee4df7', '00000000-0000-0000-0000-000000000010', 'Corona Extra', 0, 0.0, 'ingredient', '371', 'poster');
INSERT INTO products (id, venue_id, name, price, cost_price, type, external_id, external_source)
VALUES ('b4be783d-0933-33f7-19e5-aba95e86c089', '00000000-0000-0000-0000-000000000010', 'Heineken 0.3', 0, 0.0, 'ingredient', '372', 'poster');
INSERT INTO products (id, venue_id, name, price, cost_price, type, external_id, external_source)
VALUES ('de0d9d6d-a39b-7c91-57b9-b9ec7280d01e', '00000000-0000-0000-0000-000000000010', 'Jack Deniels ', 0, 0.0, 'ingredient', '322', 'poster');
INSERT INTO products (id, venue_id, name, price, cost_price, type, external_id, external_source)
VALUES ('72b86272-fccc-49d9-bb76-ed06432afa9f', '00000000-0000-0000-0000-000000000010', 'Jacob’s Creek', 0, 0.0, 'ingredient', '479', 'poster');
INSERT INTO products (id, venue_id, name, price, cost_price, type, external_id, external_source)
VALUES ('b2de86b9-627e-cd8d-2bf1-35ebe7099bbd', '00000000-0000-0000-0000-000000000010', 'Jameson', 0, 0.0, 'ingredient', '324', 'poster');
INSERT INTO products (id, venue_id, name, price, cost_price, type, external_id, external_source)
VALUES ('5ebcb4cd-10e5-f27e-96da-da79cb048db8', '00000000-0000-0000-0000-000000000010', 'LYA Toscana Bianca', 0, 0.0, 'ingredient', '374', 'poster');
INSERT INTO products (id, venue_id, name, price, cost_price, type, external_id, external_source)
VALUES ('4d085aa5-889b-66a9-8190-e130ef26af02', '00000000-0000-0000-0000-000000000010', 'Pialati помидор', 0, 0.0, 'ingredient', '280', 'poster');
INSERT INTO products (id, venue_id, name, price, cost_price, type, external_id, external_source)
VALUES ('899eadb4-2cf3-b21d-1ab1-422159b65177', '00000000-0000-0000-0000-000000000010', 'Pinot Grigio Delle Venezie Doc', 0, 0.0, 'ingredient', '375', 'poster');
INSERT INTO products (id, venue_id, name, price, cost_price, type, external_id, external_source)
VALUES ('9b44c1c4-02c4-a00b-4219-31356e6b4625', '00000000-0000-0000-0000-000000000010', 'Sprite ', 0, 0.0, 'ingredient', '489', 'poster');
INSERT INTO products (id, venue_id, name, price, cost_price, type, external_id, external_source)
VALUES ('0eb1deff-056b-95cb-0f83-0546ee66e4f8', '00000000-0000-0000-0000-000000000010', 'Stella Artois', 0, 0.0, 'ingredient', '373', 'poster');
INSERT INTO products (id, venue_id, name, price, cost_price, type, external_id, external_source)
VALUES ('72463e08-2019-4ab8-dd65-4071d24f160f', '00000000-0000-0000-0000-000000000010', 'Veneto Merlot Red Vine', 0, 0.0, 'ingredient', '463', 'poster');
INSERT INTO products (id, venue_id, name, price, cost_price, type, external_id, external_source)
VALUES ('47d19ddb-eacc-ff36-1899-a57074bf3e43', '00000000-0000-0000-0000-000000000010', 'Айсберг', 0, 0.0, 'ingredient', '419', 'poster');
INSERT INTO products (id, venue_id, name, price, cost_price, type, external_id, external_source)
VALUES ('8d85184d-e596-1447-2737-264613d56b1d', '00000000-0000-0000-0000-000000000010', 'анчоус', 0, 0.0, 'ingredient', '424', 'poster');
INSERT INTO products (id, venue_id, name, price, cost_price, type, external_id, external_source)
VALUES ('77c1acc3-9080-3285-bfa4-4e9a38dfe4fa', '00000000-0000-0000-0000-000000000010', 'Апельсин Бар', 0, 0.0, 'ingredient', '316', 'poster');
INSERT INTO products (id, venue_id, name, price, cost_price, type, external_id, external_source)
VALUES ('4b4e9ece-7056-4e31-5b1e-17e7ef59f1ea', '00000000-0000-0000-0000-000000000010', 'Апероль', 0, 0.0, 'ingredient', '317', 'poster');
INSERT INTO products (id, venue_id, name, price, cost_price, type, external_id, external_source)
VALUES ('ba6283f7-bfc1-2757-6280-114aff417a57', '00000000-0000-0000-0000-000000000010', 'Багет', 0, 0.0, 'ingredient', '285', 'poster');
INSERT INTO products (id, venue_id, name, price, cost_price, type, external_id, external_source)
VALUES ('a69108ec-9313-c5f7-6d77-854456fec843', '00000000-0000-0000-0000-000000000010', 'Бадьян', 0, 0.0, 'ingredient', '318', 'poster');
INSERT INTO products (id, venue_id, name, price, cost_price, type, external_id, external_source)
VALUES ('6f769653-f126-457d-04de-7b28b0101df9', '00000000-0000-0000-0000-000000000010', 'Баклажаны', 0, 0.0, 'ingredient', '294', 'poster');
INSERT INTO products (id, venue_id, name, price, cost_price, type, external_id, external_source)
VALUES ('f245c31b-6315-867e-16f1-b0d116beabdb', '00000000-0000-0000-0000-000000000010', 'БАНАНЫ', 0, 0.0, 'ingredient', '529', 'poster');
INSERT INTO products (id, venue_id, name, price, cost_price, type, external_id, external_source)
VALUES ('5402e3e7-df3b-de98-4a5b-bc7f3215eb05', '00000000-0000-0000-0000-000000000010', 'Бон филе', 0, 0.0, 'ingredient', '299', 'poster');
INSERT INTO products (id, venue_id, name, price, cost_price, type, external_id, external_source)
VALUES ('e4a43179-ad39-99d8-3252-e2a979db441f', '00000000-0000-0000-0000-000000000010', 'Бренди Кыргызстан', 0, 0.0, 'ingredient', '319', 'poster');
INSERT INTO products (id, venue_id, name, price, cost_price, type, external_id, external_source)
VALUES ('ea2fdd60-d6cf-96e0-c780-0058b275a5b0', '00000000-0000-0000-0000-000000000010', 'Булочка для Бургера', 0, 0.0, 'ingredient', '296', 'poster');
INSERT INTO products (id, venue_id, name, price, cost_price, type, external_id, external_source)
VALUES ('a7719d76-dc98-c252-7f83-fec1bfe32352', '00000000-0000-0000-0000-000000000010', 'Вешенки', 0, 0.0, 'ingredient', '260', 'poster');
INSERT INTO products (id, venue_id, name, price, cost_price, type, external_id, external_source)
VALUES ('b19a5f3b-a43f-9c94-73a7-f89e908b7c02', '00000000-0000-0000-0000-000000000010', 'Взбитые сливки', 0, 0.0, 'ingredient', '358', 'poster');
INSERT INTO products (id, venue_id, name, price, cost_price, type, external_id, external_source)
VALUES ('c72930ff-9f44-b90c-85ac-1ec3475bd744', '00000000-0000-0000-0000-000000000010', 'Вино Priore Chanti ', 0, 0.0, 'ingredient', '364', 'poster');
INSERT INTO products (id, venue_id, name, price, cost_price, type, external_id, external_source)
VALUES ('579e27db-a6d3-ef0f-e2b7-99916fdafecb', '00000000-0000-0000-0000-000000000010', 'Вино Домашнее Белое', 0, 0.0, 'ingredient', '320', 'poster');
INSERT INTO products (id, venue_id, name, price, cost_price, type, external_id, external_source)
VALUES ('ec63a806-0d32-d632-30fb-8b3d81a8233e', '00000000-0000-0000-0000-000000000010', 'Вино Домашнее Красное', 0, 0.0, 'ingredient', '321', 'poster');
INSERT INTO products (id, venue_id, name, price, cost_price, type, external_id, external_source)
VALUES ('39766e7f-3caa-0a7d-3214-e7ffe5858c33', '00000000-0000-0000-0000-000000000010', 'Вино Сан Валентин белое ', 0, 0.0, 'ingredient', '365', 'poster');
INSERT INTO products (id, venue_id, name, price, cost_price, type, external_id, external_source)
VALUES ('ec50160d-de1b-eb60-2362-d4dfca0144ff', '00000000-0000-0000-0000-000000000010', 'Вино Сан Валентин красное', 0, 0.0, 'ingredient', '366', 'poster');
INSERT INTO products (id, venue_id, name, price, cost_price, type, external_id, external_source)
VALUES ('228bb1cd-707a-9f9f-8a2f-eb412e270b3a', '00000000-0000-0000-0000-000000000010', 'Вода Легенда', 0, 0.0, 'ingredient', '377', 'poster');
INSERT INTO products (id, venue_id, name, price, cost_price, type, external_id, external_source)
VALUES ('1849b782-be93-a8d1-a816-80c83882b8ae', '00000000-0000-0000-0000-000000000010', 'Водка Настроение', 0, 0.0, 'ingredient', '341', 'poster');
INSERT INTO products (id, venue_id, name, price, cost_price, type, external_id, external_source)
VALUES ('f1fd6a1e-a58e-9ae7-f3b5-224382daf5c4', '00000000-0000-0000-0000-000000000010', 'Водка Финляндия', 0, 0.0, 'ingredient', '405', 'poster');
INSERT INTO products (id, venue_id, name, price, cost_price, type, external_id, external_source)
VALUES ('489ec47a-3c0d-4d10-72ce-fd8c5dafc3f0', '00000000-0000-0000-0000-000000000010', 'ворчестер', 0, 0.0, 'ingredient', '423', 'poster');
INSERT INTO products (id, venue_id, name, price, cost_price, type, external_id, external_source)
VALUES ('d67d1a3b-bbee-646f-7170-8308eb3f994d', '00000000-0000-0000-0000-000000000010', 'Газ Вода', 0, 0.0, 'ingredient', '325', 'poster');
INSERT INTO products (id, venue_id, name, price, cost_price, type, external_id, external_source)
VALUES ('7056ccdc-09c2-54df-56f8-ca2a99cb02ee', '00000000-0000-0000-0000-000000000010', 'Гвоздика', 0, 0.0, 'ingredient', '326', 'poster');
INSERT INTO products (id, venue_id, name, price, cost_price, type, external_id, external_source)
VALUES ('e25d25bc-90fd-f776-88e9-4cee19cadb3a', '00000000-0000-0000-0000-000000000010', 'Говядина Для Фарша', 0, 0.0, 'ingredient', '304', 'poster');
INSERT INTO products (id, venue_id, name, price, cost_price, type, external_id, external_source)
VALUES ('e0a95445-ee67-d3e7-e826-00823f1706f9', '00000000-0000-0000-0000-000000000010', 'Горчица Дижонская  2', 0, 0.0, 'ingredient', '275', 'poster');
INSERT INTO products (id, venue_id, name, price, cost_price, type, external_id, external_source)
VALUES ('fd184d6c-f180-7b02-9a55-e4e9a56f15be', '00000000-0000-0000-0000-000000000010', 'Горчица Ротисьер', 0, 0.0, 'ingredient', '274', 'poster');
INSERT INTO products (id, venue_id, name, price, cost_price, type, external_id, external_source)
VALUES ('c32b64b4-ae37-36ec-d7af-d6d314759aab', '00000000-0000-0000-0000-000000000010', 'Дашида', 0, 0.0, 'ingredient', '442', 'poster');
INSERT INTO products (id, venue_id, name, price, cost_price, type, external_id, external_source)
VALUES ('36ab4d80-ea3c-a08d-efb4-8acd68417698', '00000000-0000-0000-0000-000000000010', 'джем', 0, 0.0, 'ingredient', '437', 'poster');
INSERT INTO products (id, venue_id, name, price, cost_price, type, external_id, external_source)
VALUES ('f219873f-37cc-bd7c-17ff-3d918a045138', '00000000-0000-0000-0000-000000000010', 'Джин Бефитор', 0, 0.0, 'ingredient', '369', 'poster');
INSERT INTO products (id, venue_id, name, price, cost_price, type, external_id, external_source)
VALUES ('c18472a3-f486-2d1a-c680-673ed13f692d', '00000000-0000-0000-0000-000000000010', 'Игристое', 0, 0.0, 'ingredient', '438', 'poster');
INSERT INTO products (id, venue_id, name, price, cost_price, type, external_id, external_source)
VALUES ('ba235038-d4b9-4df6-e646-4bf7764ff59f', '00000000-0000-0000-0000-000000000010', 'Имбирь', 0, 0.0, 'ingredient', '327', 'poster');
INSERT INTO products (id, venue_id, name, price, cost_price, type, external_id, external_source)
VALUES ('27d95c99-3f8c-6b26-a977-6e1e0b7320e9', '00000000-0000-0000-0000-000000000010', 'Испанские сосики', 0, 0.0, 'ingredient', '303', 'poster');
INSERT INTO products (id, venue_id, name, price, cost_price, type, external_id, external_source)
VALUES ('da5a8c2a-24c7-aaef-47bf-f1af688dd057', '00000000-0000-0000-0000-000000000010', 'Кабачки', 0, 0.0, 'ingredient', '307', 'poster');
INSERT INTO products (id, venue_id, name, price, cost_price, type, external_id, external_source)
VALUES ('2d0596b0-8a59-44fa-7b7a-abc8c5c892bc', '00000000-0000-0000-0000-000000000010', 'какао', 0, 0.0, 'ingredient', '406', 'poster');
INSERT INTO products (id, venue_id, name, price, cost_price, type, external_id, external_source)
VALUES ('ff11e854-0960-a19f-6246-fd40eff278f6', '00000000-0000-0000-0000-000000000010', 'Кампари', 0, 0.0, 'ingredient', '361', 'poster');
INSERT INTO products (id, venue_id, name, price, cost_price, type, external_id, external_source)
VALUES ('90a60bab-596e-1a51-79e6-b3403cf8c1a6', '00000000-0000-0000-0000-000000000010', 'каперсы', 0, 0.0, 'ingredient', '460', 'poster');
INSERT INTO products (id, venue_id, name, price, cost_price, type, external_id, external_source)
VALUES ('84a9d188-0e78-6ef1-4298-4787ca20dac0', '00000000-0000-0000-0000-000000000010', 'Кардамон', 0, 0.0, 'ingredient', '396', 'poster');
INSERT INTO products (id, venue_id, name, price, cost_price, type, external_id, external_source)
VALUES ('f76b23cf-8d5f-b82e-3379-118be5dc3702', '00000000-0000-0000-0000-000000000010', 'Картофельные дольки', 0, 0.0, 'ingredient', '300', 'poster');
INSERT INTO products (id, venue_id, name, price, cost_price, type, external_id, external_source)
VALUES ('5c99aa8a-5158-a9b9-9d25-85d215940062', '00000000-0000-0000-0000-000000000010', 'картошка', 0, 0.0, 'ingredient', '271', 'poster');
INSERT INTO products (id, venue_id, name, price, cost_price, type, external_id, external_source)
VALUES ('e2ea1dc7-5420-a198-c2f0-2afd9dceb063', '00000000-0000-0000-0000-000000000010', 'Картошка Фри', 0, 0.0, 'ingredient', '301', 'poster');
INSERT INTO products (id, venue_id, name, price, cost_price, type, external_id, external_source)
VALUES ('eba6b011-5ddc-f12d-eebd-34aed3ac8691', '00000000-0000-0000-0000-000000000010', 'Кедровый орех', 0, 0.0, 'ingredient', '418', 'poster');
INSERT INTO products (id, venue_id, name, price, cost_price, type, external_id, external_source)
VALUES ('0329e5af-b0a3-3c94-73c3-db7d04d161f0', '00000000-0000-0000-0000-000000000010', 'Кетчуп', 0, 0.0, 'ingredient', '278', 'poster');
INSERT INTO products (id, venue_id, name, price, cost_price, type, external_id, external_source)
VALUES ('d0d57d63-c6e2-9744-5e89-33d0cf04df91', '00000000-0000-0000-0000-000000000010', 'кинза ', 0, 0.0, 'ingredient', '495', 'poster');
INSERT INTO products (id, venue_id, name, price, cost_price, type, external_id, external_source)
VALUES ('b702f419-eeba-8bee-24fd-806d0aa6bda2', '00000000-0000-0000-0000-000000000010', 'клубника мороженое', 0, 0.0, 'ingredient', '336', 'poster');
INSERT INTO products (id, venue_id, name, price, cost_price, type, external_id, external_source)
VALUES ('1916c74c-d17d-ef6b-d4b0-b445979a77a0', '00000000-0000-0000-0000-000000000010', 'Коньяк Бишкек ', 0, 0.0, 'ingredient', '323', 'poster');
INSERT INTO products (id, venue_id, name, price, cost_price, type, external_id, external_source)
VALUES ('0d410d0f-f738-fd3f-51cb-f31cbc760450', '00000000-0000-0000-0000-000000000010', 'Корица', 0, 0.0, 'ingredient', '331', 'poster');
INSERT INTO products (id, venue_id, name, price, cost_price, type, external_id, external_source)
VALUES ('d8b5a64e-8f6f-0269-71f3-1483a2180c3d', '00000000-0000-0000-0000-000000000010', 'Косный мозг', 0, 0.0, 'ingredient', '476', 'poster');
INSERT INTO products (id, venue_id, name, price, cost_price, type, external_id, external_source)
VALUES ('023fd8b1-9274-1e6c-8555-3d6a0582b234', '00000000-0000-0000-0000-000000000010', 'Кофе', 0, 0.0, 'ingredient', '330', 'poster');
INSERT INTO products (id, venue_id, name, price, cost_price, type, external_id, external_source)
VALUES ('326b1521-fb9f-af90-045c-a9b684172690', '00000000-0000-0000-0000-000000000010', 'Красная фасоль', 0, 0.0, 'ingredient', '277', 'poster');
INSERT INTO products (id, venue_id, name, price, cost_price, type, external_id, external_source)
VALUES ('000dafb1-85fc-9d5d-aab4-72db3fa07469', '00000000-0000-0000-0000-000000000010', 'Красный Барбарис', 0, 0.0, 'ingredient', '386', 'poster');
INSERT INTO products (id, venue_id, name, price, cost_price, type, external_id, external_source)
VALUES ('3c399d62-3ab5-0885-dec0-74cb655f0574', '00000000-0000-0000-0000-000000000010', 'Крем чиз', 0, 0.0, 'ingredient', '311', 'poster');
INSERT INTO products (id, venue_id, name, price, cost_price, type, external_id, external_source)
VALUES ('8b13e1a6-a981-ad38-fa63-e38634c4f9fa', '00000000-0000-0000-0000-000000000010', 'кунжут', 0, 0.0, 'ingredient', '443', 'poster');
INSERT INTO products (id, venue_id, name, price, cost_price, type, external_id, external_source)
VALUES ('aed4c4de-289a-46c5-d99b-f1b75732c928', '00000000-0000-0000-0000-000000000010', 'Куриное филе', 0, 0.0, 'ingredient', '281', 'poster');
INSERT INTO products (id, venue_id, name, price, cost_price, type, external_id, external_source)
VALUES ('eb2f80c6-1f1b-921d-3488-598073d24c11', '00000000-0000-0000-0000-000000000010', 'Куриные крылышки', 0, 0.0, 'ingredient', '440', 'poster');
INSERT INTO products (id, venue_id, name, price, cost_price, type, external_id, external_source)
VALUES ('e2c57405-c1b1-bdea-e509-4322e011d622', '00000000-0000-0000-0000-000000000010', 'Куриный голень', 0, 0.0, 'ingredient', '487', 'poster');
INSERT INTO products (id, venue_id, name, price, cost_price, type, external_id, external_source)
VALUES ('e1da2b31-3a4f-83c3-3f89-d00a280f3e23', '00000000-0000-0000-0000-000000000010', 'Лайм', 0, 0.0, 'ingredient', '332', 'poster');
INSERT INTO products (id, venue_id, name, price, cost_price, type, external_id, external_source)
VALUES ('641bd907-a005-bd53-5a27-d0c0686621df', '00000000-0000-0000-0000-000000000010', 'Лапша Беш Бармак', 0, 0.0, 'ingredient', '269', 'poster');
INSERT INTO products (id, venue_id, name, price, cost_price, type, external_id, external_source)
VALUES ('01fbfc29-c5f4-3dac-a565-dcbb78c298c0', '00000000-0000-0000-0000-000000000010', 'Легенда 0.5', 0, 0.0, 'ingredient', '491', 'poster');
INSERT INTO products (id, venue_id, name, price, cost_price, type, external_id, external_source)
VALUES ('02473c15-2046-984e-8ad8-d6381bc10d28', '00000000-0000-0000-0000-000000000010', 'ЛЕПЕШКИ ТАНДЫР', 0, 0.0, 'ingredient', '530', 'poster');
INSERT INTO products (id, venue_id, name, price, cost_price, type, external_id, external_source)
VALUES ('3449ef09-a092-16a1-8f38-9bb18f96c35b', '00000000-0000-0000-0000-000000000010', 'Лимон', 0, 0.0, 'ingredient', '397', 'poster');
INSERT INTO products (id, venue_id, name, price, cost_price, type, external_id, external_source)
VALUES ('b63d9a4c-05fc-d6db-b666-91722360c6dd', '00000000-0000-0000-0000-000000000010', 'Лимонная кислота', 0, 0.0, 'ingredient', '410', 'poster');
INSERT INTO products (id, venue_id, name, price, cost_price, type, external_id, external_source)
VALUES ('e0d97529-c333-a74c-8aaa-a02a9e9cbfee', '00000000-0000-0000-0000-000000000010', 'Листья Салата', 0, 0.0, 'ingredient', '290', 'poster');
INSERT INTO products (id, venue_id, name, price, cost_price, type, external_id, external_source)
VALUES ('ce07ca59-e737-9a0c-2e3d-15ec5a3bf59d', '00000000-0000-0000-0000-000000000010', 'Лук', 0, 0.0, 'ingredient', '272', 'poster');
INSERT INTO products (id, venue_id, name, price, cost_price, type, external_id, external_source)
VALUES ('4c94caaa-3be1-5e25-aa68-a61fe6323450', '00000000-0000-0000-0000-000000000010', 'Макароны Granoro Fettuccine №82 500г', 0, 0.0, 'ingredient', '266', 'poster');
INSERT INTO products (id, venue_id, name, price, cost_price, type, external_id, external_source)
VALUES ('83e46956-ed3d-95fe-1a19-6da4278cd8b5', '00000000-0000-0000-0000-000000000010', 'Макароны Granoro спагетти №14 500г', 0, 0.0, 'ingredient', '265', 'poster');
INSERT INTO products (id, venue_id, name, price, cost_price, type, external_id, external_source)
VALUES ('464c06da-ccfa-2e41-882e-ea7eefa81ea0', '00000000-0000-0000-0000-000000000010', 'малина', 0, 0.0, 'ingredient', '333', 'poster');
INSERT INTO products (id, venue_id, name, price, cost_price, type, external_id, external_source)
VALUES ('5685c6e9-d9c6-3555-d692-4983cdbb87fd', '00000000-0000-0000-0000-000000000010', 'Малина пюре', 0, 0.0, 'ingredient', '453', 'poster');
INSERT INTO products (id, venue_id, name, price, cost_price, type, external_id, external_source)
VALUES ('2d489411-e4c3-8c5e-c0ef-f8b4e27360aa', '00000000-0000-0000-0000-000000000010', 'Манго пюре', 0, 0.0, 'ingredient', '451', 'poster');
INSERT INTO products (id, venue_id, name, price, cost_price, type, external_id, external_source)
VALUES ('29ee06c5-65a1-1288-2477-3cf82e712388', '00000000-0000-0000-0000-000000000010', 'Мандарины ', 0, 0.0, 'ingredient', '483', 'poster');
INSERT INTO products (id, venue_id, name, price, cost_price, type, external_id, external_source)
VALUES ('725d9a3c-095b-3bcb-9172-f0a33457c391', '00000000-0000-0000-0000-000000000010', 'Маракуйя пюре', 0, 0.0, 'ingredient', '452', 'poster');
INSERT INTO products (id, venue_id, name, price, cost_price, type, external_id, external_source)
VALUES ('d91812e5-629d-eb2d-cfcd-e9da4bf90e71', '00000000-0000-0000-0000-000000000010', 'Маринованные Огурцы', 0, 0.0, 'ingredient', '403', 'poster');
INSERT INTO products (id, venue_id, name, price, cost_price, type, external_id, external_source)
VALUES ('1ababc5c-f041-b5b3-015f-9b518012f827', '00000000-0000-0000-0000-000000000010', 'Маслины без костей Fragata', 0, 0.0, 'ingredient', '279', 'poster');
INSERT INTO products (id, venue_id, name, price, cost_price, type, external_id, external_source)
VALUES ('df0bcd02-da40-f0fe-fede-7cd69b7acf34', '00000000-0000-0000-0000-000000000010', 'Масло Оливковае', 0, 0.0, 'ingredient', '413', 'poster');
INSERT INTO products (id, venue_id, name, price, cost_price, type, external_id, external_source)
VALUES ('3e0dceaa-2fc2-5a4d-ff36-8ec0fa900aa6', '00000000-0000-0000-0000-000000000010', 'Масло Сливочное', 0, 0.0, 'ingredient', '393', 'poster');
INSERT INTO products (id, venue_id, name, price, cost_price, type, external_id, external_source)
VALUES ('dc630035-80d1-f0a5-1354-72407de63ba2', '00000000-0000-0000-0000-000000000010', 'мед', 0, 0.0, 'ingredient', '334', 'poster');
INSERT INTO products (id, venue_id, name, price, cost_price, type, external_id, external_source)
VALUES ('9fdb5018-be93-7768-242e-4bed9a34e6ee', '00000000-0000-0000-0000-000000000010', 'микрозелень', 0, 0.0, 'ingredient', '522', 'poster');
INSERT INTO products (id, venue_id, name, price, cost_price, type, external_id, external_source)
VALUES ('100bac75-3965-8bb7-d187-727142547ef0', '00000000-0000-0000-0000-000000000010', 'молоко', 0, 0.0, 'ingredient', '335', 'poster');
INSERT INTO products (id, venue_id, name, price, cost_price, type, external_id, external_source)
VALUES ('93cd2493-f419-01fa-652c-5bd630989043', '00000000-0000-0000-0000-000000000010', 'молочные сосиски', 0, 0.0, 'ingredient', '444', 'poster');
INSERT INTO products (id, venue_id, name, price, cost_price, type, external_id, external_source)
VALUES ('b6392db4-6734-ce90-007a-93ce5aeaf059', '00000000-0000-0000-0000-000000000010', 'морковка', 0, 0.0, 'ingredient', '409', 'poster');
INSERT INTO products (id, venue_id, name, price, cost_price, type, external_id, external_source)
VALUES ('fb31d83e-c077-b7b2-bab9-ef96328c2863', '00000000-0000-0000-0000-000000000010', 'мука', 0, 0.0, 'ingredient', '436', 'poster');
INSERT INTO products (id, venue_id, name, price, cost_price, type, external_id, external_source)
VALUES ('991ece9c-b5ed-2413-e646-e4c6857e9f3a', '00000000-0000-0000-0000-000000000010', 'мята', 0, 0.0, 'ingredient', '340', 'poster');
INSERT INTO products (id, venue_id, name, price, cost_price, type, external_id, external_source)
VALUES ('137f0a84-c6d2-2f9f-53b5-eb691602617b', '00000000-0000-0000-0000-000000000010', 'Наггетсы', 0, 0.0, 'ingredient', '441', 'poster');
INSERT INTO products (id, venue_id, name, price, cost_price, type, external_id, external_source)
VALUES ('4ed15b11-0c73-a383-d45c-7186a1a537a7', '00000000-0000-0000-0000-000000000010', 'облепиха', 0, 0.0, 'ingredient', '342', 'poster');
INSERT INTO products (id, venue_id, name, price, cost_price, type, external_id, external_source)
VALUES ('002a6914-85ce-b040-5a44-c3edbc3e154b', '00000000-0000-0000-0000-000000000010', 'Овсянка', 0, 0.0, 'ingredient', '268', 'poster');
INSERT INTO products (id, venue_id, name, price, cost_price, type, external_id, external_source)
VALUES ('a4e1b7d1-1c36-4db6-8db9-77c6b08e6b02', '00000000-0000-0000-0000-000000000010', 'Огурцы', 0, 0.0, 'ingredient', '292', 'poster');
INSERT INTO products (id, venue_id, name, price, cost_price, type, external_id, external_source)
VALUES ('cf769555-f90a-81b3-63fb-d277194f5097', '00000000-0000-0000-0000-000000000010', 'ОРЕГАНО', 0, 0.0, 'ingredient', '527', 'poster');
INSERT INTO products (id, venue_id, name, price, cost_price, type, external_id, external_source)
VALUES ('0a109983-eaf2-9781-faec-5bf25922386d', '00000000-0000-0000-0000-000000000010', 'Пармезан', 0, 0.0, 'ingredient', '391', 'poster');
INSERT INTO products (id, venue_id, name, price, cost_price, type, external_id, external_source)
VALUES ('a8766aca-aa19-0d28-891e-09af7df10e20', '00000000-0000-0000-0000-000000000010', 'Паста Пенне', 0, 0.0, 'ingredient', '471', 'poster');
INSERT INTO products (id, venue_id, name, price, cost_price, type, external_id, external_source)
VALUES ('545b831c-1c4f-aec9-477c-1b7a64c73fc8', '00000000-0000-0000-0000-000000000010', 'Перепелиные Яйца', 0, 0.0, 'ingredient', '392', 'poster');
INSERT INTO products (id, venue_id, name, price, cost_price, type, external_id, external_source)
VALUES ('cf5200cf-de22-3d54-a5e7-673863830003', '00000000-0000-0000-0000-000000000010', 'Перец Калифорния', 0, 0.0, 'ingredient', '400', 'poster');
INSERT INTO products (id, venue_id, name, price, cost_price, type, external_id, external_source)
VALUES ('967a0a99-3d10-0728-f7ae-2ca2ef9a6ee3', '00000000-0000-0000-0000-000000000010', 'Перец молотый Черный', 0, 0.0, 'ingredient', '401', 'poster');
INSERT INTO products (id, venue_id, name, price, cost_price, type, external_id, external_source)
VALUES ('be74a8ba-d499-251f-c0e5-245eca8cae5b', '00000000-0000-0000-0000-000000000010', 'Перец чили', 0, 0.0, 'ingredient', '420', 'poster');
INSERT INTO products (id, venue_id, name, price, cost_price, type, external_id, external_source)
VALUES ('d00c475a-7f07-a7c0-2b03-f3a5834102e6', '00000000-0000-0000-0000-000000000010', 'петрушка', 0, 0.0, 'ingredient', '496', 'poster');
INSERT INTO products (id, venue_id, name, price, cost_price, type, external_id, external_source)
VALUES ('3b38acf6-e791-25ce-5c88-fd1101b6e83b', '00000000-0000-0000-0000-000000000010', 'Помидор', 0, 0.0, 'ingredient', '288', 'poster');
INSERT INTO products (id, venue_id, name, price, cost_price, type, external_id, external_source)
VALUES ('d5ac2e36-a7ee-4468-d0db-f83b411daf07', '00000000-0000-0000-0000-000000000010', 'Приправа Вегета', 0, 0.0, 'ingredient', '267', 'poster');
INSERT INTO products (id, venue_id, name, price, cost_price, type, external_id, external_source)
VALUES ('3f18fe9a-b4f6-dc1f-a16b-ec7937a9d82c', '00000000-0000-0000-0000-000000000010', 'размарин', 0, 0.0, 'ingredient', '520', 'poster');
INSERT INTO products (id, venue_id, name, price, cost_price, type, external_id, external_source)
VALUES ('e223c4f0-ac0d-5580-a1da-4035f05f814d', '00000000-0000-0000-0000-000000000010', 'рАМЕН', 0, 0.0, 'ingredient', '525', 'poster');
INSERT INTO products (id, venue_id, name, price, cost_price, type, external_id, external_source)
VALUES ('38032d28-2330-a74c-15ad-0f61846ad45e', '00000000-0000-0000-0000-000000000010', 'растительное масло', 0, 0.0, 'ingredient', '524', 'poster');
INSERT INTO products (id, venue_id, name, price, cost_price, type, external_id, external_source)
VALUES ('2db5e773-5514-3cf9-abf4-6553f907b8ba', '00000000-0000-0000-0000-000000000010', 'редиска', 0, 0.0, 'ingredient', '523', 'poster');
INSERT INTO products (id, venue_id, name, price, cost_price, type, external_id, external_source)
VALUES ('e85186f4-4301-2755-99b7-63c3e58c9191', '00000000-0000-0000-0000-000000000010', 'Рис Лазер', 0, 0.0, 'ingredient', '408', 'poster');
INSERT INTO products (id, venue_id, name, price, cost_price, type, external_id, external_source)
VALUES ('a4fe4b1e-c5c1-c69c-a522-dc054678f872', '00000000-0000-0000-0000-000000000010', 'Розмарин', 0, 0.0, 'ingredient', '407', 'poster');
INSERT INTO products (id, venue_id, name, price, cost_price, type, external_id, external_source)
VALUES ('0fbefa95-1c0a-28fd-12a4-169c2a6bfadc', '00000000-0000-0000-0000-000000000010', 'Ром Бакарди Белый', 0, 0.0, 'ingredient', '343', 'poster');
INSERT INTO products (id, venue_id, name, price, cost_price, type, external_id, external_source)
VALUES ('af79f2d0-87f8-6402-b8a7-d9ca8c6ac59e', '00000000-0000-0000-0000-000000000010', 'Санта Мария', 0, 0.0, 'ingredient', '446', 'poster');
INSERT INTO products (id, venue_id, name, price, cost_price, type, external_id, external_source)
VALUES ('4e69c83f-eeb4-b971-d326-43bb334c313a', '00000000-0000-0000-0000-000000000010', 'сахар', 0, 0.0, 'ingredient', '344', 'poster');
INSERT INTO products (id, venue_id, name, price, cost_price, type, external_id, external_source)
VALUES ('72842d78-2dc3-38f2-0197-5d4efb8055c4', '00000000-0000-0000-0000-000000000010', 'семга стейк', 0, 0.0, 'ingredient', '447', 'poster');
INSERT INTO products (id, venue_id, name, price, cost_price, type, external_id, external_source)
VALUES ('23923912-6a66-3f2a-b718-a70a5ce04c57', '00000000-0000-0000-0000-000000000010', 'Сиера Сильвер', 0, 0.0, 'ingredient', '360', 'poster');
INSERT INTO products (id, venue_id, name, price, cost_price, type, external_id, external_source)
VALUES ('f172f05c-d9ce-ef1d-ab9b-850bc1cea2f7', '00000000-0000-0000-0000-000000000010', 'Сироп Ваниль', 0, 0.0, 'ingredient', '346', 'poster');
INSERT INTO products (id, venue_id, name, price, cost_price, type, external_id, external_source)
VALUES ('0bfe17ff-5a93-e837-64ff-71ff7c905e9d', '00000000-0000-0000-0000-000000000010', 'Сироп Карамель', 0, 0.0, 'ingredient', '348', 'poster');
INSERT INTO products (id, venue_id, name, price, cost_price, type, external_id, external_source)
VALUES ('8cb5ab22-a231-7cb7-f829-116442f41d24', '00000000-0000-0000-0000-000000000010', 'Сироп Малина', 0, 0.0, 'ingredient', '429', 'poster');
INSERT INTO products (id, venue_id, name, price, cost_price, type, external_id, external_source)
VALUES ('61a9f3fe-abdb-ce19-0662-341292c9c929', '00000000-0000-0000-0000-000000000010', 'Сироп Манго', 0, 0.0, 'ingredient', '351', 'poster');
INSERT INTO products (id, venue_id, name, price, cost_price, type, external_id, external_source)
VALUES ('1ce74bea-eec3-2427-7685-f39da89cf358', '00000000-0000-0000-0000-000000000010', 'Сироп Манго Маракуя', 0, 0.0, 'ingredient', '352', 'poster');
INSERT INTO products (id, venue_id, name, price, cost_price, type, external_id, external_source)
VALUES ('4c6f0e50-0346-a4e0-cbd5-d0aa51b38471', '00000000-0000-0000-0000-000000000010', 'Сироп Маракуя', 0, 0.0, 'ingredient', '353', 'poster');
INSERT INTO products (id, venue_id, name, price, cost_price, type, external_id, external_source)
VALUES ('b760f25a-721d-dc86-f199-972b40fe9148', '00000000-0000-0000-0000-000000000010', 'Сироп Солоный Карамель', 0, 0.0, 'ingredient', '390', 'poster');
INSERT INTO products (id, venue_id, name, price, cost_price, type, external_id, external_source)
VALUES ('a4b8b132-29cd-ef6b-4dc4-85f80fdb9746', '00000000-0000-0000-0000-000000000010', 'Сироп Ягода', 0, 0.0, 'ingredient', '356', 'poster');
INSERT INTO products (id, venue_id, name, price, cost_price, type, external_id, external_source)
VALUES ('5ffe3b07-329f-c62b-dc61-8972aed28d94', '00000000-0000-0000-0000-000000000010', 'Сливки 22% бар', 0, 0.0, 'ingredient', '357', 'poster');
INSERT INTO products (id, venue_id, name, price, cost_price, type, external_id, external_source)
VALUES ('72b2444e-84b8-761c-34d7-7812ff6f25c4', '00000000-0000-0000-0000-000000000010', 'Сливки кухня', 0, 0.0, 'ingredient', '286', 'poster');
INSERT INTO products (id, venue_id, name, price, cost_price, type, external_id, external_source)
VALUES ('1477c556-6e0f-b820-22cc-e883b5e47f2a', '00000000-0000-0000-0000-000000000010', 'сливочное мороженое', 0, 0.0, 'ingredient', '339', 'poster');
INSERT INTO products (id, venue_id, name, price, cost_price, type, external_id, external_source)
VALUES ('ea322806-fb74-8621-c6fe-054bf5ce4f7d', '00000000-0000-0000-0000-000000000010', 'смета', 0, 0.0, 'ingredient', '425', 'poster');
INSERT INTO products (id, venue_id, name, price, cost_price, type, external_id, external_source)
VALUES ('bdaf0934-95ba-d80d-02fc-4f0edf6d5197', '00000000-0000-0000-0000-000000000010', 'Смородина', 0, 0.0, 'ingredient', '359', 'poster');
INSERT INTO products (id, venue_id, name, price, cost_price, type, external_id, external_source)
VALUES ('f22a4a49-6a69-f32b-8c52-5a0deac4da33', '00000000-0000-0000-0000-000000000010', 'Соевый Соус', 0, 0.0, 'ingredient', '412', 'poster');
INSERT INTO products (id, venue_id, name, price, cost_price, type, external_id, external_source)
VALUES ('c3f6dd23-1fab-db4c-0f19-0369b83c10df', '00000000-0000-0000-0000-000000000010', 'сок Rich 1l Multi', 0, 0.0, 'ingredient', '382', 'poster');
INSERT INTO products (id, venue_id, name, price, cost_price, type, external_id, external_source)
VALUES ('737f2d0d-672b-ed20-71a8-e93759471c20', '00000000-0000-0000-0000-000000000010', 'сок Rich 1l Orange', 0, 0.0, 'ingredient', '381', 'poster');
INSERT INTO products (id, venue_id, name, price, cost_price, type, external_id, external_source)
VALUES ('bbcb2837-f4e0-8783-8ce1-9892a93205bd', '00000000-0000-0000-0000-000000000010', 'сок Rich 1l Персик', 0, 0.0, 'ingredient', '383', 'poster');
INSERT INTO products (id, venue_id, name, price, cost_price, type, external_id, external_source)
VALUES ('52be948a-9a2e-485f-6acd-8ab821f4e1d8', '00000000-0000-0000-0000-000000000010', 'сок Rich Apple 1l', 0, 0.0, 'ingredient', '427', 'poster');
INSERT INTO products (id, venue_id, name, price, cost_price, type, external_id, external_source)
VALUES ('26f60d1c-7801-197d-af07-cd40be9a74bc', '00000000-0000-0000-0000-000000000010', 'сок Rich ананас', 0, 0.0, 'ingredient', '428', 'poster');
INSERT INTO products (id, venue_id, name, price, cost_price, type, external_id, external_source)
VALUES ('aae45e3f-c1c2-86c0-1bd6-03617fe80223', '00000000-0000-0000-0000-000000000010', 'Сок Вишневый', 0, 0.0, 'ingredient', '404', 'poster');
INSERT INTO products (id, venue_id, name, price, cost_price, type, external_id, external_source)
VALUES ('46c50ff6-9900-31a7-d307-ad5e041c4f71', '00000000-0000-0000-0000-000000000010', 'Соль', 0, 0.0, 'ingredient', '399', 'poster');
INSERT INTO products (id, venue_id, name, price, cost_price, type, external_id, external_source)
VALUES ('dd36a227-b81a-b985-d2da-12305852b6d2', '00000000-0000-0000-0000-000000000010', 'соус Демиглас', 0, 0.0, 'ingredient', '313', 'poster');
INSERT INTO products (id, venue_id, name, price, cost_price, type, external_id, external_source)
VALUES ('975cdd3f-3472-a3df-59c7-7ce25ed6ba60', '00000000-0000-0000-0000-000000000010', 'Стейк ковбой', 0, 0.0, 'ingredient', '282', 'poster');
INSERT INTO products (id, venue_id, name, price, cost_price, type, external_id, external_source)
VALUES ('714d8548-6bda-fddd-2a8c-b5aa9185228f', '00000000-0000-0000-0000-000000000010', 'Стейк ньюйорк', 0, 0.0, 'ingredient', '465', 'poster');
INSERT INTO products (id, venue_id, name, price, cost_price, type, external_id, external_source)
VALUES ('af10a8c9-faf5-0733-cf75-55139416b435', '00000000-0000-0000-0000-000000000010', 'Стейк Рибай', 0, 0.0, 'ingredient', '283', 'poster');
INSERT INTO products (id, venue_id, name, price, cost_price, type, external_id, external_source)
VALUES ('1b6f48fe-84fa-c70b-5c8c-0f7bae26cfa6', '00000000-0000-0000-0000-000000000010', 'стейк тибон', 0, 0.0, 'ingredient', '466', 'poster');
INSERT INTO products (id, venue_id, name, price, cost_price, type, external_id, external_source)
VALUES ('3340f104-1228-4cbc-27fc-7b18d973a12c', '00000000-0000-0000-0000-000000000010', 'СЫР ТВЕРДЫЙ', 0, 0.0, 'ingredient', '528', 'poster');
INSERT INTO products (id, venue_id, name, price, cost_price, type, external_id, external_source)
VALUES ('2071d867-3f2f-04d2-2436-6a56d21db07c', '00000000-0000-0000-0000-000000000010', 'Сыр чедр', 0, 0.0, 'ingredient', '402', 'poster');
INSERT INTO products (id, venue_id, name, price, cost_price, type, external_id, external_source)
VALUES ('2e0e14ca-ebcf-765d-20f7-6377acc54411', '00000000-0000-0000-0000-000000000010', 'Творог', 0, 0.0, 'ingredient', '435', 'poster');
INSERT INTO products (id, venue_id, name, price, cost_price, type, external_id, external_source)
VALUES ('2db48fa1-95ea-439d-6bbc-f58afe597675', '00000000-0000-0000-0000-000000000010', 'Тимьян', 0, 0.0, 'ingredient', '478', 'poster');
INSERT INTO products (id, venue_id, name, price, cost_price, type, external_id, external_source)
VALUES ('679ffa35-fcec-b101-48c0-f05eb509a5a2', '00000000-0000-0000-0000-000000000010', 'тмин', 0, 0.0, 'ingredient', '521', 'poster');
INSERT INTO products (id, venue_id, name, price, cost_price, type, external_id, external_source)
VALUES ('e0735ef2-0495-cea3-f7e8-1e60536e9f48', '00000000-0000-0000-0000-000000000010', 'Топпинг Клубника', 0, 0.0, 'ingredient', '350', 'poster');
INSERT INTO products (id, venue_id, name, price, cost_price, type, external_id, external_source)
VALUES ('a3b87c46-796f-db1d-73c7-57a6318efae4', '00000000-0000-0000-0000-000000000010', 'Топпинг Шоколад', 0, 0.0, 'ingredient', '355', 'poster');
INSERT INTO products (id, venue_id, name, price, cost_price, type, external_id, external_source)
VALUES ('c6ea0f2d-13f8-5d42-204d-7ba158f4cb96', '00000000-0000-0000-0000-000000000010', 'Тыква', 0, 0.0, 'ingredient', '469', 'poster');
INSERT INTO products (id, venue_id, name, price, cost_price, type, external_id, external_source)
VALUES ('6e15ed31-0607-3700-f423-a0173a24357a', '00000000-0000-0000-0000-000000000010', 'Укроп', 0, 0.0, 'ingredient', '309', 'poster');
INSERT INTO products (id, venue_id, name, price, cost_price, type, external_id, external_source)
VALUES ('f338bb25-3fb3-255d-5f95-51d7ce058e5b', '00000000-0000-0000-0000-000000000010', 'уксус 6%', 0, 0.0, 'ingredient', '422', 'poster');
INSERT INTO products (id, venue_id, name, price, cost_price, type, external_id, external_source)
VALUES ('366648c9-58e8-1ed5-b027-fba0be87d7ed', '00000000-0000-0000-0000-000000000010', 'Фетакса', 0, 0.0, 'ingredient', '276', 'poster');
INSERT INTO products (id, venue_id, name, price, cost_price, type, external_id, external_source)
VALUES ('3148f85a-4f81-6ade-edf1-966df463b88e', '00000000-0000-0000-0000-000000000010', 'ФИЛЕ КОПЧЕННОЕ', 0, 0.0, 'ingredient', '526', 'poster');
INSERT INTO products (id, venue_id, name, price, cost_price, type, external_id, external_source)
VALUES ('34883446-d844-62cb-9212-7db1cf490597', '00000000-0000-0000-0000-000000000010', 'Форель для хоспера', 0, 0.0, 'ingredient', '464', 'poster');
INSERT INTO products (id, venue_id, name, price, cost_price, type, external_id, external_source)
VALUES ('d06ae6ec-82be-b26a-4b5a-b0e4de7a3d38', '00000000-0000-0000-0000-000000000010', 'Форель кг', 0, 0.0, 'ingredient', '430', 'poster');
INSERT INTO products (id, venue_id, name, price, cost_price, type, external_id, external_source)
VALUES ('e56bb2b2-7c6b-cd5c-4add-c633c3045aa8', '00000000-0000-0000-0000-000000000010', 'Хлеб ремесленный', 0, 0.0, 'ingredient', '293', 'poster');
INSERT INTO products (id, venue_id, name, price, cost_price, type, external_id, external_source)
VALUES ('bb79fe04-9217-220c-cfc8-a7f952769fcb', '00000000-0000-0000-0000-000000000010', 'цыплёнок ', 0, 0.0, 'ingredient', '475', 'poster');
INSERT INTO products (id, venue_id, name, price, cost_price, type, external_id, external_source)
VALUES ('a5c5f0c1-7a1a-e1d5-9ef4-74276281ad38', '00000000-0000-0000-0000-000000000010', 'Чай зеленый ', 0, 0.0, 'ingredient', '362', 'poster');
INSERT INTO products (id, venue_id, name, price, cost_price, type, external_id, external_source)
VALUES ('19e038a1-1bb9-0b24-c40e-a518611882d6', '00000000-0000-0000-0000-000000000010', 'Чай Черный ', 0, 0.0, 'ingredient', '363', 'poster');
INSERT INTO products (id, venue_id, name, price, cost_price, type, external_id, external_source)
VALUES ('abf2eac0-45f0-7b07-75db-68e4f3e40c01', '00000000-0000-0000-0000-000000000010', 'Черри', 0, 0.0, 'ingredient', '417', 'poster');
INSERT INTO products (id, venue_id, name, price, cost_price, type, external_id, external_source)
VALUES ('fe9e0eae-a8d6-2b6b-5f3e-27fc5c4be3ee', '00000000-0000-0000-0000-000000000010', 'Чеснок', 0, 0.0, 'ingredient', '273', 'poster');
INSERT INTO products (id, venue_id, name, price, cost_price, type, external_id, external_source)
VALUES ('2fb3d515-f60c-3042-b26b-3c5c4cb3b9ce', '00000000-0000-0000-0000-000000000010', 'чечевица', 0, 0.0, 'ingredient', '497', 'poster');
INSERT INTO products (id, venue_id, name, price, cost_price, type, external_id, external_source)
VALUES ('894e60d9-29b7-27fc-619c-4900e1a1b83a', '00000000-0000-0000-0000-000000000010', 'Чипсы 110г', 0, 0.0, 'ingredient', '493', 'poster');
INSERT INTO products (id, venue_id, name, price, cost_price, type, external_id, external_source)
VALUES ('cf46ba39-2b6f-82ce-0fd8-21645912e562', '00000000-0000-0000-0000-000000000010', 'Чипсы 60гр', 0, 0.0, 'ingredient', '492', 'poster');
INSERT INTO products (id, venue_id, name, price, cost_price, type, external_id, external_source)
VALUES ('9f171c94-14c9-a522-25e8-ed304aed68c0', '00000000-0000-0000-0000-000000000010', 'ЧУЧВАРА', 0, 0.0, 'ingredient', '531', 'poster');
INSERT INTO products (id, venue_id, name, price, cost_price, type, external_id, external_source)
VALUES ('1e284e76-d172-01ed-4825-5902199db987', '00000000-0000-0000-0000-000000000010', 'Шампиньоны', 0, 0.0, 'ingredient', '287', 'poster');
INSERT INTO products (id, venue_id, name, price, cost_price, type, external_id, external_source)
VALUES ('315f3a63-ec37-aaf6-aed9-561d08e540ce', '00000000-0000-0000-0000-000000000010', 'швепс', 0, 0.0, 'ingredient', '434', 'poster');
INSERT INTO products (id, venue_id, name, price, cost_price, type, external_id, external_source)
VALUES ('6d1be1ee-f7d4-e847-dca2-4ad0c093a3d6', '00000000-0000-0000-0000-000000000010', 'Шоколад', 0, 0.0, 'ingredient', '450', 'poster');
INSERT INTO products (id, venue_id, name, price, cost_price, type, external_id, external_source)
VALUES ('182edfc9-5063-4d9a-a845-2b51beaf77b0', '00000000-0000-0000-0000-000000000010', 'Шоколад для мини бара', 0, 0.0, 'ingredient', '490', 'poster');
INSERT INTO products (id, venue_id, name, price, cost_price, type, external_id, external_source)
VALUES ('92c80c20-8743-ca38-5eef-0ee66697529e', '00000000-0000-0000-0000-000000000010', 'шоколадное мороженое', 0, 0.0, 'ingredient', '338', 'poster');
INSERT INTO products (id, venue_id, name, price, cost_price, type, external_id, external_source)
VALUES ('face28ba-6048-630a-83b9-523e317bd72d', '00000000-0000-0000-0000-000000000010', 'Шпинат', 0, 0.0, 'ingredient', '472', 'poster');
INSERT INTO products (id, venue_id, name, price, cost_price, type, external_id, external_source)
VALUES ('25953aee-0051-c7f3-d9d6-d3a0b2fef123', '00000000-0000-0000-0000-000000000010', 'Яйца', 0, 0.0, 'ingredient', '315', 'poster');

-- Phase 3: Recipe Items
INSERT INTO recipe_items (product_id, ingredient_id, quantity, unit)
VALUES ('120437cb-67b8-9406-9251-d8a348262f65', 'b2de86b9-627e-cd8d-2bf1-35ebe7099bbd', 50.0, 'мл');
INSERT INTO recipe_items (product_id, ingredient_id, quantity, unit)
VALUES ('eed148a6-7f8f-38d6-85f9-602481bbc846', 'd67d1a3b-bbee-646f-7170-8308eb3f994d', 1000.0, 'мл');
INSERT INTO recipe_items (product_id, ingredient_id, quantity, unit)
VALUES ('1a9038b5-12c1-4b41-756a-ce6d8bb0fac8', 'aed4c4de-289a-46c5-d99b-f1b75732c928', 200.0, 'г');
INSERT INTO recipe_items (product_id, ingredient_id, quantity, unit)
VALUES ('1a9038b5-12c1-4b41-756a-ce6d8bb0fac8', 'e0d97529-c333-a74c-8aaa-a02a9e9cbfee', 5.0, 'г');
INSERT INTO recipe_items (product_id, ingredient_id, quantity, unit)
VALUES ('1a9038b5-12c1-4b41-756a-ce6d8bb0fac8', 'd91812e5-629d-eb2d-cfcd-e9da4bf90e71', 40.0, 'г');
INSERT INTO recipe_items (product_id, ingredient_id, quantity, unit)
VALUES ('1a9038b5-12c1-4b41-756a-ce6d8bb0fac8', '2071d867-3f2f-04d2-2436-6a56d21db07c', 1.0, 'шт');
INSERT INTO recipe_items (product_id, ingredient_id, quantity, unit)
VALUES ('1a9038b5-12c1-4b41-756a-ce6d8bb0fac8', 'ea2fdd60-d6cf-96e0-c780-0058b275a5b0', 1.0, 'шт');
INSERT INTO recipe_items (product_id, ingredient_id, quantity, unit)
VALUES ('1a9038b5-12c1-4b41-756a-ce6d8bb0fac8', 'e2ea1dc7-5420-a198-c2f0-2afd9dceb063', 150.0, 'г');
INSERT INTO recipe_items (product_id, ingredient_id, quantity, unit)
VALUES ('1a9038b5-12c1-4b41-756a-ce6d8bb0fac8', '0329e5af-b0a3-3c94-73c3-db7d04d161f0', 30.0, 'г');
INSERT INTO recipe_items (product_id, ingredient_id, quantity, unit)
VALUES ('1a9038b5-12c1-4b41-756a-ce6d8bb0fac8', 'ce07ca59-e737-9a0c-2e3d-15ec5a3bf59d', 7.0, 'г');
INSERT INTO recipe_items (product_id, ingredient_id, quantity, unit)
VALUES ('1a9038b5-12c1-4b41-756a-ce6d8bb0fac8', 'af79f2d0-87f8-6402-b8a7-d9ca8c6ac59e', 20.0, 'г');
INSERT INTO recipe_items (product_id, ingredient_id, quantity, unit)
VALUES ('e532fcb4-dc6d-4091-b3da-fd41b40bb06e', 'e4a43179-ad39-99d8-3252-e2a979db441f', 50.0, 'мл');
INSERT INTO recipe_items (product_id, ingredient_id, quantity, unit)
VALUES ('d56291c3-0b81-82df-41d8-2bffd8869d31', 'c3f6dd23-1fab-db4c-0f19-0369b83c10df', 1000.0, 'мл');
INSERT INTO recipe_items (product_id, ingredient_id, quantity, unit)
VALUES ('891fbb64-0a53-e6d6-f1bf-27e191c4de93', 'c8f8e038-a0a8-13de-f535-ae5879a03f19', 750.0, 'мл');
INSERT INTO recipe_items (product_id, ingredient_id, quantity, unit)
VALUES ('86a31dd0-97f1-eb78-7de1-45e29021b34e', 'd8076592-5848-a970-3690-c59b5295cebe', 750.0, 'мл');
INSERT INTO recipe_items (product_id, ingredient_id, quantity, unit)
VALUES ('c16bce15-fa53-0477-7fc7-755989859be8', 'fb249224-f7d8-e460-8747-b311ac2cee20', 750.0, 'мл');
INSERT INTO recipe_items (product_id, ingredient_id, quantity, unit)
VALUES ('260b99e2-59bd-a3dc-c313-434aff0daf54', '7a226fc8-ed1a-a229-d666-c5780bff53a6', 1.0, 'шт');
INSERT INTO recipe_items (product_id, ingredient_id, quantity, unit)
VALUES ('30d3c4b2-8d8b-4d91-9c67-b3d72ab218cc', '715f31a4-2ea8-ef3c-e11d-c09f3cee4df7', 1.0, 'шт');
INSERT INTO recipe_items (product_id, ingredient_id, quantity, unit)
VALUES ('a0be9126-1b9b-666d-c68e-fd66161cff95', 'f1fd6a1e-a58e-9ae7-f3b5-224382daf5c4', 50.0, 'мл');
INSERT INTO recipe_items (product_id, ingredient_id, quantity, unit)
VALUES ('5d41e372-0bfb-8212-e08b-622352f32b09', '3449ef09-a092-16a1-8f38-9bb18f96c35b', 15.0, 'г');
INSERT INTO recipe_items (product_id, ingredient_id, quantity, unit)
VALUES ('5d41e372-0bfb-8212-e08b-622352f32b09', '4e69c83f-eeb4-b971-d326-43bb334c313a', 15.0, 'г');
INSERT INTO recipe_items (product_id, ingredient_id, quantity, unit)
VALUES ('5d41e372-0bfb-8212-e08b-622352f32b09', 'f219873f-37cc-bd7c-17ff-3d918a045138', 30.0, 'мл');
INSERT INTO recipe_items (product_id, ingredient_id, quantity, unit)
VALUES ('5d41e372-0bfb-8212-e08b-622352f32b09', 'c18472a3-f486-2d1a-c680-673ed13f692d', 50.0, 'мл');
INSERT INTO recipe_items (product_id, ingredient_id, quantity, unit)
VALUES ('6599a59a-6cf7-70c9-0971-07a0078ce7cf', 'b4be783d-0933-33f7-19e5-aba95e86c089', 1.0, 'шт');
INSERT INTO recipe_items (product_id, ingredient_id, quantity, unit)
VALUES ('86712b3a-562c-f614-e8fa-56c456824301', 'de0d9d6d-a39b-7c91-57b9-b9ec7280d01e', 50.0, 'мл');
INSERT INTO recipe_items (product_id, ingredient_id, quantity, unit)
VALUES ('862ddc62-34ac-a265-0c37-34351dbbd3a4', '72b86272-fccc-49d9-bb76-ed06432afa9f', 750.0, 'мл');
INSERT INTO recipe_items (product_id, ingredient_id, quantity, unit)
VALUES ('cc796b1e-8e6d-d182-c491-dfcab55bc50e', '5ebcb4cd-10e5-f27e-96da-da79cb048db8', 750.0, 'мл');
INSERT INTO recipe_items (product_id, ingredient_id, quantity, unit)
VALUES ('171299cb-76e1-a013-fde5-bddec524aa9e', '899eadb4-2cf3-b21d-1ab1-422159b65177', 750.0, 'мл');
INSERT INTO recipe_items (product_id, ingredient_id, quantity, unit)
VALUES ('87a16f18-fe21-86fb-1acf-9c8cc486478a', 'c72930ff-9f44-b90c-85ac-1ec3475bd744', 750.0, 'мл');
INSERT INTO recipe_items (product_id, ingredient_id, quantity, unit)
VALUES ('12c00a10-9417-532f-bd97-a2bf1a11e847', '39766e7f-3caa-0a7d-3214-e7ffe5858c33', 750.0, 'мл');
INSERT INTO recipe_items (product_id, ingredient_id, quantity, unit)
VALUES ('39a3cd60-263c-c0b3-ee54-c5b493db41cc', 'ec50160d-de1b-eb60-2362-d4dfca0144ff', 750.0, 'мл');
INSERT INTO recipe_items (product_id, ingredient_id, quantity, unit)
VALUES ('4f5dfe3a-4ba6-edc6-1a39-a54a344ea46a', '315f3a63-ec37-aaf6-aed9-561d08e540ce', 450.0, 'мл');
INSERT INTO recipe_items (product_id, ingredient_id, quantity, unit)
VALUES ('1d55740b-7a2f-ce7c-d33a-454fb2de27dc', '0eb1deff-056b-95cb-0f83-0546ee66e4f8', 1.0, 'шт');
INSERT INTO recipe_items (product_id, ingredient_id, quantity, unit)
VALUES ('66f7200b-8619-ba9f-8b5d-74b32585286b', '72463e08-2019-4ab8-dd65-4071d24f160f', 750.0, 'мл');
INSERT INTO recipe_items (product_id, ingredient_id, quantity, unit)
VALUES ('8d39c5f6-7b37-38c9-14be-a79428be2504', '26f60d1c-7801-197d-af07-cd40be9a74bc', 1000.0, 'мл');
INSERT INTO recipe_items (product_id, ingredient_id, quantity, unit)
VALUES ('f17e6b93-235c-e217-e8bb-314b22b364b3', '737f2d0d-672b-ed20-71a8-e93759471c20', 1000.0, 'мл');
INSERT INTO recipe_items (product_id, ingredient_id, quantity, unit)
VALUES ('86c75460-89b0-64da-2249-a8b6e678e24d', '4b4e9ece-7056-4e31-5b1e-17e7ef59f1ea', 60.0, 'мл');
INSERT INTO recipe_items (product_id, ingredient_id, quantity, unit)
VALUES ('86c75460-89b0-64da-2249-a8b6e678e24d', 'd67d1a3b-bbee-646f-7170-8308eb3f994d', 10.0, 'мл');
INSERT INTO recipe_items (product_id, ingredient_id, quantity, unit)
VALUES ('86c75460-89b0-64da-2249-a8b6e678e24d', '77c1acc3-9080-3285-bfa4-4e9a38dfe4fa', 10.0, 'г');
INSERT INTO recipe_items (product_id, ingredient_id, quantity, unit)
VALUES ('86c75460-89b0-64da-2249-a8b6e678e24d', 'c18472a3-f486-2d1a-c680-673ed13f692d', 120.0, 'мл');
INSERT INTO recipe_items (product_id, ingredient_id, quantity, unit)
VALUES ('5b708223-a2c0-dd04-0433-11f0f0b00841', '1477c556-6e0f-b820-22cc-e883b5e47f2a', 100.0, 'г');
INSERT INTO recipe_items (product_id, ingredient_id, quantity, unit)
VALUES ('5b708223-a2c0-dd04-0433-11f0f0b00841', '023fd8b1-9274-1e6c-8555-3d6a0582b234', 20.0, 'г');
INSERT INTO recipe_items (product_id, ingredient_id, quantity, unit)
VALUES ('5b708223-a2c0-dd04-0433-11f0f0b00841', '6d1be1ee-f7d4-e847-dca2-4ad0c093a3d6', 10.0, 'г');
INSERT INTO recipe_items (product_id, ingredient_id, quantity, unit)
VALUES ('eaa4a05e-8cb8-7629-ddfb-e23226f1c2ee', 'aae45e3f-c1c2-86c0-1bd6-03617fe80223', 200.0, 'мл');
INSERT INTO recipe_items (product_id, ingredient_id, quantity, unit)
VALUES ('eaa4a05e-8cb8-7629-ddfb-e23226f1c2ee', '77c1acc3-9080-3285-bfa4-4e9a38dfe4fa', 5.0, 'г');
INSERT INTO recipe_items (product_id, ingredient_id, quantity, unit)
VALUES ('eaa4a05e-8cb8-7629-ddfb-e23226f1c2ee', '0d410d0f-f738-fd3f-51cb-f31cbc760450', 5.0, 'г');
INSERT INTO recipe_items (product_id, ingredient_id, quantity, unit)
VALUES ('eaa4a05e-8cb8-7629-ddfb-e23226f1c2ee', '84a9d188-0e78-6ef1-4298-4787ca20dac0', 1.0, 'г');
INSERT INTO recipe_items (product_id, ingredient_id, quantity, unit)
VALUES ('eaa4a05e-8cb8-7629-ddfb-e23226f1c2ee', '7056ccdc-09c2-54df-56f8-ca2a99cb02ee', 1.0, 'г');
INSERT INTO recipe_items (product_id, ingredient_id, quantity, unit)
VALUES ('eaa4a05e-8cb8-7629-ddfb-e23226f1c2ee', 'a69108ec-9313-c5f7-6d77-854456fec843', 1.0, 'г');
INSERT INTO recipe_items (product_id, ingredient_id, quantity, unit)
VALUES ('eaa4a05e-8cb8-7629-ddfb-e23226f1c2ee', 'dc630035-80d1-f0a5-1354-72407de63ba2', 40.0, 'мл');
INSERT INTO recipe_items (product_id, ingredient_id, quantity, unit)
VALUES ('df7c2c21-ccac-5baf-78ab-7927f7db522f', '1916c74c-d17d-ef6b-d4b0-b445979a77a0', 50.0, 'мл');
INSERT INTO recipe_items (product_id, ingredient_id, quantity, unit)
VALUES ('58e4c43b-44e0-70ce-99e7-6b0093966f41', '36ab4d80-ea3c-a08d-efb4-8acd68417698', 30.0, 'г');
INSERT INTO recipe_items (product_id, ingredient_id, quantity, unit)
VALUES ('58e4c43b-44e0-70ce-99e7-6b0093966f41', 'ea322806-fb74-8621-c6fe-054bf5ce4f7d', 30.0, 'г');
INSERT INTO recipe_items (product_id, ingredient_id, quantity, unit)
VALUES ('9f75207d-109f-6d24-d616-901e7f05e942', 'd8b5a64e-8f6f-0269-71f3-1483a2180c3d', 350.0, 'г');
INSERT INTO recipe_items (product_id, ingredient_id, quantity, unit)
VALUES ('9f75207d-109f-6d24-d616-901e7f05e942', 'ba6283f7-bfc1-2757-6280-114aff417a57', 50.0, 'г');
INSERT INTO recipe_items (product_id, ingredient_id, quantity, unit)
VALUES ('9f75207d-109f-6d24-d616-901e7f05e942', '3c399d62-3ab5-0885-dec0-74cb655f0574', 25.0, 'г');
INSERT INTO recipe_items (product_id, ingredient_id, quantity, unit)
VALUES ('9f75207d-109f-6d24-d616-901e7f05e942', 'fe9e0eae-a8d6-2b6b-5f3e-27fc5c4be3ee', 10.0, 'г');
INSERT INTO recipe_items (product_id, ingredient_id, quantity, unit)
VALUES ('ef5a0fd9-15a0-6dc1-a208-29c4a17eb52f', 'ba6283f7-bfc1-2757-6280-114aff417a57', 75.0, 'г');
INSERT INTO recipe_items (product_id, ingredient_id, quantity, unit)
VALUES ('ef5a0fd9-15a0-6dc1-a208-29c4a17eb52f', '3c399d62-3ab5-0885-dec0-74cb655f0574', 60.0, 'г');
INSERT INTO recipe_items (product_id, ingredient_id, quantity, unit)
VALUES ('ef5a0fd9-15a0-6dc1-a208-29c4a17eb52f', 'e25d25bc-90fd-f776-88e9-4cee19cadb3a', 120.0, 'г');
INSERT INTO recipe_items (product_id, ingredient_id, quantity, unit)
VALUES ('ef5a0fd9-15a0-6dc1-a208-29c4a17eb52f', '1ababc5c-f041-b5b3-015f-9b518012f827', 10.0, 'г');
INSERT INTO recipe_items (product_id, ingredient_id, quantity, unit)
VALUES ('ce90a2e4-a08b-570d-aca7-50bb5d2d0ab2', '6f769653-f126-457d-04de-7b28b0101df9', 60.0, 'г');
INSERT INTO recipe_items (product_id, ingredient_id, quantity, unit)
VALUES ('ce90a2e4-a08b-570d-aca7-50bb5d2d0ab2', '3c399d62-3ab5-0885-dec0-74cb655f0574', 60.0, 'г');
INSERT INTO recipe_items (product_id, ingredient_id, quantity, unit)
VALUES ('ce90a2e4-a08b-570d-aca7-50bb5d2d0ab2', '3b38acf6-e791-25ce-5c88-fd1101b6e83b', 50.0, 'г');
INSERT INTO recipe_items (product_id, ingredient_id, quantity, unit)
VALUES ('ce90a2e4-a08b-570d-aca7-50bb5d2d0ab2', 'fe9e0eae-a8d6-2b6b-5f3e-27fc5c4be3ee', 10.0, 'г');
INSERT INTO recipe_items (product_id, ingredient_id, quantity, unit)
VALUES ('ce90a2e4-a08b-570d-aca7-50bb5d2d0ab2', 'ba6283f7-bfc1-2757-6280-114aff417a57', 75.0, 'г');
INSERT INTO recipe_items (product_id, ingredient_id, quantity, unit)
VALUES ('ce90a2e4-a08b-570d-aca7-50bb5d2d0ab2', '6e15ed31-0607-3700-f423-a0173a24357a', 0.01, 'шт');
INSERT INTO recipe_items (product_id, ingredient_id, quantity, unit)
VALUES ('3d7e22b7-98eb-25da-ac3b-90e987e6829c', 'aae45e3f-c1c2-86c0-1bd6-03617fe80223', 1000.0, 'мл');
INSERT INTO recipe_items (product_id, ingredient_id, quantity, unit)
VALUES ('966437e8-b784-92e7-0afa-ff8bde6f1e53', '228bb1cd-707a-9f9f-8a2f-eb412e270b3a', 1000.0, 'мл');
INSERT INTO recipe_items (product_id, ingredient_id, quantity, unit)
VALUES ('d158543d-e9dc-0b2a-7902-b665a39db719', 'ec63a806-0d32-d632-30fb-8b3d81a8233e', 200.0, 'мл');
INSERT INTO recipe_items (product_id, ingredient_id, quantity, unit)
VALUES ('d158543d-e9dc-0b2a-7902-b665a39db719', 'dc630035-80d1-f0a5-1354-72407de63ba2', 40.0, 'мл');
INSERT INTO recipe_items (product_id, ingredient_id, quantity, unit)
VALUES ('d158543d-e9dc-0b2a-7902-b665a39db719', '0d410d0f-f738-fd3f-51cb-f31cbc760450', 5.0, 'г');
INSERT INTO recipe_items (product_id, ingredient_id, quantity, unit)
VALUES ('d158543d-e9dc-0b2a-7902-b665a39db719', '7056ccdc-09c2-54df-56f8-ca2a99cb02ee', 1.0, 'г');
INSERT INTO recipe_items (product_id, ingredient_id, quantity, unit)
VALUES ('d158543d-e9dc-0b2a-7902-b665a39db719', 'a69108ec-9313-c5f7-6d77-854456fec843', 1.0, 'г');
INSERT INTO recipe_items (product_id, ingredient_id, quantity, unit)
VALUES ('d158543d-e9dc-0b2a-7902-b665a39db719', '77c1acc3-9080-3285-bfa4-4e9a38dfe4fa', 5.0, 'г');
INSERT INTO recipe_items (product_id, ingredient_id, quantity, unit)
VALUES ('d158543d-e9dc-0b2a-7902-b665a39db719', '228bb1cd-707a-9f9f-8a2f-eb412e270b3a', 20.0, 'мл');
INSERT INTO recipe_items (product_id, ingredient_id, quantity, unit)
VALUES ('d158543d-e9dc-0b2a-7902-b665a39db719', '84a9d188-0e78-6ef1-4298-4787ca20dac0', 1.0, 'г');
INSERT INTO recipe_items (product_id, ingredient_id, quantity, unit)
VALUES ('d158543d-e9dc-0b2a-7902-b665a39db719', '3449ef09-a092-16a1-8f38-9bb18f96c35b', 5.0, 'г');
INSERT INTO recipe_items (product_id, ingredient_id, quantity, unit)
VALUES ('d2434048-8926-9995-9323-9ab371ad6f0b', '579e27db-a6d3-ef0f-e2b7-99916fdafecb', 200.0, 'мл');
INSERT INTO recipe_items (product_id, ingredient_id, quantity, unit)
VALUES ('d2434048-8926-9995-9323-9ab371ad6f0b', 'dc630035-80d1-f0a5-1354-72407de63ba2', 40.0, 'мл');
INSERT INTO recipe_items (product_id, ingredient_id, quantity, unit)
VALUES ('d2434048-8926-9995-9323-9ab371ad6f0b', '0d410d0f-f738-fd3f-51cb-f31cbc760450', 5.0, 'г');
INSERT INTO recipe_items (product_id, ingredient_id, quantity, unit)
VALUES ('d2434048-8926-9995-9323-9ab371ad6f0b', '84a9d188-0e78-6ef1-4298-4787ca20dac0', 1.0, 'г');
INSERT INTO recipe_items (product_id, ingredient_id, quantity, unit)
VALUES ('d2434048-8926-9995-9323-9ab371ad6f0b', '7056ccdc-09c2-54df-56f8-ca2a99cb02ee', 1.0, 'г');
INSERT INTO recipe_items (product_id, ingredient_id, quantity, unit)
VALUES ('d2434048-8926-9995-9323-9ab371ad6f0b', 'a69108ec-9313-c5f7-6d77-854456fec843', 1.0, 'г');
INSERT INTO recipe_items (product_id, ingredient_id, quantity, unit)
VALUES ('d2434048-8926-9995-9323-9ab371ad6f0b', '77c1acc3-9080-3285-bfa4-4e9a38dfe4fa', 5.0, 'г');
INSERT INTO recipe_items (product_id, ingredient_id, quantity, unit)
VALUES ('b34a3112-ff0e-f459-d3c3-fde15aac2c99', 'e25d25bc-90fd-f776-88e9-4cee19cadb3a', 300.0, 'г');
INSERT INTO recipe_items (product_id, ingredient_id, quantity, unit)
VALUES ('b34a3112-ff0e-f459-d3c3-fde15aac2c99', '46c50ff6-9900-31a7-d307-ad5e041c4f71', 10.0, 'г');
INSERT INTO recipe_items (product_id, ingredient_id, quantity, unit)
VALUES ('b34a3112-ff0e-f459-d3c3-fde15aac2c99', '967a0a99-3d10-0728-f7ae-2ca2ef9a6ee3', 10.0, 'г');
INSERT INTO recipe_items (product_id, ingredient_id, quantity, unit)
VALUES ('b34a3112-ff0e-f459-d3c3-fde15aac2c99', 'f22a4a49-6a69-f32b-8c52-5a0deac4da33', 25.0, 'мл');
INSERT INTO recipe_items (product_id, ingredient_id, quantity, unit)
VALUES ('b34a3112-ff0e-f459-d3c3-fde15aac2c99', 'fe9e0eae-a8d6-2b6b-5f3e-27fc5c4be3ee', 50.0, 'г');
INSERT INTO recipe_items (product_id, ingredient_id, quantity, unit)
VALUES ('b34a3112-ff0e-f459-d3c3-fde15aac2c99', '2db48fa1-95ea-439d-6bbc-f58afe597675', 15.0, 'г');
INSERT INTO recipe_items (product_id, ingredient_id, quantity, unit)
VALUES ('b34a3112-ff0e-f459-d3c3-fde15aac2c99', 'a4fe4b1e-c5c1-c69c-a522-dc054678f872', 15.0, 'г');
INSERT INTO recipe_items (product_id, ingredient_id, quantity, unit)
VALUES ('b34a3112-ff0e-f459-d3c3-fde15aac2c99', 'e0a95445-ee67-d3e7-e826-00823f1706f9', 20.0, 'г');
INSERT INTO recipe_items (product_id, ingredient_id, quantity, unit)
VALUES ('c0fb869e-f434-07cb-f666-b9f7e55d4032', '3b38acf6-e791-25ce-5c88-fd1101b6e83b', 40.0, 'г');
INSERT INTO recipe_items (product_id, ingredient_id, quantity, unit)
VALUES ('c0fb869e-f434-07cb-f666-b9f7e55d4032', 'e0d97529-c333-a74c-8aaa-a02a9e9cbfee', 5.0, 'г');
INSERT INTO recipe_items (product_id, ingredient_id, quantity, unit)
VALUES ('c0fb869e-f434-07cb-f666-b9f7e55d4032', '2071d867-3f2f-04d2-2436-6a56d21db07c', 1.0, 'шт');
INSERT INTO recipe_items (product_id, ingredient_id, quantity, unit)
VALUES ('c0fb869e-f434-07cb-f666-b9f7e55d4032', 'ea2fdd60-d6cf-96e0-c780-0058b275a5b0', 1.0, 'шт');
INSERT INTO recipe_items (product_id, ingredient_id, quantity, unit)
VALUES ('c0fb869e-f434-07cb-f666-b9f7e55d4032', 'd91812e5-629d-eb2d-cfcd-e9da4bf90e71', 40.0, 'г');
INSERT INTO recipe_items (product_id, ingredient_id, quantity, unit)
VALUES ('c0fb869e-f434-07cb-f666-b9f7e55d4032', 'e2ea1dc7-5420-a198-c2f0-2afd9dceb063', 150.0, 'г');
INSERT INTO recipe_items (product_id, ingredient_id, quantity, unit)
VALUES ('c0fb869e-f434-07cb-f666-b9f7e55d4032', '0329e5af-b0a3-3c94-73c3-db7d04d161f0', 30.0, 'г');
INSERT INTO recipe_items (product_id, ingredient_id, quantity, unit)
VALUES ('c0fb869e-f434-07cb-f666-b9f7e55d4032', 'ce07ca59-e737-9a0c-2e3d-15ec5a3bf59d', 7.0, 'г');
INSERT INTO recipe_items (product_id, ingredient_id, quantity, unit)
VALUES ('6e00b5a0-6b62-d942-73e4-86982bcae389', 'dd36a227-b81a-b985-d2da-12305852b6d2', 30.0, 'г');
INSERT INTO recipe_items (product_id, ingredient_id, quantity, unit)
VALUES ('6e00b5a0-6b62-d942-73e4-86982bcae389', 'ce07ca59-e737-9a0c-2e3d-15ec5a3bf59d', 55.0, 'г');
INSERT INTO recipe_items (product_id, ingredient_id, quantity, unit)
VALUES ('6e00b5a0-6b62-d942-73e4-86982bcae389', 'da5a8c2a-24c7-aaef-47bf-f1af688dd057', 100.0, 'г');
INSERT INTO recipe_items (product_id, ingredient_id, quantity, unit)
VALUES ('6e00b5a0-6b62-d942-73e4-86982bcae389', '6f769653-f126-457d-04de-7b28b0101df9', 100.0, 'г');
INSERT INTO recipe_items (product_id, ingredient_id, quantity, unit)
VALUES ('6e00b5a0-6b62-d942-73e4-86982bcae389', 'cf5200cf-de22-3d54-a5e7-673863830003', 35.0, 'г');
INSERT INTO recipe_items (product_id, ingredient_id, quantity, unit)
VALUES ('6e00b5a0-6b62-d942-73e4-86982bcae389', 'a4fe4b1e-c5c1-c69c-a522-dc054678f872', 5.0, 'г');
INSERT INTO recipe_items (product_id, ingredient_id, quantity, unit)
VALUES ('6e00b5a0-6b62-d942-73e4-86982bcae389', 'af79f2d0-87f8-6402-b8a7-d9ca8c6ac59e', 10.0, 'г');
INSERT INTO recipe_items (product_id, ingredient_id, quantity, unit)
VALUES ('6e00b5a0-6b62-d942-73e4-86982bcae389', '5402e3e7-df3b-de98-4a5b-bc7f3215eb05', 300.0, 'г');
INSERT INTO recipe_items (product_id, ingredient_id, quantity, unit)
VALUES ('fe60b0ae-2583-0dd8-24c6-ce415c7dbabd', '100bac75-3965-8bb7-d187-727142547ef0', 150.0, 'мл');
INSERT INTO recipe_items (product_id, ingredient_id, quantity, unit)
VALUES ('fe60b0ae-2583-0dd8-24c6-ce415c7dbabd', '2d0596b0-8a59-44fa-7b7a-abc8c5c892bc', 75.0, 'г');
INSERT INTO recipe_items (product_id, ingredient_id, quantity, unit)
VALUES ('ba729be8-36f6-fb9a-7e2c-4b99753cb652', '1e284e76-d172-01ed-4825-5902199db987', 100.0, 'г');
INSERT INTO recipe_items (product_id, ingredient_id, quantity, unit)
VALUES ('ba729be8-36f6-fb9a-7e2c-4b99753cb652', 'a7719d76-dc98-c252-7f83-fec1bfe32352', 100.0, 'г');
INSERT INTO recipe_items (product_id, ingredient_id, quantity, unit)
VALUES ('ba729be8-36f6-fb9a-7e2c-4b99753cb652', '72b2444e-84b8-761c-34d7-7812ff6f25c4', 50.0, 'мл');
INSERT INTO recipe_items (product_id, ingredient_id, quantity, unit)
VALUES ('ba729be8-36f6-fb9a-7e2c-4b99753cb652', '100bac75-3965-8bb7-d187-727142547ef0', 100.0, 'мл');
INSERT INTO recipe_items (product_id, ingredient_id, quantity, unit)
VALUES ('ba729be8-36f6-fb9a-7e2c-4b99753cb652', '3e0dceaa-2fc2-5a4d-ff36-8ec0fa900aa6', 15.0, 'г');
INSERT INTO recipe_items (product_id, ingredient_id, quantity, unit)
VALUES ('497d0040-b877-bebf-95b7-582bf7a5e783', '93cd2493-f419-01fa-652c-5bd630989043', 2.0, 'шт');
INSERT INTO recipe_items (product_id, ingredient_id, quantity, unit)
VALUES ('497d0040-b877-bebf-95b7-582bf7a5e783', '0329e5af-b0a3-3c94-73c3-db7d04d161f0', 30.0, 'г');
INSERT INTO recipe_items (product_id, ingredient_id, quantity, unit)
VALUES ('5c89def4-2cf8-cd5b-f430-12e6eb3260cf', 'f219873f-37cc-bd7c-17ff-3d918a045138', 50.0, 'мл');
INSERT INTO recipe_items (product_id, ingredient_id, quantity, unit)
VALUES ('8d7b5a09-5bd6-308f-bc9a-70c9db3161df', '315f3a63-ec37-aaf6-aed9-561d08e540ce', 100.0, 'мл');
INSERT INTO recipe_items (product_id, ingredient_id, quantity, unit)
VALUES ('8d7b5a09-5bd6-308f-bc9a-70c9db3161df', 'f219873f-37cc-bd7c-17ff-3d918a045138', 50.0, 'мл');
INSERT INTO recipe_items (product_id, ingredient_id, quantity, unit)
VALUES ('eb1260af-ca5f-c811-fd1c-bf1664229477', '579e27db-a6d3-ef0f-e2b7-99916fdafecb', 150.0, 'мл');
INSERT INTO recipe_items (product_id, ingredient_id, quantity, unit)
VALUES ('ca58c9ff-fe24-427b-5955-2cd4feccec48', 'ec63a806-0d32-d632-30fb-8b3d81a8233e', 150.0, 'мл');
INSERT INTO recipe_items (product_id, ingredient_id, quantity, unit)
VALUES ('fdc9a1d9-d212-6915-9a25-025e9880e5ea', '27d95c99-3f8c-6b26-a977-6e1e0b7320e9', 1.0, 'шт');
INSERT INTO recipe_items (product_id, ingredient_id, quantity, unit)
VALUES ('38432f7f-ba41-eaa0-7e46-d791008e4b02', '3b38acf6-e791-25ce-5c88-fd1101b6e83b', 70.0, 'г');
INSERT INTO recipe_items (product_id, ingredient_id, quantity, unit)
VALUES ('38432f7f-ba41-eaa0-7e46-d791008e4b02', '3c399d62-3ab5-0885-dec0-74cb655f0574', 15.0, 'г');
INSERT INTO recipe_items (product_id, ingredient_id, quantity, unit)
VALUES ('38432f7f-ba41-eaa0-7e46-d791008e4b02', 'e56bb2b2-7c6b-cd5c-4add-c633c3045aa8', 50.0, 'г');
INSERT INTO recipe_items (product_id, ingredient_id, quantity, unit)
VALUES ('38432f7f-ba41-eaa0-7e46-d791008e4b02', '326b1521-fb9f-af90-045c-a9b684172690', 50.0, 'г');
INSERT INTO recipe_items (product_id, ingredient_id, quantity, unit)
VALUES ('38432f7f-ba41-eaa0-7e46-d791008e4b02', '25953aee-0051-c7f3-d9d6-d3a0b2fef123', 2.0, 'шт');
INSERT INTO recipe_items (product_id, ingredient_id, quantity, unit)
VALUES ('38432f7f-ba41-eaa0-7e46-d791008e4b02', '27d95c99-3f8c-6b26-a977-6e1e0b7320e9', 1.0, 'шт');
INSERT INTO recipe_items (product_id, ingredient_id, quantity, unit)
VALUES ('38432f7f-ba41-eaa0-7e46-d791008e4b02', '47d19ddb-eacc-ff36-1899-a57074bf3e43', 30.0, 'г');
INSERT INTO recipe_items (product_id, ingredient_id, quantity, unit)
VALUES ('38432f7f-ba41-eaa0-7e46-d791008e4b02', 'e0d97529-c333-a74c-8aaa-a02a9e9cbfee', 30.0, 'г');
INSERT INTO recipe_items (product_id, ingredient_id, quantity, unit)
VALUES ('38432f7f-ba41-eaa0-7e46-d791008e4b02', '1e284e76-d172-01ed-4825-5902199db987', 40.0, 'г');
INSERT INTO recipe_items (product_id, ingredient_id, quantity, unit)
VALUES ('7b0b5f60-47be-c07e-9585-af9a20b6d773', '25953aee-0051-c7f3-d9d6-d3a0b2fef123', 2.0, 'шт');
INSERT INTO recipe_items (product_id, ingredient_id, quantity, unit)
VALUES ('7b0b5f60-47be-c07e-9585-af9a20b6d773', 'aed4c4de-289a-46c5-d99b-f1b75732c928', 100.0, 'г');
INSERT INTO recipe_items (product_id, ingredient_id, quantity, unit)
VALUES ('7b0b5f60-47be-c07e-9585-af9a20b6d773', 'f76b23cf-8d5f-b82e-3379-118be5dc3702', 80.0, 'г');
INSERT INTO recipe_items (product_id, ingredient_id, quantity, unit)
VALUES ('7b0b5f60-47be-c07e-9585-af9a20b6d773', 'a7719d76-dc98-c252-7f83-fec1bfe32352', 50.0, 'г');
INSERT INTO recipe_items (product_id, ingredient_id, quantity, unit)
VALUES ('7b0b5f60-47be-c07e-9585-af9a20b6d773', 'e56bb2b2-7c6b-cd5c-4add-c633c3045aa8', 50.0, 'г');
INSERT INTO recipe_items (product_id, ingredient_id, quantity, unit)
VALUES ('7b0b5f60-47be-c07e-9585-af9a20b6d773', 'd5ac2e36-a7ee-4468-d0db-f83b411daf07', 2.0, 'г');
INSERT INTO recipe_items (product_id, ingredient_id, quantity, unit)
VALUES ('7b0b5f60-47be-c07e-9585-af9a20b6d773', 'e0d97529-c333-a74c-8aaa-a02a9e9cbfee', 20.0, 'г');
INSERT INTO recipe_items (product_id, ingredient_id, quantity, unit)
VALUES ('7b0b5f60-47be-c07e-9585-af9a20b6d773', '47d19ddb-eacc-ff36-1899-a57074bf3e43', 20.0, 'г');
INSERT INTO recipe_items (product_id, ingredient_id, quantity, unit)
VALUES ('7b0b5f60-47be-c07e-9585-af9a20b6d773', '0329e5af-b0a3-3c94-73c3-db7d04d161f0', 30.0, 'г');
INSERT INTO recipe_items (product_id, ingredient_id, quantity, unit)
VALUES ('7b0b5f60-47be-c07e-9585-af9a20b6d773', '100bac75-3965-8bb7-d187-727142547ef0', 40.0, 'мл');
INSERT INTO recipe_items (product_id, ingredient_id, quantity, unit)
VALUES ('e2e0597c-8c7b-c017-0aeb-164d7e7401db', 'c18472a3-f486-2d1a-c680-673ed13f692d', 750.0, 'мл');
INSERT INTO recipe_items (product_id, ingredient_id, quantity, unit)
VALUES ('338bdc4d-fbd5-43ad-a7a7-3951ceca3a16', '2d0596b0-8a59-44fa-7b7a-abc8c5c892bc', 25.0, 'г');
INSERT INTO recipe_items (product_id, ingredient_id, quantity, unit)
VALUES ('338bdc4d-fbd5-43ad-a7a7-3951ceca3a16', '100bac75-3965-8bb7-d187-727142547ef0', 180.0, 'мл');
INSERT INTO recipe_items (product_id, ingredient_id, quantity, unit)
VALUES ('021231f4-e9fa-ecbb-5f2a-ad1321ca42ea', '023fd8b1-9274-1e6c-8555-3d6a0582b234', 20.0, 'г');
INSERT INTO recipe_items (product_id, ingredient_id, quantity, unit)
VALUES ('021231f4-e9fa-ecbb-5f2a-ad1321ca42ea', '100bac75-3965-8bb7-d187-727142547ef0', 280.0, 'мл');
INSERT INTO recipe_items (product_id, ingredient_id, quantity, unit)
VALUES ('81b3193a-f1f9-6ba6-5630-5c911f0c4a69', 'e2ea1dc7-5420-a198-c2f0-2afd9dceb063', 150.0, 'г');
INSERT INTO recipe_items (product_id, ingredient_id, quantity, unit)
VALUES ('81b3193a-f1f9-6ba6-5630-5c911f0c4a69', '0329e5af-b0a3-3c94-73c3-db7d04d161f0', 30.0, 'г');
INSERT INTO recipe_items (product_id, ingredient_id, quantity, unit)
VALUES ('3e9ef73d-3da6-3a82-456a-d27d4a1c4254', '5c99aa8a-5158-a9b9-9d25-85d215940062', 200.0, 'г');
INSERT INTO recipe_items (product_id, ingredient_id, quantity, unit)
VALUES ('3e9ef73d-3da6-3a82-456a-d27d4a1c4254', '100bac75-3965-8bb7-d187-727142547ef0', 40.0, 'мл');
INSERT INTO recipe_items (product_id, ingredient_id, quantity, unit)
VALUES ('3e9ef73d-3da6-3a82-456a-d27d4a1c4254', '3e0dceaa-2fc2-5a4d-ff36-8ec0fa900aa6', 10.0, 'г');
INSERT INTO recipe_items (product_id, ingredient_id, quantity, unit)
VALUES ('3e9ef73d-3da6-3a82-456a-d27d4a1c4254', '72b2444e-84b8-761c-34d7-7812ff6f25c4', 50.0, 'мл');
INSERT INTO recipe_items (product_id, ingredient_id, quantity, unit)
VALUES ('bc75aa2b-4910-21bf-56ff-d9769b039d8e', 'f76b23cf-8d5f-b82e-3379-118be5dc3702', 150.0, 'г');
INSERT INTO recipe_items (product_id, ingredient_id, quantity, unit)
VALUES ('bc75aa2b-4910-21bf-56ff-d9769b039d8e', '0329e5af-b0a3-3c94-73c3-db7d04d161f0', 30.0, 'г');
INSERT INTO recipe_items (product_id, ingredient_id, quantity, unit)
VALUES ('77b14698-bdde-f921-4fa2-e5932aec413d', '002a6914-85ce-b040-5a44-c3edbc3e154b', 80.0, 'г');
INSERT INTO recipe_items (product_id, ingredient_id, quantity, unit)
VALUES ('77b14698-bdde-f921-4fa2-e5932aec413d', '100bac75-3965-8bb7-d187-727142547ef0', 150.0, 'мл');
INSERT INTO recipe_items (product_id, ingredient_id, quantity, unit)
VALUES ('77b14698-bdde-f921-4fa2-e5932aec413d', '4e69c83f-eeb4-b971-d326-43bb334c313a', 50.0, 'г');
INSERT INTO recipe_items (product_id, ingredient_id, quantity, unit)
VALUES ('77b14698-bdde-f921-4fa2-e5932aec413d', 'bdaf0934-95ba-d80d-02fc-4f0edf6d5197', 25.0, 'г');
INSERT INTO recipe_items (product_id, ingredient_id, quantity, unit)
VALUES ('77b14698-bdde-f921-4fa2-e5932aec413d', '464c06da-ccfa-2e41-882e-ea7eefa81ea0', 25.0, 'г');
INSERT INTO recipe_items (product_id, ingredient_id, quantity, unit)
VALUES ('77b14698-bdde-f921-4fa2-e5932aec413d', '3e0dceaa-2fc2-5a4d-ff36-8ec0fa900aa6', 15.0, 'г');
INSERT INTO recipe_items (product_id, ingredient_id, quantity, unit)
VALUES ('2836be19-8d27-0aa1-68ed-3bbc6cf94fb8', '002a6914-85ce-b040-5a44-c3edbc3e154b', 100.0, 'г');
INSERT INTO recipe_items (product_id, ingredient_id, quantity, unit)
VALUES ('2836be19-8d27-0aa1-68ed-3bbc6cf94fb8', '100bac75-3965-8bb7-d187-727142547ef0', 150.0, 'мл');
INSERT INTO recipe_items (product_id, ingredient_id, quantity, unit)
VALUES ('2836be19-8d27-0aa1-68ed-3bbc6cf94fb8', '3e0dceaa-2fc2-5a4d-ff36-8ec0fa900aa6', 15.0, 'г');
INSERT INTO recipe_items (product_id, ingredient_id, quantity, unit)
VALUES ('2836be19-8d27-0aa1-68ed-3bbc6cf94fb8', '4e69c83f-eeb4-b971-d326-43bb334c313a', 5.0, 'г');
INSERT INTO recipe_items (product_id, ingredient_id, quantity, unit)
VALUES ('8d266d35-f6a4-b267-e097-564510f7f857', 'e85186f4-4301-2755-99b7-63c3e58c9191', 150.0, 'г');
INSERT INTO recipe_items (product_id, ingredient_id, quantity, unit)
VALUES ('8d266d35-f6a4-b267-e097-564510f7f857', '100bac75-3965-8bb7-d187-727142547ef0', 150.0, 'мл');
INSERT INTO recipe_items (product_id, ingredient_id, quantity, unit)
VALUES ('8d266d35-f6a4-b267-e097-564510f7f857', '4e69c83f-eeb4-b971-d326-43bb334c313a', 5.0, 'г');
INSERT INTO recipe_items (product_id, ingredient_id, quantity, unit)
VALUES ('8d266d35-f6a4-b267-e097-564510f7f857', '3e0dceaa-2fc2-5a4d-ff36-8ec0fa900aa6', 15.0, 'г');
INSERT INTO recipe_items (product_id, ingredient_id, quantity, unit)
VALUES ('2334cdda-9fd8-40f0-0a18-b2cbad79aa33', '3b38acf6-e791-25ce-5c88-fd1101b6e83b', 80.0, 'г');
INSERT INTO recipe_items (product_id, ingredient_id, quantity, unit)
VALUES ('2334cdda-9fd8-40f0-0a18-b2cbad79aa33', 'a4e1b7d1-1c36-4db6-8db9-77c6b08e6b02', 80.0, 'г');
INSERT INTO recipe_items (product_id, ingredient_id, quantity, unit)
VALUES ('2334cdda-9fd8-40f0-0a18-b2cbad79aa33', 'cf5200cf-de22-3d54-a5e7-673863830003', 50.0, 'г');
INSERT INTO recipe_items (product_id, ingredient_id, quantity, unit)
VALUES ('2334cdda-9fd8-40f0-0a18-b2cbad79aa33', 'e25d25bc-90fd-f776-88e9-4cee19cadb3a', 120.0, 'г');
INSERT INTO recipe_items (product_id, ingredient_id, quantity, unit)
VALUES ('2334cdda-9fd8-40f0-0a18-b2cbad79aa33', 'fe9e0eae-a8d6-2b6b-5f3e-27fc5c4be3ee', 15.0, 'г');
INSERT INTO recipe_items (product_id, ingredient_id, quantity, unit)
VALUES ('2334cdda-9fd8-40f0-0a18-b2cbad79aa33', 'f22a4a49-6a69-f32b-8c52-5a0deac4da33', 20.0, 'мл');
INSERT INTO recipe_items (product_id, ingredient_id, quantity, unit)
VALUES ('2334cdda-9fd8-40f0-0a18-b2cbad79aa33', '8b13e1a6-a981-ad38-fa63-e38634c4f9fa', 5.0, 'г');
INSERT INTO recipe_items (product_id, ingredient_id, quantity, unit)
VALUES ('4cb15d99-ad0e-d256-a257-afdad4bf887e', '975cdd3f-3472-a3df-59c7-7ce25ed6ba60', 1.0, 'шт');
INSERT INTO recipe_items (product_id, ingredient_id, quantity, unit)
VALUES ('4cb15d99-ad0e-d256-a257-afdad4bf887e', 'dd36a227-b81a-b985-d2da-12305852b6d2', 30.0, 'г');
INSERT INTO recipe_items (product_id, ingredient_id, quantity, unit)
VALUES ('4cb15d99-ad0e-d256-a257-afdad4bf887e', 'a4fe4b1e-c5c1-c69c-a522-dc054678f872', 5.0, 'г');
INSERT INTO recipe_items (product_id, ingredient_id, quantity, unit)
VALUES ('4cb15d99-ad0e-d256-a257-afdad4bf887e', 'af79f2d0-87f8-6402-b8a7-d9ca8c6ac59e', 10.0, 'г');
INSERT INTO recipe_items (product_id, ingredient_id, quantity, unit)
VALUES ('da98da7c-a663-0228-294e-97c1fae50fd1', '023fd8b1-9274-1e6c-8555-3d6a0582b234', 20.0, 'г');
INSERT INTO recipe_items (product_id, ingredient_id, quantity, unit)
VALUES ('4695b67d-781a-20db-f80e-66824f8cfc13', '023fd8b1-9274-1e6c-8555-3d6a0582b234', 40.0, 'г');
INSERT INTO recipe_items (product_id, ingredient_id, quantity, unit)
VALUES ('2aea4c79-36dc-7b25-0bb9-c98c36e577c7', '023fd8b1-9274-1e6c-8555-3d6a0582b234', 20.0, 'г');
INSERT INTO recipe_items (product_id, ingredient_id, quantity, unit)
VALUES ('2aea4c79-36dc-7b25-0bb9-c98c36e577c7', '100bac75-3965-8bb7-d187-727142547ef0', 200.0, 'мл');
INSERT INTO recipe_items (product_id, ingredient_id, quantity, unit)
VALUES ('d46f67a1-e1dd-e079-0b5c-329f6422c4d4', '023fd8b1-9274-1e6c-8555-3d6a0582b234', 20.0, 'г');
INSERT INTO recipe_items (product_id, ingredient_id, quantity, unit)
VALUES ('d46f67a1-e1dd-e079-0b5c-329f6422c4d4', '100bac75-3965-8bb7-d187-727142547ef0', 200.0, 'мл');
INSERT INTO recipe_items (product_id, ingredient_id, quantity, unit)
VALUES ('f35a1ebf-94b4-c196-4fdb-5698a8e21330', '3da8bf1c-943a-1605-e277-cd31ed8f64d0', 25.0, 'мл');
INSERT INTO recipe_items (product_id, ingredient_id, quantity, unit)
VALUES ('f35a1ebf-94b4-c196-4fdb-5698a8e21330', 'f22a4a49-6a69-f32b-8c52-5a0deac4da33', 25.0, 'мл');
INSERT INTO recipe_items (product_id, ingredient_id, quantity, unit)
VALUES ('f35a1ebf-94b4-c196-4fdb-5698a8e21330', 'be74a8ba-d499-251f-c0e5-245eca8cae5b', 10.0, 'г');
INSERT INTO recipe_items (product_id, ingredient_id, quantity, unit)
VALUES ('f35a1ebf-94b4-c196-4fdb-5698a8e21330', 'eb2f80c6-1f1b-921d-3488-598073d24c11', 700.0, 'г');
INSERT INTO recipe_items (product_id, ingredient_id, quantity, unit)
VALUES ('dcd34bec-b943-9872-b2cb-cb0a447c06ad', 'aed4c4de-289a-46c5-d99b-f1b75732c928', 120.0, 'г');
INSERT INTO recipe_items (product_id, ingredient_id, quantity, unit)
VALUES ('dcd34bec-b943-9872-b2cb-cb0a447c06ad', 'e0d97529-c333-a74c-8aaa-a02a9e9cbfee', 40.0, 'г');
INSERT INTO recipe_items (product_id, ingredient_id, quantity, unit)
VALUES ('dcd34bec-b943-9872-b2cb-cb0a447c06ad', '47d19ddb-eacc-ff36-1899-a57074bf3e43', 40.0, 'г');
INSERT INTO recipe_items (product_id, ingredient_id, quantity, unit)
VALUES ('dcd34bec-b943-9872-b2cb-cb0a447c06ad', 'face28ba-6048-630a-83b9-523e317bd72d', 30.0, 'г');
INSERT INTO recipe_items (product_id, ingredient_id, quantity, unit)
VALUES ('dcd34bec-b943-9872-b2cb-cb0a447c06ad', '77c1acc3-9080-3285-bfa4-4e9a38dfe4fa', 150.0, 'г');
INSERT INTO recipe_items (product_id, ingredient_id, quantity, unit)
VALUES ('dcd34bec-b943-9872-b2cb-cb0a447c06ad', 'abf2eac0-45f0-7b07-75db-68e4f3e40c01', 15.0, 'г');
INSERT INTO recipe_items (product_id, ingredient_id, quantity, unit)
VALUES ('dcd34bec-b943-9872-b2cb-cb0a447c06ad', 'eba6b011-5ddc-f12d-eebd-34aed3ac8691', 20.0, 'г');
INSERT INTO recipe_items (product_id, ingredient_id, quantity, unit)
VALUES ('dcd34bec-b943-9872-b2cb-cb0a447c06ad', 'dc630035-80d1-f0a5-1354-72407de63ba2', 15.0, 'мл');
INSERT INTO recipe_items (product_id, ingredient_id, quantity, unit)
VALUES ('dcd34bec-b943-9872-b2cb-cb0a447c06ad', 'df0bcd02-da40-f0fe-fede-7cd69b7acf34', 15.0, 'мл');
INSERT INTO recipe_items (product_id, ingredient_id, quantity, unit)
VALUES ('dcd34bec-b943-9872-b2cb-cb0a447c06ad', '3449ef09-a092-16a1-8f38-9bb18f96c35b', 15.0, 'г');
INSERT INTO recipe_items (product_id, ingredient_id, quantity, unit)
VALUES ('627b586a-57c8-d217-1549-c47bb32192ac', 'aed4c4de-289a-46c5-d99b-f1b75732c928', 70.0, 'г');
INSERT INTO recipe_items (product_id, ingredient_id, quantity, unit)
VALUES ('627b586a-57c8-d217-1549-c47bb32192ac', '641bd907-a005-bd53-5a27-d0c0686621df', 30.0, 'г');
INSERT INTO recipe_items (product_id, ingredient_id, quantity, unit)
VALUES ('627b586a-57c8-d217-1549-c47bb32192ac', '25953aee-0051-c7f3-d9d6-d3a0b2fef123', 1.0, 'шт');
INSERT INTO recipe_items (product_id, ingredient_id, quantity, unit)
VALUES ('627b586a-57c8-d217-1549-c47bb32192ac', 'da5a8c2a-24c7-aaef-47bf-f1af688dd057', 10.0, 'г');
INSERT INTO recipe_items (product_id, ingredient_id, quantity, unit)
VALUES ('627b586a-57c8-d217-1549-c47bb32192ac', '6f769653-f126-457d-04de-7b28b0101df9', 10.0, 'г');
INSERT INTO recipe_items (product_id, ingredient_id, quantity, unit)
VALUES ('627b586a-57c8-d217-1549-c47bb32192ac', 'ce07ca59-e737-9a0c-2e3d-15ec5a3bf59d', 15.0, 'г');
INSERT INTO recipe_items (product_id, ingredient_id, quantity, unit)
VALUES ('627b586a-57c8-d217-1549-c47bb32192ac', 'd5ac2e36-a7ee-4468-d0db-f83b411daf07', 7.0, 'г');
INSERT INTO recipe_items (product_id, ingredient_id, quantity, unit)
VALUES ('627b586a-57c8-d217-1549-c47bb32192ac', 'cf5200cf-de22-3d54-a5e7-673863830003', 15.0, 'г');
INSERT INTO recipe_items (product_id, ingredient_id, quantity, unit)
VALUES ('627b586a-57c8-d217-1549-c47bb32192ac', 'b6392db4-6734-ce90-007a-93ce5aeaf059', 15.0, 'г');
INSERT INTO recipe_items (product_id, ingredient_id, quantity, unit)
VALUES ('627b586a-57c8-d217-1549-c47bb32192ac', 'ba6283f7-bfc1-2757-6280-114aff417a57', 50.0, 'г');
INSERT INTO recipe_items (product_id, ingredient_id, quantity, unit)
VALUES ('1c073c70-af4c-f98a-a02e-b288931cb698', 'aed4c4de-289a-46c5-d99b-f1b75732c928', 160.0, 'г');
INSERT INTO recipe_items (product_id, ingredient_id, quantity, unit)
VALUES ('1c073c70-af4c-f98a-a02e-b288931cb698', '967a0a99-3d10-0728-f7ae-2ca2ef9a6ee3', 3.0, 'г');
INSERT INTO recipe_items (product_id, ingredient_id, quantity, unit)
VALUES ('1c073c70-af4c-f98a-a02e-b288931cb698', '46c50ff6-9900-31a7-d307-ad5e041c4f71', 3.0, 'г');
INSERT INTO recipe_items (product_id, ingredient_id, quantity, unit)
VALUES ('1c073c70-af4c-f98a-a02e-b288931cb698', '72b2444e-84b8-761c-34d7-7812ff6f25c4', 70.0, 'мл');
INSERT INTO recipe_items (product_id, ingredient_id, quantity, unit)
VALUES ('1c073c70-af4c-f98a-a02e-b288931cb698', 'ce07ca59-e737-9a0c-2e3d-15ec5a3bf59d', 50.0, 'г');
INSERT INTO recipe_items (product_id, ingredient_id, quantity, unit)
VALUES ('4c82db15-198b-f448-39ec-1edcd557f6e8', '3449ef09-a092-16a1-8f38-9bb18f96c35b', 100.0, 'г');
INSERT INTO recipe_items (product_id, ingredient_id, quantity, unit)
VALUES ('7b770597-db74-3f3c-9e58-c1fcc33ce156', '3449ef09-a092-16a1-8f38-9bb18f96c35b', 100.0, 'г');
INSERT INTO recipe_items (product_id, ingredient_id, quantity, unit)
VALUES ('5b7828a6-fad3-dc3f-06c7-979905efbff1', '4e69c83f-eeb4-b971-d326-43bb334c313a', 25.0, 'г');
INSERT INTO recipe_items (product_id, ingredient_id, quantity, unit)
VALUES ('5b7828a6-fad3-dc3f-06c7-979905efbff1', '991ece9c-b5ed-2413-e646-e4c6857e9f3a', 2.0, 'г');
INSERT INTO recipe_items (product_id, ingredient_id, quantity, unit)
VALUES ('5b7828a6-fad3-dc3f-06c7-979905efbff1', 'd67d1a3b-bbee-646f-7170-8308eb3f994d', 250.0, 'мл');
INSERT INTO recipe_items (product_id, ingredient_id, quantity, unit)
VALUES ('5b7828a6-fad3-dc3f-06c7-979905efbff1', '3449ef09-a092-16a1-8f38-9bb18f96c35b', 50.0, 'г');
INSERT INTO recipe_items (product_id, ingredient_id, quantity, unit)
VALUES ('1649694a-a1df-1a36-ccd0-08ba48ab2fd1', '4e69c83f-eeb4-b971-d326-43bb334c313a', 70.0, 'г');
INSERT INTO recipe_items (product_id, ingredient_id, quantity, unit)
VALUES ('1649694a-a1df-1a36-ccd0-08ba48ab2fd1', '991ece9c-b5ed-2413-e646-e4c6857e9f3a', 5.0, 'г');
INSERT INTO recipe_items (product_id, ingredient_id, quantity, unit)
VALUES ('1649694a-a1df-1a36-ccd0-08ba48ab2fd1', 'd67d1a3b-bbee-646f-7170-8308eb3f994d', 400.0, 'мл');
INSERT INTO recipe_items (product_id, ingredient_id, quantity, unit)
VALUES ('1649694a-a1df-1a36-ccd0-08ba48ab2fd1', '3449ef09-a092-16a1-8f38-9bb18f96c35b', 100.0, 'г');
INSERT INTO recipe_items (product_id, ingredient_id, quantity, unit)
VALUES ('f56fcbab-7287-0b1b-0fc6-5b72f220c734', '0fbefa95-1c0a-28fd-12a4-169c2a6bfadc', 30.0, 'мл');
INSERT INTO recipe_items (product_id, ingredient_id, quantity, unit)
VALUES ('f56fcbab-7287-0b1b-0fc6-5b72f220c734', '1849b782-be93-a8d1-a816-80c83882b8ae', 30.0, 'мл');
INSERT INTO recipe_items (product_id, ingredient_id, quantity, unit)
VALUES ('f56fcbab-7287-0b1b-0fc6-5b72f220c734', '23923912-6a66-3f2a-b718-a70a5ce04c57', 30.0, 'мл');
INSERT INTO recipe_items (product_id, ingredient_id, quantity, unit)
VALUES ('f56fcbab-7287-0b1b-0fc6-5b72f220c734', '3449ef09-a092-16a1-8f38-9bb18f96c35b', 10.0, 'г');
INSERT INTO recipe_items (product_id, ingredient_id, quantity, unit)
VALUES ('f56fcbab-7287-0b1b-0fc6-5b72f220c734', '7a226fc8-ed1a-a229-d666-c5780bff53a6', 1.0, 'шт');
INSERT INTO recipe_items (product_id, ingredient_id, quantity, unit)
VALUES ('e8d6bf84-b922-74ed-a60e-b4c2042a92f7', '1477c556-6e0f-b820-22cc-e883b5e47f2a', 100.0, 'г');
INSERT INTO recipe_items (product_id, ingredient_id, quantity, unit)
VALUES ('e8d6bf84-b922-74ed-a60e-b4c2042a92f7', '2d489411-e4c3-8c5e-c0ef-f8b4e27360aa', 40.0, 'г');
INSERT INTO recipe_items (product_id, ingredient_id, quantity, unit)
VALUES ('41ecb895-35f4-1ee7-ff19-13453a517c60', '100bac75-3965-8bb7-d187-727142547ef0', 300.0, 'мл');
INSERT INTO recipe_items (product_id, ingredient_id, quantity, unit)
VALUES ('41ecb895-35f4-1ee7-ff19-13453a517c60', '4e69c83f-eeb4-b971-d326-43bb334c313a', 25.0, 'г');
INSERT INTO recipe_items (product_id, ingredient_id, quantity, unit)
VALUES ('12ed9f10-ff0b-e993-650d-bf1c5c9673d0', '2d489411-e4c3-8c5e-c0ef-f8b4e27360aa', 40.0, 'г');
INSERT INTO recipe_items (product_id, ingredient_id, quantity, unit)
VALUES ('12ed9f10-ff0b-e993-650d-bf1c5c9673d0', '4e69c83f-eeb4-b971-d326-43bb334c313a', 25.0, 'г');
INSERT INTO recipe_items (product_id, ingredient_id, quantity, unit)
VALUES ('12ed9f10-ff0b-e993-650d-bf1c5c9673d0', '100bac75-3965-8bb7-d187-727142547ef0', 250.0, 'мл');
INSERT INTO recipe_items (product_id, ingredient_id, quantity, unit)
VALUES ('134318a5-b3ba-8433-c9f4-446b46b10995', '1477c556-6e0f-b820-22cc-e883b5e47f2a', 120.0, 'г');
INSERT INTO recipe_items (product_id, ingredient_id, quantity, unit)
VALUES ('134318a5-b3ba-8433-c9f4-446b46b10995', '100bac75-3965-8bb7-d187-727142547ef0', 200.0, 'мл');
INSERT INTO recipe_items (product_id, ingredient_id, quantity, unit)
VALUES ('134318a5-b3ba-8433-c9f4-446b46b10995', 'b19a5f3b-a43f-9c94-73a7-f89e908b7c02', 15.0, 'г');
INSERT INTO recipe_items (product_id, ingredient_id, quantity, unit)
VALUES ('134318a5-b3ba-8433-c9f4-446b46b10995', 'f172f05c-d9ce-ef1d-ab9b-850bc1cea2f7', 20.0, 'мл');
INSERT INTO recipe_items (product_id, ingredient_id, quantity, unit)
VALUES ('d6248727-8d48-1513-14ba-2abe0e9b6abf', 'b702f419-eeba-8bee-24fd-806d0aa6bda2', 120.0, 'г');
INSERT INTO recipe_items (product_id, ingredient_id, quantity, unit)
VALUES ('d6248727-8d48-1513-14ba-2abe0e9b6abf', '100bac75-3965-8bb7-d187-727142547ef0', 200.0, 'мл');
INSERT INTO recipe_items (product_id, ingredient_id, quantity, unit)
VALUES ('d6248727-8d48-1513-14ba-2abe0e9b6abf', 'b19a5f3b-a43f-9c94-73a7-f89e908b7c02', 20.0, 'г');
INSERT INTO recipe_items (product_id, ingredient_id, quantity, unit)
VALUES ('d6248727-8d48-1513-14ba-2abe0e9b6abf', 'e0735ef2-0495-cea3-f7e8-1e60536e9f48', 20.0, 'г');
INSERT INTO recipe_items (product_id, ingredient_id, quantity, unit)
VALUES ('3b80474c-9414-a513-7578-5a4d84e49583', '100bac75-3965-8bb7-d187-727142547ef0', 200.0, 'мл');
INSERT INTO recipe_items (product_id, ingredient_id, quantity, unit)
VALUES ('3b80474c-9414-a513-7578-5a4d84e49583', '92c80c20-8743-ca38-5eef-0ee66697529e', 120.0, 'г');
INSERT INTO recipe_items (product_id, ingredient_id, quantity, unit)
VALUES ('3b80474c-9414-a513-7578-5a4d84e49583', 'b19a5f3b-a43f-9c94-73a7-f89e908b7c02', 20.0, 'г');
INSERT INTO recipe_items (product_id, ingredient_id, quantity, unit)
VALUES ('3b80474c-9414-a513-7578-5a4d84e49583', 'a3b87c46-796f-db1d-73c7-57a6318efae4', 20.0, 'г');
INSERT INTO recipe_items (product_id, ingredient_id, quantity, unit)
VALUES ('3a53c66f-13f8-5e8b-bb99-5669576c3869', '0fbefa95-1c0a-28fd-12a4-169c2a6bfadc', 50.0, 'мл');
INSERT INTO recipe_items (product_id, ingredient_id, quantity, unit)
VALUES ('3a53c66f-13f8-5e8b-bb99-5669576c3869', '4e69c83f-eeb4-b971-d326-43bb334c313a', 60.0, 'г');
INSERT INTO recipe_items (product_id, ingredient_id, quantity, unit)
VALUES ('3a53c66f-13f8-5e8b-bb99-5669576c3869', 'e1da2b31-3a4f-83c3-3f89-d00a280f3e23', 50.0, 'г');
INSERT INTO recipe_items (product_id, ingredient_id, quantity, unit)
VALUES ('3a53c66f-13f8-5e8b-bb99-5669576c3869', '991ece9c-b5ed-2413-e646-e4c6857e9f3a', 4.0, 'г');
INSERT INTO recipe_items (product_id, ingredient_id, quantity, unit)
VALUES ('3a53c66f-13f8-5e8b-bb99-5669576c3869', 'd67d1a3b-bbee-646f-7170-8308eb3f994d', 100.0, 'мл');
INSERT INTO recipe_items (product_id, ingredient_id, quantity, unit)
VALUES ('b9bdca4d-a423-6c36-2351-10cf52ff0eec', 'aed4c4de-289a-46c5-d99b-f1b75732c928', 100.0, 'г');
INSERT INTO recipe_items (product_id, ingredient_id, quantity, unit)
VALUES ('b9bdca4d-a423-6c36-2351-10cf52ff0eec', 'a7719d76-dc98-c252-7f83-fec1bfe32352', 55.0, 'г');
INSERT INTO recipe_items (product_id, ingredient_id, quantity, unit)
VALUES ('b9bdca4d-a423-6c36-2351-10cf52ff0eec', '3b38acf6-e791-25ce-5c88-fd1101b6e83b', 30.0, 'г');
INSERT INTO recipe_items (product_id, ingredient_id, quantity, unit)
VALUES ('b9bdca4d-a423-6c36-2351-10cf52ff0eec', 'a4e1b7d1-1c36-4db6-8db9-77c6b08e6b02', 30.0, 'г');
INSERT INTO recipe_items (product_id, ingredient_id, quantity, unit)
VALUES ('b9bdca4d-a423-6c36-2351-10cf52ff0eec', '25953aee-0051-c7f3-d9d6-d3a0b2fef123', 2.0, 'шт');
INSERT INTO recipe_items (product_id, ingredient_id, quantity, unit)
VALUES ('b9bdca4d-a423-6c36-2351-10cf52ff0eec', '0329e5af-b0a3-3c94-73c3-db7d04d161f0', 30.0, 'г');
INSERT INTO recipe_items (product_id, ingredient_id, quantity, unit)
VALUES ('b9bdca4d-a423-6c36-2351-10cf52ff0eec', 'e0d97529-c333-a74c-8aaa-a02a9e9cbfee', 10.0, 'г');
INSERT INTO recipe_items (product_id, ingredient_id, quantity, unit)
VALUES ('b9bdca4d-a423-6c36-2351-10cf52ff0eec', '47d19ddb-eacc-ff36-1899-a57074bf3e43', 10.0, 'г');
INSERT INTO recipe_items (product_id, ingredient_id, quantity, unit)
VALUES ('b9bdca4d-a423-6c36-2351-10cf52ff0eec', 'e56bb2b2-7c6b-cd5c-4add-c633c3045aa8', 50.0, 'г');
INSERT INTO recipe_items (product_id, ingredient_id, quantity, unit)
VALUES ('b9bdca4d-a423-6c36-2351-10cf52ff0eec', 'f76b23cf-8d5f-b82e-3379-118be5dc3702', 80.0, 'г');
INSERT INTO recipe_items (product_id, ingredient_id, quantity, unit)
VALUES ('8b7920ef-e954-d760-2a69-99cafc830c2e', '137f0a84-c6d2-2f9f-53b5-eb691602617b', 180.0, 'г');
INSERT INTO recipe_items (product_id, ingredient_id, quantity, unit)
VALUES ('b627abd9-fb00-28f4-a09b-09fcb24019c0', '1849b782-be93-a8d1-a816-80c83882b8ae', 50.0, 'мл');
INSERT INTO recipe_items (product_id, ingredient_id, quantity, unit)
VALUES ('73f062e8-2ade-a467-1943-fa856c717a43', 'ce07ca59-e737-9a0c-2e3d-15ec5a3bf59d', 50.0, 'г');
INSERT INTO recipe_items (product_id, ingredient_id, quantity, unit)
VALUES ('73f062e8-2ade-a467-1943-fa856c717a43', '6f769653-f126-457d-04de-7b28b0101df9', 100.0, 'г');
INSERT INTO recipe_items (product_id, ingredient_id, quantity, unit)
VALUES ('73f062e8-2ade-a467-1943-fa856c717a43', 'da5a8c2a-24c7-aaef-47bf-f1af688dd057', 100.0, 'г');
INSERT INTO recipe_items (product_id, ingredient_id, quantity, unit)
VALUES ('73f062e8-2ade-a467-1943-fa856c717a43', 'af79f2d0-87f8-6402-b8a7-d9ca8c6ac59e', 10.0, 'г');
INSERT INTO recipe_items (product_id, ingredient_id, quantity, unit)
VALUES ('73f062e8-2ade-a467-1943-fa856c717a43', 'cf5200cf-de22-3d54-a5e7-673863830003', 50.0, 'г');
INSERT INTO recipe_items (product_id, ingredient_id, quantity, unit)
VALUES ('4f62358e-97a1-94f3-88a7-2af7ee5afc60', 'da5a8c2a-24c7-aaef-47bf-f1af688dd057', 100.0, 'г');
INSERT INTO recipe_items (product_id, ingredient_id, quantity, unit)
VALUES ('4f62358e-97a1-94f3-88a7-2af7ee5afc60', '6f769653-f126-457d-04de-7b28b0101df9', 100.0, 'г');
INSERT INTO recipe_items (product_id, ingredient_id, quantity, unit)
VALUES ('4f62358e-97a1-94f3-88a7-2af7ee5afc60', 'cf5200cf-de22-3d54-a5e7-673863830003', 50.0, 'г');
INSERT INTO recipe_items (product_id, ingredient_id, quantity, unit)
VALUES ('43d01c83-b96b-074d-7925-1c9bdadd2291', '3b38acf6-e791-25ce-5c88-fd1101b6e83b', 80.0, 'г');
INSERT INTO recipe_items (product_id, ingredient_id, quantity, unit)
VALUES ('43d01c83-b96b-074d-7925-1c9bdadd2291', 'a4e1b7d1-1c36-4db6-8db9-77c6b08e6b02', 100.0, 'г');
INSERT INTO recipe_items (product_id, ingredient_id, quantity, unit)
VALUES ('43d01c83-b96b-074d-7925-1c9bdadd2291', 'cf5200cf-de22-3d54-a5e7-673863830003', 80.0, 'г');
INSERT INTO recipe_items (product_id, ingredient_id, quantity, unit)
VALUES ('43d01c83-b96b-074d-7925-1c9bdadd2291', 'd0d57d63-c6e2-9744-5e89-33d0cf04df91', 1.0, 'шт');
INSERT INTO recipe_items (product_id, ingredient_id, quantity, unit)
VALUES ('43d01c83-b96b-074d-7925-1c9bdadd2291', 'd00c475a-7f07-a7c0-2b03-f3a5834102e6', 1.0, 'шт');
INSERT INTO recipe_items (product_id, ingredient_id, quantity, unit)
VALUES ('43d01c83-b96b-074d-7925-1c9bdadd2291', '6e15ed31-0607-3700-f423-a0173a24357a', 1.0, 'шт');
INSERT INTO recipe_items (product_id, ingredient_id, quantity, unit)
VALUES ('43d01c83-b96b-074d-7925-1c9bdadd2291', 'e0d97529-c333-a74c-8aaa-a02a9e9cbfee', 20.0, 'г');
INSERT INTO recipe_items (product_id, ingredient_id, quantity, unit)
VALUES ('94d2bddc-c99f-2985-f8eb-9d8a4a995ad3', '25953aee-0051-c7f3-d9d6-d3a0b2fef123', 3.0, 'шт');
INSERT INTO recipe_items (product_id, ingredient_id, quantity, unit)
VALUES ('94d2bddc-c99f-2985-f8eb-9d8a4a995ad3', '100bac75-3965-8bb7-d187-727142547ef0', 40.0, 'мл');
INSERT INTO recipe_items (product_id, ingredient_id, quantity, unit)
VALUES ('94d2bddc-c99f-2985-f8eb-9d8a4a995ad3', '6f769653-f126-457d-04de-7b28b0101df9', 30.0, 'г');
INSERT INTO recipe_items (product_id, ingredient_id, quantity, unit)
VALUES ('94d2bddc-c99f-2985-f8eb-9d8a4a995ad3', 'da5a8c2a-24c7-aaef-47bf-f1af688dd057', 30.0, 'г');
INSERT INTO recipe_items (product_id, ingredient_id, quantity, unit)
VALUES ('94d2bddc-c99f-2985-f8eb-9d8a4a995ad3', 'cf5200cf-de22-3d54-a5e7-673863830003', 30.0, 'г');
INSERT INTO recipe_items (product_id, ingredient_id, quantity, unit)
VALUES ('f84367c9-6f4c-dad3-017a-1b34c7bccb0f', 'face28ba-6048-630a-83b9-523e317bd72d', 30.0, 'г');
INSERT INTO recipe_items (product_id, ingredient_id, quantity, unit)
VALUES ('f84367c9-6f4c-dad3-017a-1b34c7bccb0f', '25953aee-0051-c7f3-d9d6-d3a0b2fef123', 3.0, 'шт');
INSERT INTO recipe_items (product_id, ingredient_id, quantity, unit)
VALUES ('f84367c9-6f4c-dad3-017a-1b34c7bccb0f', '100bac75-3965-8bb7-d187-727142547ef0', 35.0, 'мл');
INSERT INTO recipe_items (product_id, ingredient_id, quantity, unit)
VALUES ('f84367c9-6f4c-dad3-017a-1b34c7bccb0f', 'a4e1b7d1-1c36-4db6-8db9-77c6b08e6b02', 35.0, 'г');
INSERT INTO recipe_items (product_id, ingredient_id, quantity, unit)
VALUES ('f84367c9-6f4c-dad3-017a-1b34c7bccb0f', '3b38acf6-e791-25ce-5c88-fd1101b6e83b', 35.0, 'г');
INSERT INTO recipe_items (product_id, ingredient_id, quantity, unit)
VALUES ('f84367c9-6f4c-dad3-017a-1b34c7bccb0f', '47d19ddb-eacc-ff36-1899-a57074bf3e43', 10.0, 'г');
INSERT INTO recipe_items (product_id, ingredient_id, quantity, unit)
VALUES ('f84367c9-6f4c-dad3-017a-1b34c7bccb0f', 'e0d97529-c333-a74c-8aaa-a02a9e9cbfee', 10.0, 'г');
INSERT INTO recipe_items (product_id, ingredient_id, quantity, unit)
VALUES ('f84367c9-6f4c-dad3-017a-1b34c7bccb0f', 'e56bb2b2-7c6b-cd5c-4add-c633c3045aa8', 50.0, 'г');
INSERT INTO recipe_items (product_id, ingredient_id, quantity, unit)
VALUES ('09d9bcce-e54b-d518-c5bf-1c5d4b683d38', 'e85186f4-4301-2755-99b7-63c3e58c9191', 150.0, 'г');
INSERT INTO recipe_items (product_id, ingredient_id, quantity, unit)
VALUES ('7f688518-4003-c783-7333-b947a8856b49', '83e46956-ed3d-95fe-1a19-6da4278cd8b5', 70.0, 'г');
INSERT INTO recipe_items (product_id, ingredient_id, quantity, unit)
VALUES ('7f688518-4003-c783-7333-b947a8856b49', 'ce07ca59-e737-9a0c-2e3d-15ec5a3bf59d', 15.0, 'г');
INSERT INTO recipe_items (product_id, ingredient_id, quantity, unit)
VALUES ('7f688518-4003-c783-7333-b947a8856b49', 'fe9e0eae-a8d6-2b6b-5f3e-27fc5c4be3ee', 5.0, 'г');
INSERT INTO recipe_items (product_id, ingredient_id, quantity, unit)
VALUES ('7f688518-4003-c783-7333-b947a8856b49', '4d085aa5-889b-66a9-8190-e130ef26af02', 50.0, 'г');
INSERT INTO recipe_items (product_id, ingredient_id, quantity, unit)
VALUES ('7f688518-4003-c783-7333-b947a8856b49', '0a109983-eaf2-9781-faec-5bf25922386d', 10.0, 'г');
INSERT INTO recipe_items (product_id, ingredient_id, quantity, unit)
VALUES ('7f688518-4003-c783-7333-b947a8856b49', 'be74a8ba-d499-251f-c0e5-245eca8cae5b', 5.0, 'г');
INSERT INTO recipe_items (product_id, ingredient_id, quantity, unit)
VALUES ('7f688518-4003-c783-7333-b947a8856b49', '1ababc5c-f041-b5b3-015f-9b518012f827', 5.0, 'г');
INSERT INTO recipe_items (product_id, ingredient_id, quantity, unit)
VALUES ('0d07baf4-74fe-e6af-ddf9-5304e58f2192', '4c94caaa-3be1-5e25-aa68-a61fe6323450', 100.0, 'г');
INSERT INTO recipe_items (product_id, ingredient_id, quantity, unit)
VALUES ('0d07baf4-74fe-e6af-ddf9-5304e58f2192', 'e25d25bc-90fd-f776-88e9-4cee19cadb3a', 120.0, 'г');
INSERT INTO recipe_items (product_id, ingredient_id, quantity, unit)
VALUES ('0d07baf4-74fe-e6af-ddf9-5304e58f2192', 'fe9e0eae-a8d6-2b6b-5f3e-27fc5c4be3ee', 10.0, 'г');
INSERT INTO recipe_items (product_id, ingredient_id, quantity, unit)
VALUES ('0d07baf4-74fe-e6af-ddf9-5304e58f2192', '4d085aa5-889b-66a9-8190-e130ef26af02', 15.0, 'г');
INSERT INTO recipe_items (product_id, ingredient_id, quantity, unit)
VALUES ('0d07baf4-74fe-e6af-ddf9-5304e58f2192', 'ce07ca59-e737-9a0c-2e3d-15ec5a3bf59d', 10.0, 'г');
INSERT INTO recipe_items (product_id, ingredient_id, quantity, unit)
VALUES ('0d07baf4-74fe-e6af-ddf9-5304e58f2192', '0a109983-eaf2-9781-faec-5bf25922386d', 25.0, 'г');
INSERT INTO recipe_items (product_id, ingredient_id, quantity, unit)
VALUES ('e81dc667-2a7e-c5f0-b886-e7a3451b0fd2', 'a8766aca-aa19-0d28-891e-09af7df10e20', 90.0, 'г');
INSERT INTO recipe_items (product_id, ingredient_id, quantity, unit)
VALUES ('e81dc667-2a7e-c5f0-b886-e7a3451b0fd2', 'ce07ca59-e737-9a0c-2e3d-15ec5a3bf59d', 15.0, 'г');
INSERT INTO recipe_items (product_id, ingredient_id, quantity, unit)
VALUES ('e81dc667-2a7e-c5f0-b886-e7a3451b0fd2', 'fe9e0eae-a8d6-2b6b-5f3e-27fc5c4be3ee', 10.0, 'г');
INSERT INTO recipe_items (product_id, ingredient_id, quantity, unit)
VALUES ('e81dc667-2a7e-c5f0-b886-e7a3451b0fd2', '4d085aa5-889b-66a9-8190-e130ef26af02', 75.0, 'г');
INSERT INTO recipe_items (product_id, ingredient_id, quantity, unit)
VALUES ('e81dc667-2a7e-c5f0-b886-e7a3451b0fd2', '0a109983-eaf2-9781-faec-5bf25922386d', 25.0, 'г');
INSERT INTO recipe_items (product_id, ingredient_id, quantity, unit)
VALUES ('c6df6494-4f53-4174-6660-06fb0dc02db5', 'bbcb2837-f4e0-8783-8ce1-9892a93205bd', 1000.0, 'мл');
INSERT INTO recipe_items (product_id, ingredient_id, quantity, unit)
VALUES ('782d5239-6b80-6ed6-2826-6dd3cc859f42', 'e85186f4-4301-2755-99b7-63c3e58c9191', 3000.0, 'г');
INSERT INTO recipe_items (product_id, ingredient_id, quantity, unit)
VALUES ('782d5239-6b80-6ed6-2826-6dd3cc859f42', 'e25d25bc-90fd-f776-88e9-4cee19cadb3a', 1500.0, 'г');
INSERT INTO recipe_items (product_id, ingredient_id, quantity, unit)
VALUES ('782d5239-6b80-6ed6-2826-6dd3cc859f42', 'b6392db4-6734-ce90-007a-93ce5aeaf059', 3500.0, 'г');
INSERT INTO recipe_items (product_id, ingredient_id, quantity, unit)
VALUES ('782d5239-6b80-6ed6-2826-6dd3cc859f42', 'ce07ca59-e737-9a0c-2e3d-15ec5a3bf59d', 700.0, 'г');
INSERT INTO recipe_items (product_id, ingredient_id, quantity, unit)
VALUES ('571098f5-c27c-72d4-3170-c18f2c3eb4b8', 'e85186f4-4301-2755-99b7-63c3e58c9191', 2000.0, 'г');
INSERT INTO recipe_items (product_id, ingredient_id, quantity, unit)
VALUES ('571098f5-c27c-72d4-3170-c18f2c3eb4b8', 'e25d25bc-90fd-f776-88e9-4cee19cadb3a', 1000.0, 'г');
INSERT INTO recipe_items (product_id, ingredient_id, quantity, unit)
VALUES ('571098f5-c27c-72d4-3170-c18f2c3eb4b8', 'b6392db4-6734-ce90-007a-93ce5aeaf059', 2500.0, 'г');
INSERT INTO recipe_items (product_id, ingredient_id, quantity, unit)
VALUES ('571098f5-c27c-72d4-3170-c18f2c3eb4b8', 'ce07ca59-e737-9a0c-2e3d-15ec5a3bf59d', 250.0, 'г');
INSERT INTO recipe_items (product_id, ingredient_id, quantity, unit)
VALUES ('42b6e7d8-7668-f5ba-8b37-8e29dbe0f18e', '023fd8b1-9274-1e6c-8555-3d6a0582b234', 20.0, 'г');
INSERT INTO recipe_items (product_id, ingredient_id, quantity, unit)
VALUES ('42b6e7d8-7668-f5ba-8b37-8e29dbe0f18e', '100bac75-3965-8bb7-d187-727142547ef0', 200.0, 'мл');
INSERT INTO recipe_items (product_id, ingredient_id, quantity, unit)
VALUES ('7ddbed72-7deb-5ee4-0634-41d52192bad1', 'af10a8c9-faf5-0733-cf75-55139416b435', 1.0, 'шт');
INSERT INTO recipe_items (product_id, ingredient_id, quantity, unit)
VALUES ('7ddbed72-7deb-5ee4-0634-41d52192bad1', 'f76b23cf-8d5f-b82e-3379-118be5dc3702', 100.0, 'г');
INSERT INTO recipe_items (product_id, ingredient_id, quantity, unit)
VALUES ('7ddbed72-7deb-5ee4-0634-41d52192bad1', 'dd36a227-b81a-b985-d2da-12305852b6d2', 10.0, 'г');
INSERT INTO recipe_items (product_id, ingredient_id, quantity, unit)
VALUES ('7ddbed72-7deb-5ee4-0634-41d52192bad1', 'af79f2d0-87f8-6402-b8a7-d9ca8c6ac59e', 10.0, 'г');
INSERT INTO recipe_items (product_id, ingredient_id, quantity, unit)
VALUES ('7413eaae-2ad5-ff35-6852-fcb85d2b33de', '0fbefa95-1c0a-28fd-12a4-169c2a6bfadc', 50.0, 'мл');
INSERT INTO recipe_items (product_id, ingredient_id, quantity, unit)
VALUES ('951f4bf6-be55-0e75-59a9-7e580a0d07c4', 'cf5200cf-de22-3d54-a5e7-673863830003', 70.0, 'г');
INSERT INTO recipe_items (product_id, ingredient_id, quantity, unit)
VALUES ('951f4bf6-be55-0e75-59a9-7e580a0d07c4', '3449ef09-a092-16a1-8f38-9bb18f96c35b', 20.0, 'г');
INSERT INTO recipe_items (product_id, ingredient_id, quantity, unit)
VALUES ('951f4bf6-be55-0e75-59a9-7e580a0d07c4', 'a4e1b7d1-1c36-4db6-8db9-77c6b08e6b02', 60.0, 'г');
INSERT INTO recipe_items (product_id, ingredient_id, quantity, unit)
VALUES ('951f4bf6-be55-0e75-59a9-7e580a0d07c4', '3b38acf6-e791-25ce-5c88-fd1101b6e83b', 60.0, 'г');
INSERT INTO recipe_items (product_id, ingredient_id, quantity, unit)
VALUES ('951f4bf6-be55-0e75-59a9-7e580a0d07c4', '1ababc5c-f041-b5b3-015f-9b518012f827', 30.0, 'г');
INSERT INTO recipe_items (product_id, ingredient_id, quantity, unit)
VALUES ('951f4bf6-be55-0e75-59a9-7e580a0d07c4', '366648c9-58e8-1ed5-b027-fba0be87d7ed', 50.0, 'г');
INSERT INTO recipe_items (product_id, ingredient_id, quantity, unit)
VALUES ('951f4bf6-be55-0e75-59a9-7e580a0d07c4', 'df0bcd02-da40-f0fe-fede-7cd69b7acf34', 15.0, 'мл');
INSERT INTO recipe_items (product_id, ingredient_id, quantity, unit)
VALUES ('951f4bf6-be55-0e75-59a9-7e580a0d07c4', 'abf2eac0-45f0-7b07-75db-68e4f3e40c01', 50.0, 'г');
INSERT INTO recipe_items (product_id, ingredient_id, quantity, unit)
VALUES ('951f4bf6-be55-0e75-59a9-7e580a0d07c4', '47d19ddb-eacc-ff36-1899-a57074bf3e43', 90.0, 'г');
INSERT INTO recipe_items (product_id, ingredient_id, quantity, unit)
VALUES ('fdb6f575-fe3f-282e-93d0-1dad56530fa5', 'e0d97529-c333-a74c-8aaa-a02a9e9cbfee', 40.0, 'г');
INSERT INTO recipe_items (product_id, ingredient_id, quantity, unit)
VALUES ('fdb6f575-fe3f-282e-93d0-1dad56530fa5', 'aed4c4de-289a-46c5-d99b-f1b75732c928', 100.0, 'г');
INSERT INTO recipe_items (product_id, ingredient_id, quantity, unit)
VALUES ('fdb6f575-fe3f-282e-93d0-1dad56530fa5', 'ba6283f7-bfc1-2757-6280-114aff417a57', 20.0, 'г');
INSERT INTO recipe_items (product_id, ingredient_id, quantity, unit)
VALUES ('fdb6f575-fe3f-282e-93d0-1dad56530fa5', 'abf2eac0-45f0-7b07-75db-68e4f3e40c01', 50.0, 'г');
INSERT INTO recipe_items (product_id, ingredient_id, quantity, unit)
VALUES ('fdb6f575-fe3f-282e-93d0-1dad56530fa5', '545b831c-1c4f-aec9-477c-1b7a64c73fc8', 2.0, 'шт');
INSERT INTO recipe_items (product_id, ingredient_id, quantity, unit)
VALUES ('fdb6f575-fe3f-282e-93d0-1dad56530fa5', '0a109983-eaf2-9781-faec-5bf25922386d', 10.0, 'г');
INSERT INTO recipe_items (product_id, ingredient_id, quantity, unit)
VALUES ('fdb6f575-fe3f-282e-93d0-1dad56530fa5', '47d19ddb-eacc-ff36-1899-a57074bf3e43', 40.0, 'г');
INSERT INTO recipe_items (product_id, ingredient_id, quantity, unit)
VALUES ('173e368a-d010-e7e5-618f-f94ba76ee9ed', '3449ef09-a092-16a1-8f38-9bb18f96c35b', 25.0, 'г');
INSERT INTO recipe_items (product_id, ingredient_id, quantity, unit)
VALUES ('173e368a-d010-e7e5-618f-f94ba76ee9ed', '4e69c83f-eeb4-b971-d326-43bb334c313a', 25.0, 'г');
INSERT INTO recipe_items (product_id, ingredient_id, quantity, unit)
VALUES ('173e368a-d010-e7e5-618f-f94ba76ee9ed', '991ece9c-b5ed-2413-e646-e4c6857e9f3a', 10.0, 'г');
INSERT INTO recipe_items (product_id, ingredient_id, quantity, unit)
VALUES ('34be4c41-8483-67b6-927a-0bdb8761fbe4', '27d95c99-3f8c-6b26-a977-6e1e0b7320e9', 1.0, 'шт');
INSERT INTO recipe_items (product_id, ingredient_id, quantity, unit)
VALUES ('f5e07166-faf7-d429-5419-891577dc4984', '72842d78-2dc3-38f2-0197-5d4efb8055c4', 1.0, 'шт');
INSERT INTO recipe_items (product_id, ingredient_id, quantity, unit)
VALUES ('f5e07166-faf7-d429-5419-891577dc4984', '72b2444e-84b8-761c-34d7-7812ff6f25c4', 25.0, 'мл');
INSERT INTO recipe_items (product_id, ingredient_id, quantity, unit)
VALUES ('f5e07166-faf7-d429-5419-891577dc4984', '0a109983-eaf2-9781-faec-5bf25922386d', 5.0, 'г');
INSERT INTO recipe_items (product_id, ingredient_id, quantity, unit)
VALUES ('f5e07166-faf7-d429-5419-891577dc4984', 'fe9e0eae-a8d6-2b6b-5f3e-27fc5c4be3ee', 10.0, 'г');
INSERT INTO recipe_items (product_id, ingredient_id, quantity, unit)
VALUES ('f5e07166-faf7-d429-5419-891577dc4984', '3449ef09-a092-16a1-8f38-9bb18f96c35b', 20.0, 'г');
INSERT INTO recipe_items (product_id, ingredient_id, quantity, unit)
VALUES ('89f7c252-16f5-61cd-3e79-006400fd853a', '714d8548-6bda-fddd-2a8c-b5aa9185228f', 1.0, 'шт');
INSERT INTO recipe_items (product_id, ingredient_id, quantity, unit)
VALUES ('be5a3d23-0a5b-1ce3-2f38-ba9348e91024', '1b6f48fe-84fa-c70b-5c8c-0f7bae26cfa6', 1.0, 'шт');
INSERT INTO recipe_items (product_id, ingredient_id, quantity, unit)
VALUES ('5f05b996-99f5-dfcb-e4b9-79078ca1f540', 'ba6283f7-bfc1-2757-6280-114aff417a57', 50.0, 'г');
INSERT INTO recipe_items (product_id, ingredient_id, quantity, unit)
VALUES ('5f05b996-99f5-dfcb-e4b9-79078ca1f540', 'ce07ca59-e737-9a0c-2e3d-15ec5a3bf59d', 15.0, 'г');
INSERT INTO recipe_items (product_id, ingredient_id, quantity, unit)
VALUES ('5f05b996-99f5-dfcb-e4b9-79078ca1f540', 'b6392db4-6734-ce90-007a-93ce5aeaf059', 20.0, 'г');
INSERT INTO recipe_items (product_id, ingredient_id, quantity, unit)
VALUES ('62cdaaca-f6e8-fe1a-af41-d7fc95a79021', '2071d867-3f2f-04d2-2436-6a56d21db07c', 1.0, 'шт');
INSERT INTO recipe_items (product_id, ingredient_id, quantity, unit)
VALUES ('7aa75306-57c4-c931-9f48-5be9338d9d93', '36ab4d80-ea3c-a08d-efb4-8acd68417698', 30.0, 'г');
INSERT INTO recipe_items (product_id, ingredient_id, quantity, unit)
VALUES ('7aa75306-57c4-c931-9f48-5be9338d9d93', '77c1acc3-9080-3285-bfa4-4e9a38dfe4fa', 50.0, 'г');
INSERT INTO recipe_items (product_id, ingredient_id, quantity, unit)
VALUES ('268549ab-e1a3-cea2-db9c-75532e7bf2b9', '0fbefa95-1c0a-28fd-12a4-169c2a6bfadc', 50.0, 'мл');
INSERT INTO recipe_items (product_id, ingredient_id, quantity, unit)
VALUES ('268549ab-e1a3-cea2-db9c-75532e7bf2b9', '579e27db-a6d3-ef0f-e2b7-99916fdafecb', 100.0, 'мл');
INSERT INTO recipe_items (product_id, ingredient_id, quantity, unit)
VALUES ('268549ab-e1a3-cea2-db9c-75532e7bf2b9', 'fe9e0eae-a8d6-2b6b-5f3e-27fc5c4be3ee', 10.0, 'г');
INSERT INTO recipe_items (product_id, ingredient_id, quantity, unit)
VALUES ('1aa7f6ca-bf7a-15df-5273-b94f915b5aee', '23923912-6a66-3f2a-b718-a70a5ce04c57', 50.0, 'мл');
INSERT INTO recipe_items (product_id, ingredient_id, quantity, unit)
VALUES ('0f7cfc79-3a3f-41ac-1aa4-b27431de9236', 'ce07ca59-e737-9a0c-2e3d-15ec5a3bf59d', 15.0, 'г');
INSERT INTO recipe_items (product_id, ingredient_id, quantity, unit)
VALUES ('0f7cfc79-3a3f-41ac-1aa4-b27431de9236', 'fe9e0eae-a8d6-2b6b-5f3e-27fc5c4be3ee', 5.0, 'г');
INSERT INTO recipe_items (product_id, ingredient_id, quantity, unit)
VALUES ('0f7cfc79-3a3f-41ac-1aa4-b27431de9236', 'aed4c4de-289a-46c5-d99b-f1b75732c928', 80.0, 'г');
INSERT INTO recipe_items (product_id, ingredient_id, quantity, unit)
VALUES ('0f7cfc79-3a3f-41ac-1aa4-b27431de9236', '1e284e76-d172-01ed-4825-5902199db987', 20.0, 'г');
INSERT INTO recipe_items (product_id, ingredient_id, quantity, unit)
VALUES ('0f7cfc79-3a3f-41ac-1aa4-b27431de9236', '4c94caaa-3be1-5e25-aa68-a61fe6323450', 90.0, 'г');
INSERT INTO recipe_items (product_id, ingredient_id, quantity, unit)
VALUES ('0f7cfc79-3a3f-41ac-1aa4-b27431de9236', '72b2444e-84b8-761c-34d7-7812ff6f25c4', 70.0, 'мл');
INSERT INTO recipe_items (product_id, ingredient_id, quantity, unit)
VALUES ('0f7cfc79-3a3f-41ac-1aa4-b27431de9236', '0a109983-eaf2-9781-faec-5bf25922386d', 10.0, 'г');
INSERT INTO recipe_items (product_id, ingredient_id, quantity, unit)
VALUES ('fa279504-c591-b5b8-70cb-6c4c299a37d8', 'da5a8c2a-24c7-aaef-47bf-f1af688dd057', 60.0, 'г');
INSERT INTO recipe_items (product_id, ingredient_id, quantity, unit)
VALUES ('fa279504-c591-b5b8-70cb-6c4c299a37d8', '5402e3e7-df3b-de98-4a5b-bc7f3215eb05', 200.0, 'г');
INSERT INTO recipe_items (product_id, ingredient_id, quantity, unit)
VALUES ('fa279504-c591-b5b8-70cb-6c4c299a37d8', 'f76b23cf-8d5f-b82e-3379-118be5dc3702', 100.0, 'г');
INSERT INTO recipe_items (product_id, ingredient_id, quantity, unit)
VALUES ('fa279504-c591-b5b8-70cb-6c4c299a37d8', '6f769653-f126-457d-04de-7b28b0101df9', 60.0, 'г');
INSERT INTO recipe_items (product_id, ingredient_id, quantity, unit)
VALUES ('fa279504-c591-b5b8-70cb-6c4c299a37d8', 'dd36a227-b81a-b985-d2da-12305852b6d2', 30.0, 'г');
INSERT INTO recipe_items (product_id, ingredient_id, quantity, unit)
VALUES ('fa279504-c591-b5b8-70cb-6c4c299a37d8', 'af79f2d0-87f8-6402-b8a7-d9ca8c6ac59e', 10.0, 'г');
INSERT INTO recipe_items (product_id, ingredient_id, quantity, unit)
VALUES ('7c7c305a-92ed-bc40-0bb5-1155fc4e313f', 'ba6283f7-bfc1-2757-6280-114aff417a57', 140.0, 'г');
INSERT INTO recipe_items (product_id, ingredient_id, quantity, unit)
VALUES ('7c7c305a-92ed-bc40-0bb5-1155fc4e313f', 'e56bb2b2-7c6b-cd5c-4add-c633c3045aa8', 100.0, 'г');
INSERT INTO recipe_items (product_id, ingredient_id, quantity, unit)
VALUES ('9a06fa1f-d2b5-1b6f-d6c5-37c2ffa3adfd', '6f769653-f126-457d-04de-7b28b0101df9', 100.0, 'г');
INSERT INTO recipe_items (product_id, ingredient_id, quantity, unit)
VALUES ('9a06fa1f-d2b5-1b6f-d6c5-37c2ffa3adfd', 'a4e1b7d1-1c36-4db6-8db9-77c6b08e6b02', 100.0, 'г');
INSERT INTO recipe_items (product_id, ingredient_id, quantity, unit)
VALUES ('9a06fa1f-d2b5-1b6f-d6c5-37c2ffa3adfd', '3b38acf6-e791-25ce-5c88-fd1101b6e83b', 100.0, 'г');
INSERT INTO recipe_items (product_id, ingredient_id, quantity, unit)
VALUES ('9a06fa1f-d2b5-1b6f-d6c5-37c2ffa3adfd', '47d19ddb-eacc-ff36-1899-a57074bf3e43', 20.0, 'г');
INSERT INTO recipe_items (product_id, ingredient_id, quantity, unit)
VALUES ('9a06fa1f-d2b5-1b6f-d6c5-37c2ffa3adfd', '3da8bf1c-943a-1605-e277-cd31ed8f64d0', 15.0, 'мл');
INSERT INTO recipe_items (product_id, ingredient_id, quantity, unit)
VALUES ('9a06fa1f-d2b5-1b6f-d6c5-37c2ffa3adfd', 'f22a4a49-6a69-f32b-8c52-5a0deac4da33', 15.0, 'мл');
INSERT INTO recipe_items (product_id, ingredient_id, quantity, unit)
VALUES ('21440c88-4cbd-1082-fb8c-b75c36c3461f', 'bb79fe04-9217-220c-cfc8-a7f952769fcb', 1.0, 'шт');
INSERT INTO recipe_items (product_id, ingredient_id, quantity, unit)
VALUES ('21440c88-4cbd-1082-fb8c-b75c36c3461f', 'a4fe4b1e-c5c1-c69c-a522-dc054678f872', 20.0, 'г');
INSERT INTO recipe_items (product_id, ingredient_id, quantity, unit)
VALUES ('21440c88-4cbd-1082-fb8c-b75c36c3461f', 'fe9e0eae-a8d6-2b6b-5f3e-27fc5c4be3ee', 20.0, 'г');
INSERT INTO recipe_items (product_id, ingredient_id, quantity, unit)
VALUES ('21440c88-4cbd-1082-fb8c-b75c36c3461f', '3449ef09-a092-16a1-8f38-9bb18f96c35b', 25.0, 'г');
INSERT INTO recipe_items (product_id, ingredient_id, quantity, unit)
VALUES ('7a291d79-c795-0f76-118b-25d10a078238', '725d9a3c-095b-3bcb-9172-f0a33457c391', 40.0, 'г');
INSERT INTO recipe_items (product_id, ingredient_id, quantity, unit)
VALUES ('7a291d79-c795-0f76-118b-25d10a078238', '3449ef09-a092-16a1-8f38-9bb18f96c35b', 60.0, 'г');
INSERT INTO recipe_items (product_id, ingredient_id, quantity, unit)
VALUES ('7a291d79-c795-0f76-118b-25d10a078238', '991ece9c-b5ed-2413-e646-e4c6857e9f3a', 5.0, 'г');
INSERT INTO recipe_items (product_id, ingredient_id, quantity, unit)
VALUES ('7a291d79-c795-0f76-118b-25d10a078238', '4e69c83f-eeb4-b971-d326-43bb334c313a', 35.0, 'г');
INSERT INTO recipe_items (product_id, ingredient_id, quantity, unit)
VALUES ('7a291d79-c795-0f76-118b-25d10a078238', '5685c6e9-d9c6-3555-d692-4983cdbb87fd', 30.0, 'г');
INSERT INTO recipe_items (product_id, ingredient_id, quantity, unit)
VALUES ('bd63cdca-84b0-4bda-520e-13725e4b4e60', 'ba235038-d4b9-4df6-e646-4bf7764ff59f', 40.0, 'г');
INSERT INTO recipe_items (product_id, ingredient_id, quantity, unit)
VALUES ('bd63cdca-84b0-4bda-520e-13725e4b4e60', 'dc630035-80d1-f0a5-1354-72407de63ba2', 30.0, 'мл');
INSERT INTO recipe_items (product_id, ingredient_id, quantity, unit)
VALUES ('bd63cdca-84b0-4bda-520e-13725e4b4e60', '991ece9c-b5ed-2413-e646-e4c6857e9f3a', 5.0, 'г');
INSERT INTO recipe_items (product_id, ingredient_id, quantity, unit)
VALUES ('bd63cdca-84b0-4bda-520e-13725e4b4e60', '0d410d0f-f738-fd3f-51cb-f31cbc760450', 1.0, 'г');
INSERT INTO recipe_items (product_id, ingredient_id, quantity, unit)
VALUES ('bd63cdca-84b0-4bda-520e-13725e4b4e60', '19e038a1-1bb9-0b24-c40e-a518611882d6', 5.0, 'г');
INSERT INTO recipe_items (product_id, ingredient_id, quantity, unit)
VALUES ('bd63cdca-84b0-4bda-520e-13725e4b4e60', '3449ef09-a092-16a1-8f38-9bb18f96c35b', 10.0, 'г');
INSERT INTO recipe_items (product_id, ingredient_id, quantity, unit)
VALUES ('f35ae6ee-40da-7479-c64b-612bff507023', '4e69c83f-eeb4-b971-d326-43bb334c313a', 60.0, 'г');
INSERT INTO recipe_items (product_id, ingredient_id, quantity, unit)
VALUES ('f35ae6ee-40da-7479-c64b-612bff507023', '19e038a1-1bb9-0b24-c40e-a518611882d6', 5.0, 'г');
INSERT INTO recipe_items (product_id, ingredient_id, quantity, unit)
VALUES ('f35ae6ee-40da-7479-c64b-612bff507023', '991ece9c-b5ed-2413-e646-e4c6857e9f3a', 5.0, 'г');
INSERT INTO recipe_items (product_id, ingredient_id, quantity, unit)
VALUES ('f35ae6ee-40da-7479-c64b-612bff507023', '77c1acc3-9080-3285-bfa4-4e9a38dfe4fa', 10.0, 'г');
INSERT INTO recipe_items (product_id, ingredient_id, quantity, unit)
VALUES ('f35ae6ee-40da-7479-c64b-612bff507023', '5685c6e9-d9c6-3555-d692-4983cdbb87fd', 60.0, 'г');
INSERT INTO recipe_items (product_id, ingredient_id, quantity, unit)
VALUES ('09d404dd-f87b-b319-4eda-9ce7c697868d', '4ed15b11-0c73-a383-d45c-7186a1a537a7', 60.0, 'г');
INSERT INTO recipe_items (product_id, ingredient_id, quantity, unit)
VALUES ('09d404dd-f87b-b319-4eda-9ce7c697868d', '4e69c83f-eeb4-b971-d326-43bb334c313a', 60.0, 'г');
INSERT INTO recipe_items (product_id, ingredient_id, quantity, unit)
VALUES ('09d404dd-f87b-b319-4eda-9ce7c697868d', '19e038a1-1bb9-0b24-c40e-a518611882d6', 5.0, 'г');
INSERT INTO recipe_items (product_id, ingredient_id, quantity, unit)
VALUES ('09d404dd-f87b-b319-4eda-9ce7c697868d', '77c1acc3-9080-3285-bfa4-4e9a38dfe4fa', 10.0, 'г');
INSERT INTO recipe_items (product_id, ingredient_id, quantity, unit)
VALUES ('09d404dd-f87b-b319-4eda-9ce7c697868d', '991ece9c-b5ed-2413-e646-e4c6857e9f3a', 5.0, 'г');
INSERT INTO recipe_items (product_id, ingredient_id, quantity, unit)
VALUES ('5c3938ac-271e-5674-37aa-116c20435202', '19e038a1-1bb9-0b24-c40e-a518611882d6', 5.0, 'г');
INSERT INTO recipe_items (product_id, ingredient_id, quantity, unit)
VALUES ('5c3938ac-271e-5674-37aa-116c20435202', '991ece9c-b5ed-2413-e646-e4c6857e9f3a', 5.0, 'г');
INSERT INTO recipe_items (product_id, ingredient_id, quantity, unit)
VALUES ('5c3938ac-271e-5674-37aa-116c20435202', '3449ef09-a092-16a1-8f38-9bb18f96c35b', 40.0, 'г');
INSERT INTO recipe_items (product_id, ingredient_id, quantity, unit)
VALUES ('5c3938ac-271e-5674-37aa-116c20435202', '77c1acc3-9080-3285-bfa4-4e9a38dfe4fa', 40.0, 'г');
INSERT INTO recipe_items (product_id, ingredient_id, quantity, unit)
VALUES ('5c3938ac-271e-5674-37aa-116c20435202', '4e69c83f-eeb4-b971-d326-43bb334c313a', 50.0, 'г');
INSERT INTO recipe_items (product_id, ingredient_id, quantity, unit)
VALUES ('5c3938ac-271e-5674-37aa-116c20435202', '464c06da-ccfa-2e41-882e-ea7eefa81ea0', 40.0, 'г');
INSERT INTO recipe_items (product_id, ingredient_id, quantity, unit)
VALUES ('5c3938ac-271e-5674-37aa-116c20435202', 'bdaf0934-95ba-d80d-02fc-4f0edf6d5197', 40.0, 'г');
INSERT INTO recipe_items (product_id, ingredient_id, quantity, unit)
VALUES ('898d2cec-bf17-cd4c-dc70-b73dd36af83c', '894e60d9-29b7-27fc-619c-4900e1a1b83a', 1.0, 'шт');
INSERT INTO recipe_items (product_id, ingredient_id, quantity, unit)
VALUES ('fa1ac02b-7f93-b40e-a05d-de600d45dcdb', 'cf46ba39-2b6f-82ce-0fd8-21645912e562', 1.0, 'шт');
INSERT INTO recipe_items (product_id, ingredient_id, quantity, unit)
VALUES ('c636b78c-9167-53b3-dfe7-3946590a8c73', '6d1be1ee-f7d4-e847-dca2-4ad0c093a3d6', 300.0, 'г');
INSERT INTO recipe_items (product_id, ingredient_id, quantity, unit)
VALUES ('c636b78c-9167-53b3-dfe7-3946590a8c73', '72b2444e-84b8-761c-34d7-7812ff6f25c4', 200.0, 'мл');
INSERT INTO recipe_items (product_id, ingredient_id, quantity, unit)
VALUES ('c636b78c-9167-53b3-dfe7-3946590a8c73', 'ec63a806-0d32-d632-30fb-8b3d81a8233e', 150.0, 'мл');
INSERT INTO recipe_items (product_id, ingredient_id, quantity, unit)
VALUES ('badf5f45-b516-78fa-fbe7-ff32ed526953', '5c99aa8a-5158-a9b9-9d25-85d215940062', 50.0, 'г');
INSERT INTO recipe_items (product_id, ingredient_id, quantity, unit)
VALUES ('badf5f45-b516-78fa-fbe7-ff32ed526953', 'b6392db4-6734-ce90-007a-93ce5aeaf059', 30.0, 'г');
INSERT INTO recipe_items (product_id, ingredient_id, quantity, unit)
VALUES ('badf5f45-b516-78fa-fbe7-ff32ed526953', 'cf5200cf-de22-3d54-a5e7-673863830003', 30.0, 'г');
INSERT INTO recipe_items (product_id, ingredient_id, quantity, unit)
VALUES ('badf5f45-b516-78fa-fbe7-ff32ed526953', 'ce07ca59-e737-9a0c-2e3d-15ec5a3bf59d', 20.0, 'г');
INSERT INTO recipe_items (product_id, ingredient_id, quantity, unit)
VALUES ('badf5f45-b516-78fa-fbe7-ff32ed526953', '25953aee-0051-c7f3-d9d6-d3a0b2fef123', 1.0, 'шт');
INSERT INTO recipe_items (product_id, ingredient_id, quantity, unit)
VALUES ('badf5f45-b516-78fa-fbe7-ff32ed526953', 'c32b64b4-ae37-36ec-d7af-d6d314759aab', 5.0, 'г');
INSERT INTO recipe_items (product_id, ingredient_id, quantity, unit)
VALUES ('badf5f45-b516-78fa-fbe7-ff32ed526953', 'e25d25bc-90fd-f776-88e9-4cee19cadb3a', 90.0, 'г');
INSERT INTO recipe_items (product_id, ingredient_id, quantity, unit)
VALUES ('2e331f2f-b6fd-7898-11b0-9b0e3a2e58be', '023fd8b1-9274-1e6c-8555-3d6a0582b234', 20.0, 'г');
INSERT INTO recipe_items (product_id, ingredient_id, quantity, unit)
VALUES ('88c713d7-09a9-d70c-f6d9-2b28eb664bd5', '52be948a-9a2e-485f-6acd-8ab821f4e1d8', 1000.0, 'мл');
INSERT INTO recipe_items (product_id, ingredient_id, quantity, unit)
VALUES ('ec61223f-a380-dd08-f9eb-461b3c2f80e6', '25953aee-0051-c7f3-d9d6-d3a0b2fef123', 2.0, 'шт');
INSERT INTO recipe_items (product_id, ingredient_id, quantity, unit)
VALUES ('c10f6483-27d9-ca48-5e52-fb5a740be095', '25953aee-0051-c7f3-d9d6-d3a0b2fef123', 1.0, 'шт');
-- 436 recipe items

-- Phase 4: Orders, Items, Payments
INSERT INTO orders (id, venue_id, number, status, total_amount, opened_at, closed_at, table_number)
VALUES ('3f1faa22-394f-41bb-9a79-7ecbfcdfd967', '00000000-0000-0000-0000-000000000010', '7705', 'paid', 4720.0, '2026-06-10 11:10:39', '2026-06-10 11:10:39', '13');
INSERT INTO order_items (order_id, product_id, product_name, product_price, quantity)
VALUES ('3f1faa22-394f-41bb-9a79-7ecbfcdfd967', '38432f7f-ba41-eaa0-7e46-d791008e4b02', 'product_6', 510.0, 4);
INSERT INTO order_items (order_id, product_id, product_name, product_price, quantity)
VALUES ('3f1faa22-394f-41bb-9a79-7ecbfcdfd967', '8d266d35-f6a4-b267-e097-564510f7f857', 'product_12', 270.0, 1);
INSERT INTO order_items (order_id, product_id, product_name, product_price, quantity)
VALUES ('3f1faa22-394f-41bb-9a79-7ecbfcdfd967', '2836be19-8d27-0aa1-68ed-3bbc6cf94fb8', 'product_13', 270.0, 1);
INSERT INTO order_items (order_id, product_id, product_name, product_price, quantity)
VALUES ('3f1faa22-394f-41bb-9a79-7ecbfcdfd967', '94d2bddc-c99f-2985-f8eb-9d8a4a995ad3', 'product_10', 300.0, 1);
INSERT INTO order_items (order_id, product_id, product_name, product_price, quantity)
VALUES ('3f1faa22-394f-41bb-9a79-7ecbfcdfd967', '0caff6fe-c574-8665-33ca-5f2cee71ebb2', 'product_35', 190.0, 1);
INSERT INTO order_items (order_id, product_id, product_name, product_price, quantity)
VALUES ('3f1faa22-394f-41bb-9a79-7ecbfcdfd967', '9d00fee6-5b1a-acb8-1114-e668525ce1a6', 'product_200', 330.0, 3);
INSERT INTO order_items (order_id, product_id, product_name, product_price, quantity)
VALUES ('3f1faa22-394f-41bb-9a79-7ecbfcdfd967', '021231f4-e9fa-ecbb-5f2a-ad1321ca42ea', 'product_59', 230.0, 2);
INSERT INTO order_items (order_id, product_id, product_name, product_price, quantity)
VALUES ('3f1faa22-394f-41bb-9a79-7ecbfcdfd967', 'b9bdca4d-a423-6c36-2351-10cf52ff0eec', 'product_230', 0.0, 1);
INSERT INTO order_items (order_id, product_id, product_name, product_price, quantity)
VALUES ('3f1faa22-394f-41bb-9a79-7ecbfcdfd967', '09d9bcce-e54b-d518-c5bf-1c5d4b683d38', 'product_50', 200.0, 1);
INSERT INTO payments (order_id, venue_id, method, amount)
VALUES ('3f1faa22-394f-41bb-9a79-7ecbfcdfd967', '00000000-0000-0000-0000-000000000010', 'card', 200.0);
INSERT INTO orders (id, venue_id, number, status, total_amount, opened_at, closed_at, table_number)
VALUES ('aa5c06ac-7bae-e5cb-29bb-f0e7c2f23ba5', '00000000-0000-0000-0000-000000000010', '7706', 'paid', 1350.0, '2026-06-10 11:05:35', '2026-06-10 11:05:35', '10');
INSERT INTO order_items (order_id, product_id, product_name, product_price, quantity)
VALUES ('aa5c06ac-7bae-e5cb-29bb-f0e7c2f23ba5', '38432f7f-ba41-eaa0-7e46-d791008e4b02', 'product_6', 510.0, 1);
INSERT INTO order_items (order_id, product_id, product_name, product_price, quantity)
VALUES ('aa5c06ac-7bae-e5cb-29bb-f0e7c2f23ba5', '94d2bddc-c99f-2985-f8eb-9d8a4a995ad3', 'product_10', 300.0, 1);
INSERT INTO order_items (order_id, product_id, product_name, product_price, quantity)
VALUES ('aa5c06ac-7bae-e5cb-29bb-f0e7c2f23ba5', '338bdc4d-fbd5-43ad-a7a7-3951ceca3a16', 'product_97', 260.0, 1);
INSERT INTO order_items (order_id, product_id, product_name, product_price, quantity)
VALUES ('aa5c06ac-7bae-e5cb-29bb-f0e7c2f23ba5', 'd46f67a1-e1dd-e079-0b5c-329f6422c4d4', 'product_60', 280.0, 1);
INSERT INTO orders (id, venue_id, number, status, total_amount, opened_at, closed_at, table_number)
VALUES ('7c237d2a-65a0-341a-9a0b-c1cc732e6fed', '00000000-0000-0000-0000-000000000010', '7704', 'paid', 220.0, '2026-06-09 22:03:57', '2026-06-09 22:03:57', '1');
INSERT INTO order_items (order_id, product_id, product_name, product_price, quantity)
VALUES ('7c237d2a-65a0-341a-9a0b-c1cc732e6fed', '7c7c305a-92ed-bc40-0bb5-1155fc4e313f', 'product_99', 220.0, 1);
INSERT INTO payments (order_id, venue_id, method, amount)
VALUES ('7c237d2a-65a0-341a-9a0b-c1cc732e6fed', '00000000-0000-0000-0000-000000000010', 'cash', 220.0);
INSERT INTO orders (id, venue_id, number, status, total_amount, opened_at, closed_at, table_number)
VALUES ('64ee0aa0-1c53-6dea-3e14-aedbbb225631', '00000000-0000-0000-0000-000000000010', '7703', 'paid', 1620.0, '2026-06-09 21:14:51', '2026-06-09 21:14:51', '12');
INSERT INTO order_items (order_id, product_id, product_name, product_price, quantity)
VALUES ('64ee0aa0-1c53-6dea-3e14-aedbbb225631', '8b7920ef-e954-d760-2a69-99cafc830c2e', 'product_171', 270.0, 6);
INSERT INTO payments (order_id, venue_id, method, amount)
VALUES ('64ee0aa0-1c53-6dea-3e14-aedbbb225631', '00000000-0000-0000-0000-000000000010', 'card', 1620.0);
INSERT INTO orders (id, venue_id, number, status, total_amount, opened_at, closed_at, table_number)
VALUES ('4a521a06-58ac-097e-4002-9bad526b5c28', '00000000-0000-0000-0000-000000000010', '7702', 'paid', 1320.0, '2026-06-09 21:06:19', '2026-06-09 21:06:19', '13');
INSERT INTO order_items (order_id, product_id, product_name, product_price, quantity)
VALUES ('4a521a06-58ac-097e-4002-9bad526b5c28', '81b3193a-f1f9-6ba6-5630-5c911f0c4a69', 'product_48', 220.0, 6);
INSERT INTO payments (order_id, venue_id, method, amount)
VALUES ('4a521a06-58ac-097e-4002-9bad526b5c28', '00000000-0000-0000-0000-000000000010', 'card', 1320.0);
INSERT INTO orders (id, venue_id, number, status, total_amount, opened_at, closed_at, table_number)
VALUES ('e28b46e3-d64f-d4d4-6d15-30113338e1be', '00000000-0000-0000-0000-000000000010', '7700', 'paid', 3460.0, '2026-06-09 21:03:49', '2026-06-09 21:03:49', '4');
INSERT INTO order_items (order_id, product_id, product_name, product_price, quantity)
VALUES ('e28b46e3-d64f-d4d4-6d15-30113338e1be', 'ce90a2e4-a08b-570d-aca7-50bb5d2d0ab2', 'product_112', 440.0, 1);
INSERT INTO order_items (order_id, product_id, product_name, product_price, quantity)
VALUES ('e28b46e3-d64f-d4d4-6d15-30113338e1be', '7ddbed72-7deb-5ee4-0634-41d52192bad1', 'product_23', 1750.0, 1);
INSERT INTO order_items (order_id, product_id, product_name, product_price, quantity)
VALUES ('e28b46e3-d64f-d4d4-6d15-30113338e1be', '627b586a-57c8-d217-1549-c47bb32192ac', 'product_26', 460.0, 1);
INSERT INTO order_items (order_id, product_id, product_name, product_price, quantity)
VALUES ('e28b46e3-d64f-d4d4-6d15-30113338e1be', '5c3938ac-271e-5674-37aa-116c20435202', 'product_234', 370.0, 1);
INSERT INTO order_items (order_id, product_id, product_name, product_price, quantity)
VALUES ('e28b46e3-d64f-d4d4-6d15-30113338e1be', 'bc75aa2b-4910-21bf-56ff-d9769b039d8e', 'product_47', 220.0, 1);
INSERT INTO order_items (order_id, product_id, product_name, product_price, quantity)
VALUES ('e28b46e3-d64f-d4d4-6d15-30113338e1be', '7c7c305a-92ed-bc40-0bb5-1155fc4e313f', 'product_99', 220.0, 1);
INSERT INTO payments (order_id, venue_id, method, amount)
VALUES ('e28b46e3-d64f-d4d4-6d15-30113338e1be', '00000000-0000-0000-0000-000000000010', 'card', 3460.0);
INSERT INTO orders (id, venue_id, number, status, total_amount, opened_at, closed_at, table_number)
VALUES ('5fa878a4-be6b-266a-bb90-308e182dd7e6', '00000000-0000-0000-0000-000000000010', '7701', 'paid', 5060.0, '2026-06-09 20:40:19', '2026-06-09 20:40:19', '16');
INSERT INTO order_items (order_id, product_id, product_name, product_price, quantity)
VALUES ('5fa878a4-be6b-266a-bb90-308e182dd7e6', '7a291d79-c795-0f76-118b-25d10a078238', 'product_191', 370.0, 1);
INSERT INTO order_items (order_id, product_id, product_name, product_price, quantity)
VALUES ('5fa878a4-be6b-266a-bb90-308e182dd7e6', '1649694a-a1df-1a36-ccd0-08ba48ab2fd1', 'product_36', 550.0, 1);
INSERT INTO order_items (order_id, product_id, product_name, product_price, quantity)
VALUES ('5fa878a4-be6b-266a-bb90-308e182dd7e6', 'be5a3d23-0a5b-1ce3-2f38-ba9348e91024', 'product_207', 1750.0, 1);
INSERT INTO order_items (order_id, product_id, product_name, product_price, quantity)
VALUES ('5fa878a4-be6b-266a-bb90-308e182dd7e6', '7ddbed72-7deb-5ee4-0634-41d52192bad1', 'product_23', 1750.0, 1);
INSERT INTO order_items (order_id, product_id, product_name, product_price, quantity)
VALUES ('5fa878a4-be6b-266a-bb90-308e182dd7e6', '951f4bf6-be55-0e75-59a9-7e580a0d07c4', 'product_14', 640.0, 1);
INSERT INTO payments (order_id, venue_id, method, amount)
VALUES ('5fa878a4-be6b-266a-bb90-308e182dd7e6', '00000000-0000-0000-0000-000000000010', 'cash', 5060.0);
INSERT INTO orders (id, venue_id, number, status, total_amount, opened_at, closed_at, table_number)
VALUES ('0ec037b7-c9d2-681d-f191-f0c10bbbb91c', '00000000-0000-0000-0000-000000000010', '7698', 'paid', 2740.0, '2026-06-09 20:34:32', '2026-06-09 20:34:32', '1');
INSERT INTO order_items (order_id, product_id, product_name, product_price, quantity)
VALUES ('0ec037b7-c9d2-681d-f191-f0c10bbbb91c', 'c0fb869e-f434-07cb-f666-b9f7e55d4032', 'product_113', 770.0, 2);
INSERT INTO order_items (order_id, product_id, product_name, product_price, quantity)
VALUES ('0ec037b7-c9d2-681d-f191-f0c10bbbb91c', 'f35a1ebf-94b4-c196-4fdb-5698a8e21330', 'product_170', 820.0, 1);
INSERT INTO order_items (order_id, product_id, product_name, product_price, quantity)
VALUES ('0ec037b7-c9d2-681d-f191-f0c10bbbb91c', '260b99e2-59bd-a3dc-c313-434aff0daf54', 'product_144', 190.0, 2);
INSERT INTO payments (order_id, venue_id, method, amount)
VALUES ('0ec037b7-c9d2-681d-f191-f0c10bbbb91c', '00000000-0000-0000-0000-000000000010', 'card', 2740.0);
INSERT INTO orders (id, venue_id, number, status, total_amount, opened_at, closed_at, table_number)
VALUES ('34696763-ea59-1b83-7424-a86d2c818488', '00000000-0000-0000-0000-000000000010', '7699', 'paid', 2530.0, '2026-06-09 20:24:45', '2026-06-09 20:24:45', '10');
INSERT INTO order_items (order_id, product_id, product_name, product_price, quantity)
VALUES ('34696763-ea59-1b83-7424-a86d2c818488', 'bc75aa2b-4910-21bf-56ff-d9769b039d8e', 'product_47', 220.0, 2);
INSERT INTO order_items (order_id, product_id, product_name, product_price, quantity)
VALUES ('34696763-ea59-1b83-7424-a86d2c818488', 'c0fb869e-f434-07cb-f666-b9f7e55d4032', 'product_113', 770.0, 2);
INSERT INTO order_items (order_id, product_id, product_name, product_price, quantity)
VALUES ('34696763-ea59-1b83-7424-a86d2c818488', '1649694a-a1df-1a36-ccd0-08ba48ab2fd1', 'product_36', 550.0, 1);
INSERT INTO payments (order_id, venue_id, method, amount)
VALUES ('34696763-ea59-1b83-7424-a86d2c818488', '00000000-0000-0000-0000-000000000010', 'cash', 2530.0);
INSERT INTO orders (id, venue_id, number, status, total_amount, opened_at, closed_at, table_number)
VALUES ('afd21f84-c59d-e19b-1c9c-ee0b1259929e', '00000000-0000-0000-0000-000000000010', '7697', 'paid', 410.0, '2026-06-09 15:35:42', '2026-06-09 15:35:42', '9');
INSERT INTO order_items (order_id, product_id, product_name, product_price, quantity)
VALUES ('afd21f84-c59d-e19b-1c9c-ee0b1259929e', '021231f4-e9fa-ecbb-5f2a-ad1321ca42ea', 'product_59', 230.0, 1);
INSERT INTO order_items (order_id, product_id, product_name, product_price, quantity)
VALUES ('afd21f84-c59d-e19b-1c9c-ee0b1259929e', 'da98da7c-a663-0228-294e-97c1fae50fd1', 'product_54', 180.0, 1);
INSERT INTO payments (order_id, venue_id, method, amount)
VALUES ('afd21f84-c59d-e19b-1c9c-ee0b1259929e', '00000000-0000-0000-0000-000000000010', 'card', 410.0);
INSERT INTO orders (id, venue_id, number, status, total_amount, opened_at, closed_at, table_number)
VALUES ('96f7dd34-52b3-9cb3-7aaa-488b44e1adc2', '00000000-0000-0000-0000-000000000010', '7696', 'paid', 260.0, '2026-06-09 15:15:46', '2026-06-09 15:15:46', '9');
INSERT INTO order_items (order_id, product_id, product_name, product_price, quantity)
VALUES ('96f7dd34-52b3-9cb3-7aaa-488b44e1adc2', '966437e8-b784-92e7-0afa-ff8bde6f1e53', 'product_145', 130.0, 2);
INSERT INTO payments (order_id, venue_id, method, amount)
VALUES ('96f7dd34-52b3-9cb3-7aaa-488b44e1adc2', '00000000-0000-0000-0000-000000000010', 'cash', 260.0);
INSERT INTO orders (id, venue_id, number, status, total_amount, opened_at, closed_at, table_number)
VALUES ('385933d3-aa34-fb75-3665-994841fab180', '00000000-0000-0000-0000-000000000010', '7695', 'paid', 460.0, '2026-06-09 13:49:10', '2026-06-09 13:49:10', '9');
INSERT INTO order_items (order_id, product_id, product_name, product_price, quantity)
VALUES ('385933d3-aa34-fb75-3665-994841fab180', '021231f4-e9fa-ecbb-5f2a-ad1321ca42ea', 'product_59', 230.0, 2);
INSERT INTO payments (order_id, venue_id, method, amount)
VALUES ('385933d3-aa34-fb75-3665-994841fab180', '00000000-0000-0000-0000-000000000010', 'card', 460.0);
INSERT INTO orders (id, venue_id, number, status, total_amount, opened_at, closed_at, table_number)
VALUES ('20c3c611-d648-210c-b642-e2dbbfbab18b', '00000000-0000-0000-0000-000000000010', '7691', 'paid', 1250.0, '2026-06-09 13:39:56', '2026-06-09 13:39:56', '12');
INSERT INTO order_items (order_id, product_id, product_name, product_price, quantity)
VALUES ('20c3c611-d648-210c-b642-e2dbbfbab18b', 'b9bdca4d-a423-6c36-2351-10cf52ff0eec', 'product_230', 0.0, 3);
INSERT INTO order_items (order_id, product_id, product_name, product_price, quantity)
VALUES ('20c3c611-d648-210c-b642-e2dbbfbab18b', '8d266d35-f6a4-b267-e097-564510f7f857', 'product_12', 270.0, 1);
INSERT INTO order_items (order_id, product_id, product_name, product_price, quantity)
VALUES ('20c3c611-d648-210c-b642-e2dbbfbab18b', '021231f4-e9fa-ecbb-5f2a-ad1321ca42ea', 'product_59', 230.0, 1);
INSERT INTO order_items (order_id, product_id, product_name, product_price, quantity)
VALUES ('20c3c611-d648-210c-b642-e2dbbfbab18b', 'd46f67a1-e1dd-e079-0b5c-329f6422c4d4', 'product_60', 280.0, 2);
INSERT INTO order_items (order_id, product_id, product_name, product_price, quantity)
VALUES ('20c3c611-d648-210c-b642-e2dbbfbab18b', 'a2b39819-292c-0b80-799d-c77d7020fc9d', 'product_34', 190.0, 1);
INSERT INTO orders (id, venue_id, number, status, total_amount, opened_at, closed_at, table_number)
VALUES ('7ab1fea2-3eea-0ad4-5578-b7dbd7c52960', '00000000-0000-0000-0000-000000000010', '7694', 'paid', 1530.0, '2026-06-09 13:39:32', '2026-06-09 13:39:32', '11');
INSERT INTO order_items (order_id, product_id, product_name, product_price, quantity)
VALUES ('7ab1fea2-3eea-0ad4-5578-b7dbd7c52960', 'ec61223f-a380-dd08-f9eb-461b3c2f80e6', 'product_163', 120.0, 1);
INSERT INTO order_items (order_id, product_id, product_name, product_price, quantity)
VALUES ('7ab1fea2-3eea-0ad4-5578-b7dbd7c52960', 'b9bdca4d-a423-6c36-2351-10cf52ff0eec', 'product_230', 0.0, 1);
INSERT INTO order_items (order_id, product_id, product_name, product_price, quantity)
VALUES ('7ab1fea2-3eea-0ad4-5578-b7dbd7c52960', '8d266d35-f6a4-b267-e097-564510f7f857', 'product_12', 270.0, 1);
INSERT INTO order_items (order_id, product_id, product_name, product_price, quantity)
VALUES ('7ab1fea2-3eea-0ad4-5578-b7dbd7c52960', 'd46f67a1-e1dd-e079-0b5c-329f6422c4d4', 'product_60', 280.0, 3);
INSERT INTO order_items (order_id, product_id, product_name, product_price, quantity)
VALUES ('7ab1fea2-3eea-0ad4-5578-b7dbd7c52960', '94d2bddc-c99f-2985-f8eb-9d8a4a995ad3', 'product_10', 300.0, 1);
INSERT INTO orders (id, venue_id, number, status, total_amount, opened_at, closed_at, table_number)
VALUES ('2dcf8c9e-cc4d-3ca3-5372-7b9fdf7bf41b', '00000000-0000-0000-0000-000000000010', '7692', 'paid', 1560.0, '2026-06-09 13:39:25', '2026-06-09 13:39:25', '10');
INSERT INTO order_items (order_id, product_id, product_name, product_price, quantity)
VALUES ('2dcf8c9e-cc4d-3ca3-5372-7b9fdf7bf41b', '38432f7f-ba41-eaa0-7e46-d791008e4b02', 'product_6', 510.0, 2);
INSERT INTO order_items (order_id, product_id, product_name, product_price, quantity)
VALUES ('2dcf8c9e-cc4d-3ca3-5372-7b9fdf7bf41b', '338bdc4d-fbd5-43ad-a7a7-3951ceca3a16', 'product_97', 260.0, 1);
INSERT INTO order_items (order_id, product_id, product_name, product_price, quantity)
VALUES ('2dcf8c9e-cc4d-3ca3-5372-7b9fdf7bf41b', 'd46f67a1-e1dd-e079-0b5c-329f6422c4d4', 'product_60', 280.0, 1);
INSERT INTO orders (id, venue_id, number, status, total_amount, opened_at, closed_at, table_number)
VALUES ('0ccb0f94-d2c0-3a20-90b4-2c5c10c03c5e', '00000000-0000-0000-0000-000000000010', '7693', 'paid', 1020.0, '2026-06-09 13:39:21', '2026-06-09 13:39:21', '1');
INSERT INTO order_items (order_id, product_id, product_name, product_price, quantity)
VALUES ('0ccb0f94-d2c0-3a20-90b4-2c5c10c03c5e', '38432f7f-ba41-eaa0-7e46-d791008e4b02', 'product_6', 510.0, 1);
INSERT INTO order_items (order_id, product_id, product_name, product_price, quantity)
VALUES ('0ccb0f94-d2c0-3a20-90b4-2c5c10c03c5e', 'b9bdca4d-a423-6c36-2351-10cf52ff0eec', 'product_230', 0.0, 1);
INSERT INTO order_items (order_id, product_id, product_name, product_price, quantity)
VALUES ('0ccb0f94-d2c0-3a20-90b4-2c5c10c03c5e', '021231f4-e9fa-ecbb-5f2a-ad1321ca42ea', 'product_59', 230.0, 1);
INSERT INTO order_items (order_id, product_id, product_name, product_price, quantity)
VALUES ('0ccb0f94-d2c0-3a20-90b4-2c5c10c03c5e', 'd46f67a1-e1dd-e079-0b5c-329f6422c4d4', 'product_60', 280.0, 1);
INSERT INTO orders (id, venue_id, number, status, total_amount, opened_at, closed_at, table_number)
VALUES ('ae4a8a69-2977-0bbd-2692-016b599d8aa0', '00000000-0000-0000-0000-000000000010', '7688', 'paid', 2150.0, '2026-06-09 11:38:31', '2026-06-09 11:38:31', '13');
INSERT INTO order_items (order_id, product_id, product_name, product_price, quantity)
VALUES ('ae4a8a69-2977-0bbd-2692-016b599d8aa0', 'ec61223f-a380-dd08-f9eb-461b3c2f80e6', 'product_163', 120.0, 2);
INSERT INTO order_items (order_id, product_id, product_name, product_price, quantity)
VALUES ('ae4a8a69-2977-0bbd-2692-016b599d8aa0', 'c0fb869e-f434-07cb-f666-b9f7e55d4032', 'product_113', 770.0, 1);
INSERT INTO order_items (order_id, product_id, product_name, product_price, quantity)
VALUES ('ae4a8a69-2977-0bbd-2692-016b599d8aa0', '30d3c4b2-8d8b-4d91-9c67-b3d72ab218cc', 'product_129', 470.0, 1);
INSERT INTO order_items (order_id, product_id, product_name, product_price, quantity)
VALUES ('ae4a8a69-2977-0bbd-2692-016b599d8aa0', '5c3938ac-271e-5674-37aa-116c20435202', 'product_234', 370.0, 1);
INSERT INTO order_items (order_id, product_id, product_name, product_price, quantity)
VALUES ('ae4a8a69-2977-0bbd-2692-016b599d8aa0', '94d2bddc-c99f-2985-f8eb-9d8a4a995ad3', 'product_10', 300.0, 1);
INSERT INTO payments (order_id, venue_id, method, amount)
VALUES ('ae4a8a69-2977-0bbd-2692-016b599d8aa0', '00000000-0000-0000-0000-000000000010', 'card', 2150.0);
INSERT INTO orders (id, venue_id, number, status, total_amount, opened_at, closed_at, table_number)
VALUES ('2007d2cd-5a5b-25f0-addc-a7226943af6e', '00000000-0000-0000-0000-000000000010', '7685', 'paid', 2210.0, '2026-06-09 10:37:20', '2026-06-09 10:37:20', '11');
INSERT INTO order_items (order_id, product_id, product_name, product_price, quantity)
VALUES ('2007d2cd-5a5b-25f0-addc-a7226943af6e', 'd46f67a1-e1dd-e079-0b5c-329f6422c4d4', 'product_60', 280.0, 1);
INSERT INTO order_items (order_id, product_id, product_name, product_price, quantity)
VALUES ('2007d2cd-5a5b-25f0-addc-a7226943af6e', '0f7cfc79-3a3f-41ac-1aa4-b27431de9236', 'product_29', 620.0, 1);
INSERT INTO order_items (order_id, product_id, product_name, product_price, quantity)
VALUES ('2007d2cd-5a5b-25f0-addc-a7226943af6e', '9a06fa1f-d2b5-1b6f-d6c5-37c2ffa3adfd', 'product_168', 640.0, 1);
INSERT INTO order_items (order_id, product_id, product_name, product_price, quantity)
VALUES ('2007d2cd-5a5b-25f0-addc-a7226943af6e', '1a9038b5-12c1-4b41-756a-ce6d8bb0fac8', 'product_114', 670.0, 1);
INSERT INTO payments (order_id, venue_id, method, amount)
VALUES ('2007d2cd-5a5b-25f0-addc-a7226943af6e', '00000000-0000-0000-0000-000000000010', 'card', 2210.0);
INSERT INTO orders (id, venue_id, number, status, total_amount, opened_at, closed_at, table_number)
VALUES ('a61fb5cc-64ea-3f3f-0285-e3d3e98fcf60', '00000000-0000-0000-0000-000000000010', '7690', 'paid', 4540.0, '2026-06-08 20:29:01', '2026-06-08 20:29:01', '10');
INSERT INTO order_items (order_id, product_id, product_name, product_price, quantity)
VALUES ('a61fb5cc-64ea-3f3f-0285-e3d3e98fcf60', '7ddbed72-7deb-5ee4-0634-41d52192bad1', 'product_23', 1750.0, 2);
INSERT INTO order_items (order_id, product_id, product_name, product_price, quantity)
VALUES ('a61fb5cc-64ea-3f3f-0285-e3d3e98fcf60', '8b7920ef-e954-d760-2a69-99cafc830c2e', 'product_171', 270.0, 1);
INSERT INTO order_items (order_id, product_id, product_name, product_price, quantity)
VALUES ('a61fb5cc-64ea-3f3f-0285-e3d3e98fcf60', 'bc75aa2b-4910-21bf-56ff-d9769b039d8e', 'product_47', 220.0, 1);
INSERT INTO order_items (order_id, product_id, product_name, product_price, quantity)
VALUES ('a61fb5cc-64ea-3f3f-0285-e3d3e98fcf60', '1649694a-a1df-1a36-ccd0-08ba48ab2fd1', 'product_36', 550.0, 1);
INSERT INTO payments (order_id, venue_id, method, amount)
VALUES ('a61fb5cc-64ea-3f3f-0285-e3d3e98fcf60', '00000000-0000-0000-0000-000000000010', 'cash', 4540.0);
INSERT INTO orders (id, venue_id, number, status, total_amount, opened_at, closed_at, table_number)
VALUES ('31042462-e1c2-c098-e0e7-52ae19b60982', '00000000-0000-0000-0000-000000000010', '7689', 'paid', 430.0, '2026-06-08 19:32:31', '2026-06-08 19:32:31', '9');
INSERT INTO order_items (order_id, product_id, product_name, product_price, quantity)
VALUES ('31042462-e1c2-c098-e0e7-52ae19b60982', '3d7e22b7-98eb-25da-ac3b-90e987e6829c', 'product_143', 430.0, 1);
INSERT INTO payments (order_id, venue_id, method, amount)
VALUES ('31042462-e1c2-c098-e0e7-52ae19b60982', '00000000-0000-0000-0000-000000000010', 'card', 430.0);
INSERT INTO orders (id, venue_id, number, status, total_amount, opened_at, closed_at, table_number)
VALUES ('35cc858c-a96c-82b2-e514-376ddc1b2b73', '00000000-0000-0000-0000-000000000010', '7687', 'paid', 6900.0, '2026-06-08 18:53:08', '2026-06-08 18:53:08', '12');
INSERT INTO order_items (order_id, product_id, product_name, product_price, quantity)
VALUES ('35cc858c-a96c-82b2-e514-376ddc1b2b73', 'fdb6f575-fe3f-282e-93d0-1dad56530fa5', 'product_15', 640.0, 1);
INSERT INTO order_items (order_id, product_id, product_name, product_price, quantity)
VALUES ('35cc858c-a96c-82b2-e514-376ddc1b2b73', '9a06fa1f-d2b5-1b6f-d6c5-37c2ffa3adfd', 'product_168', 640.0, 1);
INSERT INTO order_items (order_id, product_id, product_name, product_price, quantity)
VALUES ('35cc858c-a96c-82b2-e514-376ddc1b2b73', 'badf5f45-b516-78fa-fbe7-ff32ed526953', 'product_226', 720.0, 1);
INSERT INTO order_items (order_id, product_id, product_name, product_price, quantity)
VALUES ('35cc858c-a96c-82b2-e514-376ddc1b2b73', 'c0fb869e-f434-07cb-f666-b9f7e55d4032', 'product_113', 770.0, 1);
INSERT INTO order_items (order_id, product_id, product_name, product_price, quantity)
VALUES ('35cc858c-a96c-82b2-e514-376ddc1b2b73', '6e00b5a0-6b62-d942-73e4-86982bcae389', 'product_21', 1370.0, 1);
INSERT INTO order_items (order_id, product_id, product_name, product_price, quantity)
VALUES ('35cc858c-a96c-82b2-e514-376ddc1b2b73', '7ddbed72-7deb-5ee4-0634-41d52192bad1', 'product_23', 1750.0, 1);
INSERT INTO order_items (order_id, product_id, product_name, product_price, quantity)
VALUES ('35cc858c-a96c-82b2-e514-376ddc1b2b73', '1649694a-a1df-1a36-ccd0-08ba48ab2fd1', 'product_36', 550.0, 1);
INSERT INTO order_items (order_id, product_id, product_name, product_price, quantity)
VALUES ('35cc858c-a96c-82b2-e514-376ddc1b2b73', 'eb1260af-ca5f-c811-fd1c-bf1664229477', 'product_115', 310.0, 1);
INSERT INTO order_items (order_id, product_id, product_name, product_price, quantity)
VALUES ('35cc858c-a96c-82b2-e514-376ddc1b2b73', '2a282418-43ba-4155-2773-748bfe3b0561', 'product_186', 100.0, 1);
INSERT INTO order_items (order_id, product_id, product_name, product_price, quantity)
VALUES ('35cc858c-a96c-82b2-e514-376ddc1b2b73', 'ba6fbcf2-1f2b-909a-e5f9-b9c5fe635c92', 'product_187', 50.0, 1);
INSERT INTO payments (order_id, venue_id, method, amount)
VALUES ('35cc858c-a96c-82b2-e514-376ddc1b2b73', '00000000-0000-0000-0000-000000000010', 'cash', 6900.0);
INSERT INTO orders (id, venue_id, number, status, total_amount, opened_at, closed_at, table_number)
VALUES ('b9da3885-7191-6e3f-4643-c4c4c6c91de7', '00000000-0000-0000-0000-000000000010', '7683', 'paid', 750.0, '2026-06-08 17:16:27', '2026-06-08 17:16:27', '13');
INSERT INTO order_items (order_id, product_id, product_name, product_price, quantity)
VALUES ('b9da3885-7191-6e3f-4643-c4c4c6c91de7', 'b9bdca4d-a423-6c36-2351-10cf52ff0eec', 'product_230', 0.0, 1);
INSERT INTO order_items (order_id, product_id, product_name, product_price, quantity)
VALUES ('b9da3885-7191-6e3f-4643-c4c4c6c91de7', 'ec61223f-a380-dd08-f9eb-461b3c2f80e6', 'product_163', 120.0, 2);
INSERT INTO order_items (order_id, product_id, product_name, product_price, quantity)
VALUES ('b9da3885-7191-6e3f-4643-c4c4c6c91de7', '021231f4-e9fa-ecbb-5f2a-ad1321ca42ea', 'product_59', 230.0, 1);
INSERT INTO order_items (order_id, product_id, product_name, product_price, quantity)
VALUES ('b9da3885-7191-6e3f-4643-c4c4c6c91de7', 'd46f67a1-e1dd-e079-0b5c-329f6422c4d4', 'product_60', 280.0, 1);
INSERT INTO orders (id, venue_id, number, status, total_amount, opened_at, closed_at, table_number)
VALUES ('5a40be39-0ffa-c81a-a8ad-568eba6ec550', '00000000-0000-0000-0000-000000000010', '7684', 'paid', 1440.0, '2026-06-08 17:16:24', '2026-06-08 17:16:24', '11');
INSERT INTO order_items (order_id, product_id, product_name, product_price, quantity)
VALUES ('5a40be39-0ffa-c81a-a8ad-568eba6ec550', 'b9bdca4d-a423-6c36-2351-10cf52ff0eec', 'product_230', 0.0, 1);
INSERT INTO order_items (order_id, product_id, product_name, product_price, quantity)
VALUES ('5a40be39-0ffa-c81a-a8ad-568eba6ec550', '94d2bddc-c99f-2985-f8eb-9d8a4a995ad3', 'product_10', 300.0, 1);
INSERT INTO order_items (order_id, product_id, product_name, product_price, quantity)
VALUES ('5a40be39-0ffa-c81a-a8ad-568eba6ec550', '8d266d35-f6a4-b267-e097-564510f7f857', 'product_12', 270.0, 1);
INSERT INTO order_items (order_id, product_id, product_name, product_price, quantity)
VALUES ('5a40be39-0ffa-c81a-a8ad-568eba6ec550', 'ec61223f-a380-dd08-f9eb-461b3c2f80e6', 'product_163', 120.0, 1);
INSERT INTO order_items (order_id, product_id, product_name, product_price, quantity)
VALUES ('5a40be39-0ffa-c81a-a8ad-568eba6ec550', 'd46f67a1-e1dd-e079-0b5c-329f6422c4d4', 'product_60', 280.0, 2);
INSERT INTO order_items (order_id, product_id, product_name, product_price, quantity)
VALUES ('5a40be39-0ffa-c81a-a8ad-568eba6ec550', '0caff6fe-c574-8665-33ca-5f2cee71ebb2', 'product_35', 190.0, 1);
INSERT INTO orders (id, venue_id, number, status, total_amount, opened_at, closed_at, table_number)
VALUES ('5c337e13-162f-1011-5e7a-e595aea0b28d', '00000000-0000-0000-0000-000000000010', '7686', 'paid', 1600.0, '2026-06-08 16:06:40', '2026-06-08 16:06:40', '9');
INSERT INTO order_items (order_id, product_id, product_name, product_price, quantity)
VALUES ('5c337e13-162f-1011-5e7a-e595aea0b28d', 'df7c2c21-ccac-5baf-78ab-7927f7db522f', 'product_137', 160.0, 10);
INSERT INTO payments (order_id, venue_id, method, amount)
VALUES ('5c337e13-162f-1011-5e7a-e595aea0b28d', '00000000-0000-0000-0000-000000000010', 'card', 1600.0);
INSERT INTO orders (id, venue_id, number, status, total_amount, opened_at, closed_at, table_number)
VALUES ('a9042793-fb19-7b9f-6a31-0cd8456e97a1', '00000000-0000-0000-0000-000000000010', '7679', 'paid', 11580.0, '2026-06-07 22:11:56', '2026-06-07 22:11:56', '12');
INSERT INTO order_items (order_id, product_id, product_name, product_price, quantity)
VALUES ('a9042793-fb19-7b9f-6a31-0cd8456e97a1', 'fdb6f575-fe3f-282e-93d0-1dad56530fa5', 'product_15', 640.0, 1);
INSERT INTO order_items (order_id, product_id, product_name, product_price, quantity)
VALUES ('a9042793-fb19-7b9f-6a31-0cd8456e97a1', '951f4bf6-be55-0e75-59a9-7e580a0d07c4', 'product_14', 640.0, 1);
INSERT INTO order_items (order_id, product_id, product_name, product_price, quantity)
VALUES ('a9042793-fb19-7b9f-6a31-0cd8456e97a1', '1a9038b5-12c1-4b41-756a-ce6d8bb0fac8', 'product_114', 670.0, 2);
INSERT INTO order_items (order_id, product_id, product_name, product_price, quantity)
VALUES ('a9042793-fb19-7b9f-6a31-0cd8456e97a1', '62cdaaca-f6e8-fe1a-af41-d7fc95a79021', 'product_167', 40.0, 2);
INSERT INTO order_items (order_id, product_id, product_name, product_price, quantity)
VALUES ('a9042793-fb19-7b9f-6a31-0cd8456e97a1', 'c0fb869e-f434-07cb-f666-b9f7e55d4032', 'product_113', 770.0, 1);
INSERT INTO order_items (order_id, product_id, product_name, product_price, quantity)
VALUES ('a9042793-fb19-7b9f-6a31-0cd8456e97a1', '7ddbed72-7deb-5ee4-0634-41d52192bad1', 'product_23', 1750.0, 1);
INSERT INTO order_items (order_id, product_id, product_name, product_price, quantity)
VALUES ('a9042793-fb19-7b9f-6a31-0cd8456e97a1', 'be5a3d23-0a5b-1ce3-2f38-ba9348e91024', 'product_207', 1750.0, 1);
INSERT INTO order_items (order_id, product_id, product_name, product_price, quantity)
VALUES ('a9042793-fb19-7b9f-6a31-0cd8456e97a1', '8b7920ef-e954-d760-2a69-99cafc830c2e', 'product_171', 270.0, 1);
INSERT INTO order_items (order_id, product_id, product_name, product_price, quantity)
VALUES ('a9042793-fb19-7b9f-6a31-0cd8456e97a1', '81b3193a-f1f9-6ba6-5630-5c911f0c4a69', 'product_48', 220.0, 1);
INSERT INTO order_items (order_id, product_id, product_name, product_price, quantity)
VALUES ('a9042793-fb19-7b9f-6a31-0cd8456e97a1', 'f35a1ebf-94b4-c196-4fdb-5698a8e21330', 'product_170', 820.0, 1);
INSERT INTO order_items (order_id, product_id, product_name, product_price, quantity)
VALUES ('a9042793-fb19-7b9f-6a31-0cd8456e97a1', 'eb1260af-ca5f-c811-fd1c-bf1664229477', 'product_115', 310.0, 5);
INSERT INTO order_items (order_id, product_id, product_name, product_price, quantity)
VALUES ('a9042793-fb19-7b9f-6a31-0cd8456e97a1', '4cb15d99-ad0e-d256-a257-afdad4bf887e', 'product_110', 1750.0, 1);
INSERT INTO payments (order_id, venue_id, method, amount)
VALUES ('a9042793-fb19-7b9f-6a31-0cd8456e97a1', '00000000-0000-0000-0000-000000000010', 'card', 11580.0);
INSERT INTO orders (id, venue_id, number, status, total_amount, opened_at, closed_at, table_number)
VALUES ('3b8b8dd6-84a3-9eed-ecfc-b4b15faf550e', '00000000-0000-0000-0000-000000000010', '7682', 'paid', 1580.0, '2026-06-07 21:59:44', '2026-06-07 21:59:44', '16');
INSERT INTO order_items (order_id, product_id, product_name, product_price, quantity)
VALUES ('3b8b8dd6-84a3-9eed-ecfc-b4b15faf550e', '0f7cfc79-3a3f-41ac-1aa4-b27431de9236', 'product_29', 620.0, 1);
INSERT INTO order_items (order_id, product_id, product_name, product_price, quantity)
VALUES ('3b8b8dd6-84a3-9eed-ecfc-b4b15faf550e', 'c0fb869e-f434-07cb-f666-b9f7e55d4032', 'product_113', 770.0, 1);
INSERT INTO order_items (order_id, product_id, product_name, product_price, quantity)
VALUES ('3b8b8dd6-84a3-9eed-ecfc-b4b15faf550e', 'a2b39819-292c-0b80-799d-c77d7020fc9d', 'product_34', 190.0, 1);
INSERT INTO payments (order_id, venue_id, method, amount)
VALUES ('3b8b8dd6-84a3-9eed-ecfc-b4b15faf550e', '00000000-0000-0000-0000-000000000010', 'card', 1580.0);
INSERT INTO orders (id, venue_id, number, status, total_amount, opened_at, closed_at, table_number)
VALUES ('0a77d2de-550f-6411-0318-55e95d73adbb', '00000000-0000-0000-0000-000000000010', '7681', 'paid', 190.0, '2026-06-07 21:06:54', '2026-06-07 21:06:54', '1');
INSERT INTO order_items (order_id, product_id, product_name, product_price, quantity)
VALUES ('0a77d2de-550f-6411-0318-55e95d73adbb', '0caff6fe-c574-8665-33ca-5f2cee71ebb2', 'product_35', 190.0, 1);
INSERT INTO payments (order_id, venue_id, method, amount)
VALUES ('0a77d2de-550f-6411-0318-55e95d73adbb', '00000000-0000-0000-0000-000000000010', 'card', 190.0);
INSERT INTO orders (id, venue_id, number, status, total_amount, opened_at, closed_at, table_number)
VALUES ('1f3118a6-65bd-9238-77db-646c2e4c6c9c', '00000000-0000-0000-0000-000000000010', '7675', 'paid', 2170.0, '2026-06-07 20:58:03', '2026-06-07 20:58:03', '9');
INSERT INTO order_items (order_id, product_id, product_name, product_price, quantity)
VALUES ('1f3118a6-65bd-9238-77db-646c2e4c6c9c', '39a3cd60-263c-c0b3-ee54-c5b493db41cc', 'product_124', 2170.0, 1);
INSERT INTO payments (order_id, venue_id, method, amount)
VALUES ('1f3118a6-65bd-9238-77db-646c2e4c6c9c', '00000000-0000-0000-0000-000000000010', 'card', 2170.0);
INSERT INTO orders (id, venue_id, number, status, total_amount, opened_at, closed_at, table_number)
VALUES ('994d06dd-2207-6256-04b5-254f12ea11c4', '00000000-0000-0000-0000-000000000010', '7680', 'paid', 2030.0, '2026-06-07 20:20:45', '2026-06-07 20:20:45', '1');
INSERT INTO order_items (order_id, product_id, product_name, product_price, quantity)
VALUES ('994d06dd-2207-6256-04b5-254f12ea11c4', '260b99e2-59bd-a3dc-c313-434aff0daf54', 'product_144', 190.0, 1);
INSERT INTO order_items (order_id, product_id, product_name, product_price, quantity)
VALUES ('994d06dd-2207-6256-04b5-254f12ea11c4', 'fdb6f575-fe3f-282e-93d0-1dad56530fa5', 'product_15', 640.0, 1);
INSERT INTO order_items (order_id, product_id, product_name, product_price, quantity)
VALUES ('994d06dd-2207-6256-04b5-254f12ea11c4', 'c0fb869e-f434-07cb-f666-b9f7e55d4032', 'product_113', 770.0, 1);
INSERT INTO order_items (order_id, product_id, product_name, product_price, quantity)
VALUES ('994d06dd-2207-6256-04b5-254f12ea11c4', 'd56291c3-0b81-82df-41d8-2bffd8869d31', 'product_140', 430.0, 1);
INSERT INTO payments (order_id, venue_id, method, amount)
VALUES ('994d06dd-2207-6256-04b5-254f12ea11c4', '00000000-0000-0000-0000-000000000010', 'card', 2030.0);
INSERT INTO orders (id, venue_id, number, status, total_amount, opened_at, closed_at, table_number)
VALUES ('c78534fd-8508-08a0-0651-e79f15dbfadd', '00000000-0000-0000-0000-000000000010', '7678', 'paid', 7720.0, '2026-06-07 19:25:00', '2026-06-07 19:25:00', '7');
INSERT INTO order_items (order_id, product_id, product_name, product_price, quantity)
VALUES ('c78534fd-8508-08a0-0651-e79f15dbfadd', '0f7cfc79-3a3f-41ac-1aa4-b27431de9236', 'product_29', 620.0, 1);
INSERT INTO order_items (order_id, product_id, product_name, product_price, quantity)
VALUES ('c78534fd-8508-08a0-0651-e79f15dbfadd', '951f4bf6-be55-0e75-59a9-7e580a0d07c4', 'product_14', 640.0, 1);
INSERT INTO order_items (order_id, product_id, product_name, product_price, quantity)
VALUES ('c78534fd-8508-08a0-0651-e79f15dbfadd', 'fdb6f575-fe3f-282e-93d0-1dad56530fa5', 'product_15', 640.0, 1);
INSERT INTO order_items (order_id, product_id, product_name, product_price, quantity)
VALUES ('c78534fd-8508-08a0-0651-e79f15dbfadd', 'bc75aa2b-4910-21bf-56ff-d9769b039d8e', 'product_47', 220.0, 1);
INSERT INTO order_items (order_id, product_id, product_name, product_price, quantity)
VALUES ('c78534fd-8508-08a0-0651-e79f15dbfadd', 'c0fb869e-f434-07cb-f666-b9f7e55d4032', 'product_113', 770.0, 1);
INSERT INTO order_items (order_id, product_id, product_name, product_price, quantity)
VALUES ('c78534fd-8508-08a0-0651-e79f15dbfadd', '3e9ef73d-3da6-3a82-456a-d27d4a1c4254', 'product_49', 220.0, 1);
INSERT INTO order_items (order_id, product_id, product_name, product_price, quantity)
VALUES ('c78534fd-8508-08a0-0651-e79f15dbfadd', 'be5a3d23-0a5b-1ce3-2f38-ba9348e91024', 'product_207', 1750.0, 1);
INSERT INTO order_items (order_id, product_id, product_name, product_price, quantity)
VALUES ('c78534fd-8508-08a0-0651-e79f15dbfadd', '6e00b5a0-6b62-d942-73e4-86982bcae389', 'product_21', 1370.0, 1);
INSERT INTO order_items (order_id, product_id, product_name, product_price, quantity)
VALUES ('c78534fd-8508-08a0-0651-e79f15dbfadd', 'a2b39819-292c-0b80-799d-c77d7020fc9d', 'product_34', 190.0, 2);
INSERT INTO order_items (order_id, product_id, product_name, product_price, quantity)
VALUES ('c78534fd-8508-08a0-0651-e79f15dbfadd', 'd56291c3-0b81-82df-41d8-2bffd8869d31', 'product_140', 430.0, 1);
INSERT INTO order_items (order_id, product_id, product_name, product_price, quantity)
VALUES ('c78534fd-8508-08a0-0651-e79f15dbfadd', '1649694a-a1df-1a36-ccd0-08ba48ab2fd1', 'product_36', 550.0, 1);
INSERT INTO order_items (order_id, product_id, product_name, product_price, quantity)
VALUES ('c78534fd-8508-08a0-0651-e79f15dbfadd', '966437e8-b784-92e7-0afa-ff8bde6f1e53', 'product_145', 130.0, 1);
INSERT INTO payments (order_id, venue_id, method, amount)
VALUES ('c78534fd-8508-08a0-0651-e79f15dbfadd', '00000000-0000-0000-0000-000000000010', 'card', 7720.0);
INSERT INTO orders (id, venue_id, number, status, total_amount, opened_at, closed_at, table_number)
VALUES ('b063b0f0-cfb0-a793-64e7-c6e80fd5957b', '00000000-0000-0000-0000-000000000010', '7676', 'paid', 4990.0, '2026-06-07 18:05:02', '2026-06-07 18:05:02', '11');
INSERT INTO order_items (order_id, product_id, product_name, product_price, quantity)
VALUES ('b063b0f0-cfb0-a793-64e7-c6e80fd5957b', '627b586a-57c8-d217-1549-c47bb32192ac', 'product_26', 460.0, 3);
INSERT INTO order_items (order_id, product_id, product_name, product_price, quantity)
VALUES ('b063b0f0-cfb0-a793-64e7-c6e80fd5957b', '0f7cfc79-3a3f-41ac-1aa4-b27431de9236', 'product_29', 620.0, 1);
INSERT INTO order_items (order_id, product_id, product_name, product_price, quantity)
VALUES ('b063b0f0-cfb0-a793-64e7-c6e80fd5957b', 'fdb6f575-fe3f-282e-93d0-1dad56530fa5', 'product_15', 640.0, 1);
INSERT INTO order_items (order_id, product_id, product_name, product_price, quantity)
VALUES ('b063b0f0-cfb0-a793-64e7-c6e80fd5957b', '09d9bcce-e54b-d518-c5bf-1c5d4b683d38', 'product_50', 200.0, 1);
INSERT INTO order_items (order_id, product_id, product_name, product_price, quantity)
VALUES ('b063b0f0-cfb0-a793-64e7-c6e80fd5957b', 'f35a1ebf-94b4-c196-4fdb-5698a8e21330', 'product_170', 820.0, 1);
INSERT INTO order_items (order_id, product_id, product_name, product_price, quantity)
VALUES ('b063b0f0-cfb0-a793-64e7-c6e80fd5957b', 'c0fb869e-f434-07cb-f666-b9f7e55d4032', 'product_113', 770.0, 1);
INSERT INTO order_items (order_id, product_id, product_name, product_price, quantity)
VALUES ('b063b0f0-cfb0-a793-64e7-c6e80fd5957b', 'd46f67a1-e1dd-e079-0b5c-329f6422c4d4', 'product_60', 280.0, 2);
INSERT INTO payments (order_id, venue_id, method, amount)
VALUES ('b063b0f0-cfb0-a793-64e7-c6e80fd5957b', '00000000-0000-0000-0000-000000000010', 'card', 4990.0);
INSERT INTO orders (id, venue_id, number, status, total_amount, opened_at, closed_at, table_number)
VALUES ('2ff1dbfc-4d1f-231a-3391-b1187830016f', '00000000-0000-0000-0000-000000000010', '7677', 'paid', 3380.0, '2026-06-07 17:38:11', '2026-06-07 17:38:11', '8');
INSERT INTO order_items (order_id, product_id, product_name, product_price, quantity)
VALUES ('2ff1dbfc-4d1f-231a-3391-b1187830016f', 'c0fb869e-f434-07cb-f666-b9f7e55d4032', 'product_113', 770.0, 3);
INSERT INTO order_items (order_id, product_id, product_name, product_price, quantity)
VALUES ('2ff1dbfc-4d1f-231a-3391-b1187830016f', '7a291d79-c795-0f76-118b-25d10a078238', 'product_191', 370.0, 1);
INSERT INTO order_items (order_id, product_id, product_name, product_price, quantity)
VALUES ('2ff1dbfc-4d1f-231a-3391-b1187830016f', 'ce90a2e4-a08b-570d-aca7-50bb5d2d0ab2', 'product_112', 440.0, 1);
INSERT INTO order_items (order_id, product_id, product_name, product_price, quantity)
VALUES ('2ff1dbfc-4d1f-231a-3391-b1187830016f', '73f062e8-2ade-a467-1943-fa856c717a43', 'product_51', 260.0, 1);
INSERT INTO payments (order_id, venue_id, method, amount)
VALUES ('2ff1dbfc-4d1f-231a-3391-b1187830016f', '00000000-0000-0000-0000-000000000010', 'card', 3380.0);
INSERT INTO orders (id, venue_id, number, status, total_amount, opened_at, closed_at, table_number)
VALUES ('23cdd09a-0b7c-593d-46f7-72762a81f779', '00000000-0000-0000-0000-000000000010', '7668', 'paid', 460.0, '2026-06-07 13:40:41', '2026-06-07 13:40:41', '15');
INSERT INTO order_items (order_id, product_id, product_name, product_price, quantity)
VALUES ('23cdd09a-0b7c-593d-46f7-72762a81f779', '2836be19-8d27-0aa1-68ed-3bbc6cf94fb8', 'product_13', 270.0, 1);
INSERT INTO order_items (order_id, product_id, product_name, product_price, quantity)
VALUES ('23cdd09a-0b7c-593d-46f7-72762a81f779', '0caff6fe-c574-8665-33ca-5f2cee71ebb2', 'product_35', 190.0, 1);
INSERT INTO orders (id, venue_id, number, status, total_amount, opened_at, closed_at, table_number)
VALUES ('7ae61b70-401e-c235-abf6-d739a37afd67', '00000000-0000-0000-0000-000000000010', '7672', 'paid', 1230.0, '2026-06-07 13:40:32', '2026-06-07 13:40:32', '13');
INSERT INTO order_items (order_id, product_id, product_name, product_price, quantity)
VALUES ('7ae61b70-401e-c235-abf6-d739a37afd67', '38432f7f-ba41-eaa0-7e46-d791008e4b02', 'product_6', 510.0, 1);
INSERT INTO order_items (order_id, product_id, product_name, product_price, quantity)
VALUES ('7ae61b70-401e-c235-abf6-d739a37afd67', 'ec61223f-a380-dd08-f9eb-461b3c2f80e6', 'product_163', 120.0, 1);
INSERT INTO order_items (order_id, product_id, product_name, product_price, quantity)
VALUES ('7ae61b70-401e-c235-abf6-d739a37afd67', '021231f4-e9fa-ecbb-5f2a-ad1321ca42ea', 'product_59', 230.0, 1);
INSERT INTO order_items (order_id, product_id, product_name, product_price, quantity)
VALUES ('7ae61b70-401e-c235-abf6-d739a37afd67', '09d404dd-f87b-b319-4eda-9ce7c697868d', 'product_32', 370.0, 1);
INSERT INTO orders (id, venue_id, number, status, total_amount, opened_at, closed_at, table_number)
VALUES ('b4ff43e5-1f2d-9d99-337a-4f7776b6a49b', '00000000-0000-0000-0000-000000000010', '7669', 'paid', 970.0, '2026-06-07 13:40:29', '2026-06-07 13:40:29', '12');
INSERT INTO order_items (order_id, product_id, product_name, product_price, quantity)
VALUES ('b4ff43e5-1f2d-9d99-337a-4f7776b6a49b', 'b9bdca4d-a423-6c36-2351-10cf52ff0eec', 'product_230', 0.0, 1);
INSERT INTO order_items (order_id, product_id, product_name, product_price, quantity)
VALUES ('b4ff43e5-1f2d-9d99-337a-4f7776b6a49b', '38432f7f-ba41-eaa0-7e46-d791008e4b02', 'product_6', 510.0, 1);
INSERT INTO order_items (order_id, product_id, product_name, product_price, quantity)
VALUES ('b4ff43e5-1f2d-9d99-337a-4f7776b6a49b', 'da98da7c-a663-0228-294e-97c1fae50fd1', 'product_54', 180.0, 1);
INSERT INTO order_items (order_id, product_id, product_name, product_price, quantity)
VALUES ('b4ff43e5-1f2d-9d99-337a-4f7776b6a49b', 'd46f67a1-e1dd-e079-0b5c-329f6422c4d4', 'product_60', 280.0, 1);
INSERT INTO orders (id, venue_id, number, status, total_amount, opened_at, closed_at, table_number)
VALUES ('31f46f8c-bde7-9677-d852-66e92fb8e509', '00000000-0000-0000-0000-000000000010', '7671', 'paid', 650.0, '2026-06-07 13:40:25', '2026-06-07 13:40:25', '11');
INSERT INTO order_items (order_id, product_id, product_name, product_price, quantity)
VALUES ('31f46f8c-bde7-9677-d852-66e92fb8e509', '12dd0c72-4671-5cd8-b7da-98389426555c', 'product_228', 0.0, 1);
INSERT INTO order_items (order_id, product_id, product_name, product_price, quantity)
VALUES ('31f46f8c-bde7-9677-d852-66e92fb8e509', 'b9bdca4d-a423-6c36-2351-10cf52ff0eec', 'product_230', 0.0, 4);
INSERT INTO order_items (order_id, product_id, product_name, product_price, quantity)
VALUES ('31f46f8c-bde7-9677-d852-66e92fb8e509', '021231f4-e9fa-ecbb-5f2a-ad1321ca42ea', 'product_59', 230.0, 2);
INSERT INTO order_items (order_id, product_id, product_name, product_price, quantity)
VALUES ('31f46f8c-bde7-9677-d852-66e92fb8e509', '0caff6fe-c574-8665-33ca-5f2cee71ebb2', 'product_35', 190.0, 1);
INSERT INTO orders (id, venue_id, number, status, total_amount, opened_at, closed_at, table_number)
VALUES ('93e0cccf-19f1-e0de-bcfe-8360c5cbf95c', '00000000-0000-0000-0000-000000000010', '7670', 'paid', 180.0, '2026-06-07 13:40:21', '2026-06-07 13:40:21', '10');
INSERT INTO order_items (order_id, product_id, product_name, product_price, quantity)
VALUES ('93e0cccf-19f1-e0de-bcfe-8360c5cbf95c', 'b9bdca4d-a423-6c36-2351-10cf52ff0eec', 'product_230', 0.0, 1);
INSERT INTO order_items (order_id, product_id, product_name, product_price, quantity)
VALUES ('93e0cccf-19f1-e0de-bcfe-8360c5cbf95c', 'da98da7c-a663-0228-294e-97c1fae50fd1', 'product_54', 180.0, 1);
INSERT INTO orders (id, venue_id, number, status, total_amount, opened_at, closed_at, table_number)
VALUES ('9e543a7d-1ba2-11e6-3103-86c6e9e79657', '00000000-0000-0000-0000-000000000010', '7674', 'paid', 690.0, '2026-06-07 13:05:19', '2026-06-07 13:05:19', '9');
INSERT INTO order_items (order_id, product_id, product_name, product_price, quantity)
VALUES ('9e543a7d-1ba2-11e6-3103-86c6e9e79657', '021231f4-e9fa-ecbb-5f2a-ad1321ca42ea', 'product_59', 230.0, 3);
INSERT INTO payments (order_id, venue_id, method, amount)
VALUES ('9e543a7d-1ba2-11e6-3103-86c6e9e79657', '00000000-0000-0000-0000-000000000010', 'card', 690.0);
INSERT INTO orders (id, venue_id, number, status, total_amount, opened_at, closed_at, table_number)
VALUES ('fe31f3eb-c681-760e-9f03-f8191d3f871c', '00000000-0000-0000-0000-000000000010', '7673', 'paid', 560.0, '2026-06-07 13:03:34', '2026-06-07 13:03:34', '5');
INSERT INTO order_items (order_id, product_id, product_name, product_price, quantity)
VALUES ('fe31f3eb-c681-760e-9f03-f8191d3f871c', 'd46f67a1-e1dd-e079-0b5c-329f6422c4d4', 'product_60', 280.0, 2);
INSERT INTO payments (order_id, venue_id, method, amount)
VALUES ('fe31f3eb-c681-760e-9f03-f8191d3f871c', '00000000-0000-0000-0000-000000000010', 'card', 560.0);
INSERT INTO orders (id, venue_id, number, status, total_amount, opened_at, closed_at, table_number)
VALUES ('82291e6d-97c5-331d-8c69-d915fd2ab9e2', '00000000-0000-0000-0000-000000000010', '7666', 'paid', 1810.0, '2026-06-06 22:36:19', '2026-06-06 22:36:19', '16');
INSERT INTO order_items (order_id, product_id, product_name, product_price, quantity)
VALUES ('82291e6d-97c5-331d-8c69-d915fd2ab9e2', '5c3938ac-271e-5674-37aa-116c20435202', 'product_234', 370.0, 1);
INSERT INTO order_items (order_id, product_id, product_name, product_price, quantity)
VALUES ('82291e6d-97c5-331d-8c69-d915fd2ab9e2', 'c0fb869e-f434-07cb-f666-b9f7e55d4032', 'product_113', 770.0, 1);
INSERT INTO order_items (order_id, product_id, product_name, product_price, quantity)
VALUES ('82291e6d-97c5-331d-8c69-d915fd2ab9e2', '1a9038b5-12c1-4b41-756a-ce6d8bb0fac8', 'product_114', 670.0, 1);
INSERT INTO payments (order_id, venue_id, method, amount)
VALUES ('82291e6d-97c5-331d-8c69-d915fd2ab9e2', '00000000-0000-0000-0000-000000000010', 'card', 1810.0);
INSERT INTO orders (id, venue_id, number, status, total_amount, opened_at, closed_at, table_number)
VALUES ('7eac052b-93e2-8f9a-371f-8bb30b77dde6', '00000000-0000-0000-0000-000000000010', '7667', 'paid', 1370.0, '2026-06-06 21:34:04', '2026-06-06 21:34:04', '10');
INSERT INTO order_items (order_id, product_id, product_name, product_price, quantity)
VALUES ('7eac052b-93e2-8f9a-371f-8bb30b77dde6', '6e00b5a0-6b62-d942-73e4-86982bcae389', 'product_21', 1370.0, 1);
INSERT INTO payments (order_id, venue_id, method, amount)
VALUES ('7eac052b-93e2-8f9a-371f-8bb30b77dde6', '00000000-0000-0000-0000-000000000010', 'card', 1370.0);
INSERT INTO orders (id, venue_id, number, status, total_amount, opened_at, closed_at, table_number)
VALUES ('c2d1aee2-a61d-8503-cda1-985b158e0767', '00000000-0000-0000-0000-000000000010', '7663', 'paid', 1560.0, '2026-06-06 21:02:39', '2026-06-06 21:02:39', '15');
INSERT INTO order_items (order_id, product_id, product_name, product_price, quantity)
VALUES ('c2d1aee2-a61d-8503-cda1-985b158e0767', '6e00b5a0-6b62-d942-73e4-86982bcae389', 'product_21', 1370.0, 1);
INSERT INTO order_items (order_id, product_id, product_name, product_price, quantity)
VALUES ('c2d1aee2-a61d-8503-cda1-985b158e0767', 'a2b39819-292c-0b80-799d-c77d7020fc9d', 'product_34', 190.0, 1);
INSERT INTO payments (order_id, venue_id, method, amount)
VALUES ('c2d1aee2-a61d-8503-cda1-985b158e0767', '00000000-0000-0000-0000-000000000010', 'cash', 1560.0);
INSERT INTO orders (id, venue_id, number, status, total_amount, opened_at, closed_at, table_number)
VALUES ('3a425560-8eb9-3c3f-93f8-14f0f2ee98e0', '00000000-0000-0000-0000-000000000010', '7665', 'paid', 200.0, '2026-06-06 20:38:28', '2026-06-06 20:38:28', '1');
INSERT INTO order_items (order_id, product_id, product_name, product_price, quantity)
VALUES ('3a425560-8eb9-3c3f-93f8-14f0f2ee98e0', 'bb41c67e-d584-f041-47ad-12499e38aab2', 'product_241', 200.0, 1);
INSERT INTO payments (order_id, venue_id, method, amount)
VALUES ('3a425560-8eb9-3c3f-93f8-14f0f2ee98e0', '00000000-0000-0000-0000-000000000010', 'cash', 200.0);
INSERT INTO orders (id, venue_id, number, status, total_amount, opened_at, closed_at, table_number)
VALUES ('e9758af4-fac1-85ab-68b4-61f530d4e828', '00000000-0000-0000-0000-000000000010', '7650', 'paid', 11090.0, '2026-06-06 20:26:03', '2026-06-06 20:26:03', '11');
INSERT INTO order_items (order_id, product_id, product_name, product_price, quantity)
VALUES ('e9758af4-fac1-85ab-68b4-61f530d4e828', '86c75460-89b0-64da-2249-a8b6e678e24d', 'product_130', 500.0, 4);
INSERT INTO order_items (order_id, product_id, product_name, product_price, quantity)
VALUES ('e9758af4-fac1-85ab-68b4-61f530d4e828', '951f4bf6-be55-0e75-59a9-7e580a0d07c4', 'product_14', 640.0, 1);
INSERT INTO order_items (order_id, product_id, product_name, product_price, quantity)
VALUES ('e9758af4-fac1-85ab-68b4-61f530d4e828', 'fdb6f575-fe3f-282e-93d0-1dad56530fa5', 'product_15', 640.0, 1);
INSERT INTO order_items (order_id, product_id, product_name, product_price, quantity)
VALUES ('e9758af4-fac1-85ab-68b4-61f530d4e828', 'ce90a2e4-a08b-570d-aca7-50bb5d2d0ab2', 'product_112', 440.0, 1);
INSERT INTO order_items (order_id, product_id, product_name, product_price, quantity)
VALUES ('e9758af4-fac1-85ab-68b4-61f530d4e828', 'f5e07166-faf7-d429-5419-891577dc4984', 'product_180', 1750.0, 1);
INSERT INTO order_items (order_id, product_id, product_name, product_price, quantity)
VALUES ('e9758af4-fac1-85ab-68b4-61f530d4e828', '7ddbed72-7deb-5ee4-0634-41d52192bad1', 'product_23', 1750.0, 2);
INSERT INTO order_items (order_id, product_id, product_name, product_price, quantity)
VALUES ('e9758af4-fac1-85ab-68b4-61f530d4e828', 'be5a3d23-0a5b-1ce3-2f38-ba9348e91024', 'product_207', 1750.0, 1);
INSERT INTO order_items (order_id, product_id, product_name, product_price, quantity)
VALUES ('e9758af4-fac1-85ab-68b4-61f530d4e828', '5c3938ac-271e-5674-37aa-116c20435202', 'product_234', 370.0, 1);
INSERT INTO payments (order_id, venue_id, method, amount)
VALUES ('e9758af4-fac1-85ab-68b4-61f530d4e828', '00000000-0000-0000-0000-000000000010', 'card', 11090.0);
INSERT INTO orders (id, venue_id, number, status, total_amount, opened_at, closed_at, table_number)
VALUES ('7764611b-16a3-dd59-d1ea-98d49f2d4e7e', '00000000-0000-0000-0000-000000000010', '7664', 'paid', 190.0, '2026-06-06 20:04:10', '2026-06-06 20:04:10', '1');
INSERT INTO order_items (order_id, product_id, product_name, product_price, quantity)
VALUES ('7764611b-16a3-dd59-d1ea-98d49f2d4e7e', '260b99e2-59bd-a3dc-c313-434aff0daf54', 'product_144', 190.0, 1);
INSERT INTO payments (order_id, venue_id, method, amount)
VALUES ('7764611b-16a3-dd59-d1ea-98d49f2d4e7e', '00000000-0000-0000-0000-000000000010', 'card', 190.0);
INSERT INTO orders (id, venue_id, number, status, total_amount, opened_at, closed_at, table_number)
VALUES ('9f39dcbf-ccf0-a79d-5656-017e57cc6f83', '00000000-0000-0000-0000-000000000010', '7656', 'paid', 4210.0, '2026-06-06 19:56:51', '2026-06-06 19:56:51', '8');
INSERT INTO order_items (order_id, product_id, product_name, product_price, quantity)
VALUES ('9f39dcbf-ccf0-a79d-5656-017e57cc6f83', 'bd63cdca-84b0-4bda-520e-13725e4b4e60', 'product_33', 370.0, 1);
INSERT INTO order_items (order_id, product_id, product_name, product_price, quantity)
VALUES ('9f39dcbf-ccf0-a79d-5656-017e57cc6f83', '81b3193a-f1f9-6ba6-5630-5c911f0c4a69', 'product_48', 220.0, 1);
INSERT INTO order_items (order_id, product_id, product_name, product_price, quantity)
VALUES ('9f39dcbf-ccf0-a79d-5656-017e57cc6f83', 'fdb6f575-fe3f-282e-93d0-1dad56530fa5', 'product_15', 640.0, 1);
INSERT INTO order_items (order_id, product_id, product_name, product_price, quantity)
VALUES ('9f39dcbf-ccf0-a79d-5656-017e57cc6f83', '7ddbed72-7deb-5ee4-0634-41d52192bad1', 'product_23', 1750.0, 1);
INSERT INTO order_items (order_id, product_id, product_name, product_price, quantity)
VALUES ('9f39dcbf-ccf0-a79d-5656-017e57cc6f83', '627b586a-57c8-d217-1549-c47bb32192ac', 'product_26', 460.0, 1);
INSERT INTO order_items (order_id, product_id, product_name, product_price, quantity)
VALUES ('9f39dcbf-ccf0-a79d-5656-017e57cc6f83', 'c0fb869e-f434-07cb-f666-b9f7e55d4032', 'product_113', 770.0, 1);
INSERT INTO payments (order_id, venue_id, method, amount)
VALUES ('9f39dcbf-ccf0-a79d-5656-017e57cc6f83', '00000000-0000-0000-0000-000000000010', 'cash', 4210.0);
INSERT INTO orders (id, venue_id, number, status, total_amount, opened_at, closed_at, table_number)
VALUES ('53b36f0c-e7b6-14a5-5554-5960491bef38', '00000000-0000-0000-0000-000000000010', '7652', 'paid', 4510.0, '2026-06-06 19:43:46', '2026-06-06 19:43:46', '4');
INSERT INTO order_items (order_id, product_id, product_name, product_price, quantity)
VALUES ('53b36f0c-e7b6-14a5-5554-5960491bef38', 'f5e07166-faf7-d429-5419-891577dc4984', 'product_180', 1750.0, 1);
INSERT INTO order_items (order_id, product_id, product_name, product_price, quantity)
VALUES ('53b36f0c-e7b6-14a5-5554-5960491bef38', '7ddbed72-7deb-5ee4-0634-41d52192bad1', 'product_23', 1750.0, 1);
INSERT INTO order_items (order_id, product_id, product_name, product_price, quantity)
VALUES ('53b36f0c-e7b6-14a5-5554-5960491bef38', '951f4bf6-be55-0e75-59a9-7e580a0d07c4', 'product_14', 640.0, 1);
INSERT INTO order_items (order_id, product_id, product_name, product_price, quantity)
VALUES ('53b36f0c-e7b6-14a5-5554-5960491bef38', '5c3938ac-271e-5674-37aa-116c20435202', 'product_234', 370.0, 1);
INSERT INTO payments (order_id, venue_id, method, amount)
VALUES ('53b36f0c-e7b6-14a5-5554-5960491bef38', '00000000-0000-0000-0000-000000000010', 'card', 4510.0);
INSERT INTO orders (id, venue_id, number, status, total_amount, opened_at, closed_at, table_number)
VALUES ('fcd7f645-13e6-0bea-9d9c-a0c89f75b8f2', '00000000-0000-0000-0000-000000000010', '7658', 'paid', 1600.0, '2026-06-06 19:35:04', '2026-06-06 19:35:04', '5');
INSERT INTO order_items (order_id, product_id, product_name, product_price, quantity)
VALUES ('fcd7f645-13e6-0bea-9d9c-a0c89f75b8f2', '021231f4-e9fa-ecbb-5f2a-ad1321ca42ea', 'product_59', 230.0, 2);
INSERT INTO order_items (order_id, product_id, product_name, product_price, quantity)
VALUES ('fcd7f645-13e6-0bea-9d9c-a0c89f75b8f2', 'c0fb869e-f434-07cb-f666-b9f7e55d4032', 'product_113', 770.0, 1);
INSERT INTO order_items (order_id, product_id, product_name, product_price, quantity)
VALUES ('fcd7f645-13e6-0bea-9d9c-a0c89f75b8f2', '5c3938ac-271e-5674-37aa-116c20435202', 'product_234', 370.0, 1);
INSERT INTO payments (order_id, venue_id, method, amount)
VALUES ('fcd7f645-13e6-0bea-9d9c-a0c89f75b8f2', '00000000-0000-0000-0000-000000000010', 'card', 1600.0);
INSERT INTO orders (id, venue_id, number, status, total_amount, opened_at, closed_at, table_number)
VALUES ('14c0f6a0-fdb2-e2c5-4b33-559d77d06329', '00000000-0000-0000-0000-000000000010', '7662', 'paid', 190.0, '2026-06-06 19:30:57', '2026-06-06 19:30:57', '3');
INSERT INTO order_items (order_id, product_id, product_name, product_price, quantity)
VALUES ('14c0f6a0-fdb2-e2c5-4b33-559d77d06329', 'a2b39819-292c-0b80-799d-c77d7020fc9d', 'product_34', 190.0, 1);
INSERT INTO payments (order_id, venue_id, method, amount)
VALUES ('14c0f6a0-fdb2-e2c5-4b33-559d77d06329', '00000000-0000-0000-0000-000000000010', 'cash', 190.0);
INSERT INTO orders (id, venue_id, number, status, total_amount, opened_at, closed_at, table_number)
VALUES ('49b7f23b-b202-6425-242a-2f31ff8b34f4', '00000000-0000-0000-0000-000000000010', '7660', 'paid', 2340.0, '2026-06-06 18:57:58', '2026-06-06 18:57:58', '1');
INSERT INTO order_items (order_id, product_id, product_name, product_price, quantity)
VALUES ('49b7f23b-b202-6425-242a-2f31ff8b34f4', '5c3938ac-271e-5674-37aa-116c20435202', 'product_234', 370.0, 1);
INSERT INTO order_items (order_id, product_id, product_name, product_price, quantity)
VALUES ('49b7f23b-b202-6425-242a-2f31ff8b34f4', '5f05b996-99f5-dfcb-e4b9-79078ca1f540', 'product_100', 460.0, 1);
INSERT INTO order_items (order_id, product_id, product_name, product_price, quantity)
VALUES ('49b7f23b-b202-6425-242a-2f31ff8b34f4', '8b7920ef-e954-d760-2a69-99cafc830c2e', 'product_171', 270.0, 1);
INSERT INTO order_items (order_id, product_id, product_name, product_price, quantity)
VALUES ('49b7f23b-b202-6425-242a-2f31ff8b34f4', '81b3193a-f1f9-6ba6-5630-5c911f0c4a69', 'product_48', 220.0, 1);
INSERT INTO order_items (order_id, product_id, product_name, product_price, quantity)
VALUES ('49b7f23b-b202-6425-242a-2f31ff8b34f4', '09d9bcce-e54b-d518-c5bf-1c5d4b683d38', 'product_50', 200.0, 1);
INSERT INTO order_items (order_id, product_id, product_name, product_price, quantity)
VALUES ('49b7f23b-b202-6425-242a-2f31ff8b34f4', 'f35a1ebf-94b4-c196-4fdb-5698a8e21330', 'product_170', 820.0, 1);
INSERT INTO payments (order_id, venue_id, method, amount)
VALUES ('49b7f23b-b202-6425-242a-2f31ff8b34f4', '00000000-0000-0000-0000-000000000010', 'card', 2340.0);
INSERT INTO orders (id, venue_id, number, status, total_amount, opened_at, closed_at, table_number)
VALUES ('d978454c-262c-3984-a200-529a78815970', '00000000-0000-0000-0000-000000000010', '7661', 'paid', 190.0, '2026-06-06 18:33:51', '2026-06-06 18:33:51', '17');
INSERT INTO order_items (order_id, product_id, product_name, product_price, quantity)
VALUES ('d978454c-262c-3984-a200-529a78815970', '0caff6fe-c574-8665-33ca-5f2cee71ebb2', 'product_35', 190.0, 1);
INSERT INTO payments (order_id, venue_id, method, amount)
VALUES ('d978454c-262c-3984-a200-529a78815970', '00000000-0000-0000-0000-000000000010', 'card', 190.0);
INSERT INTO orders (id, venue_id, number, status, total_amount, opened_at, closed_at, table_number)
VALUES ('74ae0cd9-80fd-bf91-b0df-b41a82cb5732', '00000000-0000-0000-0000-000000000010', '7659', 'paid', 370.0, '2026-06-06 18:10:20', '2026-06-06 18:10:20', '1');
INSERT INTO order_items (order_id, product_id, product_name, product_price, quantity)
VALUES ('74ae0cd9-80fd-bf91-b0df-b41a82cb5732', 'f35ae6ee-40da-7479-c64b-612bff507023', 'product_31', 370.0, 1);
INSERT INTO payments (order_id, venue_id, method, amount)
VALUES ('74ae0cd9-80fd-bf91-b0df-b41a82cb5732', '00000000-0000-0000-0000-000000000010', 'card', 370.0);
INSERT INTO orders (id, venue_id, number, status, total_amount, opened_at, closed_at, table_number)
VALUES ('1be6e5f7-8d19-571d-25e8-e3a0b52e1015', '00000000-0000-0000-0000-000000000010', '7653', 'paid', 2510.0, '2026-06-06 18:05:03', '2026-06-06 18:05:03', '12');
INSERT INTO order_items (order_id, product_id, product_name, product_price, quantity)
VALUES ('1be6e5f7-8d19-571d-25e8-e3a0b52e1015', '6e00b5a0-6b62-d942-73e4-86982bcae389', 'product_21', 1370.0, 1);
INSERT INTO order_items (order_id, product_id, product_name, product_price, quantity)
VALUES ('1be6e5f7-8d19-571d-25e8-e3a0b52e1015', 'c0fb869e-f434-07cb-f666-b9f7e55d4032', 'product_113', 770.0, 1);
INSERT INTO order_items (order_id, product_id, product_name, product_price, quantity)
VALUES ('1be6e5f7-8d19-571d-25e8-e3a0b52e1015', '09d404dd-f87b-b319-4eda-9ce7c697868d', 'product_32', 370.0, 1);
INSERT INTO payments (order_id, venue_id, method, amount)
VALUES ('1be6e5f7-8d19-571d-25e8-e3a0b52e1015', '00000000-0000-0000-0000-000000000010', 'card', 2510.0);
INSERT INTO orders (id, venue_id, number, status, total_amount, opened_at, closed_at, table_number)
VALUES ('1c2f7f21-c859-901e-7dce-959f7757f188', '00000000-0000-0000-0000-000000000010', '7657', 'paid', 460.0, '2026-06-06 17:55:00', '2026-06-06 17:55:00', '1');
INSERT INTO order_items (order_id, product_id, product_name, product_price, quantity)
VALUES ('1c2f7f21-c859-901e-7dce-959f7757f188', '021231f4-e9fa-ecbb-5f2a-ad1321ca42ea', 'product_59', 230.0, 2);
INSERT INTO payments (order_id, venue_id, method, amount)
VALUES ('1c2f7f21-c859-901e-7dce-959f7757f188', '00000000-0000-0000-0000-000000000010', 'cash', 460.0);
INSERT INTO orders (id, venue_id, number, status, total_amount, opened_at, closed_at, table_number)
VALUES ('0ff4c944-9a01-52c7-ac4b-648cd66150d9', '00000000-0000-0000-0000-000000000010', '7651', 'paid', 180.0, '2026-06-06 17:46:18', '2026-06-06 17:46:18', '10');
INSERT INTO order_items (order_id, product_id, product_name, product_price, quantity)
VALUES ('0ff4c944-9a01-52c7-ac4b-648cd66150d9', 'da98da7c-a663-0228-294e-97c1fae50fd1', 'product_54', 180.0, 1);
INSERT INTO payments (order_id, venue_id, method, amount)
VALUES ('0ff4c944-9a01-52c7-ac4b-648cd66150d9', '00000000-0000-0000-0000-000000000010', 'card', 180.0);
INSERT INTO orders (id, venue_id, number, status, total_amount, opened_at, closed_at, table_number)
VALUES ('903e6037-574e-5ff3-7ddd-64410a0d1299', '00000000-0000-0000-0000-000000000010', '7648', 'paid', 28210.0, '2026-06-06 17:23:01', '2026-06-06 17:23:01', '17');
INSERT INTO order_items (order_id, product_id, product_name, product_price, quantity)
VALUES ('903e6037-574e-5ff3-7ddd-64410a0d1299', 'fdb6f575-fe3f-282e-93d0-1dad56530fa5', 'product_15', 640.0, 5);
INSERT INTO order_items (order_id, product_id, product_name, product_price, quantity)
VALUES ('903e6037-574e-5ff3-7ddd-64410a0d1299', '9a06fa1f-d2b5-1b6f-d6c5-37c2ffa3adfd', 'product_168', 640.0, 5);
INSERT INTO order_items (order_id, product_id, product_name, product_price, quantity)
VALUES ('903e6037-574e-5ff3-7ddd-64410a0d1299', '2334cdda-9fd8-40f0-0a18-b2cbad79aa33', 'product_225', 580.0, 5);
INSERT INTO order_items (order_id, product_id, product_name, product_price, quantity)
VALUES ('903e6037-574e-5ff3-7ddd-64410a0d1299', '8b7920ef-e954-d760-2a69-99cafc830c2e', 'product_171', 270.0, 6);
INSERT INTO order_items (order_id, product_id, product_name, product_price, quantity)
VALUES ('903e6037-574e-5ff3-7ddd-64410a0d1299', '966437e8-b784-92e7-0afa-ff8bde6f1e53', 'product_145', 130.0, 1);
INSERT INTO order_items (order_id, product_id, product_name, product_price, quantity)
VALUES ('903e6037-574e-5ff3-7ddd-64410a0d1299', 'f35a1ebf-94b4-c196-4fdb-5698a8e21330', 'product_170', 820.0, 3);
INSERT INTO order_items (order_id, product_id, product_name, product_price, quantity)
VALUES ('903e6037-574e-5ff3-7ddd-64410a0d1299', 'badf5f45-b516-78fa-fbe7-ff32ed526953', 'product_226', 720.0, 15);
INSERT INTO order_items (order_id, product_id, product_name, product_price, quantity)
VALUES ('903e6037-574e-5ff3-7ddd-64410a0d1299', '43d01c83-b96b-074d-7925-1c9bdadd2291', 'product_239', 600.0, 3);
INSERT INTO order_items (order_id, product_id, product_name, product_price, quantity)
VALUES ('903e6037-574e-5ff3-7ddd-64410a0d1299', '0caff6fe-c574-8665-33ca-5f2cee71ebb2', 'product_35', 190.0, 4);
INSERT INTO order_items (order_id, product_id, product_name, product_price, quantity)
VALUES ('903e6037-574e-5ff3-7ddd-64410a0d1299', '021231f4-e9fa-ecbb-5f2a-ad1321ca42ea', 'product_59', 230.0, 2);
INSERT INTO order_items (order_id, product_id, product_name, product_price, quantity)
VALUES ('903e6037-574e-5ff3-7ddd-64410a0d1299', 'd46f67a1-e1dd-e079-0b5c-329f6422c4d4', 'product_60', 280.0, 1);
INSERT INTO order_items (order_id, product_id, product_name, product_price, quantity)
VALUES ('903e6037-574e-5ff3-7ddd-64410a0d1299', 'b627abd9-fb00-28f4-a09b-09fcb24019c0', 'product_132', 150.0, 4);
INSERT INTO payments (order_id, venue_id, method, amount)
VALUES ('903e6037-574e-5ff3-7ddd-64410a0d1299', '00000000-0000-0000-0000-000000000010', 'card', 28210.0);
INSERT INTO orders (id, venue_id, number, status, total_amount, opened_at, closed_at, table_number)
VALUES ('fedf0afa-ec3f-8650-d031-38b7ef07fd9f', '00000000-0000-0000-0000-000000000010', '7654', 'paid', 1880.0, '2026-06-06 17:18:36', '2026-06-06 17:18:36', '1');
INSERT INTO order_items (order_id, product_id, product_name, product_price, quantity)
VALUES ('fedf0afa-ec3f-8650-d031-38b7ef07fd9f', '30d3c4b2-8d8b-4d91-9c67-b3d72ab218cc', 'product_129', 470.0, 4);
INSERT INTO payments (order_id, venue_id, method, amount)
VALUES ('fedf0afa-ec3f-8650-d031-38b7ef07fd9f', '00000000-0000-0000-0000-000000000010', 'cash', 1880.0);
INSERT INTO orders (id, venue_id, number, status, total_amount, opened_at, closed_at, table_number)
VALUES ('8040cbbf-144f-6e23-162c-61a7311e9cf8', '00000000-0000-0000-0000-000000000010', '7655', 'paid', 390.0, '2026-06-06 17:16:19', '2026-06-06 17:16:19', '13');
INSERT INTO order_items (order_id, product_id, product_name, product_price, quantity)
VALUES ('8040cbbf-144f-6e23-162c-61a7311e9cf8', '966437e8-b784-92e7-0afa-ff8bde6f1e53', 'product_145', 130.0, 1);
INSERT INTO order_items (order_id, product_id, product_name, product_price, quantity)
VALUES ('8040cbbf-144f-6e23-162c-61a7311e9cf8', 'eed148a6-7f8f-38d6-85f9-602481bbc846', 'product_146', 130.0, 2);
INSERT INTO payments (order_id, venue_id, method, amount)
VALUES ('8040cbbf-144f-6e23-162c-61a7311e9cf8', '00000000-0000-0000-0000-000000000010', 'card', 390.0);
INSERT INTO orders (id, venue_id, number, status, total_amount, opened_at, closed_at, table_number)
VALUES ('50cbdb1a-8f2c-4b65-c0a6-232d9335e46e', '00000000-0000-0000-0000-000000000010', '7647', 'paid', 1090.0, '2026-06-06 14:38:16', '2026-06-06 14:38:16', '10');
INSERT INTO order_items (order_id, product_id, product_name, product_price, quantity)
VALUES ('50cbdb1a-8f2c-4b65-c0a6-232d9335e46e', '5c3938ac-271e-5674-37aa-116c20435202', 'product_234', 370.0, 1);
INSERT INTO order_items (order_id, product_id, product_name, product_price, quantity)
VALUES ('50cbdb1a-8f2c-4b65-c0a6-232d9335e46e', 'badf5f45-b516-78fa-fbe7-ff32ed526953', 'product_226', 720.0, 1);
INSERT INTO payments (order_id, venue_id, method, amount)
VALUES ('50cbdb1a-8f2c-4b65-c0a6-232d9335e46e', '00000000-0000-0000-0000-000000000010', 'card', 1090.0);
INSERT INTO orders (id, venue_id, number, status, total_amount, opened_at, closed_at, table_number)
VALUES ('f75473d9-f2d6-bc71-6795-39cd51b48de8', '00000000-0000-0000-0000-000000000010', '7649', 'paid', 130.0, '2026-06-06 14:13:51', '2026-06-06 14:13:51', '12');
INSERT INTO order_items (order_id, product_id, product_name, product_price, quantity)
VALUES ('f75473d9-f2d6-bc71-6795-39cd51b48de8', 'eed148a6-7f8f-38d6-85f9-602481bbc846', 'product_146', 130.0, 1);
INSERT INTO payments (order_id, venue_id, method, amount)
VALUES ('f75473d9-f2d6-bc71-6795-39cd51b48de8', '00000000-0000-0000-0000-000000000010', 'card', 130.0);
INSERT INTO orders (id, venue_id, number, status, total_amount, opened_at, closed_at, table_number)
VALUES ('e5214cde-f2e8-2fa8-f64c-456bb8819072', '00000000-0000-0000-0000-000000000010', '7646', 'paid', 660.0, '2026-06-06 10:33:42', '2026-06-06 10:33:42', '12');
INSERT INTO order_items (order_id, product_id, product_name, product_price, quantity)
VALUES ('e5214cde-f2e8-2fa8-f64c-456bb8819072', '94d2bddc-c99f-2985-f8eb-9d8a4a995ad3', 'product_10', 300.0, 1);
INSERT INTO order_items (order_id, product_id, product_name, product_price, quantity)
VALUES ('e5214cde-f2e8-2fa8-f64c-456bb8819072', 'da98da7c-a663-0228-294e-97c1fae50fd1', 'product_54', 180.0, 2);
INSERT INTO orders (id, venue_id, number, status, total_amount, opened_at, closed_at, table_number)
VALUES ('2db78402-7b08-ac91-4a1d-482da9f56574', '00000000-0000-0000-0000-000000000010', '7645', 'paid', 640.0, '2026-06-06 10:19:25', '2026-06-06 10:19:25', '11');
INSERT INTO order_items (order_id, product_id, product_name, product_price, quantity)
VALUES ('2db78402-7b08-ac91-4a1d-482da9f56574', '7b0b5f60-47be-c07e-9585-af9a20b6d773', 'product_9', 460.0, 1);
INSERT INTO order_items (order_id, product_id, product_name, product_price, quantity)
VALUES ('2db78402-7b08-ac91-4a1d-482da9f56574', 'da98da7c-a663-0228-294e-97c1fae50fd1', 'product_54', 180.0, 1);
INSERT INTO orders (id, venue_id, number, status, total_amount, opened_at, closed_at, table_number)
VALUES ('899edad9-b114-2c5f-309f-28f065e847d7', '00000000-0000-0000-0000-000000000010', '7644', 'paid', 700.0, '2026-06-06 09:19:11', '2026-06-06 09:19:11', '15');
INSERT INTO order_items (order_id, product_id, product_name, product_price, quantity)
VALUES ('899edad9-b114-2c5f-309f-28f065e847d7', '38432f7f-ba41-eaa0-7e46-d791008e4b02', 'product_6', 510.0, 1);
INSERT INTO order_items (order_id, product_id, product_name, product_price, quantity)
VALUES ('899edad9-b114-2c5f-309f-28f065e847d7', '0caff6fe-c574-8665-33ca-5f2cee71ebb2', 'product_35', 190.0, 1);
INSERT INTO orders (id, venue_id, number, status, total_amount, opened_at, closed_at, table_number)
VALUES ('cdd7626a-ce9d-033a-1f9d-dcb81aad2341', '00000000-0000-0000-0000-000000000010', '7643', 'paid', 1920.0, '2026-06-05 22:07:22', '2026-06-05 22:07:22', '12');
INSERT INTO order_items (order_id, product_id, product_name, product_price, quantity)
VALUES ('cdd7626a-ce9d-033a-1f9d-dcb81aad2341', 'c0fb869e-f434-07cb-f666-b9f7e55d4032', 'product_113', 770.0, 2);
INSERT INTO order_items (order_id, product_id, product_name, product_price, quantity)
VALUES ('cdd7626a-ce9d-033a-1f9d-dcb81aad2341', '260b99e2-59bd-a3dc-c313-434aff0daf54', 'product_144', 190.0, 2);
INSERT INTO payments (order_id, venue_id, method, amount)
VALUES ('cdd7626a-ce9d-033a-1f9d-dcb81aad2341', '00000000-0000-0000-0000-000000000010', 'card', 1920.0);
INSERT INTO orders (id, venue_id, number, status, total_amount, opened_at, closed_at, table_number)
VALUES ('fd5693e0-14ed-442f-4fd7-654b290dbedb', '00000000-0000-0000-0000-000000000010', '7641', 'paid', 4390.0, '2026-06-05 21:53:59', '2026-06-05 21:53:59', '1');
INSERT INTO order_items (order_id, product_id, product_name, product_price, quantity)
VALUES ('fd5693e0-14ed-442f-4fd7-654b290dbedb', '0caff6fe-c574-8665-33ca-5f2cee71ebb2', 'product_35', 190.0, 1);
INSERT INTO order_items (order_id, product_id, product_name, product_price, quantity)
VALUES ('fd5693e0-14ed-442f-4fd7-654b290dbedb', 'ba6fbcf2-1f2b-909a-e5f9-b9c5fe635c92', 'product_187', 150.0, 1);
INSERT INTO order_items (order_id, product_id, product_name, product_price, quantity)
VALUES ('fd5693e0-14ed-442f-4fd7-654b290dbedb', '0f7cfc79-3a3f-41ac-1aa4-b27431de9236', 'product_29', 620.0, 1);
INSERT INTO order_items (order_id, product_id, product_name, product_price, quantity)
VALUES ('fd5693e0-14ed-442f-4fd7-654b290dbedb', '627b586a-57c8-d217-1549-c47bb32192ac', 'product_26', 460.0, 1);
INSERT INTO order_items (order_id, product_id, product_name, product_price, quantity)
VALUES ('fd5693e0-14ed-442f-4fd7-654b290dbedb', '9a06fa1f-d2b5-1b6f-d6c5-37c2ffa3adfd', 'product_168', 640.0, 1);
INSERT INTO order_items (order_id, product_id, product_name, product_price, quantity)
VALUES ('fd5693e0-14ed-442f-4fd7-654b290dbedb', '6e00b5a0-6b62-d942-73e4-86982bcae389', 'product_21', 1370.0, 1);
INSERT INTO order_items (order_id, product_id, product_name, product_price, quantity)
VALUES ('fd5693e0-14ed-442f-4fd7-654b290dbedb', 'c0fb869e-f434-07cb-f666-b9f7e55d4032', 'product_113', 770.0, 1);
INSERT INTO order_items (order_id, product_id, product_name, product_price, quantity)
VALUES ('fd5693e0-14ed-442f-4fd7-654b290dbedb', '260b99e2-59bd-a3dc-c313-434aff0daf54', 'product_144', 190.0, 1);
INSERT INTO payments (order_id, venue_id, method, amount)
VALUES ('fd5693e0-14ed-442f-4fd7-654b290dbedb', '00000000-0000-0000-0000-000000000010', 'card', 4390.0);
INSERT INTO orders (id, venue_id, number, status, total_amount, opened_at, closed_at, table_number)
VALUES ('387abf48-d504-910c-31cb-aceed4036056', '00000000-0000-0000-0000-000000000010', '7642', 'paid', 650.0, '2026-06-05 21:43:08', '2026-06-05 21:43:08', '15');
INSERT INTO order_items (order_id, product_id, product_name, product_price, quantity)
VALUES ('387abf48-d504-910c-31cb-aceed4036056', '5f05b996-99f5-dfcb-e4b9-79078ca1f540', 'product_100', 460.0, 1);
INSERT INTO order_items (order_id, product_id, product_name, product_price, quantity)
VALUES ('387abf48-d504-910c-31cb-aceed4036056', '0caff6fe-c574-8665-33ca-5f2cee71ebb2', 'product_35', 190.0, 1);
INSERT INTO payments (order_id, venue_id, method, amount)
VALUES ('387abf48-d504-910c-31cb-aceed4036056', '00000000-0000-0000-0000-000000000010', 'cash', 650.0);
INSERT INTO orders (id, venue_id, number, status, total_amount, opened_at, closed_at, table_number)
VALUES ('c478f695-37a7-b7b0-6c2a-986da0428475', '00000000-0000-0000-0000-000000000010', '7640', 'paid', 190.0, '2026-06-05 18:54:34', '2026-06-05 18:54:34', '1');
INSERT INTO order_items (order_id, product_id, product_name, product_price, quantity)
VALUES ('c478f695-37a7-b7b0-6c2a-986da0428475', '0caff6fe-c574-8665-33ca-5f2cee71ebb2', 'product_35', 190.0, 1);
INSERT INTO payments (order_id, venue_id, method, amount)
VALUES ('c478f695-37a7-b7b0-6c2a-986da0428475', '00000000-0000-0000-0000-000000000010', 'card', 190.0);
INSERT INTO orders (id, venue_id, number, status, total_amount, opened_at, closed_at, table_number)
VALUES ('776e3cf2-f2c6-9b70-6491-944ee9b4d27a', '00000000-0000-0000-0000-000000000010', '7639', 'paid', 1530.0, '2026-06-05 18:22:34', '2026-06-05 18:22:34', '13');
INSERT INTO order_items (order_id, product_id, product_name, product_price, quantity)
VALUES ('776e3cf2-f2c6-9b70-6491-944ee9b4d27a', 'badf5f45-b516-78fa-fbe7-ff32ed526953', 'product_226', 720.0, 1);
INSERT INTO order_items (order_id, product_id, product_name, product_price, quantity)
VALUES ('776e3cf2-f2c6-9b70-6491-944ee9b4d27a', '0f7cfc79-3a3f-41ac-1aa4-b27431de9236', 'product_29', 620.0, 1);
INSERT INTO order_items (order_id, product_id, product_name, product_price, quantity)
VALUES ('776e3cf2-f2c6-9b70-6491-944ee9b4d27a', '0caff6fe-c574-8665-33ca-5f2cee71ebb2', 'product_35', 190.0, 1);
INSERT INTO payments (order_id, venue_id, method, amount)
VALUES ('776e3cf2-f2c6-9b70-6491-944ee9b4d27a', '00000000-0000-0000-0000-000000000010', 'card', 1530.0);
INSERT INTO orders (id, venue_id, number, status, total_amount, opened_at, closed_at, table_number)
VALUES ('2ecca756-549b-091b-81d3-58eee1dcd95a', '00000000-0000-0000-0000-000000000010', '7638', 'paid', 3130.0, '2026-06-05 16:58:44', '2026-06-05 16:58:44', '11');
INSERT INTO order_items (order_id, product_id, product_name, product_price, quantity)
VALUES ('2ecca756-549b-091b-81d3-58eee1dcd95a', 'f35ae6ee-40da-7479-c64b-612bff507023', 'product_31', 370.0, 2);
INSERT INTO order_items (order_id, product_id, product_name, product_price, quantity)
VALUES ('2ecca756-549b-091b-81d3-58eee1dcd95a', '7ddbed72-7deb-5ee4-0634-41d52192bad1', 'product_23', 1750.0, 1);
INSERT INTO order_items (order_id, product_id, product_name, product_price, quantity)
VALUES ('2ecca756-549b-091b-81d3-58eee1dcd95a', '951f4bf6-be55-0e75-59a9-7e580a0d07c4', 'product_14', 640.0, 1);
INSERT INTO payments (order_id, venue_id, method, amount)
VALUES ('2ecca756-549b-091b-81d3-58eee1dcd95a', '00000000-0000-0000-0000-000000000010', 'card', 3130.0);
INSERT INTO orders (id, venue_id, number, status, total_amount, opened_at, closed_at, table_number)
VALUES ('01bd3059-c6e1-dd15-b502-1b69ec01d1f7', '00000000-0000-0000-0000-000000000010', '7636', 'paid', 640.0, '2026-06-05 11:28:23', '2026-06-05 11:28:23', '11');
INSERT INTO order_items (order_id, product_id, product_name, product_price, quantity)
VALUES ('01bd3059-c6e1-dd15-b502-1b69ec01d1f7', '7b0b5f60-47be-c07e-9585-af9a20b6d773', 'product_9', 460.0, 1);
INSERT INTO order_items (order_id, product_id, product_name, product_price, quantity)
VALUES ('01bd3059-c6e1-dd15-b502-1b69ec01d1f7', 'da98da7c-a663-0228-294e-97c1fae50fd1', 'product_54', 180.0, 1);
INSERT INTO orders (id, venue_id, number, status, total_amount, opened_at, closed_at, table_number)
VALUES ('13c0c5e2-2074-9748-baf7-d886f7c9cb22', '00000000-0000-0000-0000-000000000010', '7637', 'paid', 1480.0, '2026-06-05 10:28:21', '2026-06-05 10:28:21', '13');
INSERT INTO order_items (order_id, product_id, product_name, product_price, quantity)
VALUES ('13c0c5e2-2074-9748-baf7-d886f7c9cb22', '38432f7f-ba41-eaa0-7e46-d791008e4b02', 'product_6', 510.0, 2);
INSERT INTO order_items (order_id, product_id, product_name, product_price, quantity)
VALUES ('13c0c5e2-2074-9748-baf7-d886f7c9cb22', '021231f4-e9fa-ecbb-5f2a-ad1321ca42ea', 'product_59', 230.0, 2);
INSERT INTO orders (id, venue_id, number, status, total_amount, opened_at, closed_at, table_number)
VALUES ('c2265e3b-7961-ec36-0101-555ad7feff3c', '00000000-0000-0000-0000-000000000010', '7635', 'paid', 1460.0, '2026-06-05 10:12:07', '2026-06-05 10:12:07', '15');
INSERT INTO order_items (order_id, product_id, product_name, product_price, quantity)
VALUES ('c2265e3b-7961-ec36-0101-555ad7feff3c', '38432f7f-ba41-eaa0-7e46-d791008e4b02', 'product_6', 510.0, 1);
INSERT INTO order_items (order_id, product_id, product_name, product_price, quantity)
VALUES ('c2265e3b-7961-ec36-0101-555ad7feff3c', '7b0b5f60-47be-c07e-9585-af9a20b6d773', 'product_9', 460.0, 1);
INSERT INTO order_items (order_id, product_id, product_name, product_price, quantity)
VALUES ('c2265e3b-7961-ec36-0101-555ad7feff3c', '94d2bddc-c99f-2985-f8eb-9d8a4a995ad3', 'product_10', 300.0, 1);
INSERT INTO order_items (order_id, product_id, product_name, product_price, quantity)
VALUES ('c2265e3b-7961-ec36-0101-555ad7feff3c', '0caff6fe-c574-8665-33ca-5f2cee71ebb2', 'product_35', 190.0, 1);
INSERT INTO orders (id, venue_id, number, status, total_amount, opened_at, closed_at, table_number)
VALUES ('84f4b1a2-1890-28de-b360-84e3a24a0526', '00000000-0000-0000-0000-000000000010', '7632', 'paid', 770.0, '2026-06-04 22:16:26', '2026-06-04 22:16:26', '11');
INSERT INTO order_items (order_id, product_id, product_name, product_price, quantity)
VALUES ('84f4b1a2-1890-28de-b360-84e3a24a0526', 'c0fb869e-f434-07cb-f666-b9f7e55d4032', 'product_113', 770.0, 1);
INSERT INTO payments (order_id, venue_id, method, amount)
VALUES ('84f4b1a2-1890-28de-b360-84e3a24a0526', '00000000-0000-0000-0000-000000000010', 'card', 770.0);
INSERT INTO orders (id, venue_id, number, status, total_amount, opened_at, closed_at, table_number)
VALUES ('e655fdd3-4012-a043-253f-5657a737e443', '00000000-0000-0000-0000-000000000010', '7633', 'paid', 2710.0, '2026-06-04 22:16:07', '2026-06-04 22:16:07', '3');
INSERT INTO order_items (order_id, product_id, product_name, product_price, quantity)
VALUES ('e655fdd3-4012-a043-253f-5657a737e443', '7ddbed72-7deb-5ee4-0634-41d52192bad1', 'product_23', 1750.0, 1);
INSERT INTO order_items (order_id, product_id, product_name, product_price, quantity)
VALUES ('e655fdd3-4012-a043-253f-5657a737e443', 'c0fb869e-f434-07cb-f666-b9f7e55d4032', 'product_113', 770.0, 1);
INSERT INTO order_items (order_id, product_id, product_name, product_price, quantity)
VALUES ('e655fdd3-4012-a043-253f-5657a737e443', '0caff6fe-c574-8665-33ca-5f2cee71ebb2', 'product_35', 190.0, 1);
INSERT INTO payments (order_id, venue_id, method, amount)
VALUES ('e655fdd3-4012-a043-253f-5657a737e443', '00000000-0000-0000-0000-000000000010', 'card', 2710.0);
INSERT INTO orders (id, venue_id, number, status, total_amount, opened_at, closed_at, table_number)
VALUES ('6284c785-c7ba-61f8-5bf6-c67d301da64e', '00000000-0000-0000-0000-000000000010', '7634', 'paid', 640.0, '2026-06-04 21:24:51', '2026-06-04 21:24:51', '13');
INSERT INTO order_items (order_id, product_id, product_name, product_price, quantity)
VALUES ('6284c785-c7ba-61f8-5bf6-c67d301da64e', '951f4bf6-be55-0e75-59a9-7e580a0d07c4', 'product_14', 640.0, 1);
INSERT INTO payments (order_id, venue_id, method, amount)
VALUES ('6284c785-c7ba-61f8-5bf6-c67d301da64e', '00000000-0000-0000-0000-000000000010', 'cash', 640.0);
INSERT INTO orders (id, venue_id, number, status, total_amount, opened_at, closed_at, table_number)
VALUES ('9bbd8441-7a91-2004-20bc-851d52a0d6ac', '00000000-0000-0000-0000-000000000010', '7631', 'paid', 1880.0, '2026-06-04 18:46:46', '2026-06-04 18:46:46', '15');
INSERT INTO order_items (order_id, product_id, product_name, product_price, quantity)
VALUES ('9bbd8441-7a91-2004-20bc-851d52a0d6ac', 'c0fb869e-f434-07cb-f666-b9f7e55d4032', 'product_113', 770.0, 1);
INSERT INTO order_items (order_id, product_id, product_name, product_price, quantity)
VALUES ('9bbd8441-7a91-2004-20bc-851d52a0d6ac', 'bc75aa2b-4910-21bf-56ff-d9769b039d8e', 'product_47', 220.0, 1);
INSERT INTO order_items (order_id, product_id, product_name, product_price, quantity)
VALUES ('9bbd8441-7a91-2004-20bc-851d52a0d6ac', '8b7920ef-e954-d760-2a69-99cafc830c2e', 'product_171', 270.0, 1);
INSERT INTO order_items (order_id, product_id, product_name, product_price, quantity)
VALUES ('9bbd8441-7a91-2004-20bc-851d52a0d6ac', '0f7cfc79-3a3f-41ac-1aa4-b27431de9236', 'product_29', 620.0, 1);
INSERT INTO payments (order_id, venue_id, method, amount)
VALUES ('9bbd8441-7a91-2004-20bc-851d52a0d6ac', '00000000-0000-0000-0000-000000000010', 'card', 1880.0);
INSERT INTO orders (id, venue_id, number, status, total_amount, opened_at, closed_at, table_number)
VALUES ('055d512c-1783-e1e6-5e34-a902e956ea3b', '00000000-0000-0000-0000-000000000010', '7629', 'paid', 1270.0, '2026-06-04 18:42:44', '2026-06-04 18:42:44', '11');
INSERT INTO order_items (order_id, product_id, product_name, product_price, quantity)
VALUES ('055d512c-1783-e1e6-5e34-a902e956ea3b', 'da98da7c-a663-0228-294e-97c1fae50fd1', 'product_54', 180.0, 1);
INSERT INTO order_items (order_id, product_id, product_name, product_price, quantity)
VALUES ('055d512c-1783-e1e6-5e34-a902e956ea3b', 'badf5f45-b516-78fa-fbe7-ff32ed526953', 'product_226', 720.0, 1);
INSERT INTO order_items (order_id, product_id, product_name, product_price, quantity)
VALUES ('055d512c-1783-e1e6-5e34-a902e956ea3b', '5c3938ac-271e-5674-37aa-116c20435202', 'product_234', 370.0, 1);
INSERT INTO payments (order_id, venue_id, method, amount)
VALUES ('055d512c-1783-e1e6-5e34-a902e956ea3b', '00000000-0000-0000-0000-000000000010', 'card', 1270.0);
INSERT INTO orders (id, venue_id, number, status, total_amount, opened_at, closed_at, table_number)
VALUES ('48c471d9-3952-7182-4289-6d434bec1de6', '00000000-0000-0000-0000-000000000010', '7630', 'paid', 410.0, '2026-06-04 18:36:27', '2026-06-04 18:36:27', '9');
INSERT INTO order_items (order_id, product_id, product_name, product_price, quantity)
VALUES ('48c471d9-3952-7182-4289-6d434bec1de6', '021231f4-e9fa-ecbb-5f2a-ad1321ca42ea', 'product_59', 230.0, 1);
INSERT INTO order_items (order_id, product_id, product_name, product_price, quantity)
VALUES ('48c471d9-3952-7182-4289-6d434bec1de6', 'da98da7c-a663-0228-294e-97c1fae50fd1', 'product_54', 180.0, 1);
INSERT INTO payments (order_id, venue_id, method, amount)
VALUES ('48c471d9-3952-7182-4289-6d434bec1de6', '00000000-0000-0000-0000-000000000010', 'card', 410.0);
INSERT INTO orders (id, venue_id, number, status, total_amount, opened_at, closed_at, table_number)
VALUES ('f8c287d2-5e76-e60c-1cd7-542846d6d01f', '00000000-0000-0000-0000-000000000010', '7628', 'paid', 180.0, '2026-06-04 11:54:53', '2026-06-04 11:54:53', '13');
INSERT INTO order_items (order_id, product_id, product_name, product_price, quantity)
VALUES ('f8c287d2-5e76-e60c-1cd7-542846d6d01f', 'da98da7c-a663-0228-294e-97c1fae50fd1', 'product_54', 180.0, 1);
INSERT INTO payments (order_id, venue_id, method, amount)
VALUES ('f8c287d2-5e76-e60c-1cd7-542846d6d01f', '00000000-0000-0000-0000-000000000010', 'card', 180.0);
INSERT INTO orders (id, venue_id, number, status, total_amount, opened_at, closed_at, table_number)
VALUES ('4b8d61f0-ba75-935a-0e3d-983556fe9fe7', '00000000-0000-0000-0000-000000000010', '7626', 'paid', 1650.0, '2026-06-04 11:03:43', '2026-06-04 11:03:43', '15');
INSERT INTO order_items (order_id, product_id, product_name, product_price, quantity)
VALUES ('4b8d61f0-ba75-935a-0e3d-983556fe9fe7', '7b0b5f60-47be-c07e-9585-af9a20b6d773', 'product_9', 460.0, 1);
INSERT INTO order_items (order_id, product_id, product_name, product_price, quantity)
VALUES ('4b8d61f0-ba75-935a-0e3d-983556fe9fe7', '8d266d35-f6a4-b267-e097-564510f7f857', 'product_12', 270.0, 1);
INSERT INTO order_items (order_id, product_id, product_name, product_price, quantity)
VALUES ('4b8d61f0-ba75-935a-0e3d-983556fe9fe7', '2836be19-8d27-0aa1-68ed-3bbc6cf94fb8', 'product_13', 270.0, 1);
INSERT INTO order_items (order_id, product_id, product_name, product_price, quantity)
VALUES ('4b8d61f0-ba75-935a-0e3d-983556fe9fe7', '021231f4-e9fa-ecbb-5f2a-ad1321ca42ea', 'product_59', 230.0, 2);
INSERT INTO order_items (order_id, product_id, product_name, product_price, quantity)
VALUES ('4b8d61f0-ba75-935a-0e3d-983556fe9fe7', '0caff6fe-c574-8665-33ca-5f2cee71ebb2', 'product_35', 190.0, 1);
INSERT INTO orders (id, venue_id, number, status, total_amount, opened_at, closed_at, table_number)
VALUES ('965d879f-4d12-7ac8-6676-640ece93d344', '00000000-0000-0000-0000-000000000010', '7625', 'paid', 1330.0, '2026-06-04 11:03:24', '2026-06-04 11:03:24', '13');
INSERT INTO order_items (order_id, product_id, product_name, product_price, quantity)
VALUES ('965d879f-4d12-7ac8-6676-640ece93d344', '38432f7f-ba41-eaa0-7e46-d791008e4b02', 'product_6', 510.0, 1);
INSERT INTO order_items (order_id, product_id, product_name, product_price, quantity)
VALUES ('965d879f-4d12-7ac8-6676-640ece93d344', '7b0b5f60-47be-c07e-9585-af9a20b6d773', 'product_9', 460.0, 1);
INSERT INTO order_items (order_id, product_id, product_name, product_price, quantity)
VALUES ('965d879f-4d12-7ac8-6676-640ece93d344', 'da98da7c-a663-0228-294e-97c1fae50fd1', 'product_54', 180.0, 2);
INSERT INTO orders (id, venue_id, number, status, total_amount, opened_at, closed_at, table_number)
VALUES ('2781c021-cfe0-9069-e7f5-9eb367e7a3c2', '00000000-0000-0000-0000-000000000010', '7624', 'paid', 1430.0, '2026-06-04 11:03:10', '2026-06-04 11:03:10', '12');
INSERT INTO order_items (order_id, product_id, product_name, product_price, quantity)
VALUES ('2781c021-cfe0-9069-e7f5-9eb367e7a3c2', '7b0b5f60-47be-c07e-9585-af9a20b6d773', 'product_9', 460.0, 1);
INSERT INTO order_items (order_id, product_id, product_name, product_price, quantity)
VALUES ('2781c021-cfe0-9069-e7f5-9eb367e7a3c2', '38432f7f-ba41-eaa0-7e46-d791008e4b02', 'product_6', 510.0, 1);
INSERT INTO order_items (order_id, product_id, product_name, product_price, quantity)
VALUES ('2781c021-cfe0-9069-e7f5-9eb367e7a3c2', 'da98da7c-a663-0228-294e-97c1fae50fd1', 'product_54', 180.0, 1);
INSERT INTO order_items (order_id, product_id, product_name, product_price, quantity)
VALUES ('2781c021-cfe0-9069-e7f5-9eb367e7a3c2', 'd46f67a1-e1dd-e079-0b5c-329f6422c4d4', 'product_60', 280.0, 1);
INSERT INTO orders (id, venue_id, number, status, total_amount, opened_at, closed_at, table_number)
VALUES ('ff3dffd5-56e6-36ac-a1ed-ca49f3ce74f2', '00000000-0000-0000-0000-000000000010', '7627', 'paid', 180.0, '2026-06-04 11:02:58', '2026-06-04 11:02:58', '11');
INSERT INTO order_items (order_id, product_id, product_name, product_price, quantity)
VALUES ('ff3dffd5-56e6-36ac-a1ed-ca49f3ce74f2', 'b9bdca4d-a423-6c36-2351-10cf52ff0eec', 'product_230', 0.0, 1);
INSERT INTO order_items (order_id, product_id, product_name, product_price, quantity)
VALUES ('ff3dffd5-56e6-36ac-a1ed-ca49f3ce74f2', 'da98da7c-a663-0228-294e-97c1fae50fd1', 'product_54', 180.0, 1);
INSERT INTO orders (id, venue_id, number, status, total_amount, opened_at, closed_at, table_number)
VALUES ('dbfb7081-6f32-3e69-f024-232385369550', '00000000-0000-0000-0000-000000000010', '7616', 'paid', 940.0, '2026-06-04 11:02:48', '2026-06-04 11:02:48', '10');
INSERT INTO order_items (order_id, product_id, product_name, product_price, quantity)
VALUES ('dbfb7081-6f32-3e69-f024-232385369550', '8d266d35-f6a4-b267-e097-564510f7f857', 'product_12', 270.0, 2);
INSERT INTO order_items (order_id, product_id, product_name, product_price, quantity)
VALUES ('dbfb7081-6f32-3e69-f024-232385369550', '2aea4c79-36dc-7b25-0bb9-c98c36e577c7', 'product_58', 200.0, 2);
INSERT INTO orders (id, venue_id, number, status, total_amount, opened_at, closed_at, table_number)
VALUES ('b6b20ec4-1c67-9cde-1270-0f6c053f6b5a', '00000000-0000-0000-0000-000000000010', '7620', 'paid', 360.0, '2026-06-04 10:15:35', '2026-06-04 10:15:35', '8');
INSERT INTO order_items (order_id, product_id, product_name, product_price, quantity)
VALUES ('b6b20ec4-1c67-9cde-1270-0f6c053f6b5a', 'da98da7c-a663-0228-294e-97c1fae50fd1', 'product_54', 180.0, 2);
INSERT INTO payments (order_id, venue_id, method, amount)
VALUES ('b6b20ec4-1c67-9cde-1270-0f6c053f6b5a', '00000000-0000-0000-0000-000000000010', 'card', 360.0);
INSERT INTO orders (id, venue_id, number, status, total_amount, opened_at, closed_at, table_number)
VALUES ('9a47b46c-157e-cf03-9760-7514a85c2e65', '00000000-0000-0000-0000-000000000010', '7622', 'paid', 3140.0, '2026-06-03 22:55:56', '2026-06-03 22:55:56', '12');
INSERT INTO order_items (order_id, product_id, product_name, product_price, quantity)
VALUES ('9a47b46c-157e-cf03-9760-7514a85c2e65', 'c0fb869e-f434-07cb-f666-b9f7e55d4032', 'product_113', 770.0, 1);
INSERT INTO order_items (order_id, product_id, product_name, product_price, quantity)
VALUES ('9a47b46c-157e-cf03-9760-7514a85c2e65', '0f7cfc79-3a3f-41ac-1aa4-b27431de9236', 'product_29', 620.0, 1);
INSERT INTO order_items (order_id, product_id, product_name, product_price, quantity)
VALUES ('9a47b46c-157e-cf03-9760-7514a85c2e65', '7ddbed72-7deb-5ee4-0634-41d52192bad1', 'product_23', 1750.0, 1);
INSERT INTO payments (order_id, venue_id, method, amount)
VALUES ('9a47b46c-157e-cf03-9760-7514a85c2e65', '00000000-0000-0000-0000-000000000010', 'card', 3140.0);
INSERT INTO orders (id, venue_id, number, status, total_amount, opened_at, closed_at, table_number)
VALUES ('dde4b763-dc0f-5126-a1a8-7f4e6e26e96c', '00000000-0000-0000-0000-000000000010', '7621', 'paid', 4840.0, '2026-06-03 22:54:39', '2026-06-03 22:54:39', '17');
INSERT INTO order_items (order_id, product_id, product_name, product_price, quantity)
VALUES ('dde4b763-dc0f-5126-a1a8-7f4e6e26e96c', 'eb1260af-ca5f-c811-fd1c-bf1664229477', 'product_115', 310.0, 4);
INSERT INTO order_items (order_id, product_id, product_name, product_price, quantity)
VALUES ('dde4b763-dc0f-5126-a1a8-7f4e6e26e96c', '7ddbed72-7deb-5ee4-0634-41d52192bad1', 'product_23', 1750.0, 1);
INSERT INTO order_items (order_id, product_id, product_name, product_price, quantity)
VALUES ('dde4b763-dc0f-5126-a1a8-7f4e6e26e96c', '0f7cfc79-3a3f-41ac-1aa4-b27431de9236', 'product_29', 620.0, 1);
INSERT INTO order_items (order_id, product_id, product_name, product_price, quantity)
VALUES ('dde4b763-dc0f-5126-a1a8-7f4e6e26e96c', '951f4bf6-be55-0e75-59a9-7e580a0d07c4', 'product_14', 640.0, 1);
INSERT INTO order_items (order_id, product_id, product_name, product_price, quantity)
VALUES ('dde4b763-dc0f-5126-a1a8-7f4e6e26e96c', '09d404dd-f87b-b319-4eda-9ce7c697868d', 'product_32', 370.0, 1);
INSERT INTO order_items (order_id, product_id, product_name, product_price, quantity)
VALUES ('dde4b763-dc0f-5126-a1a8-7f4e6e26e96c', '7c7c305a-92ed-bc40-0bb5-1155fc4e313f', 'product_99', 220.0, 1);
INSERT INTO payments (order_id, venue_id, method, amount)
VALUES ('dde4b763-dc0f-5126-a1a8-7f4e6e26e96c', '00000000-0000-0000-0000-000000000010', 'cash', 4840.0);
INSERT INTO orders (id, venue_id, number, status, total_amount, opened_at, closed_at, table_number)
VALUES ('2f493b34-5d5b-99d3-9683-a335d5d2b932', '00000000-0000-0000-0000-000000000010', '7623', 'paid', 460.0, '2026-06-03 21:11:46', '2026-06-03 21:11:46', '7');
INSERT INTO order_items (order_id, product_id, product_name, product_price, quantity)
VALUES ('2f493b34-5d5b-99d3-9683-a335d5d2b932', '8b7920ef-e954-d760-2a69-99cafc830c2e', 'product_171', 270.0, 1);
INSERT INTO order_items (order_id, product_id, product_name, product_price, quantity)
VALUES ('2f493b34-5d5b-99d3-9683-a335d5d2b932', 'a2b39819-292c-0b80-799d-c77d7020fc9d', 'product_34', 190.0, 1);
INSERT INTO payments (order_id, venue_id, method, amount)
VALUES ('2f493b34-5d5b-99d3-9683-a335d5d2b932', '00000000-0000-0000-0000-000000000010', 'card', 460.0);
INSERT INTO orders (id, venue_id, number, status, total_amount, opened_at, closed_at, table_number)
VALUES ('d937bd52-5759-870b-827d-28ef4f51cd26', '00000000-0000-0000-0000-000000000010', '7619', 'paid', 820.0, '2026-06-03 20:33:41', '2026-06-03 20:33:41', '16');
INSERT INTO order_items (order_id, product_id, product_name, product_price, quantity)
VALUES ('d937bd52-5759-870b-827d-28ef4f51cd26', '5c3938ac-271e-5674-37aa-116c20435202', 'product_234', 370.0, 1);
INSERT INTO order_items (order_id, product_id, product_name, product_price, quantity)
VALUES ('d937bd52-5759-870b-827d-28ef4f51cd26', 'bc75aa2b-4910-21bf-56ff-d9769b039d8e', 'product_47', 220.0, 1);
INSERT INTO order_items (order_id, product_id, product_name, product_price, quantity)
VALUES ('d937bd52-5759-870b-827d-28ef4f51cd26', '021231f4-e9fa-ecbb-5f2a-ad1321ca42ea', 'product_59', 230.0, 1);
INSERT INTO payments (order_id, venue_id, method, amount)
VALUES ('d937bd52-5759-870b-827d-28ef4f51cd26', '00000000-0000-0000-0000-000000000010', 'card', 820.0);
INSERT INTO orders (id, venue_id, number, status, total_amount, opened_at, closed_at, table_number)
VALUES ('6ad0d296-579c-9dde-c738-29850a5e0d3c', '00000000-0000-0000-0000-000000000010', '7618', 'paid', 1960.0, '2026-06-03 20:02:56', '2026-06-03 20:02:56', '11');
INSERT INTO order_items (order_id, product_id, product_name, product_price, quantity)
VALUES ('6ad0d296-579c-9dde-c738-29850a5e0d3c', '6e00b5a0-6b62-d942-73e4-86982bcae389', 'product_21', 1370.0, 1);
INSERT INTO order_items (order_id, product_id, product_name, product_price, quantity)
VALUES ('6ad0d296-579c-9dde-c738-29850a5e0d3c', '5c3938ac-271e-5674-37aa-116c20435202', 'product_234', 370.0, 1);
INSERT INTO order_items (order_id, product_id, product_name, product_price, quantity)
VALUES ('6ad0d296-579c-9dde-c738-29850a5e0d3c', 'bc75aa2b-4910-21bf-56ff-d9769b039d8e', 'product_47', 220.0, 1);
INSERT INTO payments (order_id, venue_id, method, amount)
VALUES ('6ad0d296-579c-9dde-c738-29850a5e0d3c', '00000000-0000-0000-0000-000000000010', 'card', 1960.0);
INSERT INTO orders (id, venue_id, number, status, total_amount, opened_at, closed_at, table_number)
VALUES ('52877f8a-7ac6-b1c9-0654-621cd8ae6125', '00000000-0000-0000-0000-000000000010', '7617', 'paid', 5920.0, '2026-06-03 19:34:45', '2026-06-03 19:34:45', '13');
INSERT INTO order_items (order_id, product_id, product_name, product_price, quantity)
VALUES ('52877f8a-7ac6-b1c9-0654-621cd8ae6125', 'c0fb869e-f434-07cb-f666-b9f7e55d4032', 'product_113', 770.0, 1);
INSERT INTO order_items (order_id, product_id, product_name, product_price, quantity)
VALUES ('52877f8a-7ac6-b1c9-0654-621cd8ae6125', '62cdaaca-f6e8-fe1a-af41-d7fc95a79021', 'product_167', 40.0, 1);
INSERT INTO order_items (order_id, product_id, product_name, product_price, quantity)
VALUES ('52877f8a-7ac6-b1c9-0654-621cd8ae6125', '81b3193a-f1f9-6ba6-5630-5c911f0c4a69', 'product_48', 220.0, 1);
INSERT INTO order_items (order_id, product_id, product_name, product_price, quantity)
VALUES ('52877f8a-7ac6-b1c9-0654-621cd8ae6125', '30d3c4b2-8d8b-4d91-9c67-b3d72ab218cc', 'product_129', 470.0, 1);
INSERT INTO order_items (order_id, product_id, product_name, product_price, quantity)
VALUES ('52877f8a-7ac6-b1c9-0654-621cd8ae6125', 'eb1260af-ca5f-c811-fd1c-bf1664229477', 'product_115', 310.0, 2);
INSERT INTO order_items (order_id, product_id, product_name, product_price, quantity)
VALUES ('52877f8a-7ac6-b1c9-0654-621cd8ae6125', 'cc796b1e-8e6d-d182-c491-dfcab55bc50e', 'product_117', 3800.0, 1);
INSERT INTO payments (order_id, venue_id, method, amount)
VALUES ('52877f8a-7ac6-b1c9-0654-621cd8ae6125', '00000000-0000-0000-0000-000000000010', 'card', 5920.0);
INSERT INTO orders (id, venue_id, number, status, total_amount, opened_at, closed_at, table_number)
VALUES ('5918c91f-d181-534a-e298-3b72aa4a32af', '00000000-0000-0000-0000-000000000010', '7615', 'paid', 2320.0, '2026-06-03 18:50:21', '2026-06-03 18:50:21', '9');
INSERT INTO order_items (order_id, product_id, product_name, product_price, quantity)
VALUES ('5918c91f-d181-534a-e298-3b72aa4a32af', '7a291d79-c795-0f76-118b-25d10a078238', 'product_191', 370.0, 1);
INSERT INTO order_items (order_id, product_id, product_name, product_price, quantity)
VALUES ('5918c91f-d181-534a-e298-3b72aa4a32af', '4cb15d99-ad0e-d256-a257-afdad4bf887e', 'product_110', 1750.0, 1);
INSERT INTO order_items (order_id, product_id, product_name, product_price, quantity)
VALUES ('5918c91f-d181-534a-e298-3b72aa4a32af', '09d9bcce-e54b-d518-c5bf-1c5d4b683d38', 'product_50', 200.0, 1);
INSERT INTO payments (order_id, venue_id, method, amount)
VALUES ('5918c91f-d181-534a-e298-3b72aa4a32af', '00000000-0000-0000-0000-000000000010', 'card', 2320.0);
INSERT INTO orders (id, venue_id, number, status, total_amount, opened_at, closed_at, table_number)
VALUES ('755f621a-12bb-dfc8-8087-d06258d6ffb9', '00000000-0000-0000-0000-000000000010', '7614', 'paid', 2340.0, '2026-06-03 14:58:30', '2026-06-03 14:58:30', '15');
INSERT INTO order_items (order_id, product_id, product_name, product_price, quantity)
VALUES ('755f621a-12bb-dfc8-8087-d06258d6ffb9', 'c0fb869e-f434-07cb-f666-b9f7e55d4032', 'product_113', 770.0, 2);
INSERT INTO order_items (order_id, product_id, product_name, product_price, quantity)
VALUES ('755f621a-12bb-dfc8-8087-d06258d6ffb9', '1a9038b5-12c1-4b41-756a-ce6d8bb0fac8', 'product_114', 670.0, 1);
INSERT INTO order_items (order_id, product_id, product_name, product_price, quantity)
VALUES ('755f621a-12bb-dfc8-8087-d06258d6ffb9', '966437e8-b784-92e7-0afa-ff8bde6f1e53', 'product_145', 130.0, 1);
INSERT INTO payments (order_id, venue_id, method, amount)
VALUES ('755f621a-12bb-dfc8-8087-d06258d6ffb9', '00000000-0000-0000-0000-000000000010', 'cash', 2340.0);
INSERT INTO orders (id, venue_id, number, status, total_amount, opened_at, closed_at, table_number)
VALUES ('f9328c04-1667-b188-771f-e55c99197060', '00000000-0000-0000-0000-000000000010', '7613', 'paid', 930.0, '2026-06-03 14:50:28', '2026-06-03 14:50:28', '12');
INSERT INTO order_items (order_id, product_id, product_name, product_price, quantity)
VALUES ('f9328c04-1667-b188-771f-e55c99197060', 'b9bdca4d-a423-6c36-2351-10cf52ff0eec', 'product_230', 0.0, 1);
INSERT INTO order_items (order_id, product_id, product_name, product_price, quantity)
VALUES ('f9328c04-1667-b188-771f-e55c99197060', '38432f7f-ba41-eaa0-7e46-d791008e4b02', 'product_6', 510.0, 1);
INSERT INTO order_items (order_id, product_id, product_name, product_price, quantity)
VALUES ('f9328c04-1667-b188-771f-e55c99197060', '021231f4-e9fa-ecbb-5f2a-ad1321ca42ea', 'product_59', 230.0, 1);
INSERT INTO order_items (order_id, product_id, product_name, product_price, quantity)
VALUES ('f9328c04-1667-b188-771f-e55c99197060', '0caff6fe-c574-8665-33ca-5f2cee71ebb2', 'product_35', 190.0, 1);
INSERT INTO orders (id, venue_id, number, status, total_amount, opened_at, closed_at, table_number)
VALUES ('0ee62718-54e8-b7dc-8e5e-f2aaec9276f7', '00000000-0000-0000-0000-000000000010', '7612', 'paid', 1380.0, '2026-06-03 14:50:22', '2026-06-03 14:50:22', '11');
INSERT INTO order_items (order_id, product_id, product_name, product_price, quantity)
VALUES ('0ee62718-54e8-b7dc-8e5e-f2aaec9276f7', '7b0b5f60-47be-c07e-9585-af9a20b6d773', 'product_9', 460.0, 2);
INSERT INTO order_items (order_id, product_id, product_name, product_price, quantity)
VALUES ('0ee62718-54e8-b7dc-8e5e-f2aaec9276f7', 'da98da7c-a663-0228-294e-97c1fae50fd1', 'product_54', 180.0, 1);
INSERT INTO order_items (order_id, product_id, product_name, product_price, quantity)
VALUES ('0ee62718-54e8-b7dc-8e5e-f2aaec9276f7', 'd46f67a1-e1dd-e079-0b5c-329f6422c4d4', 'product_60', 280.0, 1);
INSERT INTO orders (id, venue_id, number, status, total_amount, opened_at, closed_at, table_number)
VALUES ('9f9bd833-cfa0-c0f3-c3ae-46d8f36eb580', '00000000-0000-0000-0000-000000000010', '7604', 'paid', 1000.0, '2026-06-03 14:12:15', '2026-06-03 14:12:15', '15');
INSERT INTO order_items (order_id, product_id, product_name, product_price, quantity)
VALUES ('9f9bd833-cfa0-c0f3-c3ae-46d8f36eb580', '8d266d35-f6a4-b267-e097-564510f7f857', 'product_12', 270.0, 1);
INSERT INTO order_items (order_id, product_id, product_name, product_price, quantity)
VALUES ('9f9bd833-cfa0-c0f3-c3ae-46d8f36eb580', '2836be19-8d27-0aa1-68ed-3bbc6cf94fb8', 'product_13', 270.0, 2);
INSERT INTO order_items (order_id, product_id, product_name, product_price, quantity)
VALUES ('9f9bd833-cfa0-c0f3-c3ae-46d8f36eb580', '0caff6fe-c574-8665-33ca-5f2cee71ebb2', 'product_35', 190.0, 1);
INSERT INTO orders (id, venue_id, number, status, total_amount, opened_at, closed_at, table_number)
VALUES ('5d27c0e3-9285-25cb-74fb-6796cc8c1de8', '00000000-0000-0000-0000-000000000010', '7610', 'paid', 4650.0, '2026-06-03 12:15:43', '2026-06-03 12:15:43', '15');
INSERT INTO order_items (order_id, product_id, product_name, product_price, quantity)
VALUES ('5d27c0e3-9285-25cb-74fb-6796cc8c1de8', '1a9038b5-12c1-4b41-756a-ce6d8bb0fac8', 'product_114', 670.0, 2);
INSERT INTO order_items (order_id, product_id, product_name, product_price, quantity)
VALUES ('5d27c0e3-9285-25cb-74fb-6796cc8c1de8', 'c0fb869e-f434-07cb-f666-b9f7e55d4032', 'product_113', 770.0, 2);
INSERT INTO order_items (order_id, product_id, product_name, product_price, quantity)
VALUES ('5d27c0e3-9285-25cb-74fb-6796cc8c1de8', '8b7920ef-e954-d760-2a69-99cafc830c2e', 'product_171', 270.0, 1);
INSERT INTO order_items (order_id, product_id, product_name, product_price, quantity)
VALUES ('5d27c0e3-9285-25cb-74fb-6796cc8c1de8', 'fdb6f575-fe3f-282e-93d0-1dad56530fa5', 'product_15', 640.0, 1);
INSERT INTO order_items (order_id, product_id, product_name, product_price, quantity)
VALUES ('5d27c0e3-9285-25cb-74fb-6796cc8c1de8', '9a06fa1f-d2b5-1b6f-d6c5-37c2ffa3adfd', 'product_168', 640.0, 1);
INSERT INTO order_items (order_id, product_id, product_name, product_price, quantity)
VALUES ('5d27c0e3-9285-25cb-74fb-6796cc8c1de8', '81b3193a-f1f9-6ba6-5630-5c911f0c4a69', 'product_48', 220.0, 1);
INSERT INTO payments (order_id, venue_id, method, amount)
VALUES ('5d27c0e3-9285-25cb-74fb-6796cc8c1de8', '00000000-0000-0000-0000-000000000010', 'card', 4650.0);
INSERT INTO orders (id, venue_id, number, status, total_amount, opened_at, closed_at, table_number)
VALUES ('e3879fbc-a249-22e9-c31d-fd3524b049b3', '00000000-0000-0000-0000-000000000010', '7609', 'paid', 7930.0, '2026-06-03 00:01:09', '2026-06-03 00:01:09', '10');
INSERT INTO order_items (order_id, product_id, product_name, product_price, quantity)
VALUES ('e3879fbc-a249-22e9-c31d-fd3524b049b3', 'badf5f45-b516-78fa-fbe7-ff32ed526953', 'product_226', 720.0, 3);
INSERT INTO order_items (order_id, product_id, product_name, product_price, quantity)
VALUES ('e3879fbc-a249-22e9-c31d-fd3524b049b3', 'fdb6f575-fe3f-282e-93d0-1dad56530fa5', 'product_15', 640.0, 1);
INSERT INTO order_items (order_id, product_id, product_name, product_price, quantity)
VALUES ('e3879fbc-a249-22e9-c31d-fd3524b049b3', '9a06fa1f-d2b5-1b6f-d6c5-37c2ffa3adfd', 'product_168', 640.0, 1);
INSERT INTO order_items (order_id, product_id, product_name, product_price, quantity)
VALUES ('e3879fbc-a249-22e9-c31d-fd3524b049b3', '2334cdda-9fd8-40f0-0a18-b2cbad79aa33', 'product_225', 580.0, 1);
INSERT INTO order_items (order_id, product_id, product_name, product_price, quantity)
VALUES ('e3879fbc-a249-22e9-c31d-fd3524b049b3', '7c7c305a-92ed-bc40-0bb5-1155fc4e313f', 'product_99', 220.0, 1);
INSERT INTO order_items (order_id, product_id, product_name, product_price, quantity)
VALUES ('e3879fbc-a249-22e9-c31d-fd3524b049b3', '7ddbed72-7deb-5ee4-0634-41d52192bad1', 'product_23', 1750.0, 2);
INSERT INTO order_items (order_id, product_id, product_name, product_price, quantity)
VALUES ('e3879fbc-a249-22e9-c31d-fd3524b049b3', '0caff6fe-c574-8665-33ca-5f2cee71ebb2', 'product_35', 190.0, 1);
INSERT INTO payments (order_id, venue_id, method, amount)
VALUES ('e3879fbc-a249-22e9-c31d-fd3524b049b3', '00000000-0000-0000-0000-000000000010', 'cash', 7930.0);
INSERT INTO orders (id, venue_id, number, status, total_amount, opened_at, closed_at, table_number)
VALUES ('7e652e23-06c9-d50b-b872-b2e47d8af19e', '00000000-0000-0000-0000-000000000010', '7611', 'paid', 370.0, '2026-06-02 22:46:33', '2026-06-02 22:46:33', '3');
INSERT INTO order_items (order_id, product_id, product_name, product_price, quantity)
VALUES ('7e652e23-06c9-d50b-b872-b2e47d8af19e', '09d404dd-f87b-b319-4eda-9ce7c697868d', 'product_32', 370.0, 1);
INSERT INTO payments (order_id, venue_id, method, amount)
VALUES ('7e652e23-06c9-d50b-b872-b2e47d8af19e', '00000000-0000-0000-0000-000000000010', 'cash', 370.0);
INSERT INTO orders (id, venue_id, number, status, total_amount, opened_at, closed_at, table_number)
VALUES ('f18ddf7f-1a20-5278-9874-47e0d76eed88', '00000000-0000-0000-0000-000000000010', '7606', 'paid', 1410.0, '2026-06-02 20:47:59', '2026-06-02 20:47:59', '1');
INSERT INTO order_items (order_id, product_id, product_name, product_price, quantity)
VALUES ('f18ddf7f-1a20-5278-9874-47e0d76eed88', 'ce90a2e4-a08b-570d-aca7-50bb5d2d0ab2', 'product_112', 440.0, 1);
INSERT INTO order_items (order_id, product_id, product_name, product_price, quantity)
VALUES ('f18ddf7f-1a20-5278-9874-47e0d76eed88', 'c0fb869e-f434-07cb-f666-b9f7e55d4032', 'product_113', 770.0, 1);
INSERT INTO order_items (order_id, product_id, product_name, product_price, quantity)
VALUES ('f18ddf7f-1a20-5278-9874-47e0d76eed88', '2aea4c79-36dc-7b25-0bb9-c98c36e577c7', 'product_58', 200.0, 1);
INSERT INTO payments (order_id, venue_id, method, amount)
VALUES ('f18ddf7f-1a20-5278-9874-47e0d76eed88', '00000000-0000-0000-0000-000000000010', 'card', 1410.0);
INSERT INTO orders (id, venue_id, number, status, total_amount, opened_at, closed_at, table_number)
VALUES ('fb33020d-a962-bb2f-c4aa-a580ba499c98', '00000000-0000-0000-0000-000000000010', '7608', 'paid', 1750.0, '2026-06-02 20:44:41', '2026-06-02 20:44:41', '12');
INSERT INTO order_items (order_id, product_id, product_name, product_price, quantity)
VALUES ('fb33020d-a962-bb2f-c4aa-a580ba499c98', '5f05b996-99f5-dfcb-e4b9-79078ca1f540', 'product_100', 460.0, 2);
INSERT INTO order_items (order_id, product_id, product_name, product_price, quantity)
VALUES ('fb33020d-a962-bb2f-c4aa-a580ba499c98', 'ce90a2e4-a08b-570d-aca7-50bb5d2d0ab2', 'product_112', 440.0, 1);
INSERT INTO order_items (order_id, product_id, product_name, product_price, quantity)
VALUES ('fb33020d-a962-bb2f-c4aa-a580ba499c98', '73f062e8-2ade-a467-1943-fa856c717a43', 'product_51', 260.0, 1);
INSERT INTO order_items (order_id, product_id, product_name, product_price, quantity)
VALUES ('fb33020d-a962-bb2f-c4aa-a580ba499c98', 'eed148a6-7f8f-38d6-85f9-602481bbc846', 'product_146', 130.0, 1);
INSERT INTO payments (order_id, venue_id, method, amount)
VALUES ('fb33020d-a962-bb2f-c4aa-a580ba499c98', '00000000-0000-0000-0000-000000000010', 'card', 1750.0);
INSERT INTO orders (id, venue_id, number, status, total_amount, opened_at, closed_at, table_number)
VALUES ('c981780c-2852-a45b-5235-e383488935c4', '00000000-0000-0000-0000-000000000010', '7607', 'paid', 1360.0, '2026-06-02 20:31:31', '2026-06-02 20:31:31', '11');
INSERT INTO order_items (order_id, product_id, product_name, product_price, quantity)
VALUES ('c981780c-2852-a45b-5235-e383488935c4', 'ce90a2e4-a08b-570d-aca7-50bb5d2d0ab2', 'product_112', 440.0, 1);
INSERT INTO order_items (order_id, product_id, product_name, product_price, quantity)
VALUES ('c981780c-2852-a45b-5235-e383488935c4', 'ec61223f-a380-dd08-f9eb-461b3c2f80e6', 'product_163', 120.0, 1);
INSERT INTO order_items (order_id, product_id, product_name, product_price, quantity)
VALUES ('c981780c-2852-a45b-5235-e383488935c4', '1a9038b5-12c1-4b41-756a-ce6d8bb0fac8', 'product_114', 670.0, 1);
INSERT INTO order_items (order_id, product_id, product_name, product_price, quantity)
VALUES ('c981780c-2852-a45b-5235-e383488935c4', '966437e8-b784-92e7-0afa-ff8bde6f1e53', 'product_145', 130.0, 1);
INSERT INTO payments (order_id, venue_id, method, amount)
VALUES ('c981780c-2852-a45b-5235-e383488935c4', '00000000-0000-0000-0000-000000000010', 'card', 1360.0);
INSERT INTO orders (id, venue_id, number, status, total_amount, opened_at, closed_at, table_number)
VALUES ('7b101a36-c074-3afb-5cfc-bac96c06a369', '00000000-0000-0000-0000-000000000010', '7605', 'paid', 5430.0, '2026-06-02 18:03:18', '2026-06-02 18:03:18', '11');
INSERT INTO order_items (order_id, product_id, product_name, product_price, quantity)
VALUES ('7b101a36-c074-3afb-5cfc-bac96c06a369', 'fdb6f575-fe3f-282e-93d0-1dad56530fa5', 'product_15', 640.0, 1);
INSERT INTO order_items (order_id, product_id, product_name, product_price, quantity)
VALUES ('7b101a36-c074-3afb-5cfc-bac96c06a369', '6599a59a-6cf7-70c9-0971-07a0078ce7cf', 'product_128', 380.0, 8);
INSERT INTO order_items (order_id, product_id, product_name, product_price, quantity)
VALUES ('7b101a36-c074-3afb-5cfc-bac96c06a369', '7ddbed72-7deb-5ee4-0634-41d52192bad1', 'product_23', 1750.0, 1);
INSERT INTO payments (order_id, venue_id, method, amount)
VALUES ('7b101a36-c074-3afb-5cfc-bac96c06a369', '00000000-0000-0000-0000-000000000010', 'card', 5430.0);
INSERT INTO orders (id, venue_id, number, status, total_amount, opened_at, closed_at, table_number)
VALUES ('16c032e9-5611-19ad-25a9-f5a7d77a127a', '00000000-0000-0000-0000-000000000010', '7603', 'paid', 1370.0, '2026-06-02 12:44:36', '2026-06-02 12:44:36', '15');
INSERT INTO order_items (order_id, product_id, product_name, product_price, quantity)
VALUES ('16c032e9-5611-19ad-25a9-f5a7d77a127a', '38432f7f-ba41-eaa0-7e46-d791008e4b02', 'product_6', 510.0, 1);
INSERT INTO order_items (order_id, product_id, product_name, product_price, quantity)
VALUES ('16c032e9-5611-19ad-25a9-f5a7d77a127a', '7b0b5f60-47be-c07e-9585-af9a20b6d773', 'product_9', 460.0, 1);
INSERT INTO order_items (order_id, product_id, product_name, product_price, quantity)
VALUES ('16c032e9-5611-19ad-25a9-f5a7d77a127a', '2aea4c79-36dc-7b25-0bb9-c98c36e577c7', 'product_58', 200.0, 2);
INSERT INTO orders (id, venue_id, number, status, total_amount, opened_at, closed_at, table_number)
VALUES ('e68d9009-b328-db4f-6693-42df3c1bae08', '00000000-0000-0000-0000-000000000010', '7602', 'paid', 1380.0, '2026-06-02 12:43:29', '2026-06-02 12:43:29', '11');
INSERT INTO order_items (order_id, product_id, product_name, product_price, quantity)
VALUES ('e68d9009-b328-db4f-6693-42df3c1bae08', '7b0b5f60-47be-c07e-9585-af9a20b6d773', 'product_9', 460.0, 2);
INSERT INTO order_items (order_id, product_id, product_name, product_price, quantity)
VALUES ('e68d9009-b328-db4f-6693-42df3c1bae08', 'da98da7c-a663-0228-294e-97c1fae50fd1', 'product_54', 180.0, 1);
INSERT INTO order_items (order_id, product_id, product_name, product_price, quantity)
VALUES ('e68d9009-b328-db4f-6693-42df3c1bae08', 'd46f67a1-e1dd-e079-0b5c-329f6422c4d4', 'product_60', 280.0, 1);
INSERT INTO orders (id, venue_id, number, status, total_amount, opened_at, closed_at, table_number)
VALUES ('30b8dda9-edf6-9d49-e6ce-c26d55bd6183', '00000000-0000-0000-0000-000000000010', '7601', 'paid', 1420.0, '2026-06-02 12:41:56', '2026-06-02 12:41:56', '10');
INSERT INTO order_items (order_id, product_id, product_name, product_price, quantity)
VALUES ('30b8dda9-edf6-9d49-e6ce-c26d55bd6183', '7b0b5f60-47be-c07e-9585-af9a20b6d773', 'product_9', 460.0, 2);
INSERT INTO order_items (order_id, product_id, product_name, product_price, quantity)
VALUES ('30b8dda9-edf6-9d49-e6ce-c26d55bd6183', '4695b67d-781a-20db-f80e-66824f8cfc13', 'product_55', 250.0, 2);
INSERT INTO orders (id, venue_id, number, status, total_amount, opened_at, closed_at, table_number)
VALUES ('073c73c2-2dbd-74ab-afc2-6533ac371723', '00000000-0000-0000-0000-000000000010', '7600', 'paid', 1460.0, '2026-06-02 12:34:29', '2026-06-02 12:34:29', '13');
INSERT INTO order_items (order_id, product_id, product_name, product_price, quantity)
VALUES ('073c73c2-2dbd-74ab-afc2-6533ac371723', '7b0b5f60-47be-c07e-9585-af9a20b6d773', 'product_9', 460.0, 1);
INSERT INTO order_items (order_id, product_id, product_name, product_price, quantity)
VALUES ('073c73c2-2dbd-74ab-afc2-6533ac371723', '94d2bddc-c99f-2985-f8eb-9d8a4a995ad3', 'product_10', 300.0, 1);
INSERT INTO order_items (order_id, product_id, product_name, product_price, quantity)
VALUES ('073c73c2-2dbd-74ab-afc2-6533ac371723', '7c7c305a-92ed-bc40-0bb5-1155fc4e313f', 'product_99', 220.0, 1);
INSERT INTO order_items (order_id, product_id, product_name, product_price, quantity)
VALUES ('073c73c2-2dbd-74ab-afc2-6533ac371723', 'ec61223f-a380-dd08-f9eb-461b3c2f80e6', 'product_163', 120.0, 1);
INSERT INTO order_items (order_id, product_id, product_name, product_price, quantity)
VALUES ('073c73c2-2dbd-74ab-afc2-6533ac371723', 'da98da7c-a663-0228-294e-97c1fae50fd1', 'product_54', 180.0, 2);
INSERT INTO payments (order_id, venue_id, method, amount)
VALUES ('073c73c2-2dbd-74ab-afc2-6533ac371723', '00000000-0000-0000-0000-000000000010', 'cash', 340.0);
INSERT INTO orders (id, venue_id, number, status, total_amount, opened_at, closed_at, table_number)
VALUES ('bf35e082-614e-a0a8-a707-f65bf42c4fcc', '00000000-0000-0000-0000-000000000010', '7599', 'paid', 0.0, '2026-06-01 23:06:48', '2026-06-01 23:06:48', '9');
INSERT INTO order_items (order_id, product_id, product_name, product_price, quantity)
VALUES ('bf35e082-614e-a0a8-a707-f65bf42c4fcc', '12dd0c72-4671-5cd8-b7da-98389426555c', 'product_228', 0.0, 1);
INSERT INTO order_items (order_id, product_id, product_name, product_price, quantity)
VALUES ('bf35e082-614e-a0a8-a707-f65bf42c4fcc', '82c55340-bd07-2a9a-a6cc-6ce377f958f2', 'product_148', 0.0, 1);
INSERT INTO order_items (order_id, product_id, product_name, product_price, quantity)
VALUES ('bf35e082-614e-a0a8-a707-f65bf42c4fcc', '1afe238c-a186-0e67-9e9d-d39b8c4abe8a', 'product_229', 0.0, 1);
INSERT INTO orders (id, venue_id, number, status, total_amount, opened_at, closed_at, table_number)
VALUES ('74841aa2-d05c-b57e-fbe7-819566d40283', '00000000-0000-0000-0000-000000000010', '7598', 'paid', 1460.0, '2026-06-01 22:53:48', '2026-06-01 22:53:48', '10');
INSERT INTO order_items (order_id, product_id, product_name, product_price, quantity)
VALUES ('74841aa2-d05c-b57e-fbe7-819566d40283', 'df7c2c21-ccac-5baf-78ab-7927f7db522f', 'product_137', 160.0, 2);
INSERT INTO order_items (order_id, product_id, product_name, product_price, quantity)
VALUES ('74841aa2-d05c-b57e-fbe7-819566d40283', 'b627abd9-fb00-28f4-a09b-09fcb24019c0', 'product_132', 150.0, 5);
INSERT INTO order_items (order_id, product_id, product_name, product_price, quantity)
VALUES ('74841aa2-d05c-b57e-fbe7-819566d40283', 'bb41c67e-d584-f041-47ad-12499e38aab2', 'product_241', 200.0, 1);
INSERT INTO order_items (order_id, product_id, product_name, product_price, quantity)
VALUES ('74841aa2-d05c-b57e-fbe7-819566d40283', '260b99e2-59bd-a3dc-c313-434aff0daf54', 'product_144', 190.0, 1);
INSERT INTO payments (order_id, venue_id, method, amount)
VALUES ('74841aa2-d05c-b57e-fbe7-819566d40283', '00000000-0000-0000-0000-000000000010', 'card', 1460.0);
INSERT INTO orders (id, venue_id, number, status, total_amount, opened_at, closed_at, table_number)
VALUES ('6b468e26-5b4e-8085-a29f-db9f8f11be29', '00000000-0000-0000-0000-000000000010', '7595', 'paid', 380.0, '2026-06-01 22:41:55', '2026-06-01 22:41:55', '7');
INSERT INTO order_items (order_id, product_id, product_name, product_price, quantity)
VALUES ('6b468e26-5b4e-8085-a29f-db9f8f11be29', '0caff6fe-c574-8665-33ca-5f2cee71ebb2', 'product_35', 190.0, 2);
INSERT INTO payments (order_id, venue_id, method, amount)
VALUES ('6b468e26-5b4e-8085-a29f-db9f8f11be29', '00000000-0000-0000-0000-000000000010', 'card', 380.0);
INSERT INTO orders (id, venue_id, number, status, total_amount, opened_at, closed_at, table_number)
VALUES ('9070a9ff-8239-bb9e-8d6a-f15c6e29b944', '00000000-0000-0000-0000-000000000010', '7597', 'paid', 260.0, '2026-06-01 21:34:41', '2026-06-01 21:34:41', '9');
INSERT INTO order_items (order_id, product_id, product_name, product_price, quantity)
VALUES ('9070a9ff-8239-bb9e-8d6a-f15c6e29b944', '966437e8-b784-92e7-0afa-ff8bde6f1e53', 'product_145', 130.0, 2);
INSERT INTO payments (order_id, venue_id, method, amount)
VALUES ('9070a9ff-8239-bb9e-8d6a-f15c6e29b944', '00000000-0000-0000-0000-000000000010', 'cash', 260.0);
INSERT INTO orders (id, venue_id, number, status, total_amount, opened_at, closed_at, table_number)
VALUES ('e1213864-4703-ae2e-708f-82812282d45c', '00000000-0000-0000-0000-000000000010', '7596', 'paid', 320.0, '2026-06-01 21:32:56', '2026-06-01 21:32:56', '10');
INSERT INTO order_items (order_id, product_id, product_name, product_price, quantity)
VALUES ('e1213864-4703-ae2e-708f-82812282d45c', 'df7c2c21-ccac-5baf-78ab-7927f7db522f', 'product_137', 160.0, 2);
INSERT INTO payments (order_id, venue_id, method, amount)
VALUES ('e1213864-4703-ae2e-708f-82812282d45c', '00000000-0000-0000-0000-000000000010', 'card', 320.0);
INSERT INTO orders (id, venue_id, number, status, total_amount, opened_at, closed_at, table_number)
VALUES ('c13fa8ef-6716-f155-9043-c6369c90a9d0', '00000000-0000-0000-0000-000000000010', '7594', 'paid', 1030.0, '2026-06-01 21:23:41', '2026-06-01 21:23:41', '13');
INSERT INTO order_items (order_id, product_id, product_name, product_price, quantity)
VALUES ('c13fa8ef-6716-f155-9043-c6369c90a9d0', 'bd63cdca-84b0-4bda-520e-13725e4b4e60', 'product_33', 370.0, 1);
INSERT INTO order_items (order_id, product_id, product_name, product_price, quantity)
VALUES ('c13fa8ef-6716-f155-9043-c6369c90a9d0', '5f05b996-99f5-dfcb-e4b9-79078ca1f540', 'product_100', 460.0, 1);
INSERT INTO order_items (order_id, product_id, product_name, product_price, quantity)
VALUES ('c13fa8ef-6716-f155-9043-c6369c90a9d0', '09d9bcce-e54b-d518-c5bf-1c5d4b683d38', 'product_50', 200.0, 1);
INSERT INTO payments (order_id, venue_id, method, amount)
VALUES ('c13fa8ef-6716-f155-9043-c6369c90a9d0', '00000000-0000-0000-0000-000000000010', 'cash', 1030.0);
INSERT INTO orders (id, venue_id, number, status, total_amount, opened_at, closed_at, table_number)
VALUES ('05a17b8a-38e5-6998-bcfa-f65f7898eb39', '00000000-0000-0000-0000-000000000010', '7593', 'paid', 3820.0, '2026-06-01 20:44:20', '2026-06-01 20:44:20', '8');
INSERT INTO order_items (order_id, product_id, product_name, product_price, quantity)
VALUES ('05a17b8a-38e5-6998-bcfa-f65f7898eb39', 'c0fb869e-f434-07cb-f666-b9f7e55d4032', 'product_113', 770.0, 2);
INSERT INTO order_items (order_id, product_id, product_name, product_price, quantity)
VALUES ('05a17b8a-38e5-6998-bcfa-f65f7898eb39', '951f4bf6-be55-0e75-59a9-7e580a0d07c4', 'product_14', 640.0, 1);
INSERT INTO order_items (order_id, product_id, product_name, product_price, quantity)
VALUES ('05a17b8a-38e5-6998-bcfa-f65f7898eb39', '9a06fa1f-d2b5-1b6f-d6c5-37c2ffa3adfd', 'product_168', 640.0, 1);
INSERT INTO order_items (order_id, product_id, product_name, product_price, quantity)
VALUES ('05a17b8a-38e5-6998-bcfa-f65f7898eb39', '1a9038b5-12c1-4b41-756a-ce6d8bb0fac8', 'product_114', 670.0, 1);
INSERT INTO order_items (order_id, product_id, product_name, product_price, quantity)
VALUES ('05a17b8a-38e5-6998-bcfa-f65f7898eb39', 'bb41c67e-d584-f041-47ad-12499e38aab2', 'product_241', 200.0, 1);
INSERT INTO order_items (order_id, product_id, product_name, product_price, quantity)
VALUES ('05a17b8a-38e5-6998-bcfa-f65f7898eb39', '966437e8-b784-92e7-0afa-ff8bde6f1e53', 'product_145', 130.0, 1);
INSERT INTO payments (order_id, venue_id, method, amount)
VALUES ('05a17b8a-38e5-6998-bcfa-f65f7898eb39', '00000000-0000-0000-0000-000000000010', 'card', 3820.0);
INSERT INTO orders (id, venue_id, number, status, total_amount, opened_at, closed_at, table_number)
VALUES ('efe50b89-594a-8857-9626-7cba3d121bcb', '00000000-0000-0000-0000-000000000010', '7592', 'paid', 4220.0, '2026-06-01 19:54:29', '2026-06-01 19:54:29', '9');
INSERT INTO order_items (order_id, product_id, product_name, product_price, quantity)
VALUES ('efe50b89-594a-8857-9626-7cba3d121bcb', '891fbb64-0a53-e6d6-f1bf-27e191c4de93', 'product_121', 4220.0, 1);
INSERT INTO payments (order_id, venue_id, method, amount)
VALUES ('efe50b89-594a-8857-9626-7cba3d121bcb', '00000000-0000-0000-0000-000000000010', 'card', 4220.0);
INSERT INTO orders (id, venue_id, number, status, total_amount, opened_at, closed_at, table_number)
VALUES ('5505184d-4f57-b89a-d6db-fd9ee6ad6782', '00000000-0000-0000-0000-000000000010', '7591', 'paid', 5350.0, '2026-06-01 19:47:20', '2026-06-01 19:47:20', '12');
INSERT INTO order_items (order_id, product_id, product_name, product_price, quantity)
VALUES ('5505184d-4f57-b89a-d6db-fd9ee6ad6782', '0caff6fe-c574-8665-33ca-5f2cee71ebb2', 'product_35', 190.0, 1);
INSERT INTO order_items (order_id, product_id, product_name, product_price, quantity)
VALUES ('5505184d-4f57-b89a-d6db-fd9ee6ad6782', '0f7cfc79-3a3f-41ac-1aa4-b27431de9236', 'product_29', 620.0, 1);
INSERT INTO order_items (order_id, product_id, product_name, product_price, quantity)
VALUES ('5505184d-4f57-b89a-d6db-fd9ee6ad6782', '6e00b5a0-6b62-d942-73e4-86982bcae389', 'product_21', 1370.0, 3);
INSERT INTO order_items (order_id, product_id, product_name, product_price, quantity)
VALUES ('5505184d-4f57-b89a-d6db-fd9ee6ad6782', 'd56291c3-0b81-82df-41d8-2bffd8869d31', 'product_140', 430.0, 1);
INSERT INTO payments (order_id, venue_id, method, amount)
VALUES ('5505184d-4f57-b89a-d6db-fd9ee6ad6782', '00000000-0000-0000-0000-000000000010', 'cash', 5350.0);
INSERT INTO orders (id, venue_id, number, status, total_amount, opened_at, closed_at, table_number)
VALUES ('40494585-5e21-a016-6904-2c66849a497f', '00000000-0000-0000-0000-000000000010', '7590', 'paid', 1600.0, '2026-06-01 18:23:29', '2026-06-01 18:23:29', '10');
INSERT INTO order_items (order_id, product_id, product_name, product_price, quantity)
VALUES ('40494585-5e21-a016-6904-2c66849a497f', 'df7c2c21-ccac-5baf-78ab-7927f7db522f', 'product_137', 160.0, 10);
INSERT INTO payments (order_id, venue_id, method, amount)
VALUES ('40494585-5e21-a016-6904-2c66849a497f', '00000000-0000-0000-0000-000000000010', 'card', 1600.0);
INSERT INTO orders (id, venue_id, number, status, total_amount, opened_at, closed_at, table_number)
VALUES ('cfb354be-3398-419d-6e64-330510879d3d', '00000000-0000-0000-0000-000000000010', '7589', 'paid', 460.0, '2026-06-01 16:55:05', '2026-06-01 16:55:05', '9');
INSERT INTO order_items (order_id, product_id, product_name, product_price, quantity)
VALUES ('cfb354be-3398-419d-6e64-330510879d3d', '021231f4-e9fa-ecbb-5f2a-ad1321ca42ea', 'product_59', 230.0, 2);
INSERT INTO payments (order_id, venue_id, method, amount)
VALUES ('cfb354be-3398-419d-6e64-330510879d3d', '00000000-0000-0000-0000-000000000010', 'card', 460.0);
INSERT INTO orders (id, venue_id, number, status, total_amount, opened_at, closed_at, table_number)
VALUES ('8b3982ec-cb81-a7c9-29b4-e0f271c73173', '00000000-0000-0000-0000-000000000010', '7588', 'paid', 190.0, '2026-06-01 15:40:13', '2026-06-01 15:40:13', '8');
INSERT INTO order_items (order_id, product_id, product_name, product_price, quantity)
VALUES ('8b3982ec-cb81-a7c9-29b4-e0f271c73173', '0caff6fe-c574-8665-33ca-5f2cee71ebb2', 'product_35', 190.0, 1);
INSERT INTO payments (order_id, venue_id, method, amount)
VALUES ('8b3982ec-cb81-a7c9-29b4-e0f271c73173', '00000000-0000-0000-0000-000000000010', 'card', 190.0);
INSERT INTO orders (id, venue_id, number, status, total_amount, opened_at, closed_at, table_number)
VALUES ('d98a05a3-8a2d-21ea-247e-45be2ada2caa', '00000000-0000-0000-0000-000000000010', '7587', 'paid', 1470.0, '2026-06-01 15:16:01', '2026-06-01 15:16:01', '7');
INSERT INTO order_items (order_id, product_id, product_name, product_price, quantity)
VALUES ('d98a05a3-8a2d-21ea-247e-45be2ada2caa', '5c3938ac-271e-5674-37aa-116c20435202', 'product_234', 370.0, 1);
INSERT INTO order_items (order_id, product_id, product_name, product_price, quantity)
VALUES ('d98a05a3-8a2d-21ea-247e-45be2ada2caa', '5f05b996-99f5-dfcb-e4b9-79078ca1f540', 'product_100', 460.0, 1);
INSERT INTO order_items (order_id, product_id, product_name, product_price, quantity)
VALUES ('d98a05a3-8a2d-21ea-247e-45be2ada2caa', 'fdb6f575-fe3f-282e-93d0-1dad56530fa5', 'product_15', 640.0, 1);
INSERT INTO payments (order_id, venue_id, method, amount)
VALUES ('d98a05a3-8a2d-21ea-247e-45be2ada2caa', '00000000-0000-0000-0000-000000000010', 'card', 1470.0);
INSERT INTO orders (id, venue_id, number, status, total_amount, opened_at, closed_at, table_number)
VALUES ('03d42fd2-b232-e11a-20b7-c5f66efeac4f', '00000000-0000-0000-0000-000000000010', '7586', 'paid', 240.0, '2026-06-01 15:15:37', '2026-06-01 15:15:37', '11');
INSERT INTO order_items (order_id, product_id, product_name, product_price, quantity)
VALUES ('03d42fd2-b232-e11a-20b7-c5f66efeac4f', 'c10f6483-27d9-ca48-5e52-fb5a740be095', 'product_166', 40.0, 1);
INSERT INTO order_items (order_id, product_id, product_name, product_price, quantity)
VALUES ('03d42fd2-b232-e11a-20b7-c5f66efeac4f', '09d9bcce-e54b-d518-c5bf-1c5d4b683d38', 'product_50', 200.0, 1);
INSERT INTO payments (order_id, venue_id, method, amount)
VALUES ('03d42fd2-b232-e11a-20b7-c5f66efeac4f', '00000000-0000-0000-0000-000000000010', 'card', 240.0);
INSERT INTO orders (id, venue_id, number, status, total_amount, opened_at, closed_at, table_number)
VALUES ('a49509f0-b5fa-f34c-a929-7dc4b57ece71', '00000000-0000-0000-0000-000000000010', '7583', 'paid', 470.0, '2026-06-01 14:07:48', '2026-06-01 14:07:48', '15');
INSERT INTO order_items (order_id, product_id, product_name, product_price, quantity)
VALUES ('a49509f0-b5fa-f34c-a929-7dc4b57ece71', 'b9bdca4d-a423-6c36-2351-10cf52ff0eec', 'product_230', 0.0, 1);
INSERT INTO order_items (order_id, product_id, product_name, product_price, quantity)
VALUES ('a49509f0-b5fa-f34c-a929-7dc4b57ece71', '0caff6fe-c574-8665-33ca-5f2cee71ebb2', 'product_35', 190.0, 1);
INSERT INTO order_items (order_id, product_id, product_name, product_price, quantity)
VALUES ('a49509f0-b5fa-f34c-a929-7dc4b57ece71', 'd46f67a1-e1dd-e079-0b5c-329f6422c4d4', 'product_60', 280.0, 1);
INSERT INTO orders (id, venue_id, number, status, total_amount, opened_at, closed_at, table_number)
VALUES ('20d80352-8d64-bf2d-208c-8d1e47769d5e', '00000000-0000-0000-0000-000000000010', '7584', 'paid', 780.0, '2026-06-01 14:07:35', '2026-06-01 14:07:35', '13');
INSERT INTO order_items (order_id, product_id, product_name, product_price, quantity)
VALUES ('20d80352-8d64-bf2d-208c-8d1e47769d5e', 'b9bdca4d-a423-6c36-2351-10cf52ff0eec', 'product_230', 0.0, 1);
INSERT INTO order_items (order_id, product_id, product_name, product_price, quantity)
VALUES ('20d80352-8d64-bf2d-208c-8d1e47769d5e', '94d2bddc-c99f-2985-f8eb-9d8a4a995ad3', 'product_10', 300.0, 1);
INSERT INTO order_items (order_id, product_id, product_name, product_price, quantity)
VALUES ('20d80352-8d64-bf2d-208c-8d1e47769d5e', 'da98da7c-a663-0228-294e-97c1fae50fd1', 'product_54', 180.0, 2);
INSERT INTO order_items (order_id, product_id, product_name, product_price, quantity)
VALUES ('20d80352-8d64-bf2d-208c-8d1e47769d5e', 'ec61223f-a380-dd08-f9eb-461b3c2f80e6', 'product_163', 120.0, 1);
INSERT INTO orders (id, venue_id, number, status, total_amount, opened_at, closed_at, table_number)
VALUES ('8b17a6e3-d621-adbe-69ad-f2851c2bd39b', '00000000-0000-0000-0000-000000000010', '7585', 'paid', 510.0, '2026-06-01 14:07:30', '2026-06-01 14:07:30', '10');
INSERT INTO order_items (order_id, product_id, product_name, product_price, quantity)
VALUES ('8b17a6e3-d621-adbe-69ad-f2851c2bd39b', '38432f7f-ba41-eaa0-7e46-d791008e4b02', 'product_6', 510.0, 1);
INSERT INTO order_items (order_id, product_id, product_name, product_price, quantity)
VALUES ('8b17a6e3-d621-adbe-69ad-f2851c2bd39b', 'b9bdca4d-a423-6c36-2351-10cf52ff0eec', 'product_230', 0.0, 1);
INSERT INTO order_items (order_id, product_id, product_name, product_price, quantity)
VALUES ('8b17a6e3-d621-adbe-69ad-f2851c2bd39b', '1afe238c-a186-0e67-9e9d-d39b8c4abe8a', 'product_229', 0.0, 1);
INSERT INTO orders (id, venue_id, number, status, total_amount, opened_at, closed_at, table_number)
VALUES ('c6d14817-f966-2b82-2530-dfb2959053ce', '00000000-0000-0000-0000-000000000010', '7582', 'paid', 1120.0, '2026-06-01 10:27:50', '2026-06-01 10:27:50', '1');
INSERT INTO order_items (order_id, product_id, product_name, product_price, quantity)
VALUES ('c6d14817-f966-2b82-2530-dfb2959053ce', 'b9bdca4d-a423-6c36-2351-10cf52ff0eec', 'product_230', 0.0, 2);
INSERT INTO order_items (order_id, product_id, product_name, product_price, quantity)
VALUES ('c6d14817-f966-2b82-2530-dfb2959053ce', '94d2bddc-c99f-2985-f8eb-9d8a4a995ad3', 'product_10', 300.0, 1);
INSERT INTO order_items (order_id, product_id, product_name, product_price, quantity)
VALUES ('c6d14817-f966-2b82-2530-dfb2959053ce', 'da98da7c-a663-0228-294e-97c1fae50fd1', 'product_54', 180.0, 1);
INSERT INTO order_items (order_id, product_id, product_name, product_price, quantity)
VALUES ('c6d14817-f966-2b82-2530-dfb2959053ce', '021231f4-e9fa-ecbb-5f2a-ad1321ca42ea', 'product_59', 230.0, 1);
INSERT INTO order_items (order_id, product_id, product_name, product_price, quantity)
VALUES ('c6d14817-f966-2b82-2530-dfb2959053ce', 'da98da7c-a663-0228-294e-97c1fae50fd1', 'product_54', 180.0, 1);
INSERT INTO order_items (order_id, product_id, product_name, product_price, quantity)
VALUES ('c6d14817-f966-2b82-2530-dfb2959053ce', '021231f4-e9fa-ecbb-5f2a-ad1321ca42ea', 'product_59', 230.0, 1);
INSERT INTO payments (order_id, venue_id, method, amount)
VALUES ('c6d14817-f966-2b82-2530-dfb2959053ce', '00000000-0000-0000-0000-000000000010', 'card', 410.0);
INSERT INTO orders (id, venue_id, number, status, total_amount, opened_at, closed_at, table_number)
VALUES ('bd9d710f-5237-e2f7-cb6b-5d032551a417', '00000000-0000-0000-0000-000000000010', '7581', 'paid', 180.0, '2026-06-01 09:11:38', '2026-06-01 09:11:38', '9');
INSERT INTO order_items (order_id, product_id, product_name, product_price, quantity)
VALUES ('bd9d710f-5237-e2f7-cb6b-5d032551a417', '2e331f2f-b6fd-7898-11b0-9b0e3a2e58be', 'product_57', 180.0, 1);
INSERT INTO payments (order_id, venue_id, method, amount)
VALUES ('bd9d710f-5237-e2f7-cb6b-5d032551a417', '00000000-0000-0000-0000-000000000010', 'cash', 180.0);
INSERT INTO orders (id, venue_id, number, status, total_amount, opened_at, closed_at, table_number)
VALUES ('d9a25723-90ae-c586-a486-6039dd250cea', '00000000-0000-0000-0000-000000000010', '7580', 'paid', 220.0, '2026-05-31 22:14:00', '2026-05-31 22:14:00', '13');
INSERT INTO order_items (order_id, product_id, product_name, product_price, quantity)
VALUES ('d9a25723-90ae-c586-a486-6039dd250cea', '7c7c305a-92ed-bc40-0bb5-1155fc4e313f', 'product_99', 220.0, 1);
INSERT INTO payments (order_id, venue_id, method, amount)
VALUES ('d9a25723-90ae-c586-a486-6039dd250cea', '00000000-0000-0000-0000-000000000010', 'cash', 220.0);
INSERT INTO orders (id, venue_id, number, status, total_amount, opened_at, closed_at, table_number)
VALUES ('a14c605b-3630-cfc0-315f-6477b34d02fd', '00000000-0000-0000-0000-000000000010', '7574', 'paid', 1780.0, '2026-05-31 21:33:09', '2026-05-31 21:33:09', '16');
INSERT INTO order_items (order_id, product_id, product_name, product_price, quantity)
VALUES ('a14c605b-3630-cfc0-315f-6477b34d02fd', '0f7cfc79-3a3f-41ac-1aa4-b27431de9236', 'product_29', 620.0, 1);
INSERT INTO order_items (order_id, product_id, product_name, product_price, quantity)
VALUES ('a14c605b-3630-cfc0-315f-6477b34d02fd', '5f05b996-99f5-dfcb-e4b9-79078ca1f540', 'product_100', 460.0, 1);
INSERT INTO order_items (order_id, product_id, product_name, product_price, quantity)
VALUES ('a14c605b-3630-cfc0-315f-6477b34d02fd', '966437e8-b784-92e7-0afa-ff8bde6f1e53', 'product_145', 130.0, 1);
INSERT INTO order_items (order_id, product_id, product_name, product_price, quantity)
VALUES ('a14c605b-3630-cfc0-315f-6477b34d02fd', 'bb41c67e-d584-f041-47ad-12499e38aab2', 'product_241', 200.0, 1);
INSERT INTO order_items (order_id, product_id, product_name, product_price, quantity)
VALUES ('a14c605b-3630-cfc0-315f-6477b34d02fd', '5c3938ac-271e-5674-37aa-116c20435202', 'product_234', 370.0, 1);
INSERT INTO payments (order_id, venue_id, method, amount)
VALUES ('a14c605b-3630-cfc0-315f-6477b34d02fd', '00000000-0000-0000-0000-000000000010', 'card', 1780.0);
INSERT INTO orders (id, venue_id, number, status, total_amount, opened_at, closed_at, table_number)
VALUES ('62e83676-bcf7-bbf5-315f-69a0730b776b', '00000000-0000-0000-0000-000000000010', '7579', 'paid', 2530.0, '2026-05-31 21:30:59', '2026-05-31 21:30:59', '13');
INSERT INTO order_items (order_id, product_id, product_name, product_price, quantity)
VALUES ('62e83676-bcf7-bbf5-315f-69a0730b776b', '5f05b996-99f5-dfcb-e4b9-79078ca1f540', 'product_100', 460.0, 1);
INSERT INTO order_items (order_id, product_id, product_name, product_price, quantity)
VALUES ('62e83676-bcf7-bbf5-315f-69a0730b776b', 'f5e07166-faf7-d429-5419-891577dc4984', 'product_180', 1750.0, 1);
INSERT INTO order_items (order_id, product_id, product_name, product_price, quantity)
VALUES ('62e83676-bcf7-bbf5-315f-69a0730b776b', '09d9bcce-e54b-d518-c5bf-1c5d4b683d38', 'product_50', 200.0, 1);
INSERT INTO order_items (order_id, product_id, product_name, product_price, quantity)
VALUES ('62e83676-bcf7-bbf5-315f-69a0730b776b', 'ec61223f-a380-dd08-f9eb-461b3c2f80e6', 'product_163', 120.0, 1);
INSERT INTO payments (order_id, venue_id, method, amount)
VALUES ('62e83676-bcf7-bbf5-315f-69a0730b776b', '00000000-0000-0000-0000-000000000010', 'cash', 2530.0);
INSERT INTO orders (id, venue_id, number, status, total_amount, opened_at, closed_at, table_number)
VALUES ('bd95321b-3ffb-6a56-1319-ed31b69d7e40', '00000000-0000-0000-0000-000000000010', '7578', 'paid', 1970.0, '2026-05-31 21:18:51', '2026-05-31 21:18:51', '15');
INSERT INTO order_items (order_id, product_id, product_name, product_price, quantity)
VALUES ('bd95321b-3ffb-6a56-1319-ed31b69d7e40', '7ddbed72-7deb-5ee4-0634-41d52192bad1', 'product_23', 1750.0, 1);
INSERT INTO order_items (order_id, product_id, product_name, product_price, quantity)
VALUES ('bd95321b-3ffb-6a56-1319-ed31b69d7e40', '81b3193a-f1f9-6ba6-5630-5c911f0c4a69', 'product_48', 220.0, 1);
INSERT INTO payments (order_id, venue_id, method, amount)
VALUES ('bd95321b-3ffb-6a56-1319-ed31b69d7e40', '00000000-0000-0000-0000-000000000010', 'cash', 1970.0);
INSERT INTO orders (id, venue_id, number, status, total_amount, opened_at, closed_at, table_number)
VALUES ('7aaa5c00-a63c-d0cd-8bd1-5b1b6abeee79', '00000000-0000-0000-0000-000000000010', '7577', 'paid', 190.0, '2026-05-31 21:15:32', '2026-05-31 21:15:32', '1');
INSERT INTO order_items (order_id, product_id, product_name, product_price, quantity)
VALUES ('7aaa5c00-a63c-d0cd-8bd1-5b1b6abeee79', 'a2b39819-292c-0b80-799d-c77d7020fc9d', 'product_34', 190.0, 1);
INSERT INTO payments (order_id, venue_id, method, amount)
VALUES ('7aaa5c00-a63c-d0cd-8bd1-5b1b6abeee79', '00000000-0000-0000-0000-000000000010', 'cash', 190.0);
INSERT INTO orders (id, venue_id, number, status, total_amount, opened_at, closed_at, table_number)
VALUES ('70cfeac8-0df0-3d94-33ff-c13f47397e32', '00000000-0000-0000-0000-000000000010', '7576', 'paid', 840.0, '2026-05-31 21:13:06', '2026-05-31 21:13:06', '11');
INSERT INTO order_items (order_id, product_id, product_name, product_price, quantity)
VALUES ('70cfeac8-0df0-3d94-33ff-c13f47397e32', 'fdb6f575-fe3f-282e-93d0-1dad56530fa5', 'product_15', 640.0, 1);
INSERT INTO order_items (order_id, product_id, product_name, product_price, quantity)
VALUES ('70cfeac8-0df0-3d94-33ff-c13f47397e32', 'bb41c67e-d584-f041-47ad-12499e38aab2', 'product_241', 200.0, 1);
INSERT INTO payments (order_id, venue_id, method, amount)
VALUES ('70cfeac8-0df0-3d94-33ff-c13f47397e32', '00000000-0000-0000-0000-000000000010', 'card', 840.0);
INSERT INTO orders (id, venue_id, number, status, total_amount, opened_at, closed_at, table_number)
VALUES ('db95981a-2a93-2d85-29fa-452f60d6a86c', '00000000-0000-0000-0000-000000000010', '7575', 'paid', 430.0, '2026-05-31 21:11:35', '2026-05-31 21:11:35', '9');
INSERT INTO order_items (order_id, product_id, product_name, product_price, quantity)
VALUES ('db95981a-2a93-2d85-29fa-452f60d6a86c', 'd56291c3-0b81-82df-41d8-2bffd8869d31', 'product_140', 430.0, 1);
INSERT INTO payments (order_id, venue_id, method, amount)
VALUES ('db95981a-2a93-2d85-29fa-452f60d6a86c', '00000000-0000-0000-0000-000000000010', 'card', 430.0);
INSERT INTO orders (id, venue_id, number, status, total_amount, opened_at, closed_at, table_number)
VALUES ('c8ff2ce4-ac59-b696-14c3-21290fdaf7b7', '00000000-0000-0000-0000-000000000010', '7573', 'paid', 130.0, '2026-05-31 20:14:34', '2026-05-31 20:14:34', '1');
INSERT INTO order_items (order_id, product_id, product_name, product_price, quantity)
VALUES ('c8ff2ce4-ac59-b696-14c3-21290fdaf7b7', '966437e8-b784-92e7-0afa-ff8bde6f1e53', 'product_145', 130.0, 1);
INSERT INTO payments (order_id, venue_id, method, amount)
VALUES ('c8ff2ce4-ac59-b696-14c3-21290fdaf7b7', '00000000-0000-0000-0000-000000000010', 'card', 130.0);
INSERT INTO orders (id, venue_id, number, status, total_amount, opened_at, closed_at, table_number)
VALUES ('3d806203-cc92-90e5-bc2d-40aab1dc6f3c', '00000000-0000-0000-0000-000000000010', '7572', 'paid', 490.0, '2026-05-31 20:08:10', '2026-05-31 20:08:10', '1');
INSERT INTO order_items (order_id, product_id, product_name, product_price, quantity)
VALUES ('3d806203-cc92-90e5-bc2d-40aab1dc6f3c', '81b3193a-f1f9-6ba6-5630-5c911f0c4a69', 'product_48', 220.0, 1);
INSERT INTO order_items (order_id, product_id, product_name, product_price, quantity)
VALUES ('3d806203-cc92-90e5-bc2d-40aab1dc6f3c', '8b7920ef-e954-d760-2a69-99cafc830c2e', 'product_171', 270.0, 1);
INSERT INTO payments (order_id, venue_id, method, amount)
VALUES ('3d806203-cc92-90e5-bc2d-40aab1dc6f3c', '00000000-0000-0000-0000-000000000010', 'cash', 490.0);
INSERT INTO orders (id, venue_id, number, status, total_amount, opened_at, closed_at, table_number)
VALUES ('294e1d85-a358-2c2e-d955-ff29b660bbea', '00000000-0000-0000-0000-000000000010', '7571', 'paid', 350.0, '2026-05-31 19:43:29', '2026-05-31 19:43:29', '1');
INSERT INTO order_items (order_id, product_id, product_name, product_price, quantity)
VALUES ('294e1d85-a358-2c2e-d955-ff29b660bbea', '5b7828a6-fad3-dc3f-06c7-979905efbff1', 'product_61', 350.0, 1);
INSERT INTO payments (order_id, venue_id, method, amount)
VALUES ('294e1d85-a358-2c2e-d955-ff29b660bbea', '00000000-0000-0000-0000-000000000010', 'cash', 350.0);
INSERT INTO orders (id, venue_id, number, status, total_amount, opened_at, closed_at, table_number)
VALUES ('3bec1b29-7571-3fa9-716f-3d942cf190f4', '00000000-0000-0000-0000-000000000010', '7570', 'paid', 190.0, '2026-05-31 19:34:55', '2026-05-31 19:34:55', '1');
INSERT INTO order_items (order_id, product_id, product_name, product_price, quantity)
VALUES ('3bec1b29-7571-3fa9-716f-3d942cf190f4', 'a2b39819-292c-0b80-799d-c77d7020fc9d', 'product_34', 190.0, 1);
INSERT INTO payments (order_id, venue_id, method, amount)
VALUES ('3bec1b29-7571-3fa9-716f-3d942cf190f4', '00000000-0000-0000-0000-000000000010', 'cash', 190.0);
INSERT INTO orders (id, venue_id, number, status, total_amount, opened_at, closed_at, table_number)
VALUES ('9169ba5c-95a7-367c-42be-ec8ed6cb7b65', '00000000-0000-0000-0000-000000000010', '7566', 'paid', 3090.0, '2026-05-31 19:31:49', '2026-05-31 19:31:49', '12');
INSERT INTO order_items (order_id, product_id, product_name, product_price, quantity)
VALUES ('9169ba5c-95a7-367c-42be-ec8ed6cb7b65', '1a9038b5-12c1-4b41-756a-ce6d8bb0fac8', 'product_114', 670.0, 1);
INSERT INTO order_items (order_id, product_id, product_name, product_price, quantity)
VALUES ('9169ba5c-95a7-367c-42be-ec8ed6cb7b65', '951f4bf6-be55-0e75-59a9-7e580a0d07c4', 'product_14', 640.0, 1);
INSERT INTO order_items (order_id, product_id, product_name, product_price, quantity)
VALUES ('9169ba5c-95a7-367c-42be-ec8ed6cb7b65', 'a2b39819-292c-0b80-799d-c77d7020fc9d', 'product_34', 190.0, 1);
INSERT INTO order_items (order_id, product_id, product_name, product_price, quantity)
VALUES ('9169ba5c-95a7-367c-42be-ec8ed6cb7b65', '0f7cfc79-3a3f-41ac-1aa4-b27431de9236', 'product_29', 620.0, 2);
INSERT INTO order_items (order_id, product_id, product_name, product_price, quantity)
VALUES ('9169ba5c-95a7-367c-42be-ec8ed6cb7b65', '5b7828a6-fad3-dc3f-06c7-979905efbff1', 'product_61', 350.0, 1);
INSERT INTO payments (order_id, venue_id, method, amount)
VALUES ('9169ba5c-95a7-367c-42be-ec8ed6cb7b65', '00000000-0000-0000-0000-000000000010', 'card', 3090.0);
INSERT INTO orders (id, venue_id, number, status, total_amount, opened_at, closed_at, table_number)
VALUES ('1751a82d-855c-2b1d-1d93-c763d2625dd1', '00000000-0000-0000-0000-000000000010', '7569', 'paid', 550.0, '2026-05-31 19:28:37', '2026-05-31 19:28:37', '1');
INSERT INTO order_items (order_id, product_id, product_name, product_price, quantity)
VALUES ('1751a82d-855c-2b1d-1d93-c763d2625dd1', '1649694a-a1df-1a36-ccd0-08ba48ab2fd1', 'product_36', 550.0, 1);
INSERT INTO payments (order_id, venue_id, method, amount)
VALUES ('1751a82d-855c-2b1d-1d93-c763d2625dd1', '00000000-0000-0000-0000-000000000010', 'card', 550.0);
INSERT INTO orders (id, venue_id, number, status, total_amount, opened_at, closed_at, table_number)
VALUES ('ce6264f7-6231-7e9d-1963-82b7e947bdf9', '00000000-0000-0000-0000-000000000010', '7568', 'paid', 130.0, '2026-05-31 18:48:39', '2026-05-31 18:48:39', '1');
INSERT INTO order_items (order_id, product_id, product_name, product_price, quantity)
VALUES ('ce6264f7-6231-7e9d-1963-82b7e947bdf9', '966437e8-b784-92e7-0afa-ff8bde6f1e53', 'product_145', 130.0, 1);
INSERT INTO payments (order_id, venue_id, method, amount)
VALUES ('ce6264f7-6231-7e9d-1963-82b7e947bdf9', '00000000-0000-0000-0000-000000000010', 'card', 130.0);
INSERT INTO orders (id, venue_id, number, status, total_amount, opened_at, closed_at, table_number)
VALUES ('949d6b39-3a6a-0513-6225-fc1fdb7d8b13', '00000000-0000-0000-0000-000000000010', '7567', 'paid', 460.0, '2026-05-31 18:48:14', '2026-05-31 18:48:14', '1');
INSERT INTO order_items (order_id, product_id, product_name, product_price, quantity)
VALUES ('949d6b39-3a6a-0513-6225-fc1fdb7d8b13', '021231f4-e9fa-ecbb-5f2a-ad1321ca42ea', 'product_59', 230.0, 2);
INSERT INTO payments (order_id, venue_id, method, amount)
VALUES ('949d6b39-3a6a-0513-6225-fc1fdb7d8b13', '00000000-0000-0000-0000-000000000010', 'card', 460.0);
INSERT INTO orders (id, venue_id, number, status, total_amount, opened_at, closed_at, table_number)
VALUES ('3d4af0de-1a8b-02f0-00d4-aa914eea09d3', '00000000-0000-0000-0000-000000000010', '7565', 'paid', 180.0, '2026-05-31 18:29:44', '2026-05-31 18:29:44', '15');
INSERT INTO order_items (order_id, product_id, product_name, product_price, quantity)
VALUES ('3d4af0de-1a8b-02f0-00d4-aa914eea09d3', '2e331f2f-b6fd-7898-11b0-9b0e3a2e58be', 'product_57', 180.0, 1);
INSERT INTO payments (order_id, venue_id, method, amount)
VALUES ('3d4af0de-1a8b-02f0-00d4-aa914eea09d3', '00000000-0000-0000-0000-000000000010', 'cash', 180.0);
INSERT INTO orders (id, venue_id, number, status, total_amount, opened_at, closed_at, table_number)
VALUES ('76b3dba2-0595-a1f8-d45e-2886c6d30631', '00000000-0000-0000-0000-000000000010', '7564', 'paid', 520.0, '2026-05-31 18:18:47', '2026-05-31 18:18:47', '13');
INSERT INTO order_items (order_id, product_id, product_name, product_price, quantity)
VALUES ('76b3dba2-0595-a1f8-d45e-2886c6d30631', 'da98da7c-a663-0228-294e-97c1fae50fd1', 'product_54', 180.0, 1);
INSERT INTO order_items (order_id, product_id, product_name, product_price, quantity)
VALUES ('76b3dba2-0595-a1f8-d45e-2886c6d30631', '0caff6fe-c574-8665-33ca-5f2cee71ebb2', 'product_35', 190.0, 1);
INSERT INTO order_items (order_id, product_id, product_name, product_price, quantity)
VALUES ('76b3dba2-0595-a1f8-d45e-2886c6d30631', 'ba6fbcf2-1f2b-909a-e5f9-b9c5fe635c92', 'product_187', 50.0, 1);
INSERT INTO order_items (order_id, product_id, product_name, product_price, quantity)
VALUES ('76b3dba2-0595-a1f8-d45e-2886c6d30631', 'ba6fbcf2-1f2b-909a-e5f9-b9c5fe635c92', 'product_187', 50.0, 1);
INSERT INTO order_items (order_id, product_id, product_name, product_price, quantity)
VALUES ('76b3dba2-0595-a1f8-d45e-2886c6d30631', 'ba6fbcf2-1f2b-909a-e5f9-b9c5fe635c92', 'product_187', 50.0, 1);
INSERT INTO payments (order_id, venue_id, method, amount)
VALUES ('76b3dba2-0595-a1f8-d45e-2886c6d30631', '00000000-0000-0000-0000-000000000010', 'cash', 520.0);
INSERT INTO orders (id, venue_id, number, status, total_amount, opened_at, closed_at, table_number)
VALUES ('7d59bc9c-ef9c-81c3-74b5-dc5f6856aa1e', '00000000-0000-0000-0000-000000000010', '7563', 'paid', 130.0, '2026-05-31 18:03:35', '2026-05-31 18:03:35', '17');
INSERT INTO order_items (order_id, product_id, product_name, product_price, quantity)
VALUES ('7d59bc9c-ef9c-81c3-74b5-dc5f6856aa1e', '966437e8-b784-92e7-0afa-ff8bde6f1e53', 'product_145', 130.0, 1);
INSERT INTO payments (order_id, venue_id, method, amount)
VALUES ('7d59bc9c-ef9c-81c3-74b5-dc5f6856aa1e', '00000000-0000-0000-0000-000000000010', 'cash', 130.0);
INSERT INTO orders (id, venue_id, number, status, total_amount, opened_at, closed_at, table_number)
VALUES ('a382b2f7-04cd-7699-4ae5-aae67bfba0ff', '00000000-0000-0000-0000-000000000010', '7562', 'paid', 2540.0, '2026-05-31 17:54:56', '2026-05-31 17:54:56', '16');
INSERT INTO order_items (order_id, product_id, product_name, product_price, quantity)
VALUES ('a382b2f7-04cd-7699-4ae5-aae67bfba0ff', '1a9038b5-12c1-4b41-756a-ce6d8bb0fac8', 'product_114', 670.0, 2);
INSERT INTO order_items (order_id, product_id, product_name, product_price, quantity)
VALUES ('a382b2f7-04cd-7699-4ae5-aae67bfba0ff', 'c0fb869e-f434-07cb-f666-b9f7e55d4032', 'product_113', 770.0, 1);
INSERT INTO order_items (order_id, product_id, product_name, product_price, quantity)
VALUES ('a382b2f7-04cd-7699-4ae5-aae67bfba0ff', '88c713d7-09a9-d70c-f6d9-2b28eb664bd5', 'product_138', 430.0, 1);
INSERT INTO payments (order_id, venue_id, method, amount)
VALUES ('a382b2f7-04cd-7699-4ae5-aae67bfba0ff', '00000000-0000-0000-0000-000000000010', 'cash', 2540.0);
INSERT INTO orders (id, venue_id, number, status, total_amount, opened_at, closed_at, table_number)
VALUES ('cbbd55df-06ea-4a4b-eec9-65d6c1da62a2', '00000000-0000-0000-0000-000000000010', '7558', 'paid', 7590.0, '2026-05-31 15:59:26', '2026-05-31 15:59:26', '16');
INSERT INTO order_items (order_id, product_id, product_name, product_price, quantity)
VALUES ('cbbd55df-06ea-4a4b-eec9-65d6c1da62a2', '951f4bf6-be55-0e75-59a9-7e580a0d07c4', 'product_14', 640.0, 4);
INSERT INTO order_items (order_id, product_id, product_name, product_price, quantity)
VALUES ('cbbd55df-06ea-4a4b-eec9-65d6c1da62a2', 'da98da7c-a663-0228-294e-97c1fae50fd1', 'product_54', 180.0, 4);
INSERT INTO order_items (order_id, product_id, product_name, product_price, quantity)
VALUES ('cbbd55df-06ea-4a4b-eec9-65d6c1da62a2', '966437e8-b784-92e7-0afa-ff8bde6f1e53', 'product_145', 130.0, 2);
INSERT INTO order_items (order_id, product_id, product_name, product_price, quantity)
VALUES ('cbbd55df-06ea-4a4b-eec9-65d6c1da62a2', 'f35ae6ee-40da-7479-c64b-612bff507023', 'product_31', 370.0, 1);
INSERT INTO order_items (order_id, product_id, product_name, product_price, quantity)
VALUES ('cbbd55df-06ea-4a4b-eec9-65d6c1da62a2', '627b586a-57c8-d217-1549-c47bb32192ac', 'product_26', 460.0, 2);
INSERT INTO order_items (order_id, product_id, product_name, product_price, quantity)
VALUES ('cbbd55df-06ea-4a4b-eec9-65d6c1da62a2', 'badf5f45-b516-78fa-fbe7-ff32ed526953', 'product_226', 720.0, 3);
INSERT INTO order_items (order_id, product_id, product_name, product_price, quantity)
VALUES ('cbbd55df-06ea-4a4b-eec9-65d6c1da62a2', '5c3938ac-271e-5674-37aa-116c20435202', 'product_234', 370.0, 1);
INSERT INTO order_items (order_id, product_id, product_name, product_price, quantity)
VALUES ('cbbd55df-06ea-4a4b-eec9-65d6c1da62a2', '021231f4-e9fa-ecbb-5f2a-ad1321ca42ea', 'product_59', 230.0, 1);
INSERT INTO payments (order_id, venue_id, method, amount)
VALUES ('cbbd55df-06ea-4a4b-eec9-65d6c1da62a2', '00000000-0000-0000-0000-000000000010', 'card', 7590.0);
INSERT INTO orders (id, venue_id, number, status, total_amount, opened_at, closed_at, table_number)
VALUES ('5f7f7791-c212-ca8f-93b2-20be15e9de9c', '00000000-0000-0000-0000-000000000010', '7560', 'paid', 3100.0, '2026-05-31 15:59:11', '2026-05-31 15:59:11', '17');
INSERT INTO order_items (order_id, product_id, product_name, product_price, quantity)
VALUES ('5f7f7791-c212-ca8f-93b2-20be15e9de9c', '021231f4-e9fa-ecbb-5f2a-ad1321ca42ea', 'product_59', 230.0, 1);
INSERT INTO order_items (order_id, product_id, product_name, product_price, quantity)
VALUES ('5f7f7791-c212-ca8f-93b2-20be15e9de9c', '4f5dfe3a-4ba6-edc6-1a39-a54a344ea46a', 'product_159', 220.0, 1);
INSERT INTO order_items (order_id, product_id, product_name, product_price, quantity)
VALUES ('5f7f7791-c212-ca8f-93b2-20be15e9de9c', '8b7920ef-e954-d760-2a69-99cafc830c2e', 'product_171', 270.0, 2);
INSERT INTO order_items (order_id, product_id, product_name, product_price, quantity)
VALUES ('5f7f7791-c212-ca8f-93b2-20be15e9de9c', '81b3193a-f1f9-6ba6-5630-5c911f0c4a69', 'product_48', 220.0, 1);
INSERT INTO order_items (order_id, product_id, product_name, product_price, quantity)
VALUES ('5f7f7791-c212-ca8f-93b2-20be15e9de9c', '966437e8-b784-92e7-0afa-ff8bde6f1e53', 'product_145', 130.0, 1);
INSERT INTO order_items (order_id, product_id, product_name, product_price, quantity)
VALUES ('5f7f7791-c212-ca8f-93b2-20be15e9de9c', 'eed148a6-7f8f-38d6-85f9-602481bbc846', 'product_146', 130.0, 1);
INSERT INTO order_items (order_id, product_id, product_name, product_price, quantity)
VALUES ('5f7f7791-c212-ca8f-93b2-20be15e9de9c', '6e00b5a0-6b62-d942-73e4-86982bcae389', 'product_21', 1370.0, 1);
INSERT INTO order_items (order_id, product_id, product_name, product_price, quantity)
VALUES ('5f7f7791-c212-ca8f-93b2-20be15e9de9c', '73f062e8-2ade-a467-1943-fa856c717a43', 'product_51', 260.0, 1);
INSERT INTO payments (order_id, venue_id, method, amount)
VALUES ('5f7f7791-c212-ca8f-93b2-20be15e9de9c', '00000000-0000-0000-0000-000000000010', 'card', 3100.0);
INSERT INTO orders (id, venue_id, number, status, total_amount, opened_at, closed_at, table_number)
VALUES ('33cf68bb-6a35-03c3-9c9d-818a4cc08259', '00000000-0000-0000-0000-000000000010', '7561', 'paid', 1100.0, '2026-05-31 15:56:35', '2026-05-31 15:56:35', '15');
INSERT INTO order_items (order_id, product_id, product_name, product_price, quantity)
VALUES ('33cf68bb-6a35-03c3-9c9d-818a4cc08259', '1a9038b5-12c1-4b41-756a-ce6d8bb0fac8', 'product_114', 670.0, 1);
INSERT INTO order_items (order_id, product_id, product_name, product_price, quantity)
VALUES ('33cf68bb-6a35-03c3-9c9d-818a4cc08259', 'd56291c3-0b81-82df-41d8-2bffd8869d31', 'product_140', 430.0, 1);
INSERT INTO payments (order_id, venue_id, method, amount)
VALUES ('33cf68bb-6a35-03c3-9c9d-818a4cc08259', '00000000-0000-0000-0000-000000000010', 'cash', 1100.0);
INSERT INTO orders (id, venue_id, number, status, total_amount, opened_at, closed_at, table_number)
VALUES ('97623bbd-f8f2-24f4-6c9d-fe3173f6d11e', '00000000-0000-0000-0000-000000000010', '7559', 'paid', 1800.0, '2026-05-31 15:41:03', '2026-05-31 15:41:03', '11');
INSERT INTO order_items (order_id, product_id, product_name, product_price, quantity)
VALUES ('97623bbd-f8f2-24f4-6c9d-fe3173f6d11e', '1a9038b5-12c1-4b41-756a-ce6d8bb0fac8', 'product_114', 670.0, 1);
INSERT INTO order_items (order_id, product_id, product_name, product_price, quantity)
VALUES ('97623bbd-f8f2-24f4-6c9d-fe3173f6d11e', '0f7cfc79-3a3f-41ac-1aa4-b27431de9236', 'product_29', 620.0, 1);
INSERT INTO order_items (order_id, product_id, product_name, product_price, quantity)
VALUES ('97623bbd-f8f2-24f4-6c9d-fe3173f6d11e', '966437e8-b784-92e7-0afa-ff8bde6f1e53', 'product_145', 130.0, 1);
INSERT INTO order_items (order_id, product_id, product_name, product_price, quantity)
VALUES ('97623bbd-f8f2-24f4-6c9d-fe3173f6d11e', '260b99e2-59bd-a3dc-c313-434aff0daf54', 'product_144', 190.0, 2);
INSERT INTO payments (order_id, venue_id, method, amount)
VALUES ('97623bbd-f8f2-24f4-6c9d-fe3173f6d11e', '00000000-0000-0000-0000-000000000010', 'card', 1800.0);
INSERT INTO orders (id, venue_id, number, status, total_amount, opened_at, closed_at, table_number)
VALUES ('b9e1dc2e-55fd-e637-ea8a-16fb86b6926e', '00000000-0000-0000-0000-000000000010', '7557', 'paid', 4250.0, '2026-05-31 12:07:18', '2026-05-31 12:07:18', '16');
INSERT INTO order_items (order_id, product_id, product_name, product_price, quantity)
VALUES ('b9e1dc2e-55fd-e637-ea8a-16fb86b6926e', '0caff6fe-c574-8665-33ca-5f2cee71ebb2', 'product_35', 190.0, 1);
INSERT INTO order_items (order_id, product_id, product_name, product_price, quantity)
VALUES ('b9e1dc2e-55fd-e637-ea8a-16fb86b6926e', 'a2b39819-292c-0b80-799d-c77d7020fc9d', 'product_34', 190.0, 1);
INSERT INTO order_items (order_id, product_id, product_name, product_price, quantity)
VALUES ('b9e1dc2e-55fd-e637-ea8a-16fb86b6926e', 'ba6fbcf2-1f2b-909a-e5f9-b9c5fe635c92', 'product_187', 50.0, 2);
INSERT INTO order_items (order_id, product_id, product_name, product_price, quantity)
VALUES ('b9e1dc2e-55fd-e637-ea8a-16fb86b6926e', 'ba6fbcf2-1f2b-909a-e5f9-b9c5fe635c92', 'product_187', 50.0, 2);
INSERT INTO order_items (order_id, product_id, product_name, product_price, quantity)
VALUES ('b9e1dc2e-55fd-e637-ea8a-16fb86b6926e', 'ba6fbcf2-1f2b-909a-e5f9-b9c5fe635c92', 'product_187', 50.0, 2);
INSERT INTO order_items (order_id, product_id, product_name, product_price, quantity)
VALUES ('b9e1dc2e-55fd-e637-ea8a-16fb86b6926e', '0f7cfc79-3a3f-41ac-1aa4-b27431de9236', 'product_29', 620.0, 1);
INSERT INTO order_items (order_id, product_id, product_name, product_price, quantity)
VALUES ('b9e1dc2e-55fd-e637-ea8a-16fb86b6926e', 'fdb6f575-fe3f-282e-93d0-1dad56530fa5', 'product_15', 640.0, 1);
INSERT INTO order_items (order_id, product_id, product_name, product_price, quantity)
VALUES ('b9e1dc2e-55fd-e637-ea8a-16fb86b6926e', 'c0fb869e-f434-07cb-f666-b9f7e55d4032', 'product_113', 770.0, 3);
INSERT INTO payments (order_id, venue_id, method, amount)
VALUES ('b9e1dc2e-55fd-e637-ea8a-16fb86b6926e', '00000000-0000-0000-0000-000000000010', 'card', 4250.0);
INSERT INTO orders (id, venue_id, number, status, total_amount, opened_at, closed_at, table_number)
VALUES ('17d3db31-95cf-34ca-c907-7b07a67665fa', '00000000-0000-0000-0000-000000000010', '7555', 'paid', 1530.0, '2026-05-31 10:28:21', '2026-05-31 10:28:21', '13');
INSERT INTO order_items (order_id, product_id, product_name, product_price, quantity)
VALUES ('17d3db31-95cf-34ca-c907-7b07a67665fa', '7b0b5f60-47be-c07e-9585-af9a20b6d773', 'product_9', 460.0, 2);
INSERT INTO order_items (order_id, product_id, product_name, product_price, quantity)
VALUES ('17d3db31-95cf-34ca-c907-7b07a67665fa', '2e331f2f-b6fd-7898-11b0-9b0e3a2e58be', 'product_57', 180.0, 1);
INSERT INTO order_items (order_id, product_id, product_name, product_price, quantity)
VALUES ('17d3db31-95cf-34ca-c907-7b07a67665fa', 'f17e6b93-235c-e217-e8bb-314b22b364b3', 'product_206', 430.0, 1);
INSERT INTO orders (id, venue_id, number, status, total_amount, opened_at, closed_at, table_number)
VALUES ('80d48d02-a89a-5dbe-12e1-0c185d8afaad', '00000000-0000-0000-0000-000000000010', '7556', 'paid', 920.0, '2026-05-31 10:28:08', '2026-05-31 10:28:08', '12');
INSERT INTO order_items (order_id, product_id, product_name, product_price, quantity)
VALUES ('80d48d02-a89a-5dbe-12e1-0c185d8afaad', '7b0b5f60-47be-c07e-9585-af9a20b6d773', 'product_9', 460.0, 2);
INSERT INTO orders (id, venue_id, number, status, total_amount, opened_at, closed_at, table_number)
VALUES ('28222969-9755-804a-d5c0-e54bae2e99fc', '00000000-0000-0000-0000-000000000010', '7553', 'paid', 650.0, '2026-05-31 09:55:07', '2026-05-31 09:55:07', '15');
INSERT INTO order_items (order_id, product_id, product_name, product_price, quantity)
VALUES ('28222969-9755-804a-d5c0-e54bae2e99fc', '7b0b5f60-47be-c07e-9585-af9a20b6d773', 'product_9', 460.0, 1);
INSERT INTO order_items (order_id, product_id, product_name, product_price, quantity)
VALUES ('28222969-9755-804a-d5c0-e54bae2e99fc', '0caff6fe-c574-8665-33ca-5f2cee71ebb2', 'product_35', 190.0, 1);
INSERT INTO orders (id, venue_id, number, status, total_amount, opened_at, closed_at, table_number)
VALUES ('7b8c85ed-ee10-765f-613f-5663a57662a6', '00000000-0000-0000-0000-000000000010', '7550', 'paid', 1910.0, '2026-05-31 09:54:56', '2026-05-31 09:54:56', '11');
INSERT INTO order_items (order_id, product_id, product_name, product_price, quantity)
VALUES ('7b8c85ed-ee10-765f-613f-5663a57662a6', '7b0b5f60-47be-c07e-9585-af9a20b6d773', 'product_9', 460.0, 2);
INSERT INTO order_items (order_id, product_id, product_name, product_price, quantity)
VALUES ('7b8c85ed-ee10-765f-613f-5663a57662a6', '94d2bddc-c99f-2985-f8eb-9d8a4a995ad3', 'product_10', 300.0, 1);
INSERT INTO order_items (order_id, product_id, product_name, product_price, quantity)
VALUES ('7b8c85ed-ee10-765f-613f-5663a57662a6', '021231f4-e9fa-ecbb-5f2a-ad1321ca42ea', 'product_59', 230.0, 1);
INSERT INTO order_items (order_id, product_id, product_name, product_price, quantity)
VALUES ('7b8c85ed-ee10-765f-613f-5663a57662a6', 'd46f67a1-e1dd-e079-0b5c-329f6422c4d4', 'product_60', 280.0, 1);
INSERT INTO order_items (order_id, product_id, product_name, product_price, quantity)
VALUES ('7b8c85ed-ee10-765f-613f-5663a57662a6', 'da98da7c-a663-0228-294e-97c1fae50fd1', 'product_54', 180.0, 1);
INSERT INTO orders (id, venue_id, number, status, total_amount, opened_at, closed_at, table_number)
VALUES ('86ea028c-2b95-688a-56e7-e1e26ebdab97', '00000000-0000-0000-0000-000000000010', '7552', 'paid', 3370.0, '2026-05-31 09:54:49', '2026-05-31 09:54:49', '10');
INSERT INTO order_items (order_id, product_id, product_name, product_price, quantity)
VALUES ('86ea028c-2b95-688a-56e7-e1e26ebdab97', '38432f7f-ba41-eaa0-7e46-d791008e4b02', 'product_6', 510.0, 5);
INSERT INTO order_items (order_id, product_id, product_name, product_price, quantity)
VALUES ('86ea028c-2b95-688a-56e7-e1e26ebdab97', 'd46f67a1-e1dd-e079-0b5c-329f6422c4d4', 'product_60', 280.0, 2);
INSERT INTO order_items (order_id, product_id, product_name, product_price, quantity)
VALUES ('86ea028c-2b95-688a-56e7-e1e26ebdab97', '338bdc4d-fbd5-43ad-a7a7-3951ceca3a16', 'product_97', 260.0, 1);
INSERT INTO orders (id, venue_id, number, status, total_amount, opened_at, closed_at, table_number)
VALUES ('7af089ce-8762-e592-fa71-9a7092398d14', '00000000-0000-0000-0000-000000000010', '7554', 'paid', 690.0, '2026-05-31 09:43:07', '2026-05-31 09:43:07', '1');
INSERT INTO order_items (order_id, product_id, product_name, product_price, quantity)
VALUES ('7af089ce-8762-e592-fa71-9a7092398d14', '021231f4-e9fa-ecbb-5f2a-ad1321ca42ea', 'product_59', 230.0, 3);
INSERT INTO payments (order_id, venue_id, method, amount)
VALUES ('7af089ce-8762-e592-fa71-9a7092398d14', '00000000-0000-0000-0000-000000000010', 'card', 690.0);
INSERT INTO orders (id, venue_id, number, status, total_amount, opened_at, closed_at, table_number)
VALUES ('adbdfcc2-746e-d13a-487a-ca6762b973cc', '00000000-0000-0000-0000-000000000010', '7551', 'paid', 180.0, '2026-05-31 09:17:27', '2026-05-31 09:17:27', '15');
INSERT INTO order_items (order_id, product_id, product_name, product_price, quantity)
VALUES ('adbdfcc2-746e-d13a-487a-ca6762b973cc', '2e331f2f-b6fd-7898-11b0-9b0e3a2e58be', 'product_57', 180.0, 1);
INSERT INTO payments (order_id, venue_id, method, amount)
VALUES ('adbdfcc2-746e-d13a-487a-ca6762b973cc', '00000000-0000-0000-0000-000000000010', 'cash', 180.0);
INSERT INTO orders (id, venue_id, number, status, total_amount, opened_at, closed_at, table_number)
VALUES ('f9789b3d-b348-8a61-5fa4-99d7e75e3381', '00000000-0000-0000-0000-000000000010', '7548', 'paid', 2100.0, '2026-05-31 08:53:36', '2026-05-31 08:53:36', '2');
INSERT INTO order_items (order_id, product_id, product_name, product_price, quantity)
VALUES ('f9789b3d-b348-8a61-5fa4-99d7e75e3381', 'b627abd9-fb00-28f4-a09b-09fcb24019c0', 'product_132', 150.0, 14);
INSERT INTO payments (order_id, venue_id, method, amount)
VALUES ('f9789b3d-b348-8a61-5fa4-99d7e75e3381', '00000000-0000-0000-0000-000000000010', 'cash', 2100.0);
INSERT INTO orders (id, venue_id, number, status, total_amount, opened_at, closed_at, table_number)
VALUES ('a88d6448-e1bb-1552-1df1-24bdb278360f', '00000000-0000-0000-0000-000000000010', '7526', 'paid', 5650.0, '2026-05-30 21:28:19', '2026-05-30 21:28:19', '12');
INSERT INTO order_items (order_id, product_id, product_name, product_price, quantity)
VALUES ('a88d6448-e1bb-1552-1df1-24bdb278360f', '6599a59a-6cf7-70c9-0971-07a0078ce7cf', 'product_128', 380.0, 1);
INSERT INTO order_items (order_id, product_id, product_name, product_price, quantity)
VALUES ('a88d6448-e1bb-1552-1df1-24bdb278360f', 'eb1260af-ca5f-c811-fd1c-bf1664229477', 'product_115', 310.0, 1);
INSERT INTO order_items (order_id, product_id, product_name, product_price, quantity)
VALUES ('a88d6448-e1bb-1552-1df1-24bdb278360f', '4cb15d99-ad0e-d256-a257-afdad4bf887e', 'product_110', 1750.0, 1);
INSERT INTO order_items (order_id, product_id, product_name, product_price, quantity)
VALUES ('a88d6448-e1bb-1552-1df1-24bdb278360f', '7ddbed72-7deb-5ee4-0634-41d52192bad1', 'product_23', 1750.0, 1);
INSERT INTO order_items (order_id, product_id, product_name, product_price, quantity)
VALUES ('a88d6448-e1bb-1552-1df1-24bdb278360f', 'fdb6f575-fe3f-282e-93d0-1dad56530fa5', 'product_15', 640.0, 1);
INSERT INTO order_items (order_id, product_id, product_name, product_price, quantity)
VALUES ('a88d6448-e1bb-1552-1df1-24bdb278360f', 'd158543d-e9dc-0b2a-7902-b665a39db719', 'product_126', 410.0, 2);
INSERT INTO payments (order_id, venue_id, method, amount)
VALUES ('a88d6448-e1bb-1552-1df1-24bdb278360f', '00000000-0000-0000-0000-000000000010', 'card', 5650.0);
INSERT INTO orders (id, venue_id, number, status, total_amount, opened_at, closed_at, table_number)
VALUES ('5d3d2af3-85bb-3d7c-040a-96459a7cb197', '00000000-0000-0000-0000-000000000010', '7549', 'paid', 1330.0, '2026-05-30 21:24:11', '2026-05-30 21:24:11', '15');
INSERT INTO order_items (order_id, product_id, product_name, product_price, quantity)
VALUES ('5d3d2af3-85bb-3d7c-040a-96459a7cb197', 'fdb6f575-fe3f-282e-93d0-1dad56530fa5', 'product_15', 640.0, 1);
INSERT INTO order_items (order_id, product_id, product_name, product_price, quantity)
VALUES ('5d3d2af3-85bb-3d7c-040a-96459a7cb197', '81b3193a-f1f9-6ba6-5630-5c911f0c4a69', 'product_48', 220.0, 1);
INSERT INTO order_items (order_id, product_id, product_name, product_price, quantity)
VALUES ('5d3d2af3-85bb-3d7c-040a-96459a7cb197', '09d9bcce-e54b-d518-c5bf-1c5d4b683d38', 'product_50', 200.0, 1);
INSERT INTO order_items (order_id, product_id, product_name, product_price, quantity)
VALUES ('5d3d2af3-85bb-3d7c-040a-96459a7cb197', '8b7920ef-e954-d760-2a69-99cafc830c2e', 'product_171', 270.0, 1);
INSERT INTO payments (order_id, venue_id, method, amount)
VALUES ('5d3d2af3-85bb-3d7c-040a-96459a7cb197', '00000000-0000-0000-0000-000000000010', 'cash', 1330.0);
INSERT INTO orders (id, venue_id, number, status, total_amount, opened_at, closed_at, table_number)
VALUES ('29422412-a1d8-8073-95bc-688b810bff4f', '00000000-0000-0000-0000-000000000010', '7547', 'paid', 390.0, '2026-05-30 21:11:45', '2026-05-30 21:11:45', '1');
INSERT INTO order_items (order_id, product_id, product_name, product_price, quantity)
VALUES ('29422412-a1d8-8073-95bc-688b810bff4f', '966437e8-b784-92e7-0afa-ff8bde6f1e53', 'product_145', 130.0, 3);
INSERT INTO payments (order_id, venue_id, method, amount)
VALUES ('29422412-a1d8-8073-95bc-688b810bff4f', '00000000-0000-0000-0000-000000000010', 'card', 390.0);
INSERT INTO orders (id, venue_id, number, status, total_amount, opened_at, closed_at, table_number)
VALUES ('d50317a0-df7d-e21d-a097-fe6980e7ec78', '00000000-0000-0000-0000-000000000010', '7546', 'paid', 190.0, '2026-05-30 20:52:48', '2026-05-30 20:52:48', '1');
INSERT INTO order_items (order_id, product_id, product_name, product_price, quantity)
VALUES ('d50317a0-df7d-e21d-a097-fe6980e7ec78', '0caff6fe-c574-8665-33ca-5f2cee71ebb2', 'product_35', 190.0, 1);
INSERT INTO payments (order_id, venue_id, method, amount)
VALUES ('d50317a0-df7d-e21d-a097-fe6980e7ec78', '00000000-0000-0000-0000-000000000010', 'card', 190.0);
INSERT INTO orders (id, venue_id, number, status, total_amount, opened_at, closed_at, table_number)
VALUES ('d5f6858d-561b-62b2-3de0-2960ed738e13', '00000000-0000-0000-0000-000000000010', '7542', 'paid', 2970.0, '2026-05-30 20:31:25', '2026-05-30 20:31:25', '10');
INSERT INTO order_items (order_id, product_id, product_name, product_price, quantity)
VALUES ('d5f6858d-561b-62b2-3de0-2960ed738e13', '09d404dd-f87b-b319-4eda-9ce7c697868d', 'product_32', 370.0, 1);
INSERT INTO order_items (order_id, product_id, product_name, product_price, quantity)
VALUES ('d5f6858d-561b-62b2-3de0-2960ed738e13', '0f7cfc79-3a3f-41ac-1aa4-b27431de9236', 'product_29', 620.0, 1);
INSERT INTO order_items (order_id, product_id, product_name, product_price, quantity)
VALUES ('d5f6858d-561b-62b2-3de0-2960ed738e13', '1a9038b5-12c1-4b41-756a-ce6d8bb0fac8', 'product_114', 670.0, 2);
INSERT INTO order_items (order_id, product_id, product_name, product_price, quantity)
VALUES ('d5f6858d-561b-62b2-3de0-2960ed738e13', '951f4bf6-be55-0e75-59a9-7e580a0d07c4', 'product_14', 640.0, 1);
INSERT INTO payments (order_id, venue_id, method, amount)
VALUES ('d5f6858d-561b-62b2-3de0-2960ed738e13', '00000000-0000-0000-0000-000000000010', 'card', 2970.0);
INSERT INTO orders (id, venue_id, number, status, total_amount, opened_at, closed_at, table_number)
VALUES ('302b140f-59d6-f5f6-5093-7800ed6c3859', '00000000-0000-0000-0000-000000000010', '7545', 'paid', 420.0, '2026-05-30 20:19:30', '2026-05-30 20:19:30', '1');
INSERT INTO order_items (order_id, product_id, product_name, product_price, quantity)
VALUES ('302b140f-59d6-f5f6-5093-7800ed6c3859', '0caff6fe-c574-8665-33ca-5f2cee71ebb2', 'product_35', 190.0, 1);
INSERT INTO order_items (order_id, product_id, product_name, product_price, quantity)
VALUES ('302b140f-59d6-f5f6-5093-7800ed6c3859', '021231f4-e9fa-ecbb-5f2a-ad1321ca42ea', 'product_59', 230.0, 1);
INSERT INTO payments (order_id, venue_id, method, amount)
VALUES ('302b140f-59d6-f5f6-5093-7800ed6c3859', '00000000-0000-0000-0000-000000000010', 'card', 420.0);
INSERT INTO orders (id, venue_id, number, status, total_amount, opened_at, closed_at, table_number)
VALUES ('fd0f074f-a935-b163-bab7-3bebf648a889', '00000000-0000-0000-0000-000000000010', '7544', 'paid', 460.0, '2026-05-30 20:02:41', '2026-05-30 20:02:41', '1');
INSERT INTO order_items (order_id, product_id, product_name, product_price, quantity)
VALUES ('fd0f074f-a935-b163-bab7-3bebf648a889', '021231f4-e9fa-ecbb-5f2a-ad1321ca42ea', 'product_59', 230.0, 2);
INSERT INTO payments (order_id, venue_id, method, amount)
VALUES ('fd0f074f-a935-b163-bab7-3bebf648a889', '00000000-0000-0000-0000-000000000010', 'card', 460.0);
INSERT INTO orders (id, venue_id, number, status, total_amount, opened_at, closed_at, table_number)
VALUES ('d470c616-5110-5c66-eae2-8e42e19ac8c6', '00000000-0000-0000-0000-000000000010', '7543', 'paid', 190.0, '2026-05-30 19:52:44', '2026-05-30 19:52:44', '8');
INSERT INTO order_items (order_id, product_id, product_name, product_price, quantity)
VALUES ('d470c616-5110-5c66-eae2-8e42e19ac8c6', '0caff6fe-c574-8665-33ca-5f2cee71ebb2', 'product_35', 190.0, 1);
INSERT INTO payments (order_id, venue_id, method, amount)
VALUES ('d470c616-5110-5c66-eae2-8e42e19ac8c6', '00000000-0000-0000-0000-000000000010', 'cash', 190.0);
INSERT INTO orders (id, venue_id, number, status, total_amount, opened_at, closed_at, table_number)
VALUES ('e9c7d4a4-df65-18aa-8746-6d9ab29e82c6', '00000000-0000-0000-0000-000000000010', '7541', 'paid', 1530.0, '2026-05-30 19:05:40', '2026-05-30 19:05:40', '1');
INSERT INTO order_items (order_id, product_id, product_name, product_price, quantity)
VALUES ('e9c7d4a4-df65-18aa-8746-6d9ab29e82c6', '1a9038b5-12c1-4b41-756a-ce6d8bb0fac8', 'product_114', 670.0, 2);
INSERT INTO order_items (order_id, product_id, product_name, product_price, quantity)
VALUES ('e9c7d4a4-df65-18aa-8746-6d9ab29e82c6', '0caff6fe-c574-8665-33ca-5f2cee71ebb2', 'product_35', 190.0, 1);
INSERT INTO payments (order_id, venue_id, method, amount)
VALUES ('e9c7d4a4-df65-18aa-8746-6d9ab29e82c6', '00000000-0000-0000-0000-000000000010', 'card', 1530.0);
INSERT INTO orders (id, venue_id, number, status, total_amount, opened_at, closed_at, table_number)
VALUES ('e7435858-f270-bd00-99d1-3eb76f27f7e4', '00000000-0000-0000-0000-000000000010', '7540', 'paid', 1210.0, '2026-05-30 18:32:21', '2026-05-30 18:32:21', '8');
INSERT INTO order_items (order_id, product_id, product_name, product_price, quantity)
VALUES ('e7435858-f270-bd00-99d1-3eb76f27f7e4', '5c3938ac-271e-5674-37aa-116c20435202', 'product_234', 370.0, 1);
INSERT INTO order_items (order_id, product_id, product_name, product_price, quantity)
VALUES ('e7435858-f270-bd00-99d1-3eb76f27f7e4', '021231f4-e9fa-ecbb-5f2a-ad1321ca42ea', 'product_59', 230.0, 2);
INSERT INTO order_items (order_id, product_id, product_name, product_price, quantity)
VALUES ('e7435858-f270-bd00-99d1-3eb76f27f7e4', '6599a59a-6cf7-70c9-0971-07a0078ce7cf', 'product_128', 380.0, 1);
INSERT INTO payments (order_id, venue_id, method, amount)
VALUES ('e7435858-f270-bd00-99d1-3eb76f27f7e4', '00000000-0000-0000-0000-000000000010', 'card', 1210.0);
INSERT INTO orders (id, venue_id, number, status, total_amount, opened_at, closed_at, table_number)
VALUES ('cc7ae1df-9d48-0fe7-b0ed-9437f16c4b0e', '00000000-0000-0000-0000-000000000010', '7539', 'paid', 230.0, '2026-05-30 18:25:15', '2026-05-30 18:25:15', '1');
INSERT INTO order_items (order_id, product_id, product_name, product_price, quantity)
VALUES ('cc7ae1df-9d48-0fe7-b0ed-9437f16c4b0e', '021231f4-e9fa-ecbb-5f2a-ad1321ca42ea', 'product_59', 230.0, 1);
INSERT INTO payments (order_id, venue_id, method, amount)
VALUES ('cc7ae1df-9d48-0fe7-b0ed-9437f16c4b0e', '00000000-0000-0000-0000-000000000010', 'cash', 230.0);
INSERT INTO orders (id, venue_id, number, status, total_amount, opened_at, closed_at, table_number)
VALUES ('37fb5b15-6744-ece2-f683-ec0994df340b', '00000000-0000-0000-0000-000000000010', '7538', 'paid', 2860.0, '2026-05-30 18:13:04', '2026-05-30 18:13:04', '16');
INSERT INTO order_items (order_id, product_id, product_name, product_price, quantity)
VALUES ('37fb5b15-6744-ece2-f683-ec0994df340b', '0f7cfc79-3a3f-41ac-1aa4-b27431de9236', 'product_29', 620.0, 4);
INSERT INTO order_items (order_id, product_id, product_name, product_price, quantity)
VALUES ('37fb5b15-6744-ece2-f683-ec0994df340b', '0caff6fe-c574-8665-33ca-5f2cee71ebb2', 'product_35', 190.0, 1);
INSERT INTO order_items (order_id, product_id, product_name, product_price, quantity)
VALUES ('37fb5b15-6744-ece2-f683-ec0994df340b', 'a2b39819-292c-0b80-799d-c77d7020fc9d', 'product_34', 190.0, 1);
INSERT INTO payments (order_id, venue_id, method, amount)
VALUES ('37fb5b15-6744-ece2-f683-ec0994df340b', '00000000-0000-0000-0000-000000000010', 'card', 2860.0);
INSERT INTO orders (id, venue_id, number, status, total_amount, opened_at, closed_at, table_number)
VALUES ('59313ef7-aa1c-88cc-e9ab-154aa35ea0d7', '00000000-0000-0000-0000-000000000010', '7537', 'paid', 1100.0, '2026-05-30 15:58:28', '2026-05-30 15:58:28', '15');
INSERT INTO order_items (order_id, product_id, product_name, product_price, quantity)
VALUES ('59313ef7-aa1c-88cc-e9ab-154aa35ea0d7', '1a9038b5-12c1-4b41-756a-ce6d8bb0fac8', 'product_114', 670.0, 1);
INSERT INTO order_items (order_id, product_id, product_name, product_price, quantity)
VALUES ('59313ef7-aa1c-88cc-e9ab-154aa35ea0d7', 'c6df6494-4f53-4174-6660-06fb0dc02db5', 'product_199', 430.0, 1);
INSERT INTO payments (order_id, venue_id, method, amount)
VALUES ('59313ef7-aa1c-88cc-e9ab-154aa35ea0d7', '00000000-0000-0000-0000-000000000010', 'cash', 1100.0);
INSERT INTO orders (id, venue_id, number, status, total_amount, opened_at, closed_at, table_number)
VALUES ('af2b63f1-13b8-c47f-9be7-2de18e1126cf', '00000000-0000-0000-0000-000000000010', '7536', 'paid', 130.0, '2026-05-30 15:56:05', '2026-05-30 15:56:05', '1');
INSERT INTO order_items (order_id, product_id, product_name, product_price, quantity)
VALUES ('af2b63f1-13b8-c47f-9be7-2de18e1126cf', '966437e8-b784-92e7-0afa-ff8bde6f1e53', 'product_145', 130.0, 1);
INSERT INTO payments (order_id, venue_id, method, amount)
VALUES ('af2b63f1-13b8-c47f-9be7-2de18e1126cf', '00000000-0000-0000-0000-000000000010', 'card', 130.0);
INSERT INTO orders (id, venue_id, number, status, total_amount, opened_at, closed_at, table_number)
VALUES ('011e1406-8360-6b82-aba9-70d5308afdae', '00000000-0000-0000-0000-000000000010', '7535', 'paid', 180.0, '2026-05-30 15:15:44', '2026-05-30 15:15:44', '15');
INSERT INTO order_items (order_id, product_id, product_name, product_price, quantity)
VALUES ('011e1406-8360-6b82-aba9-70d5308afdae', '2e331f2f-b6fd-7898-11b0-9b0e3a2e58be', 'product_57', 180.0, 1);
INSERT INTO payments (order_id, venue_id, method, amount)
VALUES ('011e1406-8360-6b82-aba9-70d5308afdae', '00000000-0000-0000-0000-000000000010', 'cash', 180.0);
INSERT INTO orders (id, venue_id, number, status, total_amount, opened_at, closed_at, table_number)
VALUES ('acb52e2b-5850-1553-f00a-fa2105e1bf80', '00000000-0000-0000-0000-000000000010', '7534', 'paid', 430.0, '2026-05-30 15:08:30', '2026-05-30 15:08:30', '1');
INSERT INTO order_items (order_id, product_id, product_name, product_price, quantity)
VALUES ('acb52e2b-5850-1553-f00a-fa2105e1bf80', '88c713d7-09a9-d70c-f6d9-2b28eb664bd5', 'product_138', 430.0, 1);
INSERT INTO payments (order_id, venue_id, method, amount)
VALUES ('acb52e2b-5850-1553-f00a-fa2105e1bf80', '00000000-0000-0000-0000-000000000010', 'card', 430.0);
INSERT INTO orders (id, venue_id, number, status, total_amount, opened_at, closed_at, table_number)
VALUES ('9f270aa8-e279-1ea7-f02c-92409aad99a7', '00000000-0000-0000-0000-000000000010', '7527', 'paid', 550.0, '2026-05-30 15:03:10', '2026-05-30 15:03:10', '10');
INSERT INTO order_items (order_id, product_id, product_name, product_price, quantity)
VALUES ('9f270aa8-e279-1ea7-f02c-92409aad99a7', 'da98da7c-a663-0228-294e-97c1fae50fd1', 'product_54', 180.0, 1);
INSERT INTO order_items (order_id, product_id, product_name, product_price, quantity)
VALUES ('9f270aa8-e279-1ea7-f02c-92409aad99a7', '134318a5-b3ba-8433-c9f4-446b46b10995', 'product_37', 370.0, 1);
INSERT INTO payments (order_id, venue_id, method, amount)
VALUES ('9f270aa8-e279-1ea7-f02c-92409aad99a7', '00000000-0000-0000-0000-000000000010', 'card', 550.0);
INSERT INTO orders (id, venue_id, number, status, total_amount, opened_at, closed_at, table_number)
VALUES ('abb1f231-5f8a-9baf-a383-32428461ce9b', '00000000-0000-0000-0000-000000000010', '7533', 'paid', 200.0, '2026-05-30 15:00:38', '2026-05-30 15:00:38', '1');
INSERT INTO order_items (order_id, product_id, product_name, product_price, quantity)
VALUES ('abb1f231-5f8a-9baf-a383-32428461ce9b', 'bb41c67e-d584-f041-47ad-12499e38aab2', 'product_241', 200.0, 1);
INSERT INTO payments (order_id, venue_id, method, amount)
VALUES ('abb1f231-5f8a-9baf-a383-32428461ce9b', '00000000-0000-0000-0000-000000000010', 'card', 200.0);
INSERT INTO orders (id, venue_id, number, status, total_amount, opened_at, closed_at, table_number)
VALUES ('9a70a28d-d303-ac93-5220-4af4e68045ae', '00000000-0000-0000-0000-000000000010', '7532', 'paid', 200.0, '2026-05-30 14:58:30', '2026-05-30 14:58:30', '8');
INSERT INTO order_items (order_id, product_id, product_name, product_price, quantity)
VALUES ('9a70a28d-d303-ac93-5220-4af4e68045ae', 'bb41c67e-d584-f041-47ad-12499e38aab2', 'product_241', 200.0, 1);
INSERT INTO payments (order_id, venue_id, method, amount)
VALUES ('9a70a28d-d303-ac93-5220-4af4e68045ae', '00000000-0000-0000-0000-000000000010', 'card', 200.0);
INSERT INTO orders (id, venue_id, number, status, total_amount, opened_at, closed_at, table_number)
VALUES ('b2d098a3-8aa4-560a-69d3-88f288f9cb01', '00000000-0000-0000-0000-000000000010', '7531', 'paid', 130.0, '2026-05-30 14:51:00', '2026-05-30 14:51:00', '2');
INSERT INTO order_items (order_id, product_id, product_name, product_price, quantity)
VALUES ('b2d098a3-8aa4-560a-69d3-88f288f9cb01', '966437e8-b784-92e7-0afa-ff8bde6f1e53', 'product_145', 130.0, 1);
INSERT INTO payments (order_id, venue_id, method, amount)
VALUES ('b2d098a3-8aa4-560a-69d3-88f288f9cb01', '00000000-0000-0000-0000-000000000010', 'card', 130.0);
INSERT INTO orders (id, venue_id, number, status, total_amount, opened_at, closed_at, table_number)
VALUES ('6243050d-587e-4b00-6244-ce52fc799410', '00000000-0000-0000-0000-000000000010', '7530', 'paid', 860.0, '2026-05-30 14:49:13', '2026-05-30 14:49:13', '1');
INSERT INTO order_items (order_id, product_id, product_name, product_price, quantity)
VALUES ('6243050d-587e-4b00-6244-ce52fc799410', '1a9038b5-12c1-4b41-756a-ce6d8bb0fac8', 'product_114', 670.0, 1);
INSERT INTO order_items (order_id, product_id, product_name, product_price, quantity)
VALUES ('6243050d-587e-4b00-6244-ce52fc799410', '260b99e2-59bd-a3dc-c313-434aff0daf54', 'product_144', 190.0, 1);
INSERT INTO payments (order_id, venue_id, method, amount)
VALUES ('6243050d-587e-4b00-6244-ce52fc799410', '00000000-0000-0000-0000-000000000010', 'card', 860.0);
INSERT INTO orders (id, venue_id, number, status, total_amount, opened_at, closed_at, table_number)
VALUES ('cc585c45-7a2c-1a84-18f3-dd61ab1e0b7a', '00000000-0000-0000-0000-000000000010', '7529', 'paid', 560.0, '2026-05-30 14:47:21', '2026-05-30 14:47:21', '1');
INSERT INTO order_items (order_id, product_id, product_name, product_price, quantity)
VALUES ('cc585c45-7a2c-1a84-18f3-dd61ab1e0b7a', '3d7e22b7-98eb-25da-ac3b-90e987e6829c', 'product_143', 430.0, 1);
INSERT INTO order_items (order_id, product_id, product_name, product_price, quantity)
VALUES ('cc585c45-7a2c-1a84-18f3-dd61ab1e0b7a', '966437e8-b784-92e7-0afa-ff8bde6f1e53', 'product_145', 130.0, 1);
INSERT INTO payments (order_id, venue_id, method, amount)
VALUES ('cc585c45-7a2c-1a84-18f3-dd61ab1e0b7a', '00000000-0000-0000-0000-000000000010', 'card', 560.0);
INSERT INTO orders (id, venue_id, number, status, total_amount, opened_at, closed_at, table_number)
VALUES ('a2e008d8-c168-064c-3837-feda25c4d232', '00000000-0000-0000-0000-000000000010', '7524', 'paid', 280.0, '2026-05-30 14:43:32', '2026-05-30 14:43:32', '9');
INSERT INTO order_items (order_id, product_id, product_name, product_price, quantity)
VALUES ('a2e008d8-c168-064c-3837-feda25c4d232', 'd46f67a1-e1dd-e079-0b5c-329f6422c4d4', 'product_60', 280.0, 1);
INSERT INTO payments (order_id, venue_id, method, amount)
VALUES ('a2e008d8-c168-064c-3837-feda25c4d232', '00000000-0000-0000-0000-000000000010', 'cash', 280.0);
INSERT INTO orders (id, venue_id, number, status, total_amount, opened_at, closed_at, table_number)
VALUES ('f445fffb-938f-c30b-9790-d345b5f5aa8b', '00000000-0000-0000-0000-000000000010', '7528', 'paid', 800.0, '2026-05-30 14:41:55', '2026-05-30 14:41:55', '7');
INSERT INTO order_items (order_id, product_id, product_name, product_price, quantity)
VALUES ('f445fffb-938f-c30b-9790-d345b5f5aa8b', '1a9038b5-12c1-4b41-756a-ce6d8bb0fac8', 'product_114', 670.0, 1);
INSERT INTO order_items (order_id, product_id, product_name, product_price, quantity)
VALUES ('f445fffb-938f-c30b-9790-d345b5f5aa8b', '966437e8-b784-92e7-0afa-ff8bde6f1e53', 'product_145', 130.0, 1);
INSERT INTO payments (order_id, venue_id, method, amount)
VALUES ('f445fffb-938f-c30b-9790-d345b5f5aa8b', '00000000-0000-0000-0000-000000000010', 'card', 800.0);
INSERT INTO orders (id, venue_id, number, status, total_amount, opened_at, closed_at, table_number)
VALUES ('f897291f-20ec-bf54-642e-cf127c397eec', '00000000-0000-0000-0000-000000000010', '7525', 'paid', 7980.0, '2026-05-30 13:36:44', '2026-05-30 13:36:44', '7');
INSERT INTO order_items (order_id, product_id, product_name, product_price, quantity)
VALUES ('f897291f-20ec-bf54-642e-cf127c397eec', '0caff6fe-c574-8665-33ca-5f2cee71ebb2', 'product_35', 190.0, 1);
INSERT INTO order_items (order_id, product_id, product_name, product_price, quantity)
VALUES ('f897291f-20ec-bf54-642e-cf127c397eec', 'a2b39819-292c-0b80-799d-c77d7020fc9d', 'product_34', 190.0, 1);
INSERT INTO order_items (order_id, product_id, product_name, product_price, quantity)
VALUES ('f897291f-20ec-bf54-642e-cf127c397eec', 'c0fb869e-f434-07cb-f666-b9f7e55d4032', 'product_113', 770.0, 7);
INSERT INTO order_items (order_id, product_id, product_name, product_price, quantity)
VALUES ('f897291f-20ec-bf54-642e-cf127c397eec', '627b586a-57c8-d217-1549-c47bb32192ac', 'product_26', 460.0, 4);
INSERT INTO order_items (order_id, product_id, product_name, product_price, quantity)
VALUES ('f897291f-20ec-bf54-642e-cf127c397eec', '09d404dd-f87b-b319-4eda-9ce7c697868d', 'product_32', 370.0, 1);
INSERT INTO payments (order_id, venue_id, method, amount)
VALUES ('f897291f-20ec-bf54-642e-cf127c397eec', '00000000-0000-0000-0000-000000000010', 'card', 7980.0);
INSERT INTO orders (id, venue_id, number, status, total_amount, opened_at, closed_at, table_number)
VALUES ('ea7047bb-2f6b-035b-a33a-20ffb1a9e810', '00000000-0000-0000-0000-000000000010', '7520', 'paid', 770.0, '2026-05-30 13:22:26', '2026-05-30 13:22:26', '1');
INSERT INTO order_items (order_id, product_id, product_name, product_price, quantity)
VALUES ('ea7047bb-2f6b-035b-a33a-20ffb1a9e810', 'c0fb869e-f434-07cb-f666-b9f7e55d4032', 'product_113', 770.0, 1);
INSERT INTO payments (order_id, venue_id, method, amount)
VALUES ('ea7047bb-2f6b-035b-a33a-20ffb1a9e810', '00000000-0000-0000-0000-000000000010', 'card', 770.0);
INSERT INTO orders (id, venue_id, number, status, total_amount, opened_at, closed_at, table_number)
VALUES ('e9f55fd1-a8eb-b7de-842c-6c7e0e35c9b8', '00000000-0000-0000-0000-000000000010', '7508', 'paid', 9590.0, '2026-05-30 12:00:32', '2026-05-30 12:00:32', '10');
INSERT INTO order_items (order_id, product_id, product_name, product_price, quantity)
VALUES ('e9f55fd1-a8eb-b7de-842c-6c7e0e35c9b8', '73f062e8-2ade-a467-1943-fa856c717a43', 'product_51', 260.0, 1);
INSERT INTO order_items (order_id, product_id, product_name, product_price, quantity)
VALUES ('e9f55fd1-a8eb-b7de-842c-6c7e0e35c9b8', '134318a5-b3ba-8433-c9f4-446b46b10995', 'product_37', 370.0, 1);
INSERT INTO order_items (order_id, product_id, product_name, product_price, quantity)
VALUES ('e9f55fd1-a8eb-b7de-842c-6c7e0e35c9b8', 'ce90a2e4-a08b-570d-aca7-50bb5d2d0ab2', 'product_112', 440.0, 2);
INSERT INTO order_items (order_id, product_id, product_name, product_price, quantity)
VALUES ('e9f55fd1-a8eb-b7de-842c-6c7e0e35c9b8', 'bc75aa2b-4910-21bf-56ff-d9769b039d8e', 'product_47', 220.0, 1);
INSERT INTO order_items (order_id, product_id, product_name, product_price, quantity)
VALUES ('e9f55fd1-a8eb-b7de-842c-6c7e0e35c9b8', '8b7920ef-e954-d760-2a69-99cafc830c2e', 'product_171', 270.0, 1);
INSERT INTO order_items (order_id, product_id, product_name, product_price, quantity)
VALUES ('e9f55fd1-a8eb-b7de-842c-6c7e0e35c9b8', '7ddbed72-7deb-5ee4-0634-41d52192bad1', 'product_23', 1750.0, 1);
INSERT INTO order_items (order_id, product_id, product_name, product_price, quantity)
VALUES ('e9f55fd1-a8eb-b7de-842c-6c7e0e35c9b8', 'be5a3d23-0a5b-1ce3-2f38-ba9348e91024', 'product_207', 1750.0, 1);
INSERT INTO order_items (order_id, product_id, product_name, product_price, quantity)
VALUES ('e9f55fd1-a8eb-b7de-842c-6c7e0e35c9b8', '81b3193a-f1f9-6ba6-5630-5c911f0c4a69', 'product_48', 220.0, 1);
INSERT INTO order_items (order_id, product_id, product_name, product_price, quantity)
VALUES ('e9f55fd1-a8eb-b7de-842c-6c7e0e35c9b8', '1eabb11c-7e82-2ee8-ac6c-0d47f1653e25', 'product_246', 1200.0, 1);
INSERT INTO order_items (order_id, product_id, product_name, product_price, quantity)
VALUES ('e9f55fd1-a8eb-b7de-842c-6c7e0e35c9b8', '38432f7f-ba41-eaa0-7e46-d791008e4b02', 'product_6', 510.0, 2);
INSERT INTO order_items (order_id, product_id, product_name, product_price, quantity)
VALUES ('e9f55fd1-a8eb-b7de-842c-6c7e0e35c9b8', '7b0b5f60-47be-c07e-9585-af9a20b6d773', 'product_9', 460.0, 2);
INSERT INTO order_items (order_id, product_id, product_name, product_price, quantity)
VALUES ('e9f55fd1-a8eb-b7de-842c-6c7e0e35c9b8', 'da98da7c-a663-0228-294e-97c1fae50fd1', 'product_54', 180.0, 2);
INSERT INTO order_items (order_id, product_id, product_name, product_price, quantity)
VALUES ('e9f55fd1-a8eb-b7de-842c-6c7e0e35c9b8', '2e331f2f-b6fd-7898-11b0-9b0e3a2e58be', 'product_57', 180.0, 1);
INSERT INTO order_items (order_id, product_id, product_name, product_price, quantity)
VALUES ('e9f55fd1-a8eb-b7de-842c-6c7e0e35c9b8', 'a2b39819-292c-0b80-799d-c77d7020fc9d', 'product_34', 190.0, 1);
INSERT INTO payments (order_id, venue_id, method, amount)
VALUES ('e9f55fd1-a8eb-b7de-842c-6c7e0e35c9b8', '00000000-0000-0000-0000-000000000010', 'card', 6920.0);
INSERT INTO orders (id, venue_id, number, status, total_amount, opened_at, closed_at, table_number)
VALUES ('b185940f-0673-c446-37b8-582f07f64efd', '00000000-0000-0000-0000-000000000010', '7523', 'paid', 560.0, '2026-05-30 11:32:35', '2026-05-30 11:32:35', '12');
INSERT INTO order_items (order_id, product_id, product_name, product_price, quantity)
VALUES ('b185940f-0673-c446-37b8-582f07f64efd', 'd46f67a1-e1dd-e079-0b5c-329f6422c4d4', 'product_60', 280.0, 2);
INSERT INTO payments (order_id, venue_id, method, amount)
VALUES ('b185940f-0673-c446-37b8-582f07f64efd', '00000000-0000-0000-0000-000000000010', 'card', 560.0);
INSERT INTO orders (id, venue_id, number, status, total_amount, opened_at, closed_at, table_number)
VALUES ('9fc91ef6-c7f0-24ed-4ac2-7f779dff627a', '00000000-0000-0000-0000-000000000010', '7521', 'paid', 2730.0, '2026-05-30 10:44:12', '2026-05-30 10:44:12', '12');
INSERT INTO order_items (order_id, product_id, product_name, product_price, quantity)
VALUES ('9fc91ef6-c7f0-24ed-4ac2-7f779dff627a', '8d266d35-f6a4-b267-e097-564510f7f857', 'product_12', 270.0, 1);
INSERT INTO order_items (order_id, product_id, product_name, product_price, quantity)
VALUES ('9fc91ef6-c7f0-24ed-4ac2-7f779dff627a', '2836be19-8d27-0aa1-68ed-3bbc6cf94fb8', 'product_13', 270.0, 1);
INSERT INTO order_items (order_id, product_id, product_name, product_price, quantity)
VALUES ('9fc91ef6-c7f0-24ed-4ac2-7f779dff627a', '38432f7f-ba41-eaa0-7e46-d791008e4b02', 'product_6', 510.0, 1);
INSERT INTO order_items (order_id, product_id, product_name, product_price, quantity)
VALUES ('9fc91ef6-c7f0-24ed-4ac2-7f779dff627a', '7b0b5f60-47be-c07e-9585-af9a20b6d773', 'product_9', 460.0, 2);
INSERT INTO order_items (order_id, product_id, product_name, product_price, quantity)
VALUES ('9fc91ef6-c7f0-24ed-4ac2-7f779dff627a', 'd46f67a1-e1dd-e079-0b5c-329f6422c4d4', 'product_60', 280.0, 2);
INSERT INTO order_items (order_id, product_id, product_name, product_price, quantity)
VALUES ('9fc91ef6-c7f0-24ed-4ac2-7f779dff627a', '2aea4c79-36dc-7b25-0bb9-c98c36e577c7', 'product_58', 200.0, 1);
INSERT INTO orders (id, venue_id, number, status, total_amount, opened_at, closed_at, table_number)
VALUES ('9518c516-cd2e-c0bb-c089-573910101c22', '00000000-0000-0000-0000-000000000010', '7522', 'paid', 2270.0, '2026-05-30 10:00:54', '2026-05-30 10:00:54', '11');
INSERT INTO order_items (order_id, product_id, product_name, product_price, quantity)
VALUES ('9518c516-cd2e-c0bb-c089-573910101c22', '38432f7f-ba41-eaa0-7e46-d791008e4b02', 'product_6', 510.0, 3);
INSERT INTO order_items (order_id, product_id, product_name, product_price, quantity)
VALUES ('9518c516-cd2e-c0bb-c089-573910101c22', 'd46f67a1-e1dd-e079-0b5c-329f6422c4d4', 'product_60', 280.0, 2);
INSERT INTO order_items (order_id, product_id, product_name, product_price, quantity)
VALUES ('9518c516-cd2e-c0bb-c089-573910101c22', 'da98da7c-a663-0228-294e-97c1fae50fd1', 'product_54', 180.0, 1);
INSERT INTO orders (id, venue_id, number, status, total_amount, opened_at, closed_at, table_number)
VALUES ('9d31ff61-ca0a-ae23-d91d-990ecbd13f30', '00000000-0000-0000-0000-000000000010', '7513', 'paid', 0.0, '2026-05-29 23:45:50', '2026-05-29 23:45:50', '9');
INSERT INTO order_items (order_id, product_id, product_name, product_price, quantity)
VALUES ('9d31ff61-ca0a-ae23-d91d-990ecbd13f30', '1afe238c-a186-0e67-9e9d-d39b8c4abe8a', 'product_229', 0.0, 1);
INSERT INTO order_items (order_id, product_id, product_name, product_price, quantity)
VALUES ('9d31ff61-ca0a-ae23-d91d-990ecbd13f30', '1afe238c-a186-0e67-9e9d-d39b8c4abe8a', 'product_229', 0.0, 1);
INSERT INTO order_items (order_id, product_id, product_name, product_price, quantity)
VALUES ('9d31ff61-ca0a-ae23-d91d-990ecbd13f30', '12dd0c72-4671-5cd8-b7da-98389426555c', 'product_228', 0.0, 1);
INSERT INTO orders (id, venue_id, number, status, total_amount, opened_at, closed_at, table_number)
VALUES ('27de9333-ab8b-c528-3610-fc4abb2254cf', '00000000-0000-0000-0000-000000000010', '7505', 'paid', 4760.0, '2026-05-29 22:00:31', '2026-05-29 22:00:31', '12');
INSERT INTO order_items (order_id, product_id, product_name, product_price, quantity)
VALUES ('27de9333-ab8b-c528-3610-fc4abb2254cf', '5f05b996-99f5-dfcb-e4b9-79078ca1f540', 'product_100', 460.0, 1);
INSERT INTO order_items (order_id, product_id, product_name, product_price, quantity)
VALUES ('27de9333-ab8b-c528-3610-fc4abb2254cf', '7f688518-4003-c783-7333-b947a8856b49', 'product_28', 470.0, 1);
INSERT INTO order_items (order_id, product_id, product_name, product_price, quantity)
VALUES ('27de9333-ab8b-c528-3610-fc4abb2254cf', '89f7c252-16f5-61cd-3e79-006400fd853a', 'product_208', 1750.0, 1);
INSERT INTO order_items (order_id, product_id, product_name, product_price, quantity)
VALUES ('27de9333-ab8b-c528-3610-fc4abb2254cf', '951f4bf6-be55-0e75-59a9-7e580a0d07c4', 'product_14', 640.0, 1);
INSERT INTO order_items (order_id, product_id, product_name, product_price, quantity)
VALUES ('27de9333-ab8b-c528-3610-fc4abb2254cf', '81b3193a-f1f9-6ba6-5630-5c911f0c4a69', 'product_48', 220.0, 2);
INSERT INTO order_items (order_id, product_id, product_name, product_price, quantity)
VALUES ('27de9333-ab8b-c528-3610-fc4abb2254cf', '966437e8-b784-92e7-0afa-ff8bde6f1e53', 'product_145', 130.0, 2);
INSERT INTO order_items (order_id, product_id, product_name, product_price, quantity)
VALUES ('27de9333-ab8b-c528-3610-fc4abb2254cf', '7a291d79-c795-0f76-118b-25d10a078238', 'product_191', 370.0, 1);
INSERT INTO order_items (order_id, product_id, product_name, product_price, quantity)
VALUES ('27de9333-ab8b-c528-3610-fc4abb2254cf', '09d404dd-f87b-b319-4eda-9ce7c697868d', 'product_32', 370.0, 1);
INSERT INTO payments (order_id, venue_id, method, amount)
VALUES ('27de9333-ab8b-c528-3610-fc4abb2254cf', '00000000-0000-0000-0000-000000000010', 'card', 4760.0);
INSERT INTO orders (id, venue_id, number, status, total_amount, opened_at, closed_at, table_number)
VALUES ('80b62dfa-8299-421b-8b36-9b6ebae536f0', '00000000-0000-0000-0000-000000000010', '7519', 'paid', 1310.0, '2026-05-29 20:58:08', '2026-05-29 20:58:08', '1');
INSERT INTO order_items (order_id, product_id, product_name, product_price, quantity)
VALUES ('80b62dfa-8299-421b-8b36-9b6ebae536f0', 'c0fb869e-f434-07cb-f666-b9f7e55d4032', 'product_113', 770.0, 1);
INSERT INTO order_items (order_id, product_id, product_name, product_price, quantity)
VALUES ('80b62dfa-8299-421b-8b36-9b6ebae536f0', '81b3193a-f1f9-6ba6-5630-5c911f0c4a69', 'product_48', 220.0, 1);
INSERT INTO order_items (order_id, product_id, product_name, product_price, quantity)
VALUES ('80b62dfa-8299-421b-8b36-9b6ebae536f0', '966437e8-b784-92e7-0afa-ff8bde6f1e53', 'product_145', 130.0, 1);
INSERT INTO order_items (order_id, product_id, product_name, product_price, quantity)
VALUES ('80b62dfa-8299-421b-8b36-9b6ebae536f0', '260b99e2-59bd-a3dc-c313-434aff0daf54', 'product_144', 190.0, 1);
INSERT INTO payments (order_id, venue_id, method, amount)
VALUES ('80b62dfa-8299-421b-8b36-9b6ebae536f0', '00000000-0000-0000-0000-000000000010', 'card', 1310.0);
INSERT INTO orders (id, venue_id, number, status, total_amount, opened_at, closed_at, table_number)
VALUES ('68599daf-43a6-7d8d-734b-83dbff426e6b', '00000000-0000-0000-0000-000000000010', '7507', 'paid', 4320.0, '2026-05-29 20:34:41', '2026-05-29 20:34:41', '8');
INSERT INTO order_items (order_id, product_id, product_name, product_price, quantity)
VALUES ('68599daf-43a6-7d8d-734b-83dbff426e6b', '7ddbed72-7deb-5ee4-0634-41d52192bad1', 'product_23', 1750.0, 1);
INSERT INTO order_items (order_id, product_id, product_name, product_price, quantity)
VALUES ('68599daf-43a6-7d8d-734b-83dbff426e6b', '81b3193a-f1f9-6ba6-5630-5c911f0c4a69', 'product_48', 220.0, 1);
INSERT INTO order_items (order_id, product_id, product_name, product_price, quantity)
VALUES ('68599daf-43a6-7d8d-734b-83dbff426e6b', '0f7cfc79-3a3f-41ac-1aa4-b27431de9236', 'product_29', 620.0, 2);
INSERT INTO order_items (order_id, product_id, product_name, product_price, quantity)
VALUES ('68599daf-43a6-7d8d-734b-83dbff426e6b', 'ce90a2e4-a08b-570d-aca7-50bb5d2d0ab2', 'product_112', 440.0, 1);
INSERT INTO order_items (order_id, product_id, product_name, product_price, quantity)
VALUES ('68599daf-43a6-7d8d-734b-83dbff426e6b', '73f062e8-2ade-a467-1943-fa856c717a43', 'product_51', 260.0, 1);
INSERT INTO order_items (order_id, product_id, product_name, product_price, quantity)
VALUES ('68599daf-43a6-7d8d-734b-83dbff426e6b', '260b99e2-59bd-a3dc-c313-434aff0daf54', 'product_144', 190.0, 1);
INSERT INTO order_items (order_id, product_id, product_name, product_price, quantity)
VALUES ('68599daf-43a6-7d8d-734b-83dbff426e6b', 'bc75aa2b-4910-21bf-56ff-d9769b039d8e', 'product_47', 220.0, 1);
INSERT INTO payments (order_id, venue_id, method, amount)
VALUES ('68599daf-43a6-7d8d-734b-83dbff426e6b', '00000000-0000-0000-0000-000000000010', 'card', 4320.0);
INSERT INTO orders (id, venue_id, number, status, total_amount, opened_at, closed_at, table_number)
VALUES ('96855d83-86a2-ae81-2d0b-95a19d9c2739', '00000000-0000-0000-0000-000000000010', '7511', 'paid', 1660.0, '2026-05-29 20:04:41', '2026-05-29 20:04:41', '3');
INSERT INTO order_items (order_id, product_id, product_name, product_price, quantity)
VALUES ('96855d83-86a2-ae81-2d0b-95a19d9c2739', '1a9038b5-12c1-4b41-756a-ce6d8bb0fac8', 'product_114', 670.0, 2);
INSERT INTO order_items (order_id, product_id, product_name, product_price, quantity)
VALUES ('96855d83-86a2-ae81-2d0b-95a19d9c2739', '260b99e2-59bd-a3dc-c313-434aff0daf54', 'product_144', 190.0, 1);
INSERT INTO order_items (order_id, product_id, product_name, product_price, quantity)
VALUES ('96855d83-86a2-ae81-2d0b-95a19d9c2739', '966437e8-b784-92e7-0afa-ff8bde6f1e53', 'product_145', 130.0, 1);
INSERT INTO payments (order_id, venue_id, method, amount)
VALUES ('96855d83-86a2-ae81-2d0b-95a19d9c2739', '00000000-0000-0000-0000-000000000010', 'card', 1660.0);
INSERT INTO orders (id, venue_id, number, status, total_amount, opened_at, closed_at, table_number)
VALUES ('1b7eac73-2cc0-ff5b-811d-0fb8a292349b', '00000000-0000-0000-0000-000000000010', '7509', 'paid', 620.0, '2026-05-29 20:04:02', '2026-05-29 20:04:02', '1');
INSERT INTO order_items (order_id, product_id, product_name, product_price, quantity)
VALUES ('1b7eac73-2cc0-ff5b-811d-0fb8a292349b', '0f7cfc79-3a3f-41ac-1aa4-b27431de9236', 'product_29', 620.0, 1);
INSERT INTO payments (order_id, venue_id, method, amount)
VALUES ('1b7eac73-2cc0-ff5b-811d-0fb8a292349b', '00000000-0000-0000-0000-000000000010', 'card', 620.0);
INSERT INTO orders (id, venue_id, number, status, total_amount, opened_at, closed_at, table_number)
VALUES ('c2a206b3-7cfd-fdb3-3b53-d0d09e38671f', '00000000-0000-0000-0000-000000000010', '7510', 'paid', 1240.0, '2026-05-29 20:03:35', '2026-05-29 20:03:35', '2');
INSERT INTO order_items (order_id, product_id, product_name, product_price, quantity)
VALUES ('c2a206b3-7cfd-fdb3-3b53-d0d09e38671f', '1a9038b5-12c1-4b41-756a-ce6d8bb0fac8', 'product_114', 670.0, 1);
INSERT INTO order_items (order_id, product_id, product_name, product_price, quantity)
VALUES ('c2a206b3-7cfd-fdb3-3b53-d0d09e38671f', 'ce90a2e4-a08b-570d-aca7-50bb5d2d0ab2', 'product_112', 440.0, 1);
INSERT INTO order_items (order_id, product_id, product_name, product_price, quantity)
VALUES ('c2a206b3-7cfd-fdb3-3b53-d0d09e38671f', 'eed148a6-7f8f-38d6-85f9-602481bbc846', 'product_146', 130.0, 1);
INSERT INTO payments (order_id, venue_id, method, amount)
VALUES ('c2a206b3-7cfd-fdb3-3b53-d0d09e38671f', '00000000-0000-0000-0000-000000000010', 'card', 1240.0);
INSERT INTO orders (id, venue_id, number, status, total_amount, opened_at, closed_at, table_number)
VALUES ('81610e8c-d386-4132-e92e-45c67de7497a', '00000000-0000-0000-0000-000000000010', '7518', 'paid', 370.0, '2026-05-29 19:48:35', '2026-05-29 19:48:35', '15');
INSERT INTO order_items (order_id, product_id, product_name, product_price, quantity)
VALUES ('81610e8c-d386-4132-e92e-45c67de7497a', 'f35ae6ee-40da-7479-c64b-612bff507023', 'product_31', 370.0, 1);
INSERT INTO payments (order_id, venue_id, method, amount)
VALUES ('81610e8c-d386-4132-e92e-45c67de7497a', '00000000-0000-0000-0000-000000000010', 'cash', 370.0);
INSERT INTO orders (id, venue_id, number, status, total_amount, opened_at, closed_at, table_number)
VALUES ('b62c6c4c-effd-6e54-9898-43c3a6e3f756', '00000000-0000-0000-0000-000000000010', '7517', 'paid', 1130.0, '2026-05-29 19:35:45', '2026-05-29 19:35:45', '15');
INSERT INTO order_items (order_id, product_id, product_name, product_price, quantity)
VALUES ('b62c6c4c-effd-6e54-9898-43c3a6e3f756', '81b3193a-f1f9-6ba6-5630-5c911f0c4a69', 'product_48', 220.0, 1);
INSERT INTO order_items (order_id, product_id, product_name, product_price, quantity)
VALUES ('b62c6c4c-effd-6e54-9898-43c3a6e3f756', '8b7920ef-e954-d760-2a69-99cafc830c2e', 'product_171', 270.0, 1);
INSERT INTO order_items (order_id, product_id, product_name, product_price, quantity)
VALUES ('b62c6c4c-effd-6e54-9898-43c3a6e3f756', 'fdb6f575-fe3f-282e-93d0-1dad56530fa5', 'product_15', 640.0, 1);
INSERT INTO payments (order_id, venue_id, method, amount)
VALUES ('b62c6c4c-effd-6e54-9898-43c3a6e3f756', '00000000-0000-0000-0000-000000000010', 'cash', 1130.0);
INSERT INTO orders (id, venue_id, number, status, total_amount, opened_at, closed_at, table_number)
VALUES ('2f9ad908-e6fe-dc17-12cd-e79cc3d69db9', '00000000-0000-0000-0000-000000000010', '7516', 'paid', 1140.0, '2026-05-29 19:20:46', '2026-05-29 19:20:46', '11');
INSERT INTO order_items (order_id, product_id, product_name, product_price, quantity)
VALUES ('2f9ad908-e6fe-dc17-12cd-e79cc3d69db9', '6599a59a-6cf7-70c9-0971-07a0078ce7cf', 'product_128', 380.0, 3);
INSERT INTO payments (order_id, venue_id, method, amount)
VALUES ('2f9ad908-e6fe-dc17-12cd-e79cc3d69db9', '00000000-0000-0000-0000-000000000010', 'cash', 1140.0);
INSERT INTO orders (id, venue_id, number, status, total_amount, opened_at, closed_at, table_number)
VALUES ('71902a87-fbc9-19e0-2b43-69be5dccf7e8', '00000000-0000-0000-0000-000000000010', '7515', 'paid', 460.0, '2026-05-29 18:59:17', '2026-05-29 18:59:17', '4');
INSERT INTO order_items (order_id, product_id, product_name, product_price, quantity)
VALUES ('71902a87-fbc9-19e0-2b43-69be5dccf7e8', '021231f4-e9fa-ecbb-5f2a-ad1321ca42ea', 'product_59', 230.0, 2);
INSERT INTO payments (order_id, venue_id, method, amount)
VALUES ('71902a87-fbc9-19e0-2b43-69be5dccf7e8', '00000000-0000-0000-0000-000000000010', 'card', 460.0);
INSERT INTO orders (id, venue_id, number, status, total_amount, opened_at, closed_at, table_number)
VALUES ('d3fabd20-c8d6-3142-f9c7-01cdda9fcd1d', '00000000-0000-0000-0000-000000000010', '7514', 'paid', 1200.0, '2026-05-29 18:55:10', '2026-05-29 18:55:10', '13');
INSERT INTO order_items (order_id, product_id, product_name, product_price, quantity)
VALUES ('d3fabd20-c8d6-3142-f9c7-01cdda9fcd1d', '8b7920ef-e954-d760-2a69-99cafc830c2e', 'product_171', 270.0, 2);
INSERT INTO order_items (order_id, product_id, product_name, product_price, quantity)
VALUES ('d3fabd20-c8d6-3142-f9c7-01cdda9fcd1d', '81b3193a-f1f9-6ba6-5630-5c911f0c4a69', 'product_48', 220.0, 1);
INSERT INTO order_items (order_id, product_id, product_name, product_price, quantity)
VALUES ('d3fabd20-c8d6-3142-f9c7-01cdda9fcd1d', 'ce90a2e4-a08b-570d-aca7-50bb5d2d0ab2', 'product_112', 440.0, 1);
INSERT INTO payments (order_id, venue_id, method, amount)
VALUES ('d3fabd20-c8d6-3142-f9c7-01cdda9fcd1d', '00000000-0000-0000-0000-000000000010', 'card', 1200.0);
INSERT INTO orders (id, venue_id, number, status, total_amount, opened_at, closed_at, table_number)
VALUES ('7023161e-cc0a-f4e5-67cb-e3d00e989c6b', '00000000-0000-0000-0000-000000000010', '7512', 'paid', 3270.0, '2026-05-29 18:43:05', '2026-05-29 18:43:05', '5');
INSERT INTO order_items (order_id, product_id, product_name, product_price, quantity)
VALUES ('7023161e-cc0a-f4e5-67cb-e3d00e989c6b', 'c0fb869e-f434-07cb-f666-b9f7e55d4032', 'product_113', 770.0, 4);
INSERT INTO order_items (order_id, product_id, product_name, product_price, quantity)
VALUES ('7023161e-cc0a-f4e5-67cb-e3d00e989c6b', '0caff6fe-c574-8665-33ca-5f2cee71ebb2', 'product_35', 190.0, 1);
INSERT INTO payments (order_id, venue_id, method, amount)
VALUES ('7023161e-cc0a-f4e5-67cb-e3d00e989c6b', '00000000-0000-0000-0000-000000000010', 'card', 3270.0);
INSERT INTO orders (id, venue_id, number, status, total_amount, opened_at, closed_at, table_number)
VALUES ('af70d348-703d-29c1-fb88-0a7e0d1dd4d4', '00000000-0000-0000-0000-000000000010', '7504', 'paid', 5160.0, '2026-05-29 17:06:44', '2026-05-29 17:06:44', '7');
INSERT INTO order_items (order_id, product_id, product_name, product_price, quantity)
VALUES ('af70d348-703d-29c1-fb88-0a7e0d1dd4d4', '5f05b996-99f5-dfcb-e4b9-79078ca1f540', 'product_100', 460.0, 1);
INSERT INTO order_items (order_id, product_id, product_name, product_price, quantity)
VALUES ('af70d348-703d-29c1-fb88-0a7e0d1dd4d4', '951f4bf6-be55-0e75-59a9-7e580a0d07c4', 'product_14', 640.0, 1);
INSERT INTO order_items (order_id, product_id, product_name, product_price, quantity)
VALUES ('af70d348-703d-29c1-fb88-0a7e0d1dd4d4', '1a9038b5-12c1-4b41-756a-ce6d8bb0fac8', 'product_114', 670.0, 2);
INSERT INTO order_items (order_id, product_id, product_name, product_price, quantity)
VALUES ('af70d348-703d-29c1-fb88-0a7e0d1dd4d4', '6e00b5a0-6b62-d942-73e4-86982bcae389', 'product_21', 1370.0, 1);
INSERT INTO order_items (order_id, product_id, product_name, product_price, quantity)
VALUES ('af70d348-703d-29c1-fb88-0a7e0d1dd4d4', '81b3193a-f1f9-6ba6-5630-5c911f0c4a69', 'product_48', 220.0, 1);
INSERT INTO order_items (order_id, product_id, product_name, product_price, quantity)
VALUES ('af70d348-703d-29c1-fb88-0a7e0d1dd4d4', '8b7920ef-e954-d760-2a69-99cafc830c2e', 'product_171', 270.0, 1);
INSERT INTO order_items (order_id, product_id, product_name, product_price, quantity)
VALUES ('af70d348-703d-29c1-fb88-0a7e0d1dd4d4', 'd56291c3-0b81-82df-41d8-2bffd8869d31', 'product_140', 430.0, 2);
INSERT INTO payments (order_id, venue_id, method, amount)
VALUES ('af70d348-703d-29c1-fb88-0a7e0d1dd4d4', '00000000-0000-0000-0000-000000000010', 'card', 5160.0);
INSERT INTO orders (id, venue_id, number, status, total_amount, opened_at, closed_at, table_number)
VALUES ('6c4fa34c-e4a5-bee8-388a-e5ebbc88e81e', '00000000-0000-0000-0000-000000000010', '7506', 'paid', 0.0, '2026-05-29 16:21:01', '2026-05-29 16:21:01', '9');
INSERT INTO order_items (order_id, product_id, product_name, product_price, quantity)
VALUES ('6c4fa34c-e4a5-bee8-388a-e5ebbc88e81e', '82c55340-bd07-2a9a-a6cc-6ce377f958f2', 'product_148', 0.0, 1);
INSERT INTO orders (id, venue_id, number, status, total_amount, opened_at, closed_at, table_number)
VALUES ('b0b3b57a-3e58-64c2-f367-7b00d445ae08', '00000000-0000-0000-0000-000000000010', '7497', 'paid', 1620.0, '2026-05-29 16:19:32', '2026-05-29 16:19:32', '15');
INSERT INTO order_items (order_id, product_id, product_name, product_price, quantity)
VALUES ('b0b3b57a-3e58-64c2-f367-7b00d445ae08', 'b9bdca4d-a423-6c36-2351-10cf52ff0eec', 'product_230', 0.0, 1);
INSERT INTO order_items (order_id, product_id, product_name, product_price, quantity)
VALUES ('b0b3b57a-3e58-64c2-f367-7b00d445ae08', '94d2bddc-c99f-2985-f8eb-9d8a4a995ad3', 'product_10', 300.0, 1);
INSERT INTO order_items (order_id, product_id, product_name, product_price, quantity)
VALUES ('b0b3b57a-3e58-64c2-f367-7b00d445ae08', '8d266d35-f6a4-b267-e097-564510f7f857', 'product_12', 270.0, 1);
INSERT INTO order_items (order_id, product_id, product_name, product_price, quantity)
VALUES ('b0b3b57a-3e58-64c2-f367-7b00d445ae08', '38432f7f-ba41-eaa0-7e46-d791008e4b02', 'product_6', 510.0, 1);
INSERT INTO order_items (order_id, product_id, product_name, product_price, quantity)
VALUES ('b0b3b57a-3e58-64c2-f367-7b00d445ae08', '2e331f2f-b6fd-7898-11b0-9b0e3a2e58be', 'product_57', 180.0, 1);
INSERT INTO order_items (order_id, product_id, product_name, product_price, quantity)
VALUES ('b0b3b57a-3e58-64c2-f367-7b00d445ae08', 'da98da7c-a663-0228-294e-97c1fae50fd1', 'product_54', 180.0, 2);
INSERT INTO orders (id, venue_id, number, status, total_amount, opened_at, closed_at, table_number)
VALUES ('ea6916fb-b903-f9c0-65c1-00cd29a07342', '00000000-0000-0000-0000-000000000010', '7498', 'paid', 2640.0, '2026-05-29 16:19:23', '2026-05-29 16:19:23', '13');
INSERT INTO order_items (order_id, product_id, product_name, product_price, quantity)
VALUES ('ea6916fb-b903-f9c0-65c1-00cd29a07342', '38432f7f-ba41-eaa0-7e46-d791008e4b02', 'product_6', 510.0, 3);
INSERT INTO order_items (order_id, product_id, product_name, product_price, quantity)
VALUES ('ea6916fb-b903-f9c0-65c1-00cd29a07342', '2836be19-8d27-0aa1-68ed-3bbc6cf94fb8', 'product_13', 270.0, 1);
INSERT INTO order_items (order_id, product_id, product_name, product_price, quantity)
VALUES ('ea6916fb-b903-f9c0-65c1-00cd29a07342', 'd46f67a1-e1dd-e079-0b5c-329f6422c4d4', 'product_60', 280.0, 3);
INSERT INTO orders (id, venue_id, number, status, total_amount, opened_at, closed_at, table_number)
VALUES ('231ff821-e821-9f2f-5c41-77b4eab54796', '00000000-0000-0000-0000-000000000010', '7499', 'paid', 660.0, '2026-05-29 16:19:08', '2026-05-29 16:19:08', '11');
INSERT INTO order_items (order_id, product_id, product_name, product_price, quantity)
VALUES ('231ff821-e821-9f2f-5c41-77b4eab54796', 'b9bdca4d-a423-6c36-2351-10cf52ff0eec', 'product_230', 0.0, 2);
INSERT INTO order_items (order_id, product_id, product_name, product_price, quantity)
VALUES ('231ff821-e821-9f2f-5c41-77b4eab54796', '9d00fee6-5b1a-acb8-1114-e668525ce1a6', 'product_200', 330.0, 2);
INSERT INTO orders (id, venue_id, number, status, total_amount, opened_at, closed_at, table_number)
VALUES ('26c5cde4-e7c0-41cb-29fd-b3616e4ac00f', '00000000-0000-0000-0000-000000000010', '7495', 'paid', 1530.0, '2026-05-29 16:19:05', '2026-05-29 16:19:05', '10');
INSERT INTO order_items (order_id, product_id, product_name, product_price, quantity)
VALUES ('26c5cde4-e7c0-41cb-29fd-b3616e4ac00f', '38432f7f-ba41-eaa0-7e46-d791008e4b02', 'product_6', 510.0, 3);
INSERT INTO orders (id, venue_id, number, status, total_amount, opened_at, closed_at, table_number)
VALUES ('0f7ced7b-bb51-fb51-8c35-97685e5f03aa', '00000000-0000-0000-0000-000000000010', '7500', 'paid', 1290.0, '2026-05-29 16:19:01', '2026-05-29 16:19:01', '1');
INSERT INTO order_items (order_id, product_id, product_name, product_price, quantity)
VALUES ('0f7ced7b-bb51-fb51-8c35-97685e5f03aa', '38432f7f-ba41-eaa0-7e46-d791008e4b02', 'product_6', 510.0, 2);
INSERT INTO order_items (order_id, product_id, product_name, product_price, quantity)
VALUES ('0f7ced7b-bb51-fb51-8c35-97685e5f03aa', '2836be19-8d27-0aa1-68ed-3bbc6cf94fb8', 'product_13', 270.0, 1);
INSERT INTO orders (id, venue_id, number, status, total_amount, opened_at, closed_at, table_number)
VALUES ('149efe6e-ed52-f773-4f1d-023d9993616a', '00000000-0000-0000-0000-000000000010', '7503', 'paid', 1090.0, '2026-05-29 16:14:42', '2026-05-29 16:14:42', '9');
INSERT INTO order_items (order_id, product_id, product_name, product_price, quantity)
VALUES ('149efe6e-ed52-f773-4f1d-023d9993616a', '021231f4-e9fa-ecbb-5f2a-ad1321ca42ea', 'product_59', 230.0, 2);
INSERT INTO order_items (order_id, product_id, product_name, product_price, quantity)
VALUES ('149efe6e-ed52-f773-4f1d-023d9993616a', 'd46f67a1-e1dd-e079-0b5c-329f6422c4d4', 'product_60', 280.0, 1);
INSERT INTO order_items (order_id, product_id, product_name, product_price, quantity)
VALUES ('149efe6e-ed52-f773-4f1d-023d9993616a', '5b7828a6-fad3-dc3f-06c7-979905efbff1', 'product_61', 350.0, 1);
INSERT INTO payments (order_id, venue_id, method, amount)
VALUES ('149efe6e-ed52-f773-4f1d-023d9993616a', '00000000-0000-0000-0000-000000000010', 'card', 1090.0);
INSERT INTO orders (id, venue_id, number, status, total_amount, opened_at, closed_at, table_number)
VALUES ('e15f6866-17a9-68e5-83e4-17cfb7810854', '00000000-0000-0000-0000-000000000010', '7501', 'paid', 1040.0, '2026-05-29 11:31:35', '2026-05-29 11:31:35', '3');
INSERT INTO order_items (order_id, product_id, product_name, product_price, quantity)
VALUES ('e15f6866-17a9-68e5-83e4-17cfb7810854', '021231f4-e9fa-ecbb-5f2a-ad1321ca42ea', 'product_59', 230.0, 1);
INSERT INTO order_items (order_id, product_id, product_name, product_price, quantity)
VALUES ('e15f6866-17a9-68e5-83e4-17cfb7810854', 'f35ae6ee-40da-7479-c64b-612bff507023', 'product_31', 370.0, 1);
INSERT INTO order_items (order_id, product_id, product_name, product_price, quantity)
VALUES ('e15f6866-17a9-68e5-83e4-17cfb7810854', 'ce90a2e4-a08b-570d-aca7-50bb5d2d0ab2', 'product_112', 440.0, 1);
INSERT INTO payments (order_id, venue_id, method, amount)
VALUES ('e15f6866-17a9-68e5-83e4-17cfb7810854', '00000000-0000-0000-0000-000000000010', 'card', 1040.0);
INSERT INTO orders (id, venue_id, number, status, total_amount, opened_at, closed_at, table_number)
VALUES ('ca78e34f-678f-45c0-3866-1406c0cf2276', '00000000-0000-0000-0000-000000000010', '7486', 'paid', 14560.0, '2026-05-29 09:57:59', '2026-05-29 09:57:59', '11');
INSERT INTO order_items (order_id, product_id, product_name, product_price, quantity)
VALUES ('ca78e34f-678f-45c0-3866-1406c0cf2276', 'da98da7c-a663-0228-294e-97c1fae50fd1', 'product_54', 180.0, 2);
INSERT INTO order_items (order_id, product_id, product_name, product_price, quantity)
VALUES ('ca78e34f-678f-45c0-3866-1406c0cf2276', '30d3c4b2-8d8b-4d91-9c67-b3d72ab218cc', 'product_129', 470.0, 2);
INSERT INTO order_items (order_id, product_id, product_name, product_price, quantity)
VALUES ('ca78e34f-678f-45c0-3866-1406c0cf2276', '1d55740b-7a2f-ce7c-d33a-454fb2de27dc', 'product_155', 420.0, 8);
INSERT INTO order_items (order_id, product_id, product_name, product_price, quantity)
VALUES ('ca78e34f-678f-45c0-3866-1406c0cf2276', '966437e8-b784-92e7-0afa-ff8bde6f1e53', 'product_145', 130.0, 1);
INSERT INTO order_items (order_id, product_id, product_name, product_price, quantity)
VALUES ('ca78e34f-678f-45c0-3866-1406c0cf2276', 'c10f6483-27d9-ca48-5e52-fb5a740be095', 'product_166', 40.0, 8);
INSERT INTO order_items (order_id, product_id, product_name, product_price, quantity)
VALUES ('ca78e34f-678f-45c0-3866-1406c0cf2276', '8b7920ef-e954-d760-2a69-99cafc830c2e', 'product_171', 270.0, 1);
INSERT INTO order_items (order_id, product_id, product_name, product_price, quantity)
VALUES ('ca78e34f-678f-45c0-3866-1406c0cf2276', 'bc75aa2b-4910-21bf-56ff-d9769b039d8e', 'product_47', 220.0, 1);
INSERT INTO order_items (order_id, product_id, product_name, product_price, quantity)
VALUES ('ca78e34f-678f-45c0-3866-1406c0cf2276', 'fdb6f575-fe3f-282e-93d0-1dad56530fa5', 'product_15', 640.0, 1);
INSERT INTO order_items (order_id, product_id, product_name, product_price, quantity)
VALUES ('ca78e34f-678f-45c0-3866-1406c0cf2276', '81b3193a-f1f9-6ba6-5630-5c911f0c4a69', 'product_48', 220.0, 1);
INSERT INTO order_items (order_id, product_id, product_name, product_price, quantity)
VALUES ('ca78e34f-678f-45c0-3866-1406c0cf2276', '4cb15d99-ad0e-d256-a257-afdad4bf887e', 'product_110', 1750.0, 3);
INSERT INTO order_items (order_id, product_id, product_name, product_price, quantity)
VALUES ('ca78e34f-678f-45c0-3866-1406c0cf2276', 'be5a3d23-0a5b-1ce3-2f38-ba9348e91024', 'product_207', 1750.0, 1);
INSERT INTO order_items (order_id, product_id, product_name, product_price, quantity)
VALUES ('ca78e34f-678f-45c0-3866-1406c0cf2276', '9a06fa1f-d2b5-1b6f-d6c5-37c2ffa3adfd', 'product_168', 640.0, 1);
INSERT INTO order_items (order_id, product_id, product_name, product_price, quantity)
VALUES ('ca78e34f-678f-45c0-3866-1406c0cf2276', '5f05b996-99f5-dfcb-e4b9-79078ca1f540', 'product_100', 460.0, 1);
INSERT INTO payments (order_id, venue_id, method, amount)
VALUES ('ca78e34f-678f-45c0-3866-1406c0cf2276', '00000000-0000-0000-0000-000000000010', 'card', 14560.0);
INSERT INTO orders (id, venue_id, number, status, total_amount, opened_at, closed_at, table_number)
VALUES ('d53e15fb-4498-c924-d5e3-c5d58fbe51d8', '00000000-0000-0000-0000-000000000010', '7496', 'paid', 0.0, '2026-05-28 23:50:43', '2026-05-28 23:50:43', '9');
INSERT INTO order_items (order_id, product_id, product_name, product_price, quantity)
VALUES ('d53e15fb-4498-c924-d5e3-c5d58fbe51d8', '82c55340-bd07-2a9a-a6cc-6ce377f958f2', 'product_148', 0.0, 1);
INSERT INTO order_items (order_id, product_id, product_name, product_price, quantity)
VALUES ('d53e15fb-4498-c924-d5e3-c5d58fbe51d8', '12dd0c72-4671-5cd8-b7da-98389426555c', 'product_228', 0.0, 1);
INSERT INTO orders (id, venue_id, number, status, total_amount, opened_at, closed_at, table_number)
VALUES ('800be779-a41d-5afd-303e-8e1eda9ca0dc', '00000000-0000-0000-0000-000000000010', '7494', 'paid', 510.0, '2026-05-28 22:03:46', '2026-05-28 22:03:46', '9');
INSERT INTO order_items (order_id, product_id, product_name, product_price, quantity)
VALUES ('800be779-a41d-5afd-303e-8e1eda9ca0dc', '021231f4-e9fa-ecbb-5f2a-ad1321ca42ea', 'product_59', 230.0, 1);
INSERT INTO order_items (order_id, product_id, product_name, product_price, quantity)
VALUES ('800be779-a41d-5afd-303e-8e1eda9ca0dc', 'd46f67a1-e1dd-e079-0b5c-329f6422c4d4', 'product_60', 280.0, 1);
INSERT INTO payments (order_id, venue_id, method, amount)
VALUES ('800be779-a41d-5afd-303e-8e1eda9ca0dc', '00000000-0000-0000-0000-000000000010', 'card', 510.0);
INSERT INTO orders (id, venue_id, number, status, total_amount, opened_at, closed_at, table_number)
VALUES ('8c7e1d0e-9593-7083-fb7d-75ca4b2332d4', '00000000-0000-0000-0000-000000000010', '7493', 'paid', 2440.0, '2026-05-28 21:28:18', '2026-05-28 21:28:18', '10');
INSERT INTO order_items (order_id, product_id, product_name, product_price, quantity)
VALUES ('8c7e1d0e-9593-7083-fb7d-75ca4b2332d4', '0f7cfc79-3a3f-41ac-1aa4-b27431de9236', 'product_29', 620.0, 2);
INSERT INTO order_items (order_id, product_id, product_name, product_price, quantity)
VALUES ('8c7e1d0e-9593-7083-fb7d-75ca4b2332d4', '1eabb11c-7e82-2ee8-ac6c-0d47f1653e25', 'product_246', 1200.0, 1);
INSERT INTO payments (order_id, venue_id, method, amount)
VALUES ('8c7e1d0e-9593-7083-fb7d-75ca4b2332d4', '00000000-0000-0000-0000-000000000010', 'card', 2440.0);
INSERT INTO orders (id, venue_id, number, status, total_amount, opened_at, closed_at, table_number)
VALUES ('9bae7229-b8f8-809b-70f5-e1f2f64cb0e7', '00000000-0000-0000-0000-000000000010', '7492', 'paid', 790.0, '2026-05-28 21:22:03', '2026-05-28 21:22:03', '7');
INSERT INTO order_items (order_id, product_id, product_name, product_price, quantity)
VALUES ('9bae7229-b8f8-809b-70f5-e1f2f64cb0e7', '021231f4-e9fa-ecbb-5f2a-ad1321ca42ea', 'product_59', 230.0, 1);
INSERT INTO order_items (order_id, product_id, product_name, product_price, quantity)
VALUES ('9bae7229-b8f8-809b-70f5-e1f2f64cb0e7', 'd46f67a1-e1dd-e079-0b5c-329f6422c4d4', 'product_60', 280.0, 2);
INSERT INTO payments (order_id, venue_id, method, amount)
VALUES ('9bae7229-b8f8-809b-70f5-e1f2f64cb0e7', '00000000-0000-0000-0000-000000000010', 'card', 790.0);
INSERT INTO orders (id, venue_id, number, status, total_amount, opened_at, closed_at, table_number)
VALUES ('a7bc4642-e1a1-64bf-c288-9027f1075f83', '00000000-0000-0000-0000-000000000010', '7491', 'paid', 440.0, '2026-05-28 20:30:40', '2026-05-28 20:30:40', '9');
INSERT INTO order_items (order_id, product_id, product_name, product_price, quantity)
VALUES ('a7bc4642-e1a1-64bf-c288-9027f1075f83', '4f5dfe3a-4ba6-edc6-1a39-a54a344ea46a', 'product_159', 220.0, 2);
INSERT INTO payments (order_id, venue_id, method, amount)
VALUES ('a7bc4642-e1a1-64bf-c288-9027f1075f83', '00000000-0000-0000-0000-000000000010', 'cash', 440.0);
INSERT INTO orders (id, venue_id, number, status, total_amount, opened_at, closed_at, table_number)
VALUES ('5488d95c-141d-ce55-b08a-c1a76b888b0e', '00000000-0000-0000-0000-000000000010', '7489', 'paid', 1770.0, '2026-05-28 19:17:40', '2026-05-28 19:17:40', '12');
INSERT INTO order_items (order_id, product_id, product_name, product_price, quantity)
VALUES ('5488d95c-141d-ce55-b08a-c1a76b888b0e', '0f7cfc79-3a3f-41ac-1aa4-b27431de9236', 'product_29', 620.0, 2);
INSERT INTO order_items (order_id, product_id, product_name, product_price, quantity)
VALUES ('5488d95c-141d-ce55-b08a-c1a76b888b0e', '8b7920ef-e954-d760-2a69-99cafc830c2e', 'product_171', 270.0, 1);
INSERT INTO order_items (order_id, product_id, product_name, product_price, quantity)
VALUES ('5488d95c-141d-ce55-b08a-c1a76b888b0e', '338bdc4d-fbd5-43ad-a7a7-3951ceca3a16', 'product_97', 260.0, 1);
INSERT INTO payments (order_id, venue_id, method, amount)
VALUES ('5488d95c-141d-ce55-b08a-c1a76b888b0e', '00000000-0000-0000-0000-000000000010', 'card', 1770.0);
INSERT INTO orders (id, venue_id, number, status, total_amount, opened_at, closed_at, table_number)
VALUES ('c357d659-af2c-6ddd-b4d4-1d3df26c4ce1', '00000000-0000-0000-0000-000000000010', '7490', 'paid', 190.0, '2026-05-28 18:46:57', '2026-05-28 18:46:57', '1');
INSERT INTO order_items (order_id, product_id, product_name, product_price, quantity)
VALUES ('c357d659-af2c-6ddd-b4d4-1d3df26c4ce1', '0caff6fe-c574-8665-33ca-5f2cee71ebb2', 'product_35', 190.0, 1);
INSERT INTO payments (order_id, venue_id, method, amount)
VALUES ('c357d659-af2c-6ddd-b4d4-1d3df26c4ce1', '00000000-0000-0000-0000-000000000010', 'cash', 190.0);
INSERT INTO orders (id, venue_id, number, status, total_amount, opened_at, closed_at, table_number)
VALUES ('89037abb-f8ad-a8d7-e4d0-284e8ff02651', '00000000-0000-0000-0000-000000000010', '7488', 'paid', 640.0, '2026-05-28 17:59:32', '2026-05-28 17:59:32', '10');
INSERT INTO order_items (order_id, product_id, product_name, product_price, quantity)
VALUES ('89037abb-f8ad-a8d7-e4d0-284e8ff02651', '8b7920ef-e954-d760-2a69-99cafc830c2e', 'product_171', 270.0, 1);
INSERT INTO order_items (order_id, product_id, product_name, product_price, quantity)
VALUES ('89037abb-f8ad-a8d7-e4d0-284e8ff02651', '5c3938ac-271e-5674-37aa-116c20435202', 'product_234', 370.0, 1);
INSERT INTO payments (order_id, venue_id, method, amount)
VALUES ('89037abb-f8ad-a8d7-e4d0-284e8ff02651', '00000000-0000-0000-0000-000000000010', 'card', 640.0);
INSERT INTO orders (id, venue_id, number, status, total_amount, opened_at, closed_at, table_number)
VALUES ('08bc0fd4-d1a7-4358-8f92-fc8f8bd8de54', '00000000-0000-0000-0000-000000000010', '7487', 'paid', 1570.0, '2026-05-28 14:42:28', '2026-05-28 14:42:28', '10');
INSERT INTO order_items (order_id, product_id, product_name, product_price, quantity)
VALUES ('08bc0fd4-d1a7-4358-8f92-fc8f8bd8de54', '1a9038b5-12c1-4b41-756a-ce6d8bb0fac8', 'product_114', 670.0, 2);
INSERT INTO order_items (order_id, product_id, product_name, product_price, quantity)
VALUES ('08bc0fd4-d1a7-4358-8f92-fc8f8bd8de54', '021231f4-e9fa-ecbb-5f2a-ad1321ca42ea', 'product_59', 230.0, 1);
INSERT INTO order_items (order_id, product_id, product_name, product_price, quantity)
VALUES ('08bc0fd4-d1a7-4358-8f92-fc8f8bd8de54', '12dd0c72-4671-5cd8-b7da-98389426555c', 'product_228', 0.0, 1);
INSERT INTO payments (order_id, venue_id, method, amount)
VALUES ('08bc0fd4-d1a7-4358-8f92-fc8f8bd8de54', '00000000-0000-0000-0000-000000000010', 'card', 1570.0);
INSERT INTO orders (id, venue_id, number, status, total_amount, opened_at, closed_at, table_number)
VALUES ('95ce985f-5670-3340-6509-bbb8c8fcfcab', '00000000-0000-0000-0000-000000000010', '7484', 'paid', 1220.0, '2026-05-28 13:22:27', '2026-05-28 13:22:27', '12');
INSERT INTO order_items (order_id, product_id, product_name, product_price, quantity)
VALUES ('95ce985f-5670-3340-6509-bbb8c8fcfcab', 'b9bdca4d-a423-6c36-2351-10cf52ff0eec', 'product_230', 0.0, 2);
INSERT INTO order_items (order_id, product_id, product_name, product_price, quantity)
VALUES ('95ce985f-5670-3340-6509-bbb8c8fcfcab', '38432f7f-ba41-eaa0-7e46-d791008e4b02', 'product_6', 510.0, 1);
INSERT INTO order_items (order_id, product_id, product_name, product_price, quantity)
VALUES ('95ce985f-5670-3340-6509-bbb8c8fcfcab', '9d00fee6-5b1a-acb8-1114-e668525ce1a6', 'product_200', 330.0, 1);
INSERT INTO order_items (order_id, product_id, product_name, product_price, quantity)
VALUES ('95ce985f-5670-3340-6509-bbb8c8fcfcab', '0caff6fe-c574-8665-33ca-5f2cee71ebb2', 'product_35', 190.0, 1);
INSERT INTO order_items (order_id, product_id, product_name, product_price, quantity)
VALUES ('95ce985f-5670-3340-6509-bbb8c8fcfcab', 'a2b39819-292c-0b80-799d-c77d7020fc9d', 'product_34', 190.0, 1);
INSERT INTO orders (id, venue_id, number, status, total_amount, opened_at, closed_at, table_number)
VALUES ('fb848f91-b0e8-f41a-f075-4c0abd90c2d0', '00000000-0000-0000-0000-000000000010', '7485', 'paid', 1580.0, '2026-05-28 13:21:42', '2026-05-28 13:21:42', '10');
INSERT INTO order_items (order_id, product_id, product_name, product_price, quantity)
VALUES ('fb848f91-b0e8-f41a-f075-4c0abd90c2d0', '38432f7f-ba41-eaa0-7e46-d791008e4b02', 'product_6', 510.0, 2);
INSERT INTO order_items (order_id, product_id, product_name, product_price, quantity)
VALUES ('fb848f91-b0e8-f41a-f075-4c0abd90c2d0', 'd46f67a1-e1dd-e079-0b5c-329f6422c4d4', 'product_60', 280.0, 2);
INSERT INTO orders (id, venue_id, number, status, total_amount, opened_at, closed_at, table_number)
VALUES ('c79a33dc-105c-d062-c6fd-4acdba3fd85c', '00000000-0000-0000-0000-000000000010', '7482', 'paid', 970.0, '2026-05-28 13:21:18', '2026-05-28 13:21:18', '1');
INSERT INTO order_items (order_id, product_id, product_name, product_price, quantity)
VALUES ('c79a33dc-105c-d062-c6fd-4acdba3fd85c', 'b9bdca4d-a423-6c36-2351-10cf52ff0eec', 'product_230', 0.0, 1);
INSERT INTO order_items (order_id, product_id, product_name, product_price, quantity)
VALUES ('c79a33dc-105c-d062-c6fd-4acdba3fd85c', '38432f7f-ba41-eaa0-7e46-d791008e4b02', 'product_6', 510.0, 1);
INSERT INTO order_items (order_id, product_id, product_name, product_price, quantity)
VALUES ('c79a33dc-105c-d062-c6fd-4acdba3fd85c', 'd46f67a1-e1dd-e079-0b5c-329f6422c4d4', 'product_60', 280.0, 1);
INSERT INTO order_items (order_id, product_id, product_name, product_price, quantity)
VALUES ('c79a33dc-105c-d062-c6fd-4acdba3fd85c', 'da98da7c-a663-0228-294e-97c1fae50fd1', 'product_54', 180.0, 1);
INSERT INTO orders (id, venue_id, number, status, total_amount, opened_at, closed_at, table_number)
VALUES ('589e0cac-fe02-87c0-a306-137087077014', '00000000-0000-0000-0000-000000000010', '7481', 'paid', 1610.0, '2026-05-28 12:54:44', '2026-05-28 12:54:44', '11');
INSERT INTO order_items (order_id, product_id, product_name, product_price, quantity)
VALUES ('589e0cac-fe02-87c0-a306-137087077014', '38432f7f-ba41-eaa0-7e46-d791008e4b02', 'product_6', 510.0, 2);
INSERT INTO order_items (order_id, product_id, product_name, product_price, quantity)
VALUES ('589e0cac-fe02-87c0-a306-137087077014', '021231f4-e9fa-ecbb-5f2a-ad1321ca42ea', 'product_59', 230.0, 1);
INSERT INTO order_items (order_id, product_id, product_name, product_price, quantity)
VALUES ('589e0cac-fe02-87c0-a306-137087077014', 'da98da7c-a663-0228-294e-97c1fae50fd1', 'product_54', 180.0, 2);
INSERT INTO orders (id, venue_id, number, status, total_amount, opened_at, closed_at, table_number)
VALUES ('41bda2bd-654c-d14d-abf5-3291b1ac2566', '00000000-0000-0000-0000-000000000010', '7483', 'paid', 1620.0, '2026-05-28 11:00:12', '2026-05-28 11:00:12', '15');
INSERT INTO order_items (order_id, product_id, product_name, product_price, quantity)
VALUES ('41bda2bd-654c-d14d-abf5-3291b1ac2566', '8d266d35-f6a4-b267-e097-564510f7f857', 'product_12', 270.0, 1);
INSERT INTO order_items (order_id, product_id, product_name, product_price, quantity)
VALUES ('41bda2bd-654c-d14d-abf5-3291b1ac2566', '2836be19-8d27-0aa1-68ed-3bbc6cf94fb8', 'product_13', 270.0, 1);
INSERT INTO order_items (order_id, product_id, product_name, product_price, quantity)
VALUES ('41bda2bd-654c-d14d-abf5-3291b1ac2566', '38432f7f-ba41-eaa0-7e46-d791008e4b02', 'product_6', 510.0, 1);
INSERT INTO order_items (order_id, product_id, product_name, product_price, quantity)
VALUES ('41bda2bd-654c-d14d-abf5-3291b1ac2566', '0caff6fe-c574-8665-33ca-5f2cee71ebb2', 'product_35', 190.0, 1);
INSERT INTO order_items (order_id, product_id, product_name, product_price, quantity)
VALUES ('41bda2bd-654c-d14d-abf5-3291b1ac2566', '6599a59a-6cf7-70c9-0971-07a0078ce7cf', 'product_128', 380.0, 1);
INSERT INTO payments (order_id, venue_id, method, amount)
VALUES ('41bda2bd-654c-d14d-abf5-3291b1ac2566', '00000000-0000-0000-0000-000000000010', 'card', 380.0);
INSERT INTO orders (id, venue_id, number, status, total_amount, opened_at, closed_at, table_number)
VALUES ('ec3c1d7d-e3aa-67fe-dc1a-a1c4df733bb1', '00000000-0000-0000-0000-000000000010', '7475', 'paid', 1880.0, '2026-05-28 10:28:33', '2026-05-28 10:28:33', '13');
INSERT INTO order_items (order_id, product_id, product_name, product_price, quantity)
VALUES ('ec3c1d7d-e3aa-67fe-dc1a-a1c4df733bb1', '09d9bcce-e54b-d518-c5bf-1c5d4b683d38', 'product_50', 200.0, 2);
INSERT INTO order_items (order_id, product_id, product_name, product_price, quantity)
VALUES ('ec3c1d7d-e3aa-67fe-dc1a-a1c4df733bb1', '38432f7f-ba41-eaa0-7e46-d791008e4b02', 'product_6', 510.0, 2);
INSERT INTO order_items (order_id, product_id, product_name, product_price, quantity)
VALUES ('ec3c1d7d-e3aa-67fe-dc1a-a1c4df733bb1', 'd46f67a1-e1dd-e079-0b5c-329f6422c4d4', 'product_60', 280.0, 1);
INSERT INTO order_items (order_id, product_id, product_name, product_price, quantity)
VALUES ('ec3c1d7d-e3aa-67fe-dc1a-a1c4df733bb1', 'da98da7c-a663-0228-294e-97c1fae50fd1', 'product_54', 180.0, 1);
INSERT INTO payments (order_id, venue_id, method, amount)
VALUES ('ec3c1d7d-e3aa-67fe-dc1a-a1c4df733bb1', '00000000-0000-0000-0000-000000000010', 'card', 400.0);
INSERT INTO orders (id, venue_id, number, status, total_amount, opened_at, closed_at, table_number)
VALUES ('ae23c2a7-d6b1-3425-557d-ea87da45396f', '00000000-0000-0000-0000-000000000010', '7480', 'paid', 0.0, '2026-05-27 23:41:45', '2026-05-27 23:41:45', '9');
INSERT INTO order_items (order_id, product_id, product_name, product_price, quantity)
VALUES ('ae23c2a7-d6b1-3425-557d-ea87da45396f', '1afe238c-a186-0e67-9e9d-d39b8c4abe8a', 'product_229', 0.0, 1);
INSERT INTO orders (id, venue_id, number, status, total_amount, opened_at, closed_at, table_number)
VALUES ('4f6ef048-36f9-f839-c3f9-338be9f60657', '00000000-0000-0000-0000-000000000010', '7479', 'paid', 0.0, '2026-05-27 23:41:30', '2026-05-27 23:41:30', '9');
INSERT INTO order_items (order_id, product_id, product_name, product_price, quantity)
VALUES ('4f6ef048-36f9-f839-c3f9-338be9f60657', '82c55340-bd07-2a9a-a6cc-6ce377f958f2', 'product_148', 0.0, 1);
INSERT INTO order_items (order_id, product_id, product_name, product_price, quantity)
VALUES ('4f6ef048-36f9-f839-c3f9-338be9f60657', '12dd0c72-4671-5cd8-b7da-98389426555c', 'product_228', 0.0, 1);
INSERT INTO orders (id, venue_id, number, status, total_amount, opened_at, closed_at, table_number)
VALUES ('157bed48-df7e-4e9e-2677-4603260a6b5b', '00000000-0000-0000-0000-000000000010', '7478', 'paid', 2120.0, '2026-05-27 22:08:50', '2026-05-27 22:08:50', '12');
INSERT INTO order_items (order_id, product_id, product_name, product_price, quantity)
VALUES ('157bed48-df7e-4e9e-2677-4603260a6b5b', '627b586a-57c8-d217-1549-c47bb32192ac', 'product_26', 460.0, 1);
INSERT INTO order_items (order_id, product_id, product_name, product_price, quantity)
VALUES ('157bed48-df7e-4e9e-2677-4603260a6b5b', '0f7cfc79-3a3f-41ac-1aa4-b27431de9236', 'product_29', 620.0, 1);
INSERT INTO order_items (order_id, product_id, product_name, product_price, quantity)
VALUES ('157bed48-df7e-4e9e-2677-4603260a6b5b', '1a9038b5-12c1-4b41-756a-ce6d8bb0fac8', 'product_114', 670.0, 1);
INSERT INTO order_items (order_id, product_id, product_name, product_price, quantity)
VALUES ('157bed48-df7e-4e9e-2677-4603260a6b5b', '09d404dd-f87b-b319-4eda-9ce7c697868d', 'product_32', 370.0, 1);
INSERT INTO payments (order_id, venue_id, method, amount)
VALUES ('157bed48-df7e-4e9e-2677-4603260a6b5b', '00000000-0000-0000-0000-000000000010', 'card', 2120.0);
INSERT INTO orders (id, venue_id, number, status, total_amount, opened_at, closed_at, table_number)
VALUES ('d6c63ebc-7196-feea-aca3-d97b7e901ab2', '00000000-0000-0000-0000-000000000010', '7471', 'paid', 4050.0, '2026-05-27 21:47:27', '2026-05-27 21:47:27', '10');
INSERT INTO order_items (order_id, product_id, product_name, product_price, quantity)
VALUES ('d6c63ebc-7196-feea-aca3-d97b7e901ab2', '7ddbed72-7deb-5ee4-0634-41d52192bad1', 'product_23', 1750.0, 2);
INSERT INTO order_items (order_id, product_id, product_name, product_price, quantity)
VALUES ('d6c63ebc-7196-feea-aca3-d97b7e901ab2', '1649694a-a1df-1a36-ccd0-08ba48ab2fd1', 'product_36', 550.0, 1);
INSERT INTO payments (order_id, venue_id, method, amount)
VALUES ('d6c63ebc-7196-feea-aca3-d97b7e901ab2', '00000000-0000-0000-0000-000000000010', 'card', 4050.0);
INSERT INTO orders (id, venue_id, number, status, total_amount, opened_at, closed_at, table_number)
VALUES ('187a1f5a-0c7e-c92c-8cec-6ade7bc955ab', '00000000-0000-0000-0000-000000000010', '7476', 'paid', 1580.0, '2026-05-27 20:06:06', '2026-05-27 20:06:06', '6');
INSERT INTO order_items (order_id, product_id, product_name, product_price, quantity)
VALUES ('187a1f5a-0c7e-c92c-8cec-6ade7bc955ab', 'c0fb869e-f434-07cb-f666-b9f7e55d4032', 'product_113', 770.0, 1);
INSERT INTO order_items (order_id, product_id, product_name, product_price, quantity)
VALUES ('187a1f5a-0c7e-c92c-8cec-6ade7bc955ab', 'ce90a2e4-a08b-570d-aca7-50bb5d2d0ab2', 'product_112', 440.0, 1);
INSERT INTO order_items (order_id, product_id, product_name, product_price, quantity)
VALUES ('187a1f5a-0c7e-c92c-8cec-6ade7bc955ab', '7a291d79-c795-0f76-118b-25d10a078238', 'product_191', 370.0, 1);
INSERT INTO payments (order_id, venue_id, method, amount)
VALUES ('187a1f5a-0c7e-c92c-8cec-6ade7bc955ab', '00000000-0000-0000-0000-000000000010', 'card', 1580.0);
INSERT INTO orders (id, venue_id, number, status, total_amount, opened_at, closed_at, table_number)
VALUES ('69a506d3-0131-c220-4b87-097a7f2a0bb9', '00000000-0000-0000-0000-000000000010', '7477', 'paid', 230.0, '2026-05-27 20:02:34', '2026-05-27 20:02:34', '9');
INSERT INTO order_items (order_id, product_id, product_name, product_price, quantity)
VALUES ('69a506d3-0131-c220-4b87-097a7f2a0bb9', '021231f4-e9fa-ecbb-5f2a-ad1321ca42ea', 'product_59', 230.0, 1);
INSERT INTO payments (order_id, venue_id, method, amount)
VALUES ('69a506d3-0131-c220-4b87-097a7f2a0bb9', '00000000-0000-0000-0000-000000000010', 'card', 230.0);
INSERT INTO orders (id, venue_id, number, status, total_amount, opened_at, closed_at, table_number)
VALUES ('bab61d70-d782-3a53-facd-328c88030c9e', '00000000-0000-0000-0000-000000000010', '7466', 'paid', 6740.0, '2026-05-27 19:39:48', '2026-05-27 19:39:48', '15');
INSERT INTO order_items (order_id, product_id, product_name, product_price, quantity)
VALUES ('bab61d70-d782-3a53-facd-328c88030c9e', '7ddbed72-7deb-5ee4-0634-41d52192bad1', 'product_23', 1750.0, 1);
INSERT INTO order_items (order_id, product_id, product_name, product_price, quantity)
VALUES ('bab61d70-d782-3a53-facd-328c88030c9e', '6e00b5a0-6b62-d942-73e4-86982bcae389', 'product_21', 1370.0, 1);
INSERT INTO order_items (order_id, product_id, product_name, product_price, quantity)
VALUES ('bab61d70-d782-3a53-facd-328c88030c9e', '951f4bf6-be55-0e75-59a9-7e580a0d07c4', 'product_14', 640.0, 2);
INSERT INTO order_items (order_id, product_id, product_name, product_price, quantity)
VALUES ('bab61d70-d782-3a53-facd-328c88030c9e', '1a9038b5-12c1-4b41-756a-ce6d8bb0fac8', 'product_114', 670.0, 1);
INSERT INTO order_items (order_id, product_id, product_name, product_price, quantity)
VALUES ('bab61d70-d782-3a53-facd-328c88030c9e', 'bb41c67e-d584-f041-47ad-12499e38aab2', 'product_241', 200.0, 1);
INSERT INTO order_items (order_id, product_id, product_name, product_price, quantity)
VALUES ('bab61d70-d782-3a53-facd-328c88030c9e', '1d55740b-7a2f-ce7c-d33a-454fb2de27dc', 'product_155', 420.0, 1);
INSERT INTO order_items (order_id, product_id, product_name, product_price, quantity)
VALUES ('bab61d70-d782-3a53-facd-328c88030c9e', '0caff6fe-c574-8665-33ca-5f2cee71ebb2', 'product_35', 190.0, 2);
INSERT INTO order_items (order_id, product_id, product_name, product_price, quantity)
VALUES ('bab61d70-d782-3a53-facd-328c88030c9e', '81b3193a-f1f9-6ba6-5630-5c911f0c4a69', 'product_48', 220.0, 1);
INSERT INTO order_items (order_id, product_id, product_name, product_price, quantity)
VALUES ('bab61d70-d782-3a53-facd-328c88030c9e', 'ba6fbcf2-1f2b-909a-e5f9-b9c5fe635c92', 'product_187', 50.0, 2);
INSERT INTO order_items (order_id, product_id, product_name, product_price, quantity)
VALUES ('bab61d70-d782-3a53-facd-328c88030c9e', '7c7c305a-92ed-bc40-0bb5-1155fc4e313f', 'product_99', 220.0, 1);
INSERT INTO order_items (order_id, product_id, product_name, product_price, quantity)
VALUES ('bab61d70-d782-3a53-facd-328c88030c9e', '966437e8-b784-92e7-0afa-ff8bde6f1e53', 'product_145', 130.0, 1);
INSERT INTO payments (order_id, venue_id, method, amount)
VALUES ('bab61d70-d782-3a53-facd-328c88030c9e', '00000000-0000-0000-0000-000000000010', 'card', 6740.0);
INSERT INTO orders (id, venue_id, number, status, total_amount, opened_at, closed_at, table_number)
VALUES ('b3b2b1bf-7136-ee19-3c82-29511b2bd063', '00000000-0000-0000-0000-000000000010', '7474', 'paid', 3170.0, '2026-05-27 19:30:31', '2026-05-27 19:30:31', '2');
INSERT INTO order_items (order_id, product_id, product_name, product_price, quantity)
VALUES ('b3b2b1bf-7136-ee19-3c82-29511b2bd063', '7ddbed72-7deb-5ee4-0634-41d52192bad1', 'product_23', 1750.0, 1);
INSERT INTO order_items (order_id, product_id, product_name, product_price, quantity)
VALUES ('b3b2b1bf-7136-ee19-3c82-29511b2bd063', 'bc75aa2b-4910-21bf-56ff-d9769b039d8e', 'product_47', 220.0, 1);
INSERT INTO order_items (order_id, product_id, product_name, product_price, quantity)
VALUES ('b3b2b1bf-7136-ee19-3c82-29511b2bd063', 'fdb6f575-fe3f-282e-93d0-1dad56530fa5', 'product_15', 640.0, 1);
INSERT INTO order_items (order_id, product_id, product_name, product_price, quantity)
VALUES ('b3b2b1bf-7136-ee19-3c82-29511b2bd063', 'd56291c3-0b81-82df-41d8-2bffd8869d31', 'product_140', 430.0, 1);
INSERT INTO order_items (order_id, product_id, product_name, product_price, quantity)
VALUES ('b3b2b1bf-7136-ee19-3c82-29511b2bd063', '966437e8-b784-92e7-0afa-ff8bde6f1e53', 'product_145', 130.0, 1);
INSERT INTO payments (order_id, venue_id, method, amount)
VALUES ('b3b2b1bf-7136-ee19-3c82-29511b2bd063', '00000000-0000-0000-0000-000000000010', 'card', 3170.0);
INSERT INTO orders (id, venue_id, number, status, total_amount, opened_at, closed_at, table_number)
VALUES ('c1161b63-dc9c-c2fc-5ec1-f758566108e3', '00000000-0000-0000-0000-000000000010', '7473', 'paid', 540.0, '2026-05-27 18:16:52', '2026-05-27 18:16:52', '9');
INSERT INTO order_items (order_id, product_id, product_name, product_price, quantity)
VALUES ('c1161b63-dc9c-c2fc-5ec1-f758566108e3', 'da98da7c-a663-0228-294e-97c1fae50fd1', 'product_54', 180.0, 3);
INSERT INTO payments (order_id, venue_id, method, amount)
VALUES ('c1161b63-dc9c-c2fc-5ec1-f758566108e3', '00000000-0000-0000-0000-000000000010', 'card', 540.0);
INSERT INTO orders (id, venue_id, number, status, total_amount, opened_at, closed_at, table_number)
VALUES ('fba7f574-18a7-d564-bcbd-6fe64886372a', '00000000-0000-0000-0000-000000000010', '7472', 'paid', 1230.0, '2026-05-27 17:54:43', '2026-05-27 17:54:43', '9');
INSERT INTO order_items (order_id, product_id, product_name, product_price, quantity)
VALUES ('fba7f574-18a7-d564-bcbd-6fe64886372a', 'bb41c67e-d584-f041-47ad-12499e38aab2', 'product_241', 200.0, 2);
INSERT INTO order_items (order_id, product_id, product_name, product_price, quantity)
VALUES ('fba7f574-18a7-d564-bcbd-6fe64886372a', 'e46827e9-bff2-b635-a563-0455e95c70b9', 'product_242', 200.0, 2);
INSERT INTO order_items (order_id, product_id, product_name, product_price, quantity)
VALUES ('fba7f574-18a7-d564-bcbd-6fe64886372a', 'd56291c3-0b81-82df-41d8-2bffd8869d31', 'product_140', 430.0, 1);
INSERT INTO payments (order_id, venue_id, method, amount)
VALUES ('fba7f574-18a7-d564-bcbd-6fe64886372a', '00000000-0000-0000-0000-000000000010', 'cash', 1230.0);
INSERT INTO orders (id, venue_id, number, status, total_amount, opened_at, closed_at, table_number)
VALUES ('84013d90-d7df-d515-ff46-ee76d951eecf', '00000000-0000-0000-0000-000000000010', '7470', 'paid', 590.0, '2026-05-27 16:55:16', '2026-05-27 16:55:16', '10');
INSERT INTO order_items (order_id, product_id, product_name, product_price, quantity)
VALUES ('84013d90-d7df-d515-ff46-ee76d951eecf', '3b80474c-9414-a513-7578-5a4d84e49583', 'product_38', 370.0, 1);
INSERT INTO order_items (order_id, product_id, product_name, product_price, quantity)
VALUES ('84013d90-d7df-d515-ff46-ee76d951eecf', '81b3193a-f1f9-6ba6-5630-5c911f0c4a69', 'product_48', 220.0, 1);
INSERT INTO payments (order_id, venue_id, method, amount)
VALUES ('84013d90-d7df-d515-ff46-ee76d951eecf', '00000000-0000-0000-0000-000000000010', 'card', 590.0);
INSERT INTO orders (id, venue_id, number, status, total_amount, opened_at, closed_at, table_number)
VALUES ('61360980-34ab-ff3d-c6d6-e43f350bba8f', '00000000-0000-0000-0000-000000000010', '7469', 'paid', 4800.0, '2026-05-27 16:40:15', '2026-05-27 16:40:15', '1');
INSERT INTO order_items (order_id, product_id, product_name, product_price, quantity)
VALUES ('61360980-34ab-ff3d-c6d6-e43f350bba8f', '4cb15d99-ad0e-d256-a257-afdad4bf887e', 'product_110', 1750.0, 1);
INSERT INTO order_items (order_id, product_id, product_name, product_price, quantity)
VALUES ('61360980-34ab-ff3d-c6d6-e43f350bba8f', '89f7c252-16f5-61cd-3e79-006400fd853a', 'product_208', 1750.0, 1);
INSERT INTO order_items (order_id, product_id, product_name, product_price, quantity)
VALUES ('61360980-34ab-ff3d-c6d6-e43f350bba8f', '951f4bf6-be55-0e75-59a9-7e580a0d07c4', 'product_14', 640.0, 1);
INSERT INTO order_items (order_id, product_id, product_name, product_price, quantity)
VALUES ('61360980-34ab-ff3d-c6d6-e43f350bba8f', 'bb41c67e-d584-f041-47ad-12499e38aab2', 'product_241', 200.0, 1);
INSERT INTO order_items (order_id, product_id, product_name, product_price, quantity)
VALUES ('61360980-34ab-ff3d-c6d6-e43f350bba8f', '021231f4-e9fa-ecbb-5f2a-ad1321ca42ea', 'product_59', 230.0, 2);
INSERT INTO payments (order_id, venue_id, method, amount)
VALUES ('61360980-34ab-ff3d-c6d6-e43f350bba8f', '00000000-0000-0000-0000-000000000010', 'card', 4800.0);
INSERT INTO orders (id, venue_id, number, status, total_amount, opened_at, closed_at, table_number)
VALUES ('bd932c52-a66b-d067-c4db-023972a2e0b6', '00000000-0000-0000-0000-000000000010', '7468', 'paid', 1340.0, '2026-05-27 14:57:50', '2026-05-27 14:57:50', '1');
INSERT INTO order_items (order_id, product_id, product_name, product_price, quantity)
VALUES ('bd932c52-a66b-d067-c4db-023972a2e0b6', '1a9038b5-12c1-4b41-756a-ce6d8bb0fac8', 'product_114', 670.0, 2);
INSERT INTO payments (order_id, venue_id, method, amount)
VALUES ('bd932c52-a66b-d067-c4db-023972a2e0b6', '00000000-0000-0000-0000-000000000010', 'cash', 1340.0);
INSERT INTO orders (id, venue_id, number, status, total_amount, opened_at, closed_at, table_number)
VALUES ('055d2440-4d05-d74c-dfb4-b7bf786a0fd9', '00000000-0000-0000-0000-000000000010', '7467', 'paid', 330.0, '2026-05-27 14:31:24', '2026-05-27 14:31:24', '7');
INSERT INTO order_items (order_id, product_id, product_name, product_price, quantity)
VALUES ('055d2440-4d05-d74c-dfb4-b7bf786a0fd9', '966437e8-b784-92e7-0afa-ff8bde6f1e53', 'product_145', 130.0, 1);
INSERT INTO order_items (order_id, product_id, product_name, product_price, quantity)
VALUES ('055d2440-4d05-d74c-dfb4-b7bf786a0fd9', 'bb41c67e-d584-f041-47ad-12499e38aab2', 'product_241', 200.0, 1);
INSERT INTO payments (order_id, venue_id, method, amount)
VALUES ('055d2440-4d05-d74c-dfb4-b7bf786a0fd9', '00000000-0000-0000-0000-000000000010', 'card', 330.0);
INSERT INTO orders (id, venue_id, number, status, total_amount, opened_at, closed_at, table_number)
VALUES ('a382b248-1715-f9ec-d87c-7f99920118c2', '00000000-0000-0000-0000-000000000010', '7465', 'paid', 3510.0, '2026-05-27 13:30:36', '2026-05-27 13:30:36', '15');
INSERT INTO order_items (order_id, product_id, product_name, product_price, quantity)
VALUES ('a382b248-1715-f9ec-d87c-7f99920118c2', '951f4bf6-be55-0e75-59a9-7e580a0d07c4', 'product_14', 640.0, 1);
INSERT INTO order_items (order_id, product_id, product_name, product_price, quantity)
VALUES ('a382b248-1715-f9ec-d87c-7f99920118c2', '8b7920ef-e954-d760-2a69-99cafc830c2e', 'product_171', 270.0, 2);
INSERT INTO order_items (order_id, product_id, product_name, product_price, quantity)
VALUES ('a382b248-1715-f9ec-d87c-7f99920118c2', '1a9038b5-12c1-4b41-756a-ce6d8bb0fac8', 'product_114', 670.0, 2);
INSERT INTO order_items (order_id, product_id, product_name, product_price, quantity)
VALUES ('a382b248-1715-f9ec-d87c-7f99920118c2', '0caff6fe-c574-8665-33ca-5f2cee71ebb2', 'product_35', 190.0, 1);
INSERT INTO order_items (order_id, product_id, product_name, product_price, quantity)
VALUES ('a382b248-1715-f9ec-d87c-7f99920118c2', 'ba6fbcf2-1f2b-909a-e5f9-b9c5fe635c92', 'product_187', 50.0, 1);
INSERT INTO order_items (order_id, product_id, product_name, product_price, quantity)
VALUES ('a382b248-1715-f9ec-d87c-7f99920118c2', 'bb41c67e-d584-f041-47ad-12499e38aab2', 'product_241', 200.0, 1);
INSERT INTO order_items (order_id, product_id, product_name, product_price, quantity)
VALUES ('a382b248-1715-f9ec-d87c-7f99920118c2', '1d55740b-7a2f-ce7c-d33a-454fb2de27dc', 'product_155', 420.0, 1);
INSERT INTO order_items (order_id, product_id, product_name, product_price, quantity)
VALUES ('a382b248-1715-f9ec-d87c-7f99920118c2', '966437e8-b784-92e7-0afa-ff8bde6f1e53', 'product_145', 130.0, 1);
INSERT INTO payments (order_id, venue_id, method, amount)
VALUES ('a382b248-1715-f9ec-d87c-7f99920118c2', '00000000-0000-0000-0000-000000000010', 'card', 3510.0);
INSERT INTO orders (id, venue_id, number, status, total_amount, opened_at, closed_at, table_number)
VALUES ('960cf521-218e-11d8-aa1c-5936ada41790', '00000000-0000-0000-0000-000000000010', '7464', 'paid', 480.0, '2026-05-27 12:08:46', '2026-05-27 12:08:46', '15');
INSERT INTO order_items (order_id, product_id, product_name, product_price, quantity)
VALUES ('960cf521-218e-11d8-aa1c-5936ada41790', 'b9bdca4d-a423-6c36-2351-10cf52ff0eec', 'product_230', 0.0, 2);
INSERT INTO order_items (order_id, product_id, product_name, product_price, quantity)
VALUES ('960cf521-218e-11d8-aa1c-5936ada41790', 'ec61223f-a380-dd08-f9eb-461b3c2f80e6', 'product_163', 120.0, 1);
INSERT INTO order_items (order_id, product_id, product_name, product_price, quantity)
VALUES ('960cf521-218e-11d8-aa1c-5936ada41790', 'da98da7c-a663-0228-294e-97c1fae50fd1', 'product_54', 180.0, 1);
INSERT INTO order_items (order_id, product_id, product_name, product_price, quantity)
VALUES ('960cf521-218e-11d8-aa1c-5936ada41790', '2e331f2f-b6fd-7898-11b0-9b0e3a2e58be', 'product_57', 180.0, 1);
INSERT INTO orders (id, venue_id, number, status, total_amount, opened_at, closed_at, table_number)
VALUES ('f09785b6-1191-8764-b256-e64bc6c4807d', '00000000-0000-0000-0000-000000000010', '7463', 'paid', 5020.0, '2026-05-27 12:08:43', '2026-05-27 12:08:43', '13');
INSERT INTO order_items (order_id, product_id, product_name, product_price, quantity)
VALUES ('f09785b6-1191-8764-b256-e64bc6c4807d', 'b9bdca4d-a423-6c36-2351-10cf52ff0eec', 'product_230', 0.0, 2);
INSERT INTO order_items (order_id, product_id, product_name, product_price, quantity)
VALUES ('f09785b6-1191-8764-b256-e64bc6c4807d', '38432f7f-ba41-eaa0-7e46-d791008e4b02', 'product_6', 510.0, 2);
INSERT INTO order_items (order_id, product_id, product_name, product_price, quantity)
VALUES ('f09785b6-1191-8764-b256-e64bc6c4807d', '8d266d35-f6a4-b267-e097-564510f7f857', 'product_12', 270.0, 1);
INSERT INTO order_items (order_id, product_id, product_name, product_price, quantity)
VALUES ('f09785b6-1191-8764-b256-e64bc6c4807d', '2836be19-8d27-0aa1-68ed-3bbc6cf94fb8', 'product_13', 270.0, 2);
INSERT INTO order_items (order_id, product_id, product_name, product_price, quantity)
VALUES ('f09785b6-1191-8764-b256-e64bc6c4807d', '34be4c41-8483-67b6-927a-0bdb8761fbe4', 'product_162', 170.0, 2);
INSERT INTO order_items (order_id, product_id, product_name, product_price, quantity)
VALUES ('f09785b6-1191-8764-b256-e64bc6c4807d', 'da98da7c-a663-0228-294e-97c1fae50fd1', 'product_54', 180.0, 3);
INSERT INTO order_items (order_id, product_id, product_name, product_price, quantity)
VALUES ('f09785b6-1191-8764-b256-e64bc6c4807d', '9d00fee6-5b1a-acb8-1114-e668525ce1a6', 'product_200', 330.0, 4);
INSERT INTO order_items (order_id, product_id, product_name, product_price, quantity)
VALUES ('f09785b6-1191-8764-b256-e64bc6c4807d', '9d00fee6-5b1a-acb8-1114-e668525ce1a6', 'product_200', 330.0, 1);
INSERT INTO order_items (order_id, product_id, product_name, product_price, quantity)
VALUES ('f09785b6-1191-8764-b256-e64bc6c4807d', '9d00fee6-5b1a-acb8-1114-e668525ce1a6', 'product_200', 330.0, 2);
INSERT INTO orders (id, venue_id, number, status, total_amount, opened_at, closed_at, table_number)
VALUES ('caa17baf-44af-f4ce-2ec0-9e8afa74e6f8', '00000000-0000-0000-0000-000000000010', '7462', 'paid', 1480.0, '2026-05-27 12:08:39', '2026-05-27 12:08:39', '10');
INSERT INTO order_items (order_id, product_id, product_name, product_price, quantity)
VALUES ('caa17baf-44af-f4ce-2ec0-9e8afa74e6f8', '38432f7f-ba41-eaa0-7e46-d791008e4b02', 'product_6', 510.0, 2);
INSERT INTO order_items (order_id, product_id, product_name, product_price, quantity)
VALUES ('caa17baf-44af-f4ce-2ec0-9e8afa74e6f8', '021231f4-e9fa-ecbb-5f2a-ad1321ca42ea', 'product_59', 230.0, 2);
INSERT INTO orders (id, venue_id, number, status, total_amount, opened_at, closed_at, table_number)
VALUES ('c95defc7-4d73-405b-a65a-714d22a73796', '00000000-0000-0000-0000-000000000010', '7461', 'paid', 0.0, '2026-05-26 23:49:07', '2026-05-26 23:49:07', '9');
INSERT INTO order_items (order_id, product_id, product_name, product_price, quantity)
VALUES ('c95defc7-4d73-405b-a65a-714d22a73796', '82c55340-bd07-2a9a-a6cc-6ce377f958f2', 'product_148', 0.0, 1);
INSERT INTO order_items (order_id, product_id, product_name, product_price, quantity)
VALUES ('c95defc7-4d73-405b-a65a-714d22a73796', '12dd0c72-4671-5cd8-b7da-98389426555c', 'product_228', 0.0, 1);
INSERT INTO orders (id, venue_id, number, status, total_amount, opened_at, closed_at, table_number)
VALUES ('2984634b-04c2-2c6d-bb7f-97c8041e38d0', '00000000-0000-0000-0000-000000000010', '7460', 'paid', 370.0, '2026-05-26 22:33:19', '2026-05-26 22:33:19', '7');
INSERT INTO order_items (order_id, product_id, product_name, product_price, quantity)
VALUES ('2984634b-04c2-2c6d-bb7f-97c8041e38d0', '09d404dd-f87b-b319-4eda-9ce7c697868d', 'product_32', 370.0, 1);
INSERT INTO payments (order_id, venue_id, method, amount)
VALUES ('2984634b-04c2-2c6d-bb7f-97c8041e38d0', '00000000-0000-0000-0000-000000000010', 'card', 370.0);
INSERT INTO orders (id, venue_id, number, status, total_amount, opened_at, closed_at, table_number)
VALUES ('7cdc917b-052b-c9ce-fdc4-777c23507cca', '00000000-0000-0000-0000-000000000010', '7458', 'paid', 1900.0, '2026-05-26 21:45:38', '2026-05-26 21:45:38', '10');
INSERT INTO order_items (order_id, product_id, product_name, product_price, quantity)
VALUES ('7cdc917b-052b-c9ce-fdc4-777c23507cca', 'eb1260af-ca5f-c811-fd1c-bf1664229477', 'product_115', 310.0, 1);
INSERT INTO order_items (order_id, product_id, product_name, product_price, quantity)
VALUES ('7cdc917b-052b-c9ce-fdc4-777c23507cca', '8b7920ef-e954-d760-2a69-99cafc830c2e', 'product_171', 270.0, 1);
INSERT INTO order_items (order_id, product_id, product_name, product_price, quantity)
VALUES ('7cdc917b-052b-c9ce-fdc4-777c23507cca', '0f7cfc79-3a3f-41ac-1aa4-b27431de9236', 'product_29', 620.0, 1);
INSERT INTO order_items (order_id, product_id, product_name, product_price, quantity)
VALUES ('7cdc917b-052b-c9ce-fdc4-777c23507cca', '5b7828a6-fad3-dc3f-06c7-979905efbff1', 'product_61', 350.0, 2);
INSERT INTO payments (order_id, venue_id, method, amount)
VALUES ('7cdc917b-052b-c9ce-fdc4-777c23507cca', '00000000-0000-0000-0000-000000000010', 'card', 1900.0);
INSERT INTO orders (id, venue_id, number, status, total_amount, opened_at, closed_at, table_number)
VALUES ('0162e431-4057-6cf8-41ba-1716c070b88c', '00000000-0000-0000-0000-000000000010', '7459', 'paid', 380.0, '2026-05-26 21:06:24', '2026-05-26 21:06:24', '9');
INSERT INTO order_items (order_id, product_id, product_name, product_price, quantity)
VALUES ('0162e431-4057-6cf8-41ba-1716c070b88c', '260b99e2-59bd-a3dc-c313-434aff0daf54', 'product_144', 190.0, 2);
INSERT INTO payments (order_id, venue_id, method, amount)
VALUES ('0162e431-4057-6cf8-41ba-1716c070b88c', '00000000-0000-0000-0000-000000000010', 'cash', 380.0);
INSERT INTO orders (id, venue_id, number, status, total_amount, opened_at, closed_at, table_number)
VALUES ('e595c65e-d5bf-77c9-8ec7-89b1b3040c34', '00000000-0000-0000-0000-000000000010', '7457', 'paid', 650.0, '2026-05-26 21:02:58', '2026-05-26 21:02:58', '1');
INSERT INTO order_items (order_id, product_id, product_name, product_price, quantity)
VALUES ('e595c65e-d5bf-77c9-8ec7-89b1b3040c34', '5c3938ac-271e-5674-37aa-116c20435202', 'product_234', 370.0, 1);
INSERT INTO order_items (order_id, product_id, product_name, product_price, quantity)
VALUES ('e595c65e-d5bf-77c9-8ec7-89b1b3040c34', 'd46f67a1-e1dd-e079-0b5c-329f6422c4d4', 'product_60', 280.0, 1);
INSERT INTO payments (order_id, venue_id, method, amount)
VALUES ('e595c65e-d5bf-77c9-8ec7-89b1b3040c34', '00000000-0000-0000-0000-000000000010', 'cash', 650.0);
INSERT INTO orders (id, venue_id, number, status, total_amount, opened_at, closed_at, table_number)
VALUES ('365f84f6-5faa-2ea0-5881-41089027e725', '00000000-0000-0000-0000-000000000010', '7455', 'paid', 4320.0, '2026-05-26 20:03:10', '2026-05-26 20:03:10', '12');
INSERT INTO order_items (order_id, product_id, product_name, product_price, quantity)
VALUES ('365f84f6-5faa-2ea0-5881-41089027e725', '7ddbed72-7deb-5ee4-0634-41d52192bad1', 'product_23', 1750.0, 1);
INSERT INTO order_items (order_id, product_id, product_name, product_price, quantity)
VALUES ('365f84f6-5faa-2ea0-5881-41089027e725', '627b586a-57c8-d217-1549-c47bb32192ac', 'product_26', 460.0, 1);
INSERT INTO order_items (order_id, product_id, product_name, product_price, quantity)
VALUES ('365f84f6-5faa-2ea0-5881-41089027e725', '81b3193a-f1f9-6ba6-5630-5c911f0c4a69', 'product_48', 220.0, 1);
INSERT INTO order_items (order_id, product_id, product_name, product_price, quantity)
VALUES ('365f84f6-5faa-2ea0-5881-41089027e725', '8b7920ef-e954-d760-2a69-99cafc830c2e', 'product_171', 270.0, 1);
INSERT INTO order_items (order_id, product_id, product_name, product_price, quantity)
VALUES ('365f84f6-5faa-2ea0-5881-41089027e725', '5f05b996-99f5-dfcb-e4b9-79078ca1f540', 'product_100', 460.0, 1);
INSERT INTO order_items (order_id, product_id, product_name, product_price, quantity)
VALUES ('365f84f6-5faa-2ea0-5881-41089027e725', '4f62358e-97a1-94f3-88a7-2af7ee5afc60', 'product_182', 320.0, 1);
INSERT INTO order_items (order_id, product_id, product_name, product_price, quantity)
VALUES ('365f84f6-5faa-2ea0-5881-41089027e725', '09d404dd-f87b-b319-4eda-9ce7c697868d', 'product_32', 370.0, 1);
INSERT INTO order_items (order_id, product_id, product_name, product_price, quantity)
VALUES ('365f84f6-5faa-2ea0-5881-41089027e725', '30d3c4b2-8d8b-4d91-9c67-b3d72ab218cc', 'product_129', 470.0, 1);
INSERT INTO payments (order_id, venue_id, method, amount)
VALUES ('365f84f6-5faa-2ea0-5881-41089027e725', '00000000-0000-0000-0000-000000000010', 'card', 4320.0);
INSERT INTO orders (id, venue_id, number, status, total_amount, opened_at, closed_at, table_number)
VALUES ('ff769394-3026-3dd3-643b-933ecaa8d3cf', '00000000-0000-0000-0000-000000000010', '7454', 'paid', 4960.0, '2026-05-26 20:02:44', '2026-05-26 20:02:44', '13');
INSERT INTO order_items (order_id, product_id, product_name, product_price, quantity)
VALUES ('ff769394-3026-3dd3-643b-933ecaa8d3cf', '6e00b5a0-6b62-d942-73e4-86982bcae389', 'product_21', 1370.0, 3);
INSERT INTO order_items (order_id, product_id, product_name, product_price, quantity)
VALUES ('ff769394-3026-3dd3-643b-933ecaa8d3cf', '6599a59a-6cf7-70c9-0971-07a0078ce7cf', 'product_128', 380.0, 1);
INSERT INTO order_items (order_id, product_id, product_name, product_price, quantity)
VALUES ('ff769394-3026-3dd3-643b-933ecaa8d3cf', '30d3c4b2-8d8b-4d91-9c67-b3d72ab218cc', 'product_129', 470.0, 1);
INSERT INTO payments (order_id, venue_id, method, amount)
VALUES ('ff769394-3026-3dd3-643b-933ecaa8d3cf', '00000000-0000-0000-0000-000000000010', 'card', 4960.0);
INSERT INTO orders (id, venue_id, number, status, total_amount, opened_at, closed_at, table_number)
VALUES ('5139849e-2085-e623-9e7d-5c2bd75cbca6', '00000000-0000-0000-0000-000000000010', '7456', 'paid', 230.0, '2026-05-26 19:04:12', '2026-05-26 19:04:12', '9');
INSERT INTO order_items (order_id, product_id, product_name, product_price, quantity)
VALUES ('5139849e-2085-e623-9e7d-5c2bd75cbca6', '021231f4-e9fa-ecbb-5f2a-ad1321ca42ea', 'product_59', 230.0, 1);
INSERT INTO payments (order_id, venue_id, method, amount)
VALUES ('5139849e-2085-e623-9e7d-5c2bd75cbca6', '00000000-0000-0000-0000-000000000010', 'card', 230.0);
INSERT INTO orders (id, venue_id, number, status, total_amount, opened_at, closed_at, table_number)
VALUES ('44be7a8d-2417-8566-5f1b-ad184bdc78bf', '00000000-0000-0000-0000-000000000010', '7452', 'paid', 200.0, '2026-05-26 18:07:24', '2026-05-26 18:07:24', '9');
INSERT INTO order_items (order_id, product_id, product_name, product_price, quantity)
VALUES ('44be7a8d-2417-8566-5f1b-ad184bdc78bf', 'bb41c67e-d584-f041-47ad-12499e38aab2', 'product_241', 200.0, 1);
INSERT INTO payments (order_id, venue_id, method, amount)
VALUES ('44be7a8d-2417-8566-5f1b-ad184bdc78bf', '00000000-0000-0000-0000-000000000010', 'cash', 200.0);
INSERT INTO orders (id, venue_id, number, status, total_amount, opened_at, closed_at, table_number)
VALUES ('d0653628-599e-6b97-bcf3-aca9defc9956', '00000000-0000-0000-0000-000000000010', '7453', 'paid', 3580.0, '2026-05-26 18:03:58', '2026-05-26 18:03:58', '2');
INSERT INTO order_items (order_id, product_id, product_name, product_price, quantity)
VALUES ('d0653628-599e-6b97-bcf3-aca9defc9956', '951f4bf6-be55-0e75-59a9-7e580a0d07c4', 'product_14', 640.0, 1);
INSERT INTO order_items (order_id, product_id, product_name, product_price, quantity)
VALUES ('d0653628-599e-6b97-bcf3-aca9defc9956', '8b7920ef-e954-d760-2a69-99cafc830c2e', 'product_171', 270.0, 1);
INSERT INTO order_items (order_id, product_id, product_name, product_price, quantity)
VALUES ('d0653628-599e-6b97-bcf3-aca9defc9956', '627b586a-57c8-d217-1549-c47bb32192ac', 'product_26', 460.0, 1);
INSERT INTO order_items (order_id, product_id, product_name, product_price, quantity)
VALUES ('d0653628-599e-6b97-bcf3-aca9defc9956', '3e9ef73d-3da6-3a82-456a-d27d4a1c4254', 'product_49', 220.0, 1);
INSERT INTO order_items (order_id, product_id, product_name, product_price, quantity)
VALUES ('d0653628-599e-6b97-bcf3-aca9defc9956', '0f7cfc79-3a3f-41ac-1aa4-b27431de9236', 'product_29', 620.0, 1);
INSERT INTO order_items (order_id, product_id, product_name, product_price, quantity)
VALUES ('d0653628-599e-6b97-bcf3-aca9defc9956', 'd158543d-e9dc-0b2a-7902-b665a39db719', 'product_126', 410.0, 1);
INSERT INTO order_items (order_id, product_id, product_name, product_price, quantity)
VALUES ('d0653628-599e-6b97-bcf3-aca9defc9956', '1d55740b-7a2f-ce7c-d33a-454fb2de27dc', 'product_155', 420.0, 1);
INSERT INTO order_items (order_id, product_id, product_name, product_price, quantity)
VALUES ('d0653628-599e-6b97-bcf3-aca9defc9956', '260b99e2-59bd-a3dc-c313-434aff0daf54', 'product_144', 190.0, 1);
INSERT INTO order_items (order_id, product_id, product_name, product_price, quantity)
VALUES ('d0653628-599e-6b97-bcf3-aca9defc9956', '966437e8-b784-92e7-0afa-ff8bde6f1e53', 'product_145', 130.0, 1);
INSERT INTO order_items (order_id, product_id, product_name, product_price, quantity)
VALUES ('d0653628-599e-6b97-bcf3-aca9defc9956', '7c7c305a-92ed-bc40-0bb5-1155fc4e313f', 'product_99', 220.0, 1);
INSERT INTO payments (order_id, venue_id, method, amount)
VALUES ('d0653628-599e-6b97-bcf3-aca9defc9956', '00000000-0000-0000-0000-000000000010', 'card', 3580.0);
INSERT INTO orders (id, venue_id, number, status, total_amount, opened_at, closed_at, table_number)
VALUES ('865b3dcc-dea5-cd87-da9f-a42537361934', '00000000-0000-0000-0000-000000000010', '7449', 'paid', 0.0, '2026-05-26 17:12:20', '2026-05-26 17:12:20', '9');
INSERT INTO order_items (order_id, product_id, product_name, product_price, quantity)
VALUES ('865b3dcc-dea5-cd87-da9f-a42537361934', '82c55340-bd07-2a9a-a6cc-6ce377f958f2', 'product_148', 0.0, 1);
INSERT INTO order_items (order_id, product_id, product_name, product_price, quantity)
VALUES ('865b3dcc-dea5-cd87-da9f-a42537361934', '12dd0c72-4671-5cd8-b7da-98389426555c', 'product_228', 0.0, 1);
INSERT INTO orders (id, venue_id, number, status, total_amount, opened_at, closed_at, table_number)
VALUES ('6163cb9d-13bf-0483-368a-6b831cbb6b3b', '00000000-0000-0000-0000-000000000010', '7450', 'paid', 760.0, '2026-05-26 17:10:55', '2026-05-26 17:10:55', '13');
INSERT INTO order_items (order_id, product_id, product_name, product_price, quantity)
VALUES ('6163cb9d-13bf-0483-368a-6b831cbb6b3b', 'ec61223f-a380-dd08-f9eb-461b3c2f80e6', 'product_163', 120.0, 1);
INSERT INTO order_items (order_id, product_id, product_name, product_price, quantity)
VALUES ('6163cb9d-13bf-0483-368a-6b831cbb6b3b', 'bb41c67e-d584-f041-47ad-12499e38aab2', 'product_241', 200.0, 1);
INSERT INTO order_items (order_id, product_id, product_name, product_price, quantity)
VALUES ('6163cb9d-13bf-0483-368a-6b831cbb6b3b', '81b3193a-f1f9-6ba6-5630-5c911f0c4a69', 'product_48', 220.0, 2);
INSERT INTO payments (order_id, venue_id, method, amount)
VALUES ('6163cb9d-13bf-0483-368a-6b831cbb6b3b', '00000000-0000-0000-0000-000000000010', 'card', 760.0);
INSERT INTO orders (id, venue_id, number, status, total_amount, opened_at, closed_at, table_number)
VALUES ('c2cab1c8-ecf1-bf9a-3c6f-8e0f6a498480', '00000000-0000-0000-0000-000000000010', '7451', 'paid', 1200.0, '2026-05-26 16:27:24', '2026-05-26 16:27:24', '15');
INSERT INTO order_items (order_id, product_id, product_name, product_price, quantity)
VALUES ('c2cab1c8-ecf1-bf9a-3c6f-8e0f6a498480', '09d9bcce-e54b-d518-c5bf-1c5d4b683d38', 'product_50', 200.0, 1);
INSERT INTO order_items (order_id, product_id, product_name, product_price, quantity)
VALUES ('c2cab1c8-ecf1-bf9a-3c6f-8e0f6a498480', 'fdb6f575-fe3f-282e-93d0-1dad56530fa5', 'product_15', 640.0, 1);
INSERT INTO order_items (order_id, product_id, product_name, product_price, quantity)
VALUES ('c2cab1c8-ecf1-bf9a-3c6f-8e0f6a498480', 'da98da7c-a663-0228-294e-97c1fae50fd1', 'product_54', 180.0, 2);
INSERT INTO payments (order_id, venue_id, method, amount)
VALUES ('c2cab1c8-ecf1-bf9a-3c6f-8e0f6a498480', '00000000-0000-0000-0000-000000000010', 'cash', 1200.0);
INSERT INTO orders (id, venue_id, number, status, total_amount, opened_at, closed_at, table_number)
VALUES ('26266480-4baf-b076-15bd-d0ffef667fe6', '00000000-0000-0000-0000-000000000010', '7445', 'paid', 1040.0, '2026-05-26 16:27:18', '2026-05-26 16:27:18', '15');
INSERT INTO order_items (order_id, product_id, product_name, product_price, quantity)
VALUES ('26266480-4baf-b076-15bd-d0ffef667fe6', '12dd0c72-4671-5cd8-b7da-98389426555c', 'product_228', 0.0, 1);
INSERT INTO order_items (order_id, product_id, product_name, product_price, quantity)
VALUES ('26266480-4baf-b076-15bd-d0ffef667fe6', 'b9bdca4d-a423-6c36-2351-10cf52ff0eec', 'product_230', 0.0, 2);
INSERT INTO order_items (order_id, product_id, product_name, product_price, quantity)
VALUES ('26266480-4baf-b076-15bd-d0ffef667fe6', 'ec61223f-a380-dd08-f9eb-461b3c2f80e6', 'product_163', 120.0, 1);
INSERT INTO order_items (order_id, product_id, product_name, product_price, quantity)
VALUES ('26266480-4baf-b076-15bd-d0ffef667fe6', '2e331f2f-b6fd-7898-11b0-9b0e3a2e58be', 'product_57', 180.0, 1);
INSERT INTO order_items (order_id, product_id, product_name, product_price, quantity)
VALUES ('26266480-4baf-b076-15bd-d0ffef667fe6', 'da98da7c-a663-0228-294e-97c1fae50fd1', 'product_54', 180.0, 1);
INSERT INTO order_items (order_id, product_id, product_name, product_price, quantity)
VALUES ('26266480-4baf-b076-15bd-d0ffef667fe6', '09d9bcce-e54b-d518-c5bf-1c5d4b683d38', 'product_50', 200.0, 1);
INSERT INTO order_items (order_id, product_id, product_name, product_price, quantity)
VALUES ('26266480-4baf-b076-15bd-d0ffef667fe6', 'da98da7c-a663-0228-294e-97c1fae50fd1', 'product_54', 180.0, 1);
INSERT INTO order_items (order_id, product_id, product_name, product_price, quantity)
VALUES ('26266480-4baf-b076-15bd-d0ffef667fe6', '2e331f2f-b6fd-7898-11b0-9b0e3a2e58be', 'product_57', 180.0, 1);
INSERT INTO payments (order_id, venue_id, method, amount)
VALUES ('26266480-4baf-b076-15bd-d0ffef667fe6', '00000000-0000-0000-0000-000000000010', 'cash', 560.0);
INSERT INTO orders (id, venue_id, number, status, total_amount, opened_at, closed_at, table_number)
VALUES ('0cd98e24-a704-a0f3-4914-c660d0cb477a', '00000000-0000-0000-0000-000000000010', '7443', 'paid', 1630.0, '2026-05-26 13:19:00', '2026-05-26 13:19:00', '13');
INSERT INTO order_items (order_id, product_id, product_name, product_price, quantity)
VALUES ('0cd98e24-a704-a0f3-4914-c660d0cb477a', '38432f7f-ba41-eaa0-7e46-d791008e4b02', 'product_6', 510.0, 1);
INSERT INTO order_items (order_id, product_id, product_name, product_price, quantity)
VALUES ('0cd98e24-a704-a0f3-4914-c660d0cb477a', 'b9bdca4d-a423-6c36-2351-10cf52ff0eec', 'product_230', 0.0, 2);
INSERT INTO order_items (order_id, product_id, product_name, product_price, quantity)
VALUES ('0cd98e24-a704-a0f3-4914-c660d0cb477a', '021231f4-e9fa-ecbb-5f2a-ad1321ca42ea', 'product_59', 230.0, 2);
INSERT INTO order_items (order_id, product_id, product_name, product_price, quantity)
VALUES ('0cd98e24-a704-a0f3-4914-c660d0cb477a', '9d00fee6-5b1a-acb8-1114-e668525ce1a6', 'product_200', 330.0, 2);
INSERT INTO orders (id, venue_id, number, status, total_amount, opened_at, closed_at, table_number)
VALUES ('0ef1a15f-e048-ad5f-9669-ae325c2899d5', '00000000-0000-0000-0000-000000000010', '7442', 'paid', 1400.0, '2026-05-26 13:18:56', '2026-05-26 13:18:56', '10');
INSERT INTO order_items (order_id, product_id, product_name, product_price, quantity)
VALUES ('0ef1a15f-e048-ad5f-9669-ae325c2899d5', '38432f7f-ba41-eaa0-7e46-d791008e4b02', 'product_6', 510.0, 2);
INSERT INTO order_items (order_id, product_id, product_name, product_price, quantity)
VALUES ('0ef1a15f-e048-ad5f-9669-ae325c2899d5', '0caff6fe-c574-8665-33ca-5f2cee71ebb2', 'product_35', 190.0, 1);
INSERT INTO order_items (order_id, product_id, product_name, product_price, quantity)
VALUES ('0ef1a15f-e048-ad5f-9669-ae325c2899d5', 'a2b39819-292c-0b80-799d-c77d7020fc9d', 'product_34', 190.0, 1);
INSERT INTO orders (id, venue_id, number, status, total_amount, opened_at, closed_at, table_number)
VALUES ('bb9418cb-44c6-b7b1-649c-88c238606945', '00000000-0000-0000-0000-000000000010', '7441', 'paid', 760.0, '2026-05-26 13:18:49', '2026-05-26 13:18:49', '2');
INSERT INTO order_items (order_id, product_id, product_name, product_price, quantity)
VALUES ('bb9418cb-44c6-b7b1-649c-88c238606945', 'b9bdca4d-a423-6c36-2351-10cf52ff0eec', 'product_230', 0.0, 1);
INSERT INTO order_items (order_id, product_id, product_name, product_price, quantity)
VALUES ('bb9418cb-44c6-b7b1-649c-88c238606945', '94d2bddc-c99f-2985-f8eb-9d8a4a995ad3', 'product_10', 300.0, 1);
INSERT INTO order_items (order_id, product_id, product_name, product_price, quantity)
VALUES ('bb9418cb-44c6-b7b1-649c-88c238606945', '021231f4-e9fa-ecbb-5f2a-ad1321ca42ea', 'product_59', 230.0, 2);
INSERT INTO orders (id, venue_id, number, status, total_amount, opened_at, closed_at, table_number)
VALUES ('0283e978-ce3a-7958-9e92-89a6b4a1d541', '00000000-0000-0000-0000-000000000010', '7447', 'paid', 970.0, '2026-05-26 13:18:40', '2026-05-26 13:18:40', '1');
INSERT INTO order_items (order_id, product_id, product_name, product_price, quantity)
VALUES ('0283e978-ce3a-7958-9e92-89a6b4a1d541', '38432f7f-ba41-eaa0-7e46-d791008e4b02', 'product_6', 510.0, 1);
INSERT INTO order_items (order_id, product_id, product_name, product_price, quantity)
VALUES ('0283e978-ce3a-7958-9e92-89a6b4a1d541', 'b9bdca4d-a423-6c36-2351-10cf52ff0eec', 'product_230', 0.0, 1);
INSERT INTO order_items (order_id, product_id, product_name, product_price, quantity)
VALUES ('0283e978-ce3a-7958-9e92-89a6b4a1d541', '021231f4-e9fa-ecbb-5f2a-ad1321ca42ea', 'product_59', 230.0, 2);
INSERT INTO orders (id, venue_id, number, status, total_amount, opened_at, closed_at, table_number)
VALUES ('feda67e8-3ad7-b20a-2d54-2967f4aa0edf', '00000000-0000-0000-0000-000000000010', '7448', 'paid', 530.0, '2026-05-26 11:41:45', '2026-05-26 11:41:45', '9');
INSERT INTO order_items (order_id, product_id, product_name, product_price, quantity)
VALUES ('feda67e8-3ad7-b20a-2d54-2967f4aa0edf', 'bb41c67e-d584-f041-47ad-12499e38aab2', 'product_241', 200.0, 2);
INSERT INTO order_items (order_id, product_id, product_name, product_price, quantity)
VALUES ('feda67e8-3ad7-b20a-2d54-2967f4aa0edf', '966437e8-b784-92e7-0afa-ff8bde6f1e53', 'product_145', 130.0, 1);
INSERT INTO payments (order_id, venue_id, method, amount)
VALUES ('feda67e8-3ad7-b20a-2d54-2967f4aa0edf', '00000000-0000-0000-0000-000000000010', 'cash', 530.0);
INSERT INTO orders (id, venue_id, number, status, total_amount, opened_at, closed_at, table_number)
VALUES ('3f846a6a-0223-fad8-1c04-f99bdaa5066f', '00000000-0000-0000-0000-000000000010', '7446', 'paid', 370.0, '2026-05-26 10:39:00', '2026-05-26 10:39:00', '3');
INSERT INTO order_items (order_id, product_id, product_name, product_price, quantity)
VALUES ('3f846a6a-0223-fad8-1c04-f99bdaa5066f', 'a2b39819-292c-0b80-799d-c77d7020fc9d', 'product_34', 190.0, 1);
INSERT INTO order_items (order_id, product_id, product_name, product_price, quantity)
VALUES ('3f846a6a-0223-fad8-1c04-f99bdaa5066f', 'da98da7c-a663-0228-294e-97c1fae50fd1', 'product_54', 180.0, 1);
INSERT INTO payments (order_id, venue_id, method, amount)
VALUES ('3f846a6a-0223-fad8-1c04-f99bdaa5066f', '00000000-0000-0000-0000-000000000010', 'cash', 370.0);
INSERT INTO orders (id, venue_id, number, status, total_amount, opened_at, closed_at, table_number)
VALUES ('f436984c-1937-c741-5dc6-4f061f9d8649', '00000000-0000-0000-0000-000000000010', '7444', 'paid', 360.0, '2026-05-26 10:36:23', '2026-05-26 10:36:23', '1');
INSERT INTO order_items (order_id, product_id, product_name, product_price, quantity)
VALUES ('f436984c-1937-c741-5dc6-4f061f9d8649', 'da98da7c-a663-0228-294e-97c1fae50fd1', 'product_54', 180.0, 2);
INSERT INTO payments (order_id, venue_id, method, amount)
VALUES ('f436984c-1937-c741-5dc6-4f061f9d8649', '00000000-0000-0000-0000-000000000010', 'card', 360.0);
INSERT INTO orders (id, venue_id, number, status, total_amount, opened_at, closed_at, table_number)
VALUES ('dcc36021-94f8-3100-2c91-94affd24e1b0', '00000000-0000-0000-0000-000000000010', '7438', 'paid', 3990.0, '2026-05-26 10:27:47', '2026-05-26 10:27:47', '11');
INSERT INTO order_items (order_id, product_id, product_name, product_price, quantity)
VALUES ('dcc36021-94f8-3100-2c91-94affd24e1b0', 'badf5f45-b516-78fa-fbe7-ff32ed526953', 'product_226', 720.0, 1);
INSERT INTO order_items (order_id, product_id, product_name, product_price, quantity)
VALUES ('dcc36021-94f8-3100-2c91-94affd24e1b0', 'be5a3d23-0a5b-1ce3-2f38-ba9348e91024', 'product_207', 1750.0, 1);
INSERT INTO order_items (order_id, product_id, product_name, product_price, quantity)
VALUES ('dcc36021-94f8-3100-2c91-94affd24e1b0', '627b586a-57c8-d217-1549-c47bb32192ac', 'product_26', 460.0, 1);
INSERT INTO order_items (order_id, product_id, product_name, product_price, quantity)
VALUES ('dcc36021-94f8-3100-2c91-94affd24e1b0', '94d2bddc-c99f-2985-f8eb-9d8a4a995ad3', 'product_10', 300.0, 2);
INSERT INTO order_items (order_id, product_id, product_name, product_price, quantity)
VALUES ('dcc36021-94f8-3100-2c91-94affd24e1b0', '021231f4-e9fa-ecbb-5f2a-ad1321ca42ea', 'product_59', 230.0, 2);
INSERT INTO payments (order_id, venue_id, method, amount)
VALUES ('dcc36021-94f8-3100-2c91-94affd24e1b0', '00000000-0000-0000-0000-000000000010', 'cash', 3990.0);
INSERT INTO orders (id, venue_id, number, status, total_amount, opened_at, closed_at, table_number)
VALUES ('991f12d4-4aec-db7a-a800-07310581b74e', '00000000-0000-0000-0000-000000000010', '7440', 'paid', 3910.0, '2026-05-25 22:22:59', '2026-05-25 22:22:59', '8');
INSERT INTO order_items (order_id, product_id, product_name, product_price, quantity)
VALUES ('991f12d4-4aec-db7a-a800-07310581b74e', '7ddbed72-7deb-5ee4-0634-41d52192bad1', 'product_23', 1750.0, 2);
INSERT INTO order_items (order_id, product_id, product_name, product_price, quantity)
VALUES ('991f12d4-4aec-db7a-a800-07310581b74e', '0caff6fe-c574-8665-33ca-5f2cee71ebb2', 'product_35', 190.0, 1);
INSERT INTO order_items (order_id, product_id, product_name, product_price, quantity)
VALUES ('991f12d4-4aec-db7a-a800-07310581b74e', '7c7c305a-92ed-bc40-0bb5-1155fc4e313f', 'product_99', 220.0, 1);
INSERT INTO payments (order_id, venue_id, method, amount)
VALUES ('991f12d4-4aec-db7a-a800-07310581b74e', '00000000-0000-0000-0000-000000000010', 'card', 3910.0);
INSERT INTO orders (id, venue_id, number, status, total_amount, opened_at, closed_at, table_number)
VALUES ('249d14dd-3c7f-9465-cfde-029dca4fb27f', '00000000-0000-0000-0000-000000000010', '7426', 'paid', 0.0, '2026-05-25 21:53:35', '2026-05-25 21:53:35', '11');
INSERT INTO orders (id, venue_id, number, status, total_amount, opened_at, closed_at, table_number)
VALUES ('a3dc2668-501e-c1d3-d479-570ec4ee1ab3', '00000000-0000-0000-0000-000000000010', '7434', 'paid', 3840.0, '2026-05-25 21:50:46', '2026-05-25 21:50:46', '10');
INSERT INTO order_items (order_id, product_id, product_name, product_price, quantity)
VALUES ('a3dc2668-501e-c1d3-d479-570ec4ee1ab3', '8b7920ef-e954-d760-2a69-99cafc830c2e', 'product_171', 270.0, 1);
INSERT INTO order_items (order_id, product_id, product_name, product_price, quantity)
VALUES ('a3dc2668-501e-c1d3-d479-570ec4ee1ab3', '1eabb11c-7e82-2ee8-ac6c-0d47f1653e25', 'product_246', 1200.0, 1);
INSERT INTO order_items (order_id, product_id, product_name, product_price, quantity)
VALUES ('a3dc2668-501e-c1d3-d479-570ec4ee1ab3', '0f7cfc79-3a3f-41ac-1aa4-b27431de9236', 'product_29', 620.0, 1);
INSERT INTO order_items (order_id, product_id, product_name, product_price, quantity)
VALUES ('a3dc2668-501e-c1d3-d479-570ec4ee1ab3', '7ddbed72-7deb-5ee4-0634-41d52192bad1', 'product_23', 1750.0, 1);
INSERT INTO payments (order_id, venue_id, method, amount)
VALUES ('a3dc2668-501e-c1d3-d479-570ec4ee1ab3', '00000000-0000-0000-0000-000000000010', 'card', 3840.0);
INSERT INTO orders (id, venue_id, number, status, total_amount, opened_at, closed_at, table_number)
VALUES ('0ea3c422-ce8b-597d-95e6-4b3981cce0df', '00000000-0000-0000-0000-000000000010', '7439', 'paid', 1570.0, '2026-05-25 21:38:14', '2026-05-25 21:38:14', '12');
INSERT INTO order_items (order_id, product_id, product_name, product_price, quantity)
VALUES ('0ea3c422-ce8b-597d-95e6-4b3981cce0df', '0f7cfc79-3a3f-41ac-1aa4-b27431de9236', 'product_29', 620.0, 1);
INSERT INTO order_items (order_id, product_id, product_name, product_price, quantity)
VALUES ('0ea3c422-ce8b-597d-95e6-4b3981cce0df', '627b586a-57c8-d217-1549-c47bb32192ac', 'product_26', 460.0, 1);
INSERT INTO order_items (order_id, product_id, product_name, product_price, quantity)
VALUES ('0ea3c422-ce8b-597d-95e6-4b3981cce0df', 'ec61223f-a380-dd08-f9eb-461b3c2f80e6', 'product_163', 120.0, 1);
INSERT INTO order_items (order_id, product_id, product_name, product_price, quantity)
VALUES ('0ea3c422-ce8b-597d-95e6-4b3981cce0df', '134318a5-b3ba-8433-c9f4-446b46b10995', 'product_37', 370.0, 1);
INSERT INTO payments (order_id, venue_id, method, amount)
VALUES ('0ea3c422-ce8b-597d-95e6-4b3981cce0df', '00000000-0000-0000-0000-000000000010', 'card', 1570.0);
INSERT INTO orders (id, venue_id, number, status, total_amount, opened_at, closed_at, table_number)
VALUES ('a6b95781-d138-63cc-bc38-8d9d60590a2b', '00000000-0000-0000-0000-000000000010', '7437', 'paid', 600.0, '2026-05-25 21:11:45', '2026-05-25 21:11:45', '16');
INSERT INTO order_items (order_id, product_id, product_name, product_price, quantity)
VALUES ('a6b95781-d138-63cc-bc38-8d9d60590a2b', 'f35ae6ee-40da-7479-c64b-612bff507023', 'product_31', 370.0, 1);
INSERT INTO order_items (order_id, product_id, product_name, product_price, quantity)
VALUES ('a6b95781-d138-63cc-bc38-8d9d60590a2b', '021231f4-e9fa-ecbb-5f2a-ad1321ca42ea', 'product_59', 230.0, 1);
INSERT INTO payments (order_id, venue_id, method, amount)
VALUES ('a6b95781-d138-63cc-bc38-8d9d60590a2b', '00000000-0000-0000-0000-000000000010', 'card', 600.0);
INSERT INTO orders (id, venue_id, number, status, total_amount, opened_at, closed_at, table_number)
VALUES ('02b5292e-8264-16c2-835e-eafa316acf66', '00000000-0000-0000-0000-000000000010', '7436', 'paid', 560.0, '2026-05-25 20:21:06', '2026-05-25 20:21:06', '9');
INSERT INTO order_items (order_id, product_id, product_name, product_price, quantity)
VALUES ('02b5292e-8264-16c2-835e-eafa316acf66', 'd46f67a1-e1dd-e079-0b5c-329f6422c4d4', 'product_60', 280.0, 2);
INSERT INTO payments (order_id, venue_id, method, amount)
VALUES ('02b5292e-8264-16c2-835e-eafa316acf66', '00000000-0000-0000-0000-000000000010', 'card', 560.0);
INSERT INTO orders (id, venue_id, number, status, total_amount, opened_at, closed_at, table_number)
VALUES ('a26878a7-49b0-3133-790f-a66c57add4aa', '00000000-0000-0000-0000-000000000010', '7435', 'paid', 260.0, '2026-05-25 20:14:40', '2026-05-25 20:14:40', '9');
INSERT INTO order_items (order_id, product_id, product_name, product_price, quantity)
VALUES ('a26878a7-49b0-3133-790f-a66c57add4aa', '966437e8-b784-92e7-0afa-ff8bde6f1e53', 'product_145', 130.0, 2);
INSERT INTO payments (order_id, venue_id, method, amount)
VALUES ('a26878a7-49b0-3133-790f-a66c57add4aa', '00000000-0000-0000-0000-000000000010', 'card', 260.0);
INSERT INTO orders (id, venue_id, number, status, total_amount, opened_at, closed_at, table_number)
VALUES ('bae3cc91-baff-8c69-23a0-dba59e434c0f', '00000000-0000-0000-0000-000000000010', '7433', 'paid', 770.0, '2026-05-25 20:06:29', '2026-05-25 20:06:29', '1');
INSERT INTO order_items (order_id, product_id, product_name, product_price, quantity)
VALUES ('bae3cc91-baff-8c69-23a0-dba59e434c0f', 'c0fb869e-f434-07cb-f666-b9f7e55d4032', 'product_113', 770.0, 1);
INSERT INTO payments (order_id, venue_id, method, amount)
VALUES ('bae3cc91-baff-8c69-23a0-dba59e434c0f', '00000000-0000-0000-0000-000000000010', 'card', 770.0);
INSERT INTO orders (id, venue_id, number, status, total_amount, opened_at, closed_at, table_number)
VALUES ('3a57ce85-d1da-23a3-4768-49276fb248b8', '00000000-0000-0000-0000-000000000010', '7432', 'paid', 840.0, '2026-05-25 19:24:18', '2026-05-25 19:24:18', '15');
INSERT INTO order_items (order_id, product_id, product_name, product_price, quantity)
VALUES ('3a57ce85-d1da-23a3-4768-49276fb248b8', '951f4bf6-be55-0e75-59a9-7e580a0d07c4', 'product_14', 640.0, 1);
INSERT INTO order_items (order_id, product_id, product_name, product_price, quantity)
VALUES ('3a57ce85-d1da-23a3-4768-49276fb248b8', '09d9bcce-e54b-d518-c5bf-1c5d4b683d38', 'product_50', 200.0, 1);
INSERT INTO payments (order_id, venue_id, method, amount)
VALUES ('3a57ce85-d1da-23a3-4768-49276fb248b8', '00000000-0000-0000-0000-000000000010', 'card', 840.0);
INSERT INTO orders (id, venue_id, number, status, total_amount, opened_at, closed_at, table_number)
VALUES ('d86af83a-60b2-9cb2-9577-be7c516f8149', '00000000-0000-0000-0000-000000000010', '7431', 'paid', 1340.0, '2026-05-25 18:16:52', '2026-05-25 18:16:52', '2');
INSERT INTO order_items (order_id, product_id, product_name, product_price, quantity)
VALUES ('d86af83a-60b2-9cb2-9577-be7c516f8149', '1a9038b5-12c1-4b41-756a-ce6d8bb0fac8', 'product_114', 670.0, 2);
INSERT INTO payments (order_id, venue_id, method, amount)
VALUES ('d86af83a-60b2-9cb2-9577-be7c516f8149', '00000000-0000-0000-0000-000000000010', 'card', 1340.0);
INSERT INTO orders (id, venue_id, number, status, total_amount, opened_at, closed_at, table_number)
VALUES ('b6f88dac-250a-2310-d16a-4a95508cc291', '00000000-0000-0000-0000-000000000010', '7430', 'paid', 4190.0, '2026-05-25 18:12:09', '2026-05-25 18:12:09', '1');
INSERT INTO order_items (order_id, product_id, product_name, product_price, quantity)
VALUES ('b6f88dac-250a-2310-d16a-4a95508cc291', '6e00b5a0-6b62-d942-73e4-86982bcae389', 'product_21', 1370.0, 2);
INSERT INTO order_items (order_id, product_id, product_name, product_price, quantity)
VALUES ('b6f88dac-250a-2310-d16a-4a95508cc291', '81b3193a-f1f9-6ba6-5630-5c911f0c4a69', 'product_48', 220.0, 1);
INSERT INTO order_items (order_id, product_id, product_name, product_price, quantity)
VALUES ('b6f88dac-250a-2310-d16a-4a95508cc291', '8b7920ef-e954-d760-2a69-99cafc830c2e', 'product_171', 270.0, 1);
INSERT INTO order_items (order_id, product_id, product_name, product_price, quantity)
VALUES ('b6f88dac-250a-2310-d16a-4a95508cc291', 'e46827e9-bff2-b635-a563-0455e95c70b9', 'product_242', 200.0, 1);
INSERT INTO order_items (order_id, product_id, product_name, product_price, quantity)
VALUES ('b6f88dac-250a-2310-d16a-4a95508cc291', '6599a59a-6cf7-70c9-0971-07a0078ce7cf', 'product_128', 380.0, 2);
INSERT INTO payments (order_id, venue_id, method, amount)
VALUES ('b6f88dac-250a-2310-d16a-4a95508cc291', '00000000-0000-0000-0000-000000000010', 'card', 4190.0);
INSERT INTO orders (id, venue_id, number, status, total_amount, opened_at, closed_at, table_number)
VALUES ('10439f5e-6beb-c418-fe5f-4baa8d0aa7ad', '00000000-0000-0000-0000-000000000010', '7429', 'paid', 130.0, '2026-05-25 16:45:29', '2026-05-25 16:45:29', '9');
INSERT INTO order_items (order_id, product_id, product_name, product_price, quantity)
VALUES ('10439f5e-6beb-c418-fe5f-4baa8d0aa7ad', '966437e8-b784-92e7-0afa-ff8bde6f1e53', 'product_145', 130.0, 1);
INSERT INTO payments (order_id, venue_id, method, amount)
VALUES ('10439f5e-6beb-c418-fe5f-4baa8d0aa7ad', '00000000-0000-0000-0000-000000000010', 'card', 130.0);
INSERT INTO orders (id, venue_id, number, status, total_amount, opened_at, closed_at, table_number)
VALUES ('4fa7b682-724b-3f5a-6e83-9164907df9c3', '00000000-0000-0000-0000-000000000010', '7428', 'paid', 2370.0, '2026-05-25 16:13:32', '2026-05-25 16:13:32', '12');
INSERT INTO order_items (order_id, product_id, product_name, product_price, quantity)
VALUES ('4fa7b682-724b-3f5a-6e83-9164907df9c3', '627b586a-57c8-d217-1549-c47bb32192ac', 'product_26', 460.0, 1);
INSERT INTO order_items (order_id, product_id, product_name, product_price, quantity)
VALUES ('4fa7b682-724b-3f5a-6e83-9164907df9c3', 'f35a1ebf-94b4-c196-4fdb-5698a8e21330', 'product_170', 820.0, 1);
INSERT INTO order_items (order_id, product_id, product_name, product_price, quantity)
VALUES ('4fa7b682-724b-3f5a-6e83-9164907df9c3', '1a9038b5-12c1-4b41-756a-ce6d8bb0fac8', 'product_114', 670.0, 1);
INSERT INTO order_items (order_id, product_id, product_name, product_price, quantity)
VALUES ('4fa7b682-724b-3f5a-6e83-9164907df9c3', '1d55740b-7a2f-ce7c-d33a-454fb2de27dc', 'product_155', 420.0, 1);
INSERT INTO payments (order_id, venue_id, method, amount)
VALUES ('4fa7b682-724b-3f5a-6e83-9164907df9c3', '00000000-0000-0000-0000-000000000010', 'card', 2370.0);
INSERT INTO orders (id, venue_id, number, status, total_amount, opened_at, closed_at, table_number)
VALUES ('d9150396-4904-aea9-6a51-a81d6eba6f87', '00000000-0000-0000-0000-000000000010', '7427', 'paid', 500.0, '2026-05-25 12:56:55', '2026-05-25 12:56:55', '2');
INSERT INTO order_items (order_id, product_id, product_name, product_price, quantity)
VALUES ('d9150396-4904-aea9-6a51-a81d6eba6f87', '021231f4-e9fa-ecbb-5f2a-ad1321ca42ea', 'product_59', 230.0, 1);
INSERT INTO order_items (order_id, product_id, product_name, product_price, quantity)
VALUES ('d9150396-4904-aea9-6a51-a81d6eba6f87', '2836be19-8d27-0aa1-68ed-3bbc6cf94fb8', 'product_13', 270.0, 1);
INSERT INTO payments (order_id, venue_id, method, amount)
VALUES ('d9150396-4904-aea9-6a51-a81d6eba6f87', '00000000-0000-0000-0000-000000000010', 'card', 500.0);
INSERT INTO orders (id, venue_id, number, status, total_amount, opened_at, closed_at, table_number)
VALUES ('b1ad9637-8a0b-3ec1-3bd8-e456ac742535', '00000000-0000-0000-0000-000000000010', '7418', 'paid', 690.0, '2026-05-25 11:07:50', '2026-05-25 11:07:50', '10');
INSERT INTO order_items (order_id, product_id, product_name, product_price, quantity)
VALUES ('b1ad9637-8a0b-3ec1-3bd8-e456ac742535', '7b0b5f60-47be-c07e-9585-af9a20b6d773', 'product_9', 460.0, 1);
INSERT INTO order_items (order_id, product_id, product_name, product_price, quantity)
VALUES ('b1ad9637-8a0b-3ec1-3bd8-e456ac742535', '021231f4-e9fa-ecbb-5f2a-ad1321ca42ea', 'product_59', 230.0, 1);
INSERT INTO orders (id, venue_id, number, status, total_amount, opened_at, closed_at, table_number)
VALUES ('720483e2-c00c-c119-b2a6-c0f14e866968', '00000000-0000-0000-0000-000000000010', '7425', 'paid', 510.0, '2026-05-25 11:07:43', '2026-05-25 11:07:43', '2');
INSERT INTO order_items (order_id, product_id, product_name, product_price, quantity)
VALUES ('720483e2-c00c-c119-b2a6-c0f14e866968', 'b9bdca4d-a423-6c36-2351-10cf52ff0eec', 'product_230', 0.0, 2);
INSERT INTO order_items (order_id, product_id, product_name, product_price, quantity)
VALUES ('720483e2-c00c-c119-b2a6-c0f14e866968', 'da98da7c-a663-0228-294e-97c1fae50fd1', 'product_54', 180.0, 1);
INSERT INTO order_items (order_id, product_id, product_name, product_price, quantity)
VALUES ('720483e2-c00c-c119-b2a6-c0f14e866968', '9d00fee6-5b1a-acb8-1114-e668525ce1a6', 'product_200', 330.0, 1);
INSERT INTO orders (id, venue_id, number, status, total_amount, opened_at, closed_at, table_number)
VALUES ('c59a0b3e-932e-3c59-1e8e-3e75c806f0ac', '00000000-0000-0000-0000-000000000010', '7424', 'paid', 750.0, '2026-05-25 09:47:13', '2026-05-25 09:47:13', '1');
INSERT INTO order_items (order_id, product_id, product_name, product_price, quantity)
VALUES ('c59a0b3e-932e-3c59-1e8e-3e75c806f0ac', '0f7cfc79-3a3f-41ac-1aa4-b27431de9236', 'product_29', 620.0, 1);
INSERT INTO order_items (order_id, product_id, product_name, product_price, quantity)
VALUES ('c59a0b3e-932e-3c59-1e8e-3e75c806f0ac', '966437e8-b784-92e7-0afa-ff8bde6f1e53', 'product_145', 130.0, 1);
INSERT INTO payments (order_id, venue_id, method, amount)
VALUES ('c59a0b3e-932e-3c59-1e8e-3e75c806f0ac', '00000000-0000-0000-0000-000000000010', 'cash', 750.0);
INSERT INTO orders (id, venue_id, number, status, total_amount, opened_at, closed_at, table_number)
VALUES ('cc06556b-6fb6-b7c8-aebe-8422c8ff51cc', '00000000-0000-0000-0000-000000000010', '7420', 'paid', 1400.0, '2026-05-25 09:34:27', '2026-05-25 09:34:27', '12');
INSERT INTO order_items (order_id, product_id, product_name, product_price, quantity)
VALUES ('cc06556b-6fb6-b7c8-aebe-8422c8ff51cc', '8b7920ef-e954-d760-2a69-99cafc830c2e', 'product_171', 270.0, 2);
INSERT INTO order_items (order_id, product_id, product_name, product_price, quantity)
VALUES ('cc06556b-6fb6-b7c8-aebe-8422c8ff51cc', 'bc75aa2b-4910-21bf-56ff-d9769b039d8e', 'product_47', 220.0, 2);
INSERT INTO order_items (order_id, product_id, product_name, product_price, quantity)
VALUES ('cc06556b-6fb6-b7c8-aebe-8422c8ff51cc', '1d55740b-7a2f-ce7c-d33a-454fb2de27dc', 'product_155', 420.0, 1);
INSERT INTO payments (order_id, venue_id, method, amount)
VALUES ('cc06556b-6fb6-b7c8-aebe-8422c8ff51cc', '00000000-0000-0000-0000-000000000010', 'card', 1400.0);
INSERT INTO orders (id, venue_id, number, status, total_amount, opened_at, closed_at, table_number)
VALUES ('32f32ff7-6e8e-4ab4-4bd9-c88e889d9e74', '00000000-0000-0000-0000-000000000010', '7423', 'paid', 1900.0, '2026-05-24 21:06:40', '2026-05-24 21:06:40', '13');
INSERT INTO order_items (order_id, product_id, product_name, product_price, quantity)
VALUES ('32f32ff7-6e8e-4ab4-4bd9-c88e889d9e74', 'c0fb869e-f434-07cb-f666-b9f7e55d4032', 'product_113', 770.0, 1);
INSERT INTO order_items (order_id, product_id, product_name, product_price, quantity)
VALUES ('32f32ff7-6e8e-4ab4-4bd9-c88e889d9e74', '8b7920ef-e954-d760-2a69-99cafc830c2e', 'product_171', 270.0, 1);
INSERT INTO order_items (order_id, product_id, product_name, product_price, quantity)
VALUES ('32f32ff7-6e8e-4ab4-4bd9-c88e889d9e74', 'ba729be8-36f6-fb9a-7e2c-4b99753cb652', 'product_217', 600.0, 1);
INSERT INTO order_items (order_id, product_id, product_name, product_price, quantity)
VALUES ('32f32ff7-6e8e-4ab4-4bd9-c88e889d9e74', '73f062e8-2ade-a467-1943-fa856c717a43', 'product_51', 260.0, 1);
INSERT INTO payments (order_id, venue_id, method, amount)
VALUES ('32f32ff7-6e8e-4ab4-4bd9-c88e889d9e74', '00000000-0000-0000-0000-000000000010', 'card', 1900.0);
INSERT INTO orders (id, venue_id, number, status, total_amount, opened_at, closed_at, table_number)
VALUES ('b95c2ad0-c5c4-e7d1-3929-fd005035ebf1', '00000000-0000-0000-0000-000000000010', '7416', 'paid', 8630.0, '2026-05-24 20:40:59', '2026-05-24 20:40:59', '9');
INSERT INTO order_items (order_id, product_id, product_name, product_price, quantity)
VALUES ('b95c2ad0-c5c4-e7d1-3929-fd005035ebf1', '1d55740b-7a2f-ce7c-d33a-454fb2de27dc', 'product_155', 420.0, 3);
INSERT INTO order_items (order_id, product_id, product_name, product_price, quantity)
VALUES ('b95c2ad0-c5c4-e7d1-3929-fd005035ebf1', 'a0be9126-1b9b-666d-c68e-fd66161cff95', 'product_131', 320.0, 10);
INSERT INTO order_items (order_id, product_id, product_name, product_price, quantity)
VALUES ('b95c2ad0-c5c4-e7d1-3929-fd005035ebf1', '9a06fa1f-d2b5-1b6f-d6c5-37c2ffa3adfd', 'product_168', 640.0, 1);
INSERT INTO order_items (order_id, product_id, product_name, product_price, quantity)
VALUES ('b95c2ad0-c5c4-e7d1-3929-fd005035ebf1', 'd56291c3-0b81-82df-41d8-2bffd8869d31', 'product_140', 430.0, 1);
INSERT INTO order_items (order_id, product_id, product_name, product_price, quantity)
VALUES ('b95c2ad0-c5c4-e7d1-3929-fd005035ebf1', 'f35a1ebf-94b4-c196-4fdb-5698a8e21330', 'product_170', 820.0, 3);
INSERT INTO order_items (order_id, product_id, product_name, product_price, quantity)
VALUES ('b95c2ad0-c5c4-e7d1-3929-fd005035ebf1', '81b3193a-f1f9-6ba6-5630-5c911f0c4a69', 'product_48', 220.0, 1);
INSERT INTO order_items (order_id, product_id, product_name, product_price, quantity)
VALUES ('b95c2ad0-c5c4-e7d1-3929-fd005035ebf1', 'bc75aa2b-4910-21bf-56ff-d9769b039d8e', 'product_47', 220.0, 1);
INSERT INTO order_items (order_id, product_id, product_name, product_price, quantity)
VALUES ('b95c2ad0-c5c4-e7d1-3929-fd005035ebf1', 'e46827e9-bff2-b635-a563-0455e95c70b9', 'product_242', 200.0, 1);
INSERT INTO payments (order_id, venue_id, method, amount)
VALUES ('b95c2ad0-c5c4-e7d1-3929-fd005035ebf1', '00000000-0000-0000-0000-000000000010', 'card', 8630.0);
INSERT INTO orders (id, venue_id, number, status, total_amount, opened_at, closed_at, table_number)
VALUES ('0ab64135-9136-cba5-00af-5f88b84fe2e1', '00000000-0000-0000-0000-000000000010', '7417', 'paid', 370.0, '2026-05-24 20:36:52', '2026-05-24 20:36:52', '1');
INSERT INTO order_items (order_id, product_id, product_name, product_price, quantity)
VALUES ('0ab64135-9136-cba5-00af-5f88b84fe2e1', 'f35ae6ee-40da-7479-c64b-612bff507023', 'product_31', 370.0, 1);
INSERT INTO payments (order_id, venue_id, method, amount)
VALUES ('0ab64135-9136-cba5-00af-5f88b84fe2e1', '00000000-0000-0000-0000-000000000010', 'card', 370.0);
INSERT INTO orders (id, venue_id, number, status, total_amount, opened_at, closed_at, table_number)
VALUES ('ccd45c70-6c05-520e-4bff-b814deaba971', '00000000-0000-0000-0000-000000000010', '7422', 'paid', 380.0, '2026-05-24 19:43:04', '2026-05-24 19:43:04', '2');
INSERT INTO order_items (order_id, product_id, product_name, product_price, quantity)
VALUES ('ccd45c70-6c05-520e-4bff-b814deaba971', '6599a59a-6cf7-70c9-0971-07a0078ce7cf', 'product_128', 380.0, 1);
INSERT INTO payments (order_id, venue_id, method, amount)
VALUES ('ccd45c70-6c05-520e-4bff-b814deaba971', '00000000-0000-0000-0000-000000000010', 'card', 380.0);
INSERT INTO orders (id, venue_id, number, status, total_amount, opened_at, closed_at, table_number)
VALUES ('65c9fb90-aa36-1fc4-4843-52e77867055c', '00000000-0000-0000-0000-000000000010', '7419', 'paid', 590.0, '2026-05-24 19:41:42', '2026-05-24 19:41:42', '2');
INSERT INTO order_items (order_id, product_id, product_name, product_price, quantity)
VALUES ('65c9fb90-aa36-1fc4-4843-52e77867055c', '5c3938ac-271e-5674-37aa-116c20435202', 'product_234', 370.0, 1);
INSERT INTO order_items (order_id, product_id, product_name, product_price, quantity)
VALUES ('65c9fb90-aa36-1fc4-4843-52e77867055c', '81b3193a-f1f9-6ba6-5630-5c911f0c4a69', 'product_48', 220.0, 1);
INSERT INTO payments (order_id, venue_id, method, amount)
VALUES ('65c9fb90-aa36-1fc4-4843-52e77867055c', '00000000-0000-0000-0000-000000000010', 'card', 590.0);
INSERT INTO orders (id, venue_id, number, status, total_amount, opened_at, closed_at, table_number)
VALUES ('234d76e7-373b-f18f-0f5a-ae6d349e019d', '00000000-0000-0000-0000-000000000010', '7421', 'paid', 1130.0, '2026-05-24 19:33:51', '2026-05-24 19:33:51', '3');
INSERT INTO order_items (order_id, product_id, product_name, product_price, quantity)
VALUES ('234d76e7-373b-f18f-0f5a-ae6d349e019d', '1a9038b5-12c1-4b41-756a-ce6d8bb0fac8', 'product_114', 670.0, 1);
INSERT INTO order_items (order_id, product_id, product_name, product_price, quantity)
VALUES ('234d76e7-373b-f18f-0f5a-ae6d349e019d', '021231f4-e9fa-ecbb-5f2a-ad1321ca42ea', 'product_59', 230.0, 2);
INSERT INTO payments (order_id, venue_id, method, amount)
VALUES ('234d76e7-373b-f18f-0f5a-ae6d349e019d', '00000000-0000-0000-0000-000000000010', 'card', 1130.0);
INSERT INTO orders (id, venue_id, number, status, total_amount, opened_at, closed_at, table_number)
VALUES ('eaf70c4e-d2bc-d69b-c3e8-f304091d536f', '00000000-0000-0000-0000-000000000010', '7408', 'paid', 1690.0, '2026-05-24 18:46:03', '2026-05-24 18:46:03', '11');
INSERT INTO order_items (order_id, product_id, product_name, product_price, quantity)
VALUES ('eaf70c4e-d2bc-d69b-c3e8-f304091d536f', '7a291d79-c795-0f76-118b-25d10a078238', 'product_191', 370.0, 1);
INSERT INTO order_items (order_id, product_id, product_name, product_price, quantity)
VALUES ('eaf70c4e-d2bc-d69b-c3e8-f304091d536f', '627b586a-57c8-d217-1549-c47bb32192ac', 'product_26', 460.0, 1);
INSERT INTO order_items (order_id, product_id, product_name, product_price, quantity)
VALUES ('eaf70c4e-d2bc-d69b-c3e8-f304091d536f', 'bc75aa2b-4910-21bf-56ff-d9769b039d8e', 'product_47', 220.0, 1);
INSERT INTO order_items (order_id, product_id, product_name, product_price, quantity)
VALUES ('eaf70c4e-d2bc-d69b-c3e8-f304091d536f', '9a06fa1f-d2b5-1b6f-d6c5-37c2ffa3adfd', 'product_168', 640.0, 1);
INSERT INTO payments (order_id, venue_id, method, amount)
VALUES ('eaf70c4e-d2bc-d69b-c3e8-f304091d536f', '00000000-0000-0000-0000-000000000010', 'card', 1690.0);
INSERT INTO orders (id, venue_id, number, status, total_amount, opened_at, closed_at, table_number)
VALUES ('8cfbc962-1c92-3a65-a918-b357bd9d712f', '00000000-0000-0000-0000-000000000010', '7415', 'paid', 230.0, '2026-05-24 17:55:33', '2026-05-24 17:55:33', '9');
INSERT INTO order_items (order_id, product_id, product_name, product_price, quantity)
VALUES ('8cfbc962-1c92-3a65-a918-b357bd9d712f', '021231f4-e9fa-ecbb-5f2a-ad1321ca42ea', 'product_59', 230.0, 1);
INSERT INTO payments (order_id, venue_id, method, amount)
VALUES ('8cfbc962-1c92-3a65-a918-b357bd9d712f', '00000000-0000-0000-0000-000000000010', 'card', 230.0);
INSERT INTO orders (id, venue_id, number, status, total_amount, opened_at, closed_at, table_number)
VALUES ('c1d7bf25-2e7c-b98b-60d9-b08811a8cce4', '00000000-0000-0000-0000-000000000010', '7414', 'paid', 260.0, '2026-05-24 17:52:36', '2026-05-24 17:52:36', '9');
INSERT INTO order_items (order_id, product_id, product_name, product_price, quantity)
VALUES ('c1d7bf25-2e7c-b98b-60d9-b08811a8cce4', '338bdc4d-fbd5-43ad-a7a7-3951ceca3a16', 'product_97', 260.0, 1);
INSERT INTO payments (order_id, venue_id, method, amount)
VALUES ('c1d7bf25-2e7c-b98b-60d9-b08811a8cce4', '00000000-0000-0000-0000-000000000010', 'card', 260.0);
INSERT INTO orders (id, venue_id, number, status, total_amount, opened_at, closed_at, table_number)
VALUES ('6f22eb20-3cb8-1352-a762-d39d3dec5f0f', '00000000-0000-0000-0000-000000000010', '7413', 'paid', 370.0, '2026-05-24 17:42:38', '2026-05-24 17:42:38', '9');
INSERT INTO order_items (order_id, product_id, product_name, product_price, quantity)
VALUES ('6f22eb20-3cb8-1352-a762-d39d3dec5f0f', 'bd63cdca-84b0-4bda-520e-13725e4b4e60', 'product_33', 370.0, 1);
INSERT INTO payments (order_id, venue_id, method, amount)
VALUES ('6f22eb20-3cb8-1352-a762-d39d3dec5f0f', '00000000-0000-0000-0000-000000000010', 'card', 370.0);
INSERT INTO orders (id, venue_id, number, status, total_amount, opened_at, closed_at, table_number)
VALUES ('8ec861e7-6d3b-a412-3976-5bf9d5c5a901', '00000000-0000-0000-0000-000000000010', '7411', 'paid', 370.0, '2026-05-24 17:39:20', '2026-05-24 17:39:20', '1');
INSERT INTO order_items (order_id, product_id, product_name, product_price, quantity)
VALUES ('8ec861e7-6d3b-a412-3976-5bf9d5c5a901', '09d404dd-f87b-b319-4eda-9ce7c697868d', 'product_32', 370.0, 1);
INSERT INTO payments (order_id, venue_id, method, amount)
VALUES ('8ec861e7-6d3b-a412-3976-5bf9d5c5a901', '00000000-0000-0000-0000-000000000010', 'card', 370.0);
INSERT INTO orders (id, venue_id, number, status, total_amount, opened_at, closed_at, table_number)
VALUES ('5d9646c3-0ec0-37d0-67f4-63a064dfa424', '00000000-0000-0000-0000-000000000010', '7412', 'paid', 460.0, '2026-05-24 17:39:06', '2026-05-24 17:39:06', '9');
INSERT INTO order_items (order_id, product_id, product_name, product_price, quantity)
VALUES ('5d9646c3-0ec0-37d0-67f4-63a064dfa424', '021231f4-e9fa-ecbb-5f2a-ad1321ca42ea', 'product_59', 230.0, 2);
INSERT INTO payments (order_id, venue_id, method, amount)
VALUES ('5d9646c3-0ec0-37d0-67f4-63a064dfa424', '00000000-0000-0000-0000-000000000010', 'cash', 460.0);
INSERT INTO orders (id, venue_id, number, status, total_amount, opened_at, closed_at, table_number)
VALUES ('caf45d3f-a31f-19f0-84ee-5fcb47aae613', '00000000-0000-0000-0000-000000000010', '7410', 'paid', 370.0, '2026-05-24 17:27:44', '2026-05-24 17:27:44', '9');
INSERT INTO order_items (order_id, product_id, product_name, product_price, quantity)
VALUES ('caf45d3f-a31f-19f0-84ee-5fcb47aae613', '5c3938ac-271e-5674-37aa-116c20435202', 'product_234', 370.0, 1);
INSERT INTO payments (order_id, venue_id, method, amount)
VALUES ('caf45d3f-a31f-19f0-84ee-5fcb47aae613', '00000000-0000-0000-0000-000000000010', 'card', 370.0);
INSERT INTO orders (id, venue_id, number, status, total_amount, opened_at, closed_at, table_number)
VALUES ('0b8649ef-aa73-ff87-a085-1257b04b7060', '00000000-0000-0000-0000-000000000010', '7409', 'paid', 130.0, '2026-05-24 16:42:13', '2026-05-24 16:42:13', '9');
INSERT INTO order_items (order_id, product_id, product_name, product_price, quantity)
VALUES ('0b8649ef-aa73-ff87-a085-1257b04b7060', '966437e8-b784-92e7-0afa-ff8bde6f1e53', 'product_145', 130.0, 1);
INSERT INTO payments (order_id, venue_id, method, amount)
VALUES ('0b8649ef-aa73-ff87-a085-1257b04b7060', '00000000-0000-0000-0000-000000000010', 'card', 130.0);
INSERT INTO orders (id, venue_id, number, status, total_amount, opened_at, closed_at, table_number)
VALUES ('dacb0b9d-a6f0-55da-0f6f-3f44b89c44fa', '00000000-0000-0000-0000-000000000010', '7407', 'paid', 1810.0, '2026-05-24 16:11:56', '2026-05-24 16:11:56', '1');
INSERT INTO order_items (order_id, product_id, product_name, product_price, quantity)
VALUES ('dacb0b9d-a6f0-55da-0f6f-3f44b89c44fa', '1a9038b5-12c1-4b41-756a-ce6d8bb0fac8', 'product_114', 670.0, 1);
INSERT INTO order_items (order_id, product_id, product_name, product_price, quantity)
VALUES ('dacb0b9d-a6f0-55da-0f6f-3f44b89c44fa', 'c0fb869e-f434-07cb-f666-b9f7e55d4032', 'product_113', 770.0, 1);
INSERT INTO order_items (order_id, product_id, product_name, product_price, quantity)
VALUES ('dacb0b9d-a6f0-55da-0f6f-3f44b89c44fa', 'bd63cdca-84b0-4bda-520e-13725e4b4e60', 'product_33', 370.0, 1);
INSERT INTO payments (order_id, venue_id, method, amount)
VALUES ('dacb0b9d-a6f0-55da-0f6f-3f44b89c44fa', '00000000-0000-0000-0000-000000000010', 'cash', 1810.0);
INSERT INTO orders (id, venue_id, number, status, total_amount, opened_at, closed_at, table_number)
VALUES ('6539214c-6dbf-774b-a9d1-a9d7713d1caf', '00000000-0000-0000-0000-000000000010', '7406', 'paid', 5470.0, '2026-05-24 15:38:03', '2026-05-24 15:38:03', '12');
INSERT INTO order_items (order_id, product_id, product_name, product_price, quantity)
VALUES ('6539214c-6dbf-774b-a9d1-a9d7713d1caf', 'eb1260af-ca5f-c811-fd1c-bf1664229477', 'product_115', 310.0, 2);
INSERT INTO order_items (order_id, product_id, product_name, product_price, quantity)
VALUES ('6539214c-6dbf-774b-a9d1-a9d7713d1caf', 'c0fb869e-f434-07cb-f666-b9f7e55d4032', 'product_113', 770.0, 1);
INSERT INTO order_items (order_id, product_id, product_name, product_price, quantity)
VALUES ('6539214c-6dbf-774b-a9d1-a9d7713d1caf', 'ba729be8-36f6-fb9a-7e2c-4b99753cb652', 'product_217', 600.0, 1);
INSERT INTO order_items (order_id, product_id, product_name, product_price, quantity)
VALUES ('6539214c-6dbf-774b-a9d1-a9d7713d1caf', 'ec61223f-a380-dd08-f9eb-461b3c2f80e6', 'product_163', 120.0, 1);
INSERT INTO order_items (order_id, product_id, product_name, product_price, quantity)
VALUES ('6539214c-6dbf-774b-a9d1-a9d7713d1caf', '7c7c305a-92ed-bc40-0bb5-1155fc4e313f', 'product_99', 220.0, 1);
INSERT INTO order_items (order_id, product_id, product_name, product_price, quantity)
VALUES ('6539214c-6dbf-774b-a9d1-a9d7713d1caf', 'fdb6f575-fe3f-282e-93d0-1dad56530fa5', 'product_15', 640.0, 1);
INSERT INTO order_items (order_id, product_id, product_name, product_price, quantity)
VALUES ('6539214c-6dbf-774b-a9d1-a9d7713d1caf', 'f35a1ebf-94b4-c196-4fdb-5698a8e21330', 'product_170', 820.0, 1);
INSERT INTO order_items (order_id, product_id, product_name, product_price, quantity)
VALUES ('6539214c-6dbf-774b-a9d1-a9d7713d1caf', '1d55740b-7a2f-ce7c-d33a-454fb2de27dc', 'product_155', 420.0, 4);
INSERT INTO payments (order_id, venue_id, method, amount)
VALUES ('6539214c-6dbf-774b-a9d1-a9d7713d1caf', '00000000-0000-0000-0000-000000000010', 'card', 5470.0);
INSERT INTO orders (id, venue_id, number, status, total_amount, opened_at, closed_at, table_number)
VALUES ('51c8324e-9201-041a-f52a-be21d7441879', '00000000-0000-0000-0000-000000000010', '7404', 'paid', 2600.0, '2026-05-24 13:52:12', '2026-05-24 13:52:12', '13');
INSERT INTO order_items (order_id, product_id, product_name, product_price, quantity)
VALUES ('51c8324e-9201-041a-f52a-be21d7441879', '7ddbed72-7deb-5ee4-0634-41d52192bad1', 'product_23', 1750.0, 1);
INSERT INTO order_items (order_id, product_id, product_name, product_price, quantity)
VALUES ('51c8324e-9201-041a-f52a-be21d7441879', '7f688518-4003-c783-7333-b947a8856b49', 'product_28', 470.0, 1);
INSERT INTO order_items (order_id, product_id, product_name, product_price, quantity)
VALUES ('51c8324e-9201-041a-f52a-be21d7441879', '73f062e8-2ade-a467-1943-fa856c717a43', 'product_51', 260.0, 1);
INSERT INTO order_items (order_id, product_id, product_name, product_price, quantity)
VALUES ('51c8324e-9201-041a-f52a-be21d7441879', 'ec61223f-a380-dd08-f9eb-461b3c2f80e6', 'product_163', 120.0, 1);
INSERT INTO payments (order_id, venue_id, method, amount)
VALUES ('51c8324e-9201-041a-f52a-be21d7441879', '00000000-0000-0000-0000-000000000010', 'card', 2600.0);
INSERT INTO orders (id, venue_id, number, status, total_amount, opened_at, closed_at, table_number)
VALUES ('626a018a-b950-a39b-e752-cccf53393eb6', '00000000-0000-0000-0000-000000000010', '7405', 'paid', 550.0, '2026-05-24 12:46:07', '2026-05-24 12:46:07', '11');
INSERT INTO order_items (order_id, product_id, product_name, product_price, quantity)
VALUES ('626a018a-b950-a39b-e752-cccf53393eb6', '58e4c43b-44e0-70ce-99e7-6b0093966f41', 'product_176', 320.0, 1);
INSERT INTO order_items (order_id, product_id, product_name, product_price, quantity)
VALUES ('626a018a-b950-a39b-e752-cccf53393eb6', '021231f4-e9fa-ecbb-5f2a-ad1321ca42ea', 'product_59', 230.0, 1);
INSERT INTO payments (order_id, venue_id, method, amount)
VALUES ('626a018a-b950-a39b-e752-cccf53393eb6', '00000000-0000-0000-0000-000000000010', 'card', 550.0);
INSERT INTO orders (id, venue_id, number, status, total_amount, opened_at, closed_at, table_number)
VALUES ('0b1d2adb-4991-b223-3410-d36781e14cb0', '00000000-0000-0000-0000-000000000010', '7403', 'paid', 180.0, '2026-05-24 12:23:13', '2026-05-24 12:23:13', '9');
INSERT INTO order_items (order_id, product_id, product_name, product_price, quantity)
VALUES ('0b1d2adb-4991-b223-3410-d36781e14cb0', 'da98da7c-a663-0228-294e-97c1fae50fd1', 'product_54', 180.0, 1);
INSERT INTO payments (order_id, venue_id, method, amount)
VALUES ('0b1d2adb-4991-b223-3410-d36781e14cb0', '00000000-0000-0000-0000-000000000010', 'card', 180.0);
INSERT INTO orders (id, venue_id, number, status, total_amount, opened_at, closed_at, table_number)
VALUES ('4023647a-b694-fcbb-d34a-2ccabd72feed', '00000000-0000-0000-0000-000000000010', '7402', 'paid', 1340.0, '2026-05-24 12:19:27', '2026-05-24 12:19:27', '1');
INSERT INTO order_items (order_id, product_id, product_name, product_price, quantity)
VALUES ('4023647a-b694-fcbb-d34a-2ccabd72feed', '7b0b5f60-47be-c07e-9585-af9a20b6d773', 'product_9', 460.0, 2);
INSERT INTO order_items (order_id, product_id, product_name, product_price, quantity)
VALUES ('4023647a-b694-fcbb-d34a-2ccabd72feed', '0caff6fe-c574-8665-33ca-5f2cee71ebb2', 'product_35', 190.0, 1);
INSERT INTO order_items (order_id, product_id, product_name, product_price, quantity)
VALUES ('4023647a-b694-fcbb-d34a-2ccabd72feed', '966437e8-b784-92e7-0afa-ff8bde6f1e53', 'product_145', 130.0, 1);
INSERT INTO order_items (order_id, product_id, product_name, product_price, quantity)
VALUES ('4023647a-b694-fcbb-d34a-2ccabd72feed', '2a282418-43ba-4155-2773-748bfe3b0561', 'product_186', 100.0, 1);
INSERT INTO payments (order_id, venue_id, method, amount)
VALUES ('4023647a-b694-fcbb-d34a-2ccabd72feed', '00000000-0000-0000-0000-000000000010', 'card', 1340.0);
INSERT INTO orders (id, venue_id, number, status, total_amount, opened_at, closed_at, table_number)
VALUES ('f987bb31-b4e1-7edb-c6d0-6f72ae8328c8', '00000000-0000-0000-0000-000000000010', '7401', 'paid', 1670.0, '2026-05-24 11:39:04', '2026-05-24 11:39:04', '15');
INSERT INTO order_items (order_id, product_id, product_name, product_price, quantity)
VALUES ('f987bb31-b4e1-7edb-c6d0-6f72ae8328c8', '38432f7f-ba41-eaa0-7e46-d791008e4b02', 'product_6', 510.0, 2);
INSERT INTO order_items (order_id, product_id, product_name, product_price, quantity)
VALUES ('f987bb31-b4e1-7edb-c6d0-6f72ae8328c8', 'b9bdca4d-a423-6c36-2351-10cf52ff0eec', 'product_230', 0.0, 1);
INSERT INTO order_items (order_id, product_id, product_name, product_price, quantity)
VALUES ('f987bb31-b4e1-7edb-c6d0-6f72ae8328c8', '021231f4-e9fa-ecbb-5f2a-ad1321ca42ea', 'product_59', 230.0, 2);
INSERT INTO order_items (order_id, product_id, product_name, product_price, quantity)
VALUES ('f987bb31-b4e1-7edb-c6d0-6f72ae8328c8', 'a2b39819-292c-0b80-799d-c77d7020fc9d', 'product_34', 190.0, 1);
INSERT INTO orders (id, venue_id, number, status, total_amount, opened_at, closed_at, table_number)
VALUES ('26aed756-60a3-a40f-0110-204c6016e3a5', '00000000-0000-0000-0000-000000000010', '7400', 'paid', 930.0, '2026-05-24 11:39:01', '2026-05-24 11:39:01', '13');
INSERT INTO order_items (order_id, product_id, product_name, product_price, quantity)
VALUES ('26aed756-60a3-a40f-0110-204c6016e3a5', '38432f7f-ba41-eaa0-7e46-d791008e4b02', 'product_6', 510.0, 1);
INSERT INTO order_items (order_id, product_id, product_name, product_price, quantity)
VALUES ('26aed756-60a3-a40f-0110-204c6016e3a5', 'b9bdca4d-a423-6c36-2351-10cf52ff0eec', 'product_230', 0.0, 1);
INSERT INTO order_items (order_id, product_id, product_name, product_price, quantity)
VALUES ('26aed756-60a3-a40f-0110-204c6016e3a5', '021231f4-e9fa-ecbb-5f2a-ad1321ca42ea', 'product_59', 230.0, 1);
INSERT INTO order_items (order_id, product_id, product_name, product_price, quantity)
VALUES ('26aed756-60a3-a40f-0110-204c6016e3a5', '0caff6fe-c574-8665-33ca-5f2cee71ebb2', 'product_35', 190.0, 1);
INSERT INTO orders (id, venue_id, number, status, total_amount, opened_at, closed_at, table_number)
VALUES ('132e9d54-aa10-7b58-7185-65c5e039561b', '00000000-0000-0000-0000-000000000010', '7398', 'paid', 4130.0, '2026-05-24 11:38:58', '2026-05-24 11:38:58', '11');
INSERT INTO order_items (order_id, product_id, product_name, product_price, quantity)
VALUES ('132e9d54-aa10-7b58-7185-65c5e039561b', '12dd0c72-4671-5cd8-b7da-98389426555c', 'product_228', 0.0, 1);
INSERT INTO order_items (order_id, product_id, product_name, product_price, quantity)
VALUES ('132e9d54-aa10-7b58-7185-65c5e039561b', '38432f7f-ba41-eaa0-7e46-d791008e4b02', 'product_6', 510.0, 5);
INSERT INTO order_items (order_id, product_id, product_name, product_price, quantity)
VALUES ('132e9d54-aa10-7b58-7185-65c5e039561b', 'b9bdca4d-a423-6c36-2351-10cf52ff0eec', 'product_230', 0.0, 1);
INSERT INTO order_items (order_id, product_id, product_name, product_price, quantity)
VALUES ('132e9d54-aa10-7b58-7185-65c5e039561b', '021231f4-e9fa-ecbb-5f2a-ad1321ca42ea', 'product_59', 230.0, 4);
INSERT INTO order_items (order_id, product_id, product_name, product_price, quantity)
VALUES ('132e9d54-aa10-7b58-7185-65c5e039561b', '9d00fee6-5b1a-acb8-1114-e668525ce1a6', 'product_200', 330.0, 2);
INSERT INTO orders (id, venue_id, number, status, total_amount, opened_at, closed_at, table_number)
VALUES ('c9a50fc2-8aa3-d679-ef22-053b5c75e8e3', '00000000-0000-0000-0000-000000000010', '7399', 'paid', 1320.0, '2026-05-24 11:38:54', '2026-05-24 11:38:54', '10');
INSERT INTO order_items (order_id, product_id, product_name, product_price, quantity)
VALUES ('c9a50fc2-8aa3-d679-ef22-053b5c75e8e3', '12dd0c72-4671-5cd8-b7da-98389426555c', 'product_228', 0.0, 1);
INSERT INTO order_items (order_id, product_id, product_name, product_price, quantity)
VALUES ('c9a50fc2-8aa3-d679-ef22-053b5c75e8e3', '38432f7f-ba41-eaa0-7e46-d791008e4b02', 'product_6', 510.0, 1);
INSERT INTO order_items (order_id, product_id, product_name, product_price, quantity)
VALUES ('c9a50fc2-8aa3-d679-ef22-053b5c75e8e3', 'b9bdca4d-a423-6c36-2351-10cf52ff0eec', 'product_230', 0.0, 1);
INSERT INTO order_items (order_id, product_id, product_name, product_price, quantity)
VALUES ('c9a50fc2-8aa3-d679-ef22-053b5c75e8e3', '94d2bddc-c99f-2985-f8eb-9d8a4a995ad3', 'product_10', 300.0, 1);
INSERT INTO order_items (order_id, product_id, product_name, product_price, quantity)
VALUES ('c9a50fc2-8aa3-d679-ef22-053b5c75e8e3', '021231f4-e9fa-ecbb-5f2a-ad1321ca42ea', 'product_59', 230.0, 1);
INSERT INTO order_items (order_id, product_id, product_name, product_price, quantity)
VALUES ('c9a50fc2-8aa3-d679-ef22-053b5c75e8e3', 'd46f67a1-e1dd-e079-0b5c-329f6422c4d4', 'product_60', 280.0, 1);
INSERT INTO orders (id, venue_id, number, status, total_amount, opened_at, closed_at, table_number)
VALUES ('5cdb42a0-177e-ebc7-e122-07cfdcc81517', '00000000-0000-0000-0000-000000000010', '7397', 'paid', 0.0, '2026-05-23 22:55:45', '2026-05-23 22:55:45', '9');
INSERT INTO order_items (order_id, product_id, product_name, product_price, quantity)
VALUES ('5cdb42a0-177e-ebc7-e122-07cfdcc81517', '82c55340-bd07-2a9a-a6cc-6ce377f958f2', 'product_148', 0.0, 1);
INSERT INTO order_items (order_id, product_id, product_name, product_price, quantity)
VALUES ('5cdb42a0-177e-ebc7-e122-07cfdcc81517', '12dd0c72-4671-5cd8-b7da-98389426555c', 'product_228', 0.0, 1);
INSERT INTO orders (id, venue_id, number, status, total_amount, opened_at, closed_at, table_number)
VALUES ('80db5f0a-e191-f3f4-26f0-a668260f3996', '00000000-0000-0000-0000-000000000010', '7394', 'paid', 3010.0, '2026-05-23 22:21:10', '2026-05-23 22:21:10', '2');
INSERT INTO order_items (order_id, product_id, product_name, product_price, quantity)
VALUES ('80db5f0a-e191-f3f4-26f0-a668260f3996', 'c0fb869e-f434-07cb-f666-b9f7e55d4032', 'product_113', 770.0, 1);
INSERT INTO order_items (order_id, product_id, product_name, product_price, quantity)
VALUES ('80db5f0a-e191-f3f4-26f0-a668260f3996', '1a9038b5-12c1-4b41-756a-ce6d8bb0fac8', 'product_114', 670.0, 1);
INSERT INTO order_items (order_id, product_id, product_name, product_price, quantity)
VALUES ('80db5f0a-e191-f3f4-26f0-a668260f3996', '1d55740b-7a2f-ce7c-d33a-454fb2de27dc', 'product_155', 420.0, 2);
INSERT INTO order_items (order_id, product_id, product_name, product_price, quantity)
VALUES ('80db5f0a-e191-f3f4-26f0-a668260f3996', 'eed148a6-7f8f-38d6-85f9-602481bbc846', 'product_146', 130.0, 1);
INSERT INTO order_items (order_id, product_id, product_name, product_price, quantity)
VALUES ('80db5f0a-e191-f3f4-26f0-a668260f3996', 'ba729be8-36f6-fb9a-7e2c-4b99753cb652', 'product_217', 600.0, 1);
INSERT INTO payments (order_id, venue_id, method, amount)
VALUES ('80db5f0a-e191-f3f4-26f0-a668260f3996', '00000000-0000-0000-0000-000000000010', 'cash', 3010.0);
INSERT INTO orders (id, venue_id, number, status, total_amount, opened_at, closed_at, table_number)
VALUES ('40cc198e-6ef3-c17f-6d12-2e164563103b', '00000000-0000-0000-0000-000000000010', '7396', 'paid', 740.0, '2026-05-23 21:14:36', '2026-05-23 21:14:36', '9');
INSERT INTO order_items (order_id, product_id, product_name, product_price, quantity)
VALUES ('40cc198e-6ef3-c17f-6d12-2e164563103b', '5c3938ac-271e-5674-37aa-116c20435202', 'product_234', 370.0, 2);
INSERT INTO payments (order_id, venue_id, method, amount)
VALUES ('40cc198e-6ef3-c17f-6d12-2e164563103b', '00000000-0000-0000-0000-000000000010', 'card', 740.0);
INSERT INTO orders (id, venue_id, number, status, total_amount, opened_at, closed_at, table_number)
VALUES ('f9be5bac-0835-f5be-3efe-863f4393ed2b', '00000000-0000-0000-0000-000000000010', '7395', 'paid', 1540.0, '2026-05-23 21:12:16', '2026-05-23 21:12:16', '1');
INSERT INTO order_items (order_id, product_id, product_name, product_price, quantity)
VALUES ('f9be5bac-0835-f5be-3efe-863f4393ed2b', 'c0fb869e-f434-07cb-f666-b9f7e55d4032', 'product_113', 770.0, 2);
INSERT INTO payments (order_id, venue_id, method, amount)
VALUES ('f9be5bac-0835-f5be-3efe-863f4393ed2b', '00000000-0000-0000-0000-000000000010', 'card', 1540.0);
INSERT INTO orders (id, venue_id, number, status, total_amount, opened_at, closed_at, table_number)
VALUES ('c4acd904-94d9-f849-ef98-bf65b57b0045', '00000000-0000-0000-0000-000000000010', '7392', 'paid', 1470.0, '2026-05-23 20:44:43', '2026-05-23 20:44:43', '7');
INSERT INTO order_items (order_id, product_id, product_name, product_price, quantity)
VALUES ('c4acd904-94d9-f849-ef98-bf65b57b0045', '9a06fa1f-d2b5-1b6f-d6c5-37c2ffa3adfd', 'product_168', 640.0, 1);
INSERT INTO order_items (order_id, product_id, product_name, product_price, quantity)
VALUES ('c4acd904-94d9-f849-ef98-bf65b57b0045', '627b586a-57c8-d217-1549-c47bb32192ac', 'product_26', 460.0, 1);
INSERT INTO order_items (order_id, product_id, product_name, product_price, quantity)
VALUES ('c4acd904-94d9-f849-ef98-bf65b57b0045', '7a291d79-c795-0f76-118b-25d10a078238', 'product_191', 370.0, 1);
INSERT INTO payments (order_id, venue_id, method, amount)
VALUES ('c4acd904-94d9-f849-ef98-bf65b57b0045', '00000000-0000-0000-0000-000000000010', 'card', 1470.0);
INSERT INTO orders (id, venue_id, number, status, total_amount, opened_at, closed_at, table_number)
VALUES ('9e695ff6-538c-f9c2-4a53-193f9e668ae0', '00000000-0000-0000-0000-000000000010', '7393', 'paid', 4690.0, '2026-05-23 20:13:17', '2026-05-23 20:13:17', '1');
INSERT INTO order_items (order_id, product_id, product_name, product_price, quantity)
VALUES ('9e695ff6-538c-f9c2-4a53-193f9e668ae0', '1a9038b5-12c1-4b41-756a-ce6d8bb0fac8', 'product_114', 670.0, 7);
INSERT INTO payments (order_id, venue_id, method, amount)
VALUES ('9e695ff6-538c-f9c2-4a53-193f9e668ae0', '00000000-0000-0000-0000-000000000010', 'cash', 4690.0);
INSERT INTO orders (id, venue_id, number, status, total_amount, opened_at, closed_at, table_number)
VALUES ('7e8e6720-65d5-0815-48af-3df5908d524c', '00000000-0000-0000-0000-000000000010', '7391', 'paid', 2110.0, '2026-05-23 20:09:59', '2026-05-23 20:09:59', '10');
INSERT INTO order_items (order_id, product_id, product_name, product_price, quantity)
VALUES ('7e8e6720-65d5-0815-48af-3df5908d524c', 'badf5f45-b516-78fa-fbe7-ff32ed526953', 'product_226', 720.0, 1);
INSERT INTO order_items (order_id, product_id, product_name, product_price, quantity)
VALUES ('7e8e6720-65d5-0815-48af-3df5908d524c', 'c0fb869e-f434-07cb-f666-b9f7e55d4032', 'product_113', 770.0, 1);
INSERT INTO order_items (order_id, product_id, product_name, product_price, quantity)
VALUES ('7e8e6720-65d5-0815-48af-3df5908d524c', '0f7cfc79-3a3f-41ac-1aa4-b27431de9236', 'product_29', 620.0, 1);
INSERT INTO payments (order_id, venue_id, method, amount)
VALUES ('7e8e6720-65d5-0815-48af-3df5908d524c', '00000000-0000-0000-0000-000000000010', 'cash', 2110.0);
INSERT INTO orders (id, venue_id, number, status, total_amount, opened_at, closed_at, table_number)
VALUES ('526a4720-32bf-2728-b66b-ae83c64613b7', '00000000-0000-0000-0000-000000000010', '7390', 'paid', 5400.0, '2026-05-23 18:01:12', '2026-05-23 18:01:12', '7');
INSERT INTO order_items (order_id, product_id, product_name, product_price, quantity)
VALUES ('526a4720-32bf-2728-b66b-ae83c64613b7', '1d55740b-7a2f-ce7c-d33a-454fb2de27dc', 'product_155', 420.0, 4);
INSERT INTO order_items (order_id, product_id, product_name, product_price, quantity)
VALUES ('526a4720-32bf-2728-b66b-ae83c64613b7', '7ddbed72-7deb-5ee4-0634-41d52192bad1', 'product_23', 1750.0, 1);
INSERT INTO order_items (order_id, product_id, product_name, product_price, quantity)
VALUES ('526a4720-32bf-2728-b66b-ae83c64613b7', 'be5a3d23-0a5b-1ce3-2f38-ba9348e91024', 'product_207', 1750.0, 1);
INSERT INTO order_items (order_id, product_id, product_name, product_price, quantity)
VALUES ('526a4720-32bf-2728-b66b-ae83c64613b7', '81b3193a-f1f9-6ba6-5630-5c911f0c4a69', 'product_48', 220.0, 1);
INSERT INTO payments (order_id, venue_id, method, amount)
VALUES ('526a4720-32bf-2728-b66b-ae83c64613b7', '00000000-0000-0000-0000-000000000010', 'card', 5400.0);
INSERT INTO orders (id, venue_id, number, status, total_amount, opened_at, closed_at, table_number)
VALUES ('29a5bb0f-73ac-deb9-6a50-0b9eb10a97a9', '00000000-0000-0000-0000-000000000010', '7389', 'paid', 0.0, '2026-05-23 14:00:33', '2026-05-23 14:00:33', '9');
INSERT INTO order_items (order_id, product_id, product_name, product_price, quantity)
VALUES ('29a5bb0f-73ac-deb9-6a50-0b9eb10a97a9', '1afe238c-a186-0e67-9e9d-d39b8c4abe8a', 'product_229', 0.0, 1);
INSERT INTO orders (id, venue_id, number, status, total_amount, opened_at, closed_at, table_number)
VALUES ('ad6e253e-cc81-49c8-3d5e-8a589fbc89bf', '00000000-0000-0000-0000-000000000010', '7387', 'paid', 2450.0, '2026-05-23 13:22:33', '2026-05-23 13:22:33', '15');
INSERT INTO order_items (order_id, product_id, product_name, product_price, quantity)
VALUES ('ad6e253e-cc81-49c8-3d5e-8a589fbc89bf', '38432f7f-ba41-eaa0-7e46-d791008e4b02', 'product_6', 510.0, 3);
INSERT INTO order_items (order_id, product_id, product_name, product_price, quantity)
VALUES ('ad6e253e-cc81-49c8-3d5e-8a589fbc89bf', '021231f4-e9fa-ecbb-5f2a-ad1321ca42ea', 'product_59', 230.0, 2);
INSERT INTO order_items (order_id, product_id, product_name, product_price, quantity)
VALUES ('ad6e253e-cc81-49c8-3d5e-8a589fbc89bf', 'da98da7c-a663-0228-294e-97c1fae50fd1', 'product_54', 180.0, 1);
INSERT INTO order_items (order_id, product_id, product_name, product_price, quantity)
VALUES ('ad6e253e-cc81-49c8-3d5e-8a589fbc89bf', 'd46f67a1-e1dd-e079-0b5c-329f6422c4d4', 'product_60', 280.0, 1);
INSERT INTO orders (id, venue_id, number, status, total_amount, opened_at, closed_at, table_number)
VALUES ('f63a1d7e-286f-bb89-cfc6-3eb15cc26ecf', '00000000-0000-0000-0000-000000000010', '7384', 'paid', 1090.0, '2026-05-23 13:22:27', '2026-05-23 13:22:27', '15');
INSERT INTO order_items (order_id, product_id, product_name, product_price, quantity)
VALUES ('f63a1d7e-286f-bb89-cfc6-3eb15cc26ecf', '38432f7f-ba41-eaa0-7e46-d791008e4b02', 'product_6', 510.0, 1);
INSERT INTO order_items (order_id, product_id, product_name, product_price, quantity)
VALUES ('f63a1d7e-286f-bb89-cfc6-3eb15cc26ecf', 'ec61223f-a380-dd08-f9eb-461b3c2f80e6', 'product_163', 120.0, 1);
INSERT INTO order_items (order_id, product_id, product_name, product_price, quantity)
VALUES ('f63a1d7e-286f-bb89-cfc6-3eb15cc26ecf', '021231f4-e9fa-ecbb-5f2a-ad1321ca42ea', 'product_59', 230.0, 2);
INSERT INTO orders (id, venue_id, number, status, total_amount, opened_at, closed_at, table_number)
VALUES ('5a436842-481f-4e21-50f6-4e68f19fd0ca', '00000000-0000-0000-0000-000000000010', '7385', 'paid', 1880.0, '2026-05-23 13:22:12', '2026-05-23 13:22:12', '13');
INSERT INTO order_items (order_id, product_id, product_name, product_price, quantity)
VALUES ('5a436842-481f-4e21-50f6-4e68f19fd0ca', '2836be19-8d27-0aa1-68ed-3bbc6cf94fb8', 'product_13', 270.0, 2);
INSERT INTO order_items (order_id, product_id, product_name, product_price, quantity)
VALUES ('5a436842-481f-4e21-50f6-4e68f19fd0ca', '94d2bddc-c99f-2985-f8eb-9d8a4a995ad3', 'product_10', 300.0, 1);
INSERT INTO order_items (order_id, product_id, product_name, product_price, quantity)
VALUES ('5a436842-481f-4e21-50f6-4e68f19fd0ca', 'ec61223f-a380-dd08-f9eb-461b3c2f80e6', 'product_163', 120.0, 1);
INSERT INTO order_items (order_id, product_id, product_name, product_price, quantity)
VALUES ('5a436842-481f-4e21-50f6-4e68f19fd0ca', '021231f4-e9fa-ecbb-5f2a-ad1321ca42ea', 'product_59', 230.0, 4);
INSERT INTO orders (id, venue_id, number, status, total_amount, opened_at, closed_at, table_number)
VALUES ('873b40b7-c69c-eb21-61c7-27466f7bf9bd', '00000000-0000-0000-0000-000000000010', '7383', 'paid', 0.0, '2026-05-23 13:22:05', '2026-05-23 13:22:05', '10');
INSERT INTO order_items (order_id, product_id, product_name, product_price, quantity)
VALUES ('873b40b7-c69c-eb21-61c7-27466f7bf9bd', 'b9bdca4d-a423-6c36-2351-10cf52ff0eec', 'product_230', 0.0, 1);
INSERT INTO order_items (order_id, product_id, product_name, product_price, quantity)
VALUES ('873b40b7-c69c-eb21-61c7-27466f7bf9bd', '1afe238c-a186-0e67-9e9d-d39b8c4abe8a', 'product_229', 0.0, 1);
INSERT INTO orders (id, venue_id, number, status, total_amount, opened_at, closed_at, table_number)
VALUES ('e77ea6e7-14a6-9b5b-517e-feb888873838', '00000000-0000-0000-0000-000000000010', '7388', 'paid', 620.0, '2026-05-23 12:37:02', '2026-05-23 12:37:02', '1');
INSERT INTO order_items (order_id, product_id, product_name, product_price, quantity)
VALUES ('e77ea6e7-14a6-9b5b-517e-feb888873838', '0f7cfc79-3a3f-41ac-1aa4-b27431de9236', 'product_29', 620.0, 1);
INSERT INTO payments (order_id, venue_id, method, amount)
VALUES ('e77ea6e7-14a6-9b5b-517e-feb888873838', '00000000-0000-0000-0000-000000000010', 'cash', 620.0);
INSERT INTO orders (id, venue_id, number, status, total_amount, opened_at, closed_at, table_number)
VALUES ('7be67cbe-51e5-ca73-c4de-48fa171bba5b', '00000000-0000-0000-0000-000000000010', '7386', 'paid', 230.0, '2026-05-23 10:36:59', '2026-05-23 10:36:59', '1');
INSERT INTO order_items (order_id, product_id, product_name, product_price, quantity)
VALUES ('7be67cbe-51e5-ca73-c4de-48fa171bba5b', '021231f4-e9fa-ecbb-5f2a-ad1321ca42ea', 'product_59', 230.0, 1);
INSERT INTO payments (order_id, venue_id, method, amount)
VALUES ('7be67cbe-51e5-ca73-c4de-48fa171bba5b', '00000000-0000-0000-0000-000000000010', 'card', 230.0);
INSERT INTO orders (id, venue_id, number, status, total_amount, opened_at, closed_at, table_number)
VALUES ('fed9f3ae-509d-73e3-0e76-2b4c332f540e', '00000000-0000-0000-0000-000000000010', '7377', 'paid', 9050.0, '2026-05-22 22:22:35', '2026-05-22 22:22:35', '15');
INSERT INTO order_items (order_id, product_id, product_name, product_price, quantity)
VALUES ('fed9f3ae-509d-73e3-0e76-2b4c332f540e', 'ce90a2e4-a08b-570d-aca7-50bb5d2d0ab2', 'product_112', 440.0, 2);
INSERT INTO order_items (order_id, product_id, product_name, product_price, quantity)
VALUES ('fed9f3ae-509d-73e3-0e76-2b4c332f540e', 'f35a1ebf-94b4-c196-4fdb-5698a8e21330', 'product_170', 820.0, 2);
INSERT INTO order_items (order_id, product_id, product_name, product_price, quantity)
VALUES ('fed9f3ae-509d-73e3-0e76-2b4c332f540e', 'f5e07166-faf7-d429-5419-891577dc4984', 'product_180', 1750.0, 1);
INSERT INTO order_items (order_id, product_id, product_name, product_price, quantity)
VALUES ('fed9f3ae-509d-73e3-0e76-2b4c332f540e', '89f7c252-16f5-61cd-3e79-006400fd853a', 'product_208', 1750.0, 1);
INSERT INTO order_items (order_id, product_id, product_name, product_price, quantity)
VALUES ('fed9f3ae-509d-73e3-0e76-2b4c332f540e', '7ddbed72-7deb-5ee4-0634-41d52192bad1', 'product_23', 1750.0, 1);
INSERT INTO order_items (order_id, product_id, product_name, product_price, quantity)
VALUES ('fed9f3ae-509d-73e3-0e76-2b4c332f540e', 'fdb6f575-fe3f-282e-93d0-1dad56530fa5', 'product_15', 640.0, 1);
INSERT INTO order_items (order_id, product_id, product_name, product_price, quantity)
VALUES ('fed9f3ae-509d-73e3-0e76-2b4c332f540e', '81b3193a-f1f9-6ba6-5630-5c911f0c4a69', 'product_48', 220.0, 2);
INSERT INTO order_items (order_id, product_id, product_name, product_price, quantity)
VALUES ('fed9f3ae-509d-73e3-0e76-2b4c332f540e', '09d9bcce-e54b-d518-c5bf-1c5d4b683d38', 'product_50', 200.0, 1);
INSERT INTO payments (order_id, venue_id, method, amount)
VALUES ('fed9f3ae-509d-73e3-0e76-2b4c332f540e', '00000000-0000-0000-0000-000000000010', 'cash', 9050.0);
INSERT INTO orders (id, venue_id, number, status, total_amount, opened_at, closed_at, table_number)
VALUES ('d196ef30-7835-6d10-4ce4-c4e2dbd7137d', '00000000-0000-0000-0000-000000000010', '7337', 'paid', 0.0, '2026-05-22 21:27:43', '2026-05-22 21:27:43', '14');
INSERT INTO orders (id, venue_id, number, status, total_amount, opened_at, closed_at, table_number)
VALUES ('b97b18ed-a9cf-c1f7-8e55-989cfaa07c8c', '00000000-0000-0000-0000-000000000010', '7382', 'paid', 7150.0, '2026-05-22 20:31:49', '2026-05-22 20:31:49', '12');
INSERT INTO order_items (order_id, product_id, product_name, product_price, quantity)
VALUES ('b97b18ed-a9cf-c1f7-8e55-989cfaa07c8c', 'c0fb869e-f434-07cb-f666-b9f7e55d4032', 'product_113', 770.0, 1);
INSERT INTO order_items (order_id, product_id, product_name, product_price, quantity)
VALUES ('b97b18ed-a9cf-c1f7-8e55-989cfaa07c8c', '7ddbed72-7deb-5ee4-0634-41d52192bad1', 'product_23', 1750.0, 1);
INSERT INTO order_items (order_id, product_id, product_name, product_price, quantity)
VALUES ('b97b18ed-a9cf-c1f7-8e55-989cfaa07c8c', '9a06fa1f-d2b5-1b6f-d6c5-37c2ffa3adfd', 'product_168', 640.0, 1);
INSERT INTO order_items (order_id, product_id, product_name, product_price, quantity)
VALUES ('b97b18ed-a9cf-c1f7-8e55-989cfaa07c8c', '338bdc4d-fbd5-43ad-a7a7-3951ceca3a16', 'product_97', 260.0, 2);
INSERT INTO order_items (order_id, product_id, product_name, product_price, quantity)
VALUES ('b97b18ed-a9cf-c1f7-8e55-989cfaa07c8c', 'e81dc667-2a7e-c5f0-b886-e7a3451b0fd2', 'product_219', 570.0, 2);
INSERT INTO order_items (order_id, product_id, product_name, product_price, quantity)
VALUES ('b97b18ed-a9cf-c1f7-8e55-989cfaa07c8c', 'bc75aa2b-4910-21bf-56ff-d9769b039d8e', 'product_47', 220.0, 1);
INSERT INTO order_items (order_id, product_id, product_name, product_price, quantity)
VALUES ('b97b18ed-a9cf-c1f7-8e55-989cfaa07c8c', '0f7cfc79-3a3f-41ac-1aa4-b27431de9236', 'product_29', 620.0, 2);
INSERT INTO order_items (order_id, product_id, product_name, product_price, quantity)
VALUES ('b97b18ed-a9cf-c1f7-8e55-989cfaa07c8c', '5f05b996-99f5-dfcb-e4b9-79078ca1f540', 'product_100', 460.0, 1);
INSERT INTO order_items (order_id, product_id, product_name, product_price, quantity)
VALUES ('b97b18ed-a9cf-c1f7-8e55-989cfaa07c8c', '4f5dfe3a-4ba6-edc6-1a39-a54a344ea46a', 'product_159', 220.0, 1);
INSERT INTO order_items (order_id, product_id, product_name, product_price, quantity)
VALUES ('b97b18ed-a9cf-c1f7-8e55-989cfaa07c8c', 'a2b39819-292c-0b80-799d-c77d7020fc9d', 'product_34', 190.0, 1);
INSERT INTO payments (order_id, venue_id, method, amount)
VALUES ('b97b18ed-a9cf-c1f7-8e55-989cfaa07c8c', '00000000-0000-0000-0000-000000000010', 'cash', 7150.0);
INSERT INTO orders (id, venue_id, number, status, total_amount, opened_at, closed_at, table_number)
VALUES ('2d285091-756c-f92d-1ceb-84f54cca84d6', '00000000-0000-0000-0000-000000000010', '7379', 'paid', 2450.0, '2026-05-22 18:57:46', '2026-05-22 18:57:46', '4');
INSERT INTO order_items (order_id, product_id, product_name, product_price, quantity)
VALUES ('2d285091-756c-f92d-1ceb-84f54cca84d6', '09d404dd-f87b-b319-4eda-9ce7c697868d', 'product_32', 370.0, 1);
INSERT INTO order_items (order_id, product_id, product_name, product_price, quantity)
VALUES ('2d285091-756c-f92d-1ceb-84f54cca84d6', '0f7cfc79-3a3f-41ac-1aa4-b27431de9236', 'product_29', 620.0, 2);
INSERT INTO order_items (order_id, product_id, product_name, product_price, quantity)
VALUES ('2d285091-756c-f92d-1ceb-84f54cca84d6', '1d55740b-7a2f-ce7c-d33a-454fb2de27dc', 'product_155', 420.0, 2);
INSERT INTO payments (order_id, venue_id, method, amount)
VALUES ('2d285091-756c-f92d-1ceb-84f54cca84d6', '00000000-0000-0000-0000-000000000010', 'card', 2450.0);
INSERT INTO orders (id, venue_id, number, status, total_amount, opened_at, closed_at, table_number)
VALUES ('8dc47864-d5c1-1683-3da3-dc669860bc0f', '00000000-0000-0000-0000-000000000010', '7381', 'paid', 2810.0, '2026-05-22 18:50:08', '2026-05-22 18:50:08', '10');
INSERT INTO order_items (order_id, product_id, product_name, product_price, quantity)
VALUES ('8dc47864-d5c1-1683-3da3-dc669860bc0f', 'fdb6f575-fe3f-282e-93d0-1dad56530fa5', 'product_15', 640.0, 1);
INSERT INTO order_items (order_id, product_id, product_name, product_price, quantity)
VALUES ('8dc47864-d5c1-1683-3da3-dc669860bc0f', '12c00a10-9417-532f-bd97-a2bf1a11e847', 'product_120', 2170.0, 1);
INSERT INTO payments (order_id, venue_id, method, amount)
VALUES ('8dc47864-d5c1-1683-3da3-dc669860bc0f', '00000000-0000-0000-0000-000000000010', 'card', 2810.0);
INSERT INTO orders (id, venue_id, number, status, total_amount, opened_at, closed_at, table_number)
VALUES ('1101c427-d227-3fc4-c674-f1be4af3a99b', '00000000-0000-0000-0000-000000000010', '7380', 'paid', 4590.0, '2026-05-22 16:53:49', '2026-05-22 16:53:49', '11');
INSERT INTO order_items (order_id, product_id, product_name, product_price, quantity)
VALUES ('1101c427-d227-3fc4-c674-f1be4af3a99b', '627b586a-57c8-d217-1549-c47bb32192ac', 'product_26', 460.0, 1);
INSERT INTO order_items (order_id, product_id, product_name, product_price, quantity)
VALUES ('1101c427-d227-3fc4-c674-f1be4af3a99b', '6e00b5a0-6b62-d942-73e4-86982bcae389', 'product_21', 1370.0, 1);
INSERT INTO order_items (order_id, product_id, product_name, product_price, quantity)
VALUES ('1101c427-d227-3fc4-c674-f1be4af3a99b', 'f35a1ebf-94b4-c196-4fdb-5698a8e21330', 'product_170', 820.0, 1);
INSERT INTO order_items (order_id, product_id, product_name, product_price, quantity)
VALUES ('1101c427-d227-3fc4-c674-f1be4af3a99b', 'fdb6f575-fe3f-282e-93d0-1dad56530fa5', 'product_15', 640.0, 1);
INSERT INTO order_items (order_id, product_id, product_name, product_price, quantity)
VALUES ('1101c427-d227-3fc4-c674-f1be4af3a99b', '38432f7f-ba41-eaa0-7e46-d791008e4b02', 'product_6', 510.0, 1);
INSERT INTO order_items (order_id, product_id, product_name, product_price, quantity)
VALUES ('1101c427-d227-3fc4-c674-f1be4af3a99b', '2836be19-8d27-0aa1-68ed-3bbc6cf94fb8', 'product_13', 270.0, 1);
INSERT INTO order_items (order_id, product_id, product_name, product_price, quantity)
VALUES ('1101c427-d227-3fc4-c674-f1be4af3a99b', 'ec61223f-a380-dd08-f9eb-461b3c2f80e6', 'product_163', 120.0, 1);
INSERT INTO order_items (order_id, product_id, product_name, product_price, quantity)
VALUES ('1101c427-d227-3fc4-c674-f1be4af3a99b', '2aea4c79-36dc-7b25-0bb9-c98c36e577c7', 'product_58', 200.0, 2);
INSERT INTO payments (order_id, venue_id, method, amount)
VALUES ('1101c427-d227-3fc4-c674-f1be4af3a99b', '00000000-0000-0000-0000-000000000010', 'card', 3410.0);
INSERT INTO orders (id, venue_id, number, status, total_amount, opened_at, closed_at, table_number)
VALUES ('a1469bfa-cbd7-da7d-d156-a5e9da6e25e3', '00000000-0000-0000-0000-000000000010', '7378', 'paid', 200.0, '2026-05-22 16:06:07', '2026-05-22 16:06:07', '3');
INSERT INTO order_items (order_id, product_id, product_name, product_price, quantity)
VALUES ('a1469bfa-cbd7-da7d-d156-a5e9da6e25e3', '2aea4c79-36dc-7b25-0bb9-c98c36e577c7', 'product_58', 200.0, 1);
INSERT INTO payments (order_id, venue_id, method, amount)
VALUES ('a1469bfa-cbd7-da7d-d156-a5e9da6e25e3', '00000000-0000-0000-0000-000000000010', 'card', 200.0);
INSERT INTO orders (id, venue_id, number, status, total_amount, opened_at, closed_at, table_number)
VALUES ('6663adff-7130-8726-b5b4-b455460219e4', '00000000-0000-0000-0000-000000000010', '7376', 'paid', 2640.0, '2026-05-22 11:55:34', '2026-05-22 11:55:34', '12');
INSERT INTO order_items (order_id, product_id, product_name, product_price, quantity)
VALUES ('6663adff-7130-8726-b5b4-b455460219e4', '7b0b5f60-47be-c07e-9585-af9a20b6d773', 'product_9', 460.0, 3);
INSERT INTO order_items (order_id, product_id, product_name, product_price, quantity)
VALUES ('6663adff-7130-8726-b5b4-b455460219e4', '2aea4c79-36dc-7b25-0bb9-c98c36e577c7', 'product_58', 200.0, 1);
INSERT INTO order_items (order_id, product_id, product_name, product_price, quantity)
VALUES ('6663adff-7130-8726-b5b4-b455460219e4', 'd46f67a1-e1dd-e079-0b5c-329f6422c4d4', 'product_60', 280.0, 2);
INSERT INTO order_items (order_id, product_id, product_name, product_price, quantity)
VALUES ('6663adff-7130-8726-b5b4-b455460219e4', '966437e8-b784-92e7-0afa-ff8bde6f1e53', 'product_145', 130.0, 1);
INSERT INTO order_items (order_id, product_id, product_name, product_price, quantity)
VALUES ('6663adff-7130-8726-b5b4-b455460219e4', '5c3938ac-271e-5674-37aa-116c20435202', 'product_234', 370.0, 1);
INSERT INTO payments (order_id, venue_id, method, amount)
VALUES ('6663adff-7130-8726-b5b4-b455460219e4', '00000000-0000-0000-0000-000000000010', 'card', 500.0);
INSERT INTO orders (id, venue_id, number, status, total_amount, opened_at, closed_at, table_number)
VALUES ('3b7bcd80-7bd1-b0a9-ac16-1d1055471792', '00000000-0000-0000-0000-000000000010', '7375', 'paid', 1800.0, '2026-05-22 11:20:32', '2026-05-22 11:20:32', '10');
INSERT INTO order_items (order_id, product_id, product_name, product_price, quantity)
VALUES ('3b7bcd80-7bd1-b0a9-ac16-1d1055471792', '38432f7f-ba41-eaa0-7e46-d791008e4b02', 'product_6', 510.0, 1);
INSERT INTO order_items (order_id, product_id, product_name, product_price, quantity)
VALUES ('3b7bcd80-7bd1-b0a9-ac16-1d1055471792', '7b0b5f60-47be-c07e-9585-af9a20b6d773', 'product_9', 460.0, 2);
INSERT INTO order_items (order_id, product_id, product_name, product_price, quantity)
VALUES ('3b7bcd80-7bd1-b0a9-ac16-1d1055471792', '5c3938ac-271e-5674-37aa-116c20435202', 'product_234', 370.0, 1);
INSERT INTO payments (order_id, venue_id, method, amount)
VALUES ('3b7bcd80-7bd1-b0a9-ac16-1d1055471792', '00000000-0000-0000-0000-000000000010', 'cash', 370.0);
INSERT INTO orders (id, venue_id, number, status, total_amount, opened_at, closed_at, table_number)
VALUES ('1e88615a-4f02-8eb7-378d-a0c4f08107fa', '00000000-0000-0000-0000-000000000010', '7374', 'paid', 2500.0, '2026-05-21 20:34:37', '2026-05-21 20:34:37', '12');
INSERT INTO order_items (order_id, product_id, product_name, product_price, quantity)
VALUES ('1e88615a-4f02-8eb7-378d-a0c4f08107fa', 'c0fb869e-f434-07cb-f666-b9f7e55d4032', 'product_113', 770.0, 3);
INSERT INTO order_items (order_id, product_id, product_name, product_price, quantity)
VALUES ('1e88615a-4f02-8eb7-378d-a0c4f08107fa', '0caff6fe-c574-8665-33ca-5f2cee71ebb2', 'product_35', 190.0, 1);
INSERT INTO payments (order_id, venue_id, method, amount)
VALUES ('1e88615a-4f02-8eb7-378d-a0c4f08107fa', '00000000-0000-0000-0000-000000000010', 'cash', 2500.0);
INSERT INTO orders (id, venue_id, number, status, total_amount, opened_at, closed_at, table_number)
VALUES ('b0ea78a4-e9c0-ed5d-541b-0025800eb0f5', '00000000-0000-0000-0000-000000000010', '7373', 'paid', 2570.0, '2026-05-21 19:27:28', '2026-05-21 19:27:28', '10');
INSERT INTO order_items (order_id, product_id, product_name, product_price, quantity)
VALUES ('b0ea78a4-e9c0-ed5d-541b-0025800eb0f5', 'e81dc667-2a7e-c5f0-b886-e7a3451b0fd2', 'product_219', 570.0, 1);
INSERT INTO order_items (order_id, product_id, product_name, product_price, quantity)
VALUES ('b0ea78a4-e9c0-ed5d-541b-0025800eb0f5', '0f7cfc79-3a3f-41ac-1aa4-b27431de9236', 'product_29', 620.0, 2);
INSERT INTO order_items (order_id, product_id, product_name, product_price, quantity)
VALUES ('b0ea78a4-e9c0-ed5d-541b-0025800eb0f5', '2aea4c79-36dc-7b25-0bb9-c98c36e577c7', 'product_58', 200.0, 1);
INSERT INTO order_items (order_id, product_id, product_name, product_price, quantity)
VALUES ('b0ea78a4-e9c0-ed5d-541b-0025800eb0f5', 'd46f67a1-e1dd-e079-0b5c-329f6422c4d4', 'product_60', 280.0, 2);
INSERT INTO payments (order_id, venue_id, method, amount)
VALUES ('b0ea78a4-e9c0-ed5d-541b-0025800eb0f5', '00000000-0000-0000-0000-000000000010', 'card', 2570.0);
INSERT INTO orders (id, venue_id, number, status, total_amount, opened_at, closed_at, table_number)
VALUES ('15215286-88ad-7662-fd06-a3e542dc290b', '00000000-0000-0000-0000-000000000010', '7372', 'paid', 190.0, '2026-05-21 16:48:14', '2026-05-21 16:48:14', '5');
INSERT INTO order_items (order_id, product_id, product_name, product_price, quantity)
VALUES ('15215286-88ad-7662-fd06-a3e542dc290b', '0caff6fe-c574-8665-33ca-5f2cee71ebb2', 'product_35', 190.0, 1);
INSERT INTO payments (order_id, venue_id, method, amount)
VALUES ('15215286-88ad-7662-fd06-a3e542dc290b', '00000000-0000-0000-0000-000000000010', 'card', 190.0);
INSERT INTO orders (id, venue_id, number, status, total_amount, opened_at, closed_at, table_number)
VALUES ('dd8bb5f9-a620-138d-a146-9de813e8fdc0', '00000000-0000-0000-0000-000000000010', '7371', 'paid', 180.0, '2026-05-21 14:16:35', '2026-05-21 14:16:35', '7');
INSERT INTO order_items (order_id, product_id, product_name, product_price, quantity)
VALUES ('dd8bb5f9-a620-138d-a146-9de813e8fdc0', 'da98da7c-a663-0228-294e-97c1fae50fd1', 'product_54', 180.0, 1);
INSERT INTO payments (order_id, venue_id, method, amount)
VALUES ('dd8bb5f9-a620-138d-a146-9de813e8fdc0', '00000000-0000-0000-0000-000000000010', 'card', 180.0);
INSERT INTO orders (id, venue_id, number, status, total_amount, opened_at, closed_at, table_number)
VALUES ('997bd030-e657-7605-634c-3907d97e3b60', '00000000-0000-0000-0000-000000000010', '7366', 'paid', 10370.0, '2026-05-21 14:03:19', '2026-05-21 14:03:19', '7');
INSERT INTO order_items (order_id, product_id, product_name, product_price, quantity)
VALUES ('997bd030-e657-7605-634c-3907d97e3b60', '966437e8-b784-92e7-0afa-ff8bde6f1e53', 'product_145', 130.0, 3);
INSERT INTO order_items (order_id, product_id, product_name, product_price, quantity)
VALUES ('997bd030-e657-7605-634c-3907d97e3b60', 'da98da7c-a663-0228-294e-97c1fae50fd1', 'product_54', 180.0, 6);
INSERT INTO order_items (order_id, product_id, product_name, product_price, quantity)
VALUES ('997bd030-e657-7605-634c-3907d97e3b60', '021231f4-e9fa-ecbb-5f2a-ad1321ca42ea', 'product_59', 230.0, 1);
INSERT INTO order_items (order_id, product_id, product_name, product_price, quantity)
VALUES ('997bd030-e657-7605-634c-3907d97e3b60', '7b0b5f60-47be-c07e-9585-af9a20b6d773', 'product_9', 460.0, 7);
INSERT INTO order_items (order_id, product_id, product_name, product_price, quantity)
VALUES ('997bd030-e657-7605-634c-3907d97e3b60', 'fdb6f575-fe3f-282e-93d0-1dad56530fa5', 'product_15', 640.0, 2);
INSERT INTO order_items (order_id, product_id, product_name, product_price, quantity)
VALUES ('997bd030-e657-7605-634c-3907d97e3b60', '951f4bf6-be55-0e75-59a9-7e580a0d07c4', 'product_14', 640.0, 1);
INSERT INTO order_items (order_id, product_id, product_name, product_price, quantity)
VALUES ('997bd030-e657-7605-634c-3907d97e3b60', 'ce90a2e4-a08b-570d-aca7-50bb5d2d0ab2', 'product_112', 440.0, 1);
INSERT INTO order_items (order_id, product_id, product_name, product_price, quantity)
VALUES ('997bd030-e657-7605-634c-3907d97e3b60', 'c0fb869e-f434-07cb-f666-b9f7e55d4032', 'product_113', 770.0, 2);
INSERT INTO order_items (order_id, product_id, product_name, product_price, quantity)
VALUES ('997bd030-e657-7605-634c-3907d97e3b60', '09d404dd-f87b-b319-4eda-9ce7c697868d', 'product_32', 370.0, 2);
INSERT INTO order_items (order_id, product_id, product_name, product_price, quantity)
VALUES ('997bd030-e657-7605-634c-3907d97e3b60', '5c3938ac-271e-5674-37aa-116c20435202', 'product_234', 370.0, 1);
INSERT INTO order_items (order_id, product_id, product_name, product_price, quantity)
VALUES ('997bd030-e657-7605-634c-3907d97e3b60', '81b3193a-f1f9-6ba6-5630-5c911f0c4a69', 'product_48', 220.0, 2);
INSERT INTO payments (order_id, venue_id, method, amount)
VALUES ('997bd030-e657-7605-634c-3907d97e3b60', '00000000-0000-0000-0000-000000000010', 'card', 10370.0);
INSERT INTO orders (id, venue_id, number, status, total_amount, opened_at, closed_at, table_number)
VALUES ('aac3491a-5af4-de8c-cecb-961483d639ea', '00000000-0000-0000-0000-000000000010', '7369', 'paid', 1010.0, '2026-05-21 12:43:46', '2026-05-21 12:43:46', '1');
INSERT INTO order_items (order_id, product_id, product_name, product_price, quantity)
VALUES ('aac3491a-5af4-de8c-cecb-961483d639ea', '38432f7f-ba41-eaa0-7e46-d791008e4b02', 'product_6', 510.0, 1);
INSERT INTO order_items (order_id, product_id, product_name, product_price, quantity)
VALUES ('aac3491a-5af4-de8c-cecb-961483d639ea', '2aea4c79-36dc-7b25-0bb9-c98c36e577c7', 'product_58', 200.0, 1);
INSERT INTO order_items (order_id, product_id, product_name, product_price, quantity)
VALUES ('aac3491a-5af4-de8c-cecb-961483d639ea', 'da98da7c-a663-0228-294e-97c1fae50fd1', 'product_54', 180.0, 1);
INSERT INTO order_items (order_id, product_id, product_name, product_price, quantity)
VALUES ('aac3491a-5af4-de8c-cecb-961483d639ea', 'ec61223f-a380-dd08-f9eb-461b3c2f80e6', 'product_163', 120.0, 1);
INSERT INTO payments (order_id, venue_id, method, amount)
VALUES ('aac3491a-5af4-de8c-cecb-961483d639ea', '00000000-0000-0000-0000-000000000010', 'card', 1010.0);
INSERT INTO orders (id, venue_id, number, status, total_amount, opened_at, closed_at, table_number)
VALUES ('fbb6d1a8-ca98-824a-47c9-b616c324d62c', '00000000-0000-0000-0000-000000000010', '7365', 'paid', 4560.0, '2026-05-21 11:11:27', '2026-05-21 11:11:27', '10');
INSERT INTO order_items (order_id, product_id, product_name, product_price, quantity)
VALUES ('fbb6d1a8-ca98-824a-47c9-b616c324d62c', '7b0b5f60-47be-c07e-9585-af9a20b6d773', 'product_9', 460.0, 7);
INSERT INTO order_items (order_id, product_id, product_name, product_price, quantity)
VALUES ('fbb6d1a8-ca98-824a-47c9-b616c324d62c', 'da98da7c-a663-0228-294e-97c1fae50fd1', 'product_54', 180.0, 3);
INSERT INTO order_items (order_id, product_id, product_name, product_price, quantity)
VALUES ('fbb6d1a8-ca98-824a-47c9-b616c324d62c', '2aea4c79-36dc-7b25-0bb9-c98c36e577c7', 'product_58', 200.0, 4);
INSERT INTO orders (id, venue_id, number, status, total_amount, opened_at, closed_at, table_number)
VALUES ('3ad6cb18-87a9-751c-4f89-37d21b249944', '00000000-0000-0000-0000-000000000010', '7367', 'paid', 1380.0, '2026-05-21 11:11:18', '2026-05-21 11:11:18', '13');
INSERT INTO order_items (order_id, product_id, product_name, product_price, quantity)
VALUES ('3ad6cb18-87a9-751c-4f89-37d21b249944', '38432f7f-ba41-eaa0-7e46-d791008e4b02', 'product_6', 510.0, 2);
INSERT INTO order_items (order_id, product_id, product_name, product_price, quantity)
VALUES ('3ad6cb18-87a9-751c-4f89-37d21b249944', '2e331f2f-b6fd-7898-11b0-9b0e3a2e58be', 'product_57', 180.0, 1);
INSERT INTO order_items (order_id, product_id, product_name, product_price, quantity)
VALUES ('3ad6cb18-87a9-751c-4f89-37d21b249944', 'da98da7c-a663-0228-294e-97c1fae50fd1', 'product_54', 180.0, 1);
INSERT INTO orders (id, venue_id, number, status, total_amount, opened_at, closed_at, table_number)
VALUES ('2912157f-6240-55fd-ec63-92d8293b9aa2', '00000000-0000-0000-0000-000000000010', '7368', 'paid', 1080.0, '2026-05-21 11:00:43', '2026-05-21 11:00:43', '12');
INSERT INTO order_items (order_id, product_id, product_name, product_price, quantity)
VALUES ('2912157f-6240-55fd-ec63-92d8293b9aa2', '38432f7f-ba41-eaa0-7e46-d791008e4b02', 'product_6', 510.0, 1);
INSERT INTO order_items (order_id, product_id, product_name, product_price, quantity)
VALUES ('2912157f-6240-55fd-ec63-92d8293b9aa2', '2aea4c79-36dc-7b25-0bb9-c98c36e577c7', 'product_58', 200.0, 1);
INSERT INTO order_items (order_id, product_id, product_name, product_price, quantity)
VALUES ('2912157f-6240-55fd-ec63-92d8293b9aa2', '09d404dd-f87b-b319-4eda-9ce7c697868d', 'product_32', 370.0, 1);
INSERT INTO payments (order_id, venue_id, method, amount)
VALUES ('2912157f-6240-55fd-ec63-92d8293b9aa2', '00000000-0000-0000-0000-000000000010', 'cash', 370.0);
INSERT INTO orders (id, venue_id, number, status, total_amount, opened_at, closed_at, table_number)
VALUES ('f51747f0-e298-0bbf-559f-26fd39fc9e64', '00000000-0000-0000-0000-000000000010', '7361', 'paid', 0.0, '2026-05-20 22:22:50', '2026-05-20 22:22:50', '9');
INSERT INTO order_items (order_id, product_id, product_name, product_price, quantity)
VALUES ('f51747f0-e298-0bbf-559f-26fd39fc9e64', '82c55340-bd07-2a9a-a6cc-6ce377f958f2', 'product_148', 0.0, 3);
INSERT INTO orders (id, venue_id, number, status, total_amount, opened_at, closed_at, table_number)
VALUES ('0c8ae076-1df5-f821-bdc4-bb1df3a44e22', '00000000-0000-0000-0000-000000000010', '7363', 'paid', 7950.0, '2026-05-20 21:42:27', '2026-05-20 21:42:27', '13');
INSERT INTO order_items (order_id, product_id, product_name, product_price, quantity)
VALUES ('0c8ae076-1df5-f821-bdc4-bb1df3a44e22', 'eb1260af-ca5f-c811-fd1c-bf1664229477', 'product_115', 310.0, 1);
INSERT INTO order_items (order_id, product_id, product_name, product_price, quantity)
VALUES ('0c8ae076-1df5-f821-bdc4-bb1df3a44e22', '1d55740b-7a2f-ce7c-d33a-454fb2de27dc', 'product_155', 420.0, 2);
INSERT INTO order_items (order_id, product_id, product_name, product_price, quantity)
VALUES ('0c8ae076-1df5-f821-bdc4-bb1df3a44e22', 'ce90a2e4-a08b-570d-aca7-50bb5d2d0ab2', 'product_112', 440.0, 1);
INSERT INTO order_items (order_id, product_id, product_name, product_price, quantity)
VALUES ('0c8ae076-1df5-f821-bdc4-bb1df3a44e22', 'bc75aa2b-4910-21bf-56ff-d9769b039d8e', 'product_47', 220.0, 1);
INSERT INTO order_items (order_id, product_id, product_name, product_price, quantity)
VALUES ('0c8ae076-1df5-f821-bdc4-bb1df3a44e22', '30d3c4b2-8d8b-4d91-9c67-b3d72ab218cc', 'product_129', 470.0, 3);
INSERT INTO order_items (order_id, product_id, product_name, product_price, quantity)
VALUES ('0c8ae076-1df5-f821-bdc4-bb1df3a44e22', '171299cb-76e1-a013-fde5-bddec524aa9e', 'product_118', 2820.0, 1);
INSERT INTO order_items (order_id, product_id, product_name, product_price, quantity)
VALUES ('0c8ae076-1df5-f821-bdc4-bb1df3a44e22', '966437e8-b784-92e7-0afa-ff8bde6f1e53', 'product_145', 130.0, 1);
INSERT INTO order_items (order_id, product_id, product_name, product_price, quantity)
VALUES ('0c8ae076-1df5-f821-bdc4-bb1df3a44e22', 'c0fb869e-f434-07cb-f666-b9f7e55d4032', 'product_113', 770.0, 1);
INSERT INTO order_items (order_id, product_id, product_name, product_price, quantity)
VALUES ('0c8ae076-1df5-f821-bdc4-bb1df3a44e22', '7f688518-4003-c783-7333-b947a8856b49', 'product_28', 470.0, 1);
INSERT INTO order_items (order_id, product_id, product_name, product_price, quantity)
VALUES ('0c8ae076-1df5-f821-bdc4-bb1df3a44e22', '8b7920ef-e954-d760-2a69-99cafc830c2e', 'product_171', 270.0, 2);
INSERT INTO payments (order_id, venue_id, method, amount)
VALUES ('0c8ae076-1df5-f821-bdc4-bb1df3a44e22', '00000000-0000-0000-0000-000000000010', 'card', 7950.0);
INSERT INTO orders (id, venue_id, number, status, total_amount, opened_at, closed_at, table_number)
VALUES ('734552b0-e172-2e4e-05b7-9f0112918676', '00000000-0000-0000-0000-000000000010', '7364', 'paid', 8480.0, '2026-05-20 21:02:47', '2026-05-20 21:02:47', '12');
INSERT INTO order_items (order_id, product_id, product_name, product_price, quantity)
VALUES ('734552b0-e172-2e4e-05b7-9f0112918676', 'f35ae6ee-40da-7479-c64b-612bff507023', 'product_31', 370.0, 1);
INSERT INTO order_items (order_id, product_id, product_name, product_price, quantity)
VALUES ('734552b0-e172-2e4e-05b7-9f0112918676', '260b99e2-59bd-a3dc-c313-434aff0daf54', 'product_144', 190.0, 2);
INSERT INTO order_items (order_id, product_id, product_name, product_price, quantity)
VALUES ('734552b0-e172-2e4e-05b7-9f0112918676', 'eb1260af-ca5f-c811-fd1c-bf1664229477', 'product_115', 310.0, 7);
INSERT INTO order_items (order_id, product_id, product_name, product_price, quantity)
VALUES ('734552b0-e172-2e4e-05b7-9f0112918676', 'fdb6f575-fe3f-282e-93d0-1dad56530fa5', 'product_15', 640.0, 1);
INSERT INTO order_items (order_id, product_id, product_name, product_price, quantity)
VALUES ('734552b0-e172-2e4e-05b7-9f0112918676', 'f35a1ebf-94b4-c196-4fdb-5698a8e21330', 'product_170', 820.0, 2);
INSERT INTO order_items (order_id, product_id, product_name, product_price, quantity)
VALUES ('734552b0-e172-2e4e-05b7-9f0112918676', 'ce90a2e4-a08b-570d-aca7-50bb5d2d0ab2', 'product_112', 440.0, 1);
INSERT INTO order_items (order_id, product_id, product_name, product_price, quantity)
VALUES ('734552b0-e172-2e4e-05b7-9f0112918676', '7ddbed72-7deb-5ee4-0634-41d52192bad1', 'product_23', 1750.0, 1);
INSERT INTO order_items (order_id, product_id, product_name, product_price, quantity)
VALUES ('734552b0-e172-2e4e-05b7-9f0112918676', '7f688518-4003-c783-7333-b947a8856b49', 'product_28', 470.0, 1);
INSERT INTO order_items (order_id, product_id, product_name, product_price, quantity)
VALUES ('734552b0-e172-2e4e-05b7-9f0112918676', '0f7cfc79-3a3f-41ac-1aa4-b27431de9236', 'product_29', 620.0, 1);
INSERT INTO payments (order_id, venue_id, method, amount)
VALUES ('734552b0-e172-2e4e-05b7-9f0112918676', '00000000-0000-0000-0000-000000000010', 'cash', 8480.0);
INSERT INTO orders (id, venue_id, number, status, total_amount, opened_at, closed_at, table_number)
VALUES ('a61c9154-d67f-e4d0-77d6-241e963fb3f7', '00000000-0000-0000-0000-000000000010', '7358', 'paid', 920.0, '2026-05-20 17:13:51', '2026-05-20 17:13:51', '1');
INSERT INTO order_items (order_id, product_id, product_name, product_price, quantity)
VALUES ('a61c9154-d67f-e4d0-77d6-241e963fb3f7', '38432f7f-ba41-eaa0-7e46-d791008e4b02', 'product_6', 510.0, 1);
INSERT INTO order_items (order_id, product_id, product_name, product_price, quantity)
VALUES ('a61c9154-d67f-e4d0-77d6-241e963fb3f7', 'da98da7c-a663-0228-294e-97c1fae50fd1', 'product_54', 180.0, 1);
INSERT INTO order_items (order_id, product_id, product_name, product_price, quantity)
VALUES ('a61c9154-d67f-e4d0-77d6-241e963fb3f7', '021231f4-e9fa-ecbb-5f2a-ad1321ca42ea', 'product_59', 230.0, 1);
INSERT INTO orders (id, venue_id, number, status, total_amount, opened_at, closed_at, table_number)
VALUES ('6268e2d3-0bd2-ef38-d7bf-2e430fee5b86', '00000000-0000-0000-0000-000000000010', '7359', 'paid', 1590.0, '2026-05-20 17:13:35', '2026-05-20 17:13:35', '15');
INSERT INTO order_items (order_id, product_id, product_name, product_price, quantity)
VALUES ('6268e2d3-0bd2-ef38-d7bf-2e430fee5b86', '8d266d35-f6a4-b267-e097-564510f7f857', 'product_12', 270.0, 1);
INSERT INTO order_items (order_id, product_id, product_name, product_price, quantity)
VALUES ('6268e2d3-0bd2-ef38-d7bf-2e430fee5b86', '7b0b5f60-47be-c07e-9585-af9a20b6d773', 'product_9', 460.0, 2);
INSERT INTO order_items (order_id, product_id, product_name, product_price, quantity)
VALUES ('6268e2d3-0bd2-ef38-d7bf-2e430fee5b86', '2aea4c79-36dc-7b25-0bb9-c98c36e577c7', 'product_58', 200.0, 2);
INSERT INTO orders (id, venue_id, number, status, total_amount, opened_at, closed_at, table_number)
VALUES ('253fa3a7-2e7a-d369-f5e6-6377416cb208', '00000000-0000-0000-0000-000000000010', '7360', 'paid', 730.0, '2026-05-20 17:13:25', '2026-05-20 17:13:25', '13');
INSERT INTO order_items (order_id, product_id, product_name, product_price, quantity)
VALUES ('253fa3a7-2e7a-d369-f5e6-6377416cb208', 'b9bdca4d-a423-6c36-2351-10cf52ff0eec', 'product_230', 0.0, 2);
INSERT INTO order_items (order_id, product_id, product_name, product_price, quantity)
VALUES ('253fa3a7-2e7a-d369-f5e6-6377416cb208', '8d266d35-f6a4-b267-e097-564510f7f857', 'product_12', 270.0, 1);
INSERT INTO order_items (order_id, product_id, product_name, product_price, quantity)
VALUES ('253fa3a7-2e7a-d369-f5e6-6377416cb208', 'da98da7c-a663-0228-294e-97c1fae50fd1', 'product_54', 180.0, 1);
INSERT INTO order_items (order_id, product_id, product_name, product_price, quantity)
VALUES ('253fa3a7-2e7a-d369-f5e6-6377416cb208', 'd46f67a1-e1dd-e079-0b5c-329f6422c4d4', 'product_60', 280.0, 1);
INSERT INTO orders (id, venue_id, number, status, total_amount, opened_at, closed_at, table_number)
VALUES ('e8d38029-f3c5-2066-04df-a7088f7adce0', '00000000-0000-0000-0000-000000000010', '7357', 'paid', 1790.0, '2026-05-20 17:13:15', '2026-05-20 17:13:15', '10');
INSERT INTO order_items (order_id, product_id, product_name, product_price, quantity)
VALUES ('e8d38029-f3c5-2066-04df-a7088f7adce0', '38432f7f-ba41-eaa0-7e46-d791008e4b02', 'product_6', 510.0, 2);
INSERT INTO order_items (order_id, product_id, product_name, product_price, quantity)
VALUES ('e8d38029-f3c5-2066-04df-a7088f7adce0', 'b9bdca4d-a423-6c36-2351-10cf52ff0eec', 'product_230', 0.0, 2);
INSERT INTO order_items (order_id, product_id, product_name, product_price, quantity)
VALUES ('e8d38029-f3c5-2066-04df-a7088f7adce0', 'da98da7c-a663-0228-294e-97c1fae50fd1', 'product_54', 180.0, 3);
INSERT INTO order_items (order_id, product_id, product_name, product_price, quantity)
VALUES ('e8d38029-f3c5-2066-04df-a7088f7adce0', '021231f4-e9fa-ecbb-5f2a-ad1321ca42ea', 'product_59', 230.0, 1);
INSERT INTO orders (id, venue_id, number, status, total_amount, opened_at, closed_at, table_number)
VALUES ('4faa5e17-3551-0511-232e-228230349054', '00000000-0000-0000-0000-000000000010', '7362', 'paid', 230.0, '2026-05-20 12:16:29', '2026-05-20 12:16:29', '2');
INSERT INTO order_items (order_id, product_id, product_name, product_price, quantity)
VALUES ('4faa5e17-3551-0511-232e-228230349054', '021231f4-e9fa-ecbb-5f2a-ad1321ca42ea', 'product_59', 230.0, 1);
INSERT INTO payments (order_id, venue_id, method, amount)
VALUES ('4faa5e17-3551-0511-232e-228230349054', '00000000-0000-0000-0000-000000000010', 'cash', 230.0);
INSERT INTO orders (id, venue_id, number, status, total_amount, opened_at, closed_at, table_number)
VALUES ('fbf1995f-56b8-62a5-66d6-f972c62cb151', '00000000-0000-0000-0000-000000000010', '7295', 'paid', 6170.0, '2026-05-20 10:04:08', '2026-05-20 10:04:08', '11');
INSERT INTO order_items (order_id, product_id, product_name, product_price, quantity)
VALUES ('fbf1995f-56b8-62a5-66d6-f972c62cb151', 'ca58c9ff-fe24-427b-5955-2cd4feccec48', 'product_116', 310.0, 3);
INSERT INTO order_items (order_id, product_id, product_name, product_price, quantity)
VALUES ('fbf1995f-56b8-62a5-66d6-f972c62cb151', '6e00b5a0-6b62-d942-73e4-86982bcae389', 'product_21', 1370.0, 1);
INSERT INTO order_items (order_id, product_id, product_name, product_price, quantity)
VALUES ('fbf1995f-56b8-62a5-66d6-f972c62cb151', 'ba729be8-36f6-fb9a-7e2c-4b99753cb652', 'product_217', 600.0, 2);
INSERT INTO order_items (order_id, product_id, product_name, product_price, quantity)
VALUES ('fbf1995f-56b8-62a5-66d6-f972c62cb151', 'f35a1ebf-94b4-c196-4fdb-5698a8e21330', 'product_170', 820.0, 1);
INSERT INTO order_items (order_id, product_id, product_name, product_price, quantity)
VALUES ('fbf1995f-56b8-62a5-66d6-f972c62cb151', 'e81dc667-2a7e-c5f0-b886-e7a3451b0fd2', 'product_219', 570.0, 1);
INSERT INTO order_items (order_id, product_id, product_name, product_price, quantity)
VALUES ('fbf1995f-56b8-62a5-66d6-f972c62cb151', '9a06fa1f-d2b5-1b6f-d6c5-37c2ffa3adfd', 'product_168', 640.0, 1);
INSERT INTO order_items (order_id, product_id, product_name, product_price, quantity)
VALUES ('fbf1995f-56b8-62a5-66d6-f972c62cb151', 'fdb6f575-fe3f-282e-93d0-1dad56530fa5', 'product_15', 640.0, 1);
INSERT INTO payments (order_id, venue_id, method, amount)
VALUES ('fbf1995f-56b8-62a5-66d6-f972c62cb151', '00000000-0000-0000-0000-000000000010', 'card', 6170.0);
INSERT INTO orders (id, venue_id, number, status, total_amount, opened_at, closed_at, table_number)
VALUES ('891889b1-1cc0-79aa-be69-532432dff825', '00000000-0000-0000-0000-000000000010', '7356', 'paid', 3570.0, '2026-05-19 22:07:01', '2026-05-19 22:07:01', '7');
INSERT INTO order_items (order_id, product_id, product_name, product_price, quantity)
VALUES ('891889b1-1cc0-79aa-be69-532432dff825', '951f4bf6-be55-0e75-59a9-7e580a0d07c4', 'product_14', 640.0, 1);
INSERT INTO order_items (order_id, product_id, product_name, product_price, quantity)
VALUES ('891889b1-1cc0-79aa-be69-532432dff825', 'c0fb869e-f434-07cb-f666-b9f7e55d4032', 'product_113', 770.0, 1);
INSERT INTO order_items (order_id, product_id, product_name, product_price, quantity)
VALUES ('891889b1-1cc0-79aa-be69-532432dff825', '6e00b5a0-6b62-d942-73e4-86982bcae389', 'product_21', 1370.0, 1);
INSERT INTO order_items (order_id, product_id, product_name, product_price, quantity)
VALUES ('891889b1-1cc0-79aa-be69-532432dff825', '09d9bcce-e54b-d518-c5bf-1c5d4b683d38', 'product_50', 200.0, 1);
INSERT INTO order_items (order_id, product_id, product_name, product_price, quantity)
VALUES ('891889b1-1cc0-79aa-be69-532432dff825', 'f35ae6ee-40da-7479-c64b-612bff507023', 'product_31', 370.0, 1);
INSERT INTO order_items (order_id, product_id, product_name, product_price, quantity)
VALUES ('891889b1-1cc0-79aa-be69-532432dff825', '7c7c305a-92ed-bc40-0bb5-1155fc4e313f', 'product_99', 220.0, 1);
INSERT INTO payments (order_id, venue_id, method, amount)
VALUES ('891889b1-1cc0-79aa-be69-532432dff825', '00000000-0000-0000-0000-000000000010', 'card', 3570.0);
INSERT INTO orders (id, venue_id, number, status, total_amount, opened_at, closed_at, table_number)
VALUES ('6d0cf85a-9196-727a-e47c-a196dfa56673', '00000000-0000-0000-0000-000000000010', '7355', 'paid', 0.0, '2026-05-19 20:59:51', '2026-05-19 20:59:51', '9');
INSERT INTO order_items (order_id, product_id, product_name, product_price, quantity)
VALUES ('6d0cf85a-9196-727a-e47c-a196dfa56673', '12dd0c72-4671-5cd8-b7da-98389426555c', 'product_228', 0.0, 1);
INSERT INTO order_items (order_id, product_id, product_name, product_price, quantity)
VALUES ('6d0cf85a-9196-727a-e47c-a196dfa56673', '82c55340-bd07-2a9a-a6cc-6ce377f958f2', 'product_148', 0.0, 1);
INSERT INTO orders (id, venue_id, number, status, total_amount, opened_at, closed_at, table_number)
VALUES ('e5d695f2-368f-ef8b-6db1-7f43cc3600b6', '00000000-0000-0000-0000-000000000010', '7350', 'paid', 740.0, '2026-05-19 20:59:04', '2026-05-19 20:59:04', '13');
INSERT INTO order_items (order_id, product_id, product_name, product_price, quantity)
VALUES ('e5d695f2-368f-ef8b-6db1-7f43cc3600b6', 'b9bdca4d-a423-6c36-2351-10cf52ff0eec', 'product_230', 0.0, 3);
INSERT INTO order_items (order_id, product_id, product_name, product_price, quantity)
VALUES ('e5d695f2-368f-ef8b-6db1-7f43cc3600b6', '021231f4-e9fa-ecbb-5f2a-ad1321ca42ea', 'product_59', 230.0, 2);
INSERT INTO order_items (order_id, product_id, product_name, product_price, quantity)
VALUES ('e5d695f2-368f-ef8b-6db1-7f43cc3600b6', 'd46f67a1-e1dd-e079-0b5c-329f6422c4d4', 'product_60', 280.0, 1);
INSERT INTO orders (id, venue_id, number, status, total_amount, opened_at, closed_at, table_number)
VALUES ('10962e84-6b48-1220-bf13-c9f911d32b36', '00000000-0000-0000-0000-000000000010', '7349', 'paid', 970.0, '2026-05-19 20:59:00', '2026-05-19 20:59:00', '12');
INSERT INTO order_items (order_id, product_id, product_name, product_price, quantity)
VALUES ('10962e84-6b48-1220-bf13-c9f911d32b36', '38432f7f-ba41-eaa0-7e46-d791008e4b02', 'product_6', 510.0, 1);
INSERT INTO order_items (order_id, product_id, product_name, product_price, quantity)
VALUES ('10962e84-6b48-1220-bf13-c9f911d32b36', 'b9bdca4d-a423-6c36-2351-10cf52ff0eec', 'product_230', 0.0, 1);
INSERT INTO order_items (order_id, product_id, product_name, product_price, quantity)
VALUES ('10962e84-6b48-1220-bf13-c9f911d32b36', '021231f4-e9fa-ecbb-5f2a-ad1321ca42ea', 'product_59', 230.0, 2);
INSERT INTO orders (id, venue_id, number, status, total_amount, opened_at, closed_at, table_number)
VALUES ('4987b2a7-fb33-faba-4e80-48d6885c6e8e', '00000000-0000-0000-0000-000000000010', '7348', 'paid', 2370.0, '2026-05-19 20:58:40', '2026-05-19 20:58:40', '10');
INSERT INTO order_items (order_id, product_id, product_name, product_price, quantity)
VALUES ('4987b2a7-fb33-faba-4e80-48d6885c6e8e', '38432f7f-ba41-eaa0-7e46-d791008e4b02', 'product_6', 510.0, 2);
INSERT INTO order_items (order_id, product_id, product_name, product_price, quantity)
VALUES ('4987b2a7-fb33-faba-4e80-48d6885c6e8e', '7b0b5f60-47be-c07e-9585-af9a20b6d773', 'product_9', 460.0, 1);
INSERT INTO order_items (order_id, product_id, product_name, product_price, quantity)
VALUES ('4987b2a7-fb33-faba-4e80-48d6885c6e8e', 'ec61223f-a380-dd08-f9eb-461b3c2f80e6', 'product_163', 120.0, 1);
INSERT INTO order_items (order_id, product_id, product_name, product_price, quantity)
VALUES ('4987b2a7-fb33-faba-4e80-48d6885c6e8e', 'da98da7c-a663-0228-294e-97c1fae50fd1', 'product_54', 180.0, 3);
INSERT INTO order_items (order_id, product_id, product_name, product_price, quantity)
VALUES ('4987b2a7-fb33-faba-4e80-48d6885c6e8e', '021231f4-e9fa-ecbb-5f2a-ad1321ca42ea', 'product_59', 230.0, 1);
INSERT INTO orders (id, venue_id, number, status, total_amount, opened_at, closed_at, table_number)
VALUES ('7f0db60d-5f4e-f52d-a6bb-8372d50a620d', '00000000-0000-0000-0000-000000000010', '7353', 'paid', 1850.0, '2026-05-19 20:50:00', '2026-05-19 20:50:00', '2');
INSERT INTO order_items (order_id, product_id, product_name, product_price, quantity)
VALUES ('7f0db60d-5f4e-f52d-a6bb-8372d50a620d', '1a9038b5-12c1-4b41-756a-ce6d8bb0fac8', 'product_114', 670.0, 2);
INSERT INTO order_items (order_id, product_id, product_name, product_price, quantity)
VALUES ('7f0db60d-5f4e-f52d-a6bb-8372d50a620d', '0caff6fe-c574-8665-33ca-5f2cee71ebb2', 'product_35', 190.0, 1);
INSERT INTO order_items (order_id, product_id, product_name, product_price, quantity)
VALUES ('7f0db60d-5f4e-f52d-a6bb-8372d50a620d', '260b99e2-59bd-a3dc-c313-434aff0daf54', 'product_144', 190.0, 1);
INSERT INTO order_items (order_id, product_id, product_name, product_price, quantity)
VALUES ('7f0db60d-5f4e-f52d-a6bb-8372d50a620d', '966437e8-b784-92e7-0afa-ff8bde6f1e53', 'product_145', 130.0, 1);
INSERT INTO payments (order_id, venue_id, method, amount)
VALUES ('7f0db60d-5f4e-f52d-a6bb-8372d50a620d', '00000000-0000-0000-0000-000000000010', 'card', 1850.0);
INSERT INTO orders (id, venue_id, number, status, total_amount, opened_at, closed_at, table_number)
VALUES ('7f63302e-fef3-5e4e-4f83-3839f5393b41', '00000000-0000-0000-0000-000000000010', '7354', 'paid', 1410.0, '2026-05-19 20:49:54', '2026-05-19 20:49:54', '9');
INSERT INTO order_items (order_id, product_id, product_name, product_price, quantity)
VALUES ('7f63302e-fef3-5e4e-4f83-3839f5393b41', '30d3c4b2-8d8b-4d91-9c67-b3d72ab218cc', 'product_129', 470.0, 3);
INSERT INTO payments (order_id, venue_id, method, amount)
VALUES ('7f63302e-fef3-5e4e-4f83-3839f5393b41', '00000000-0000-0000-0000-000000000010', 'cash', 1410.0);
INSERT INTO orders (id, venue_id, number, status, total_amount, opened_at, closed_at, table_number)
VALUES ('7bdbce73-c6d5-5ebf-0c8c-03fe1a09d1b6', '00000000-0000-0000-0000-000000000010', '7352', 'paid', 3250.0, '2026-05-19 20:15:51', '2026-05-19 20:15:51', '1');
INSERT INTO order_items (order_id, product_id, product_name, product_price, quantity)
VALUES ('7bdbce73-c6d5-5ebf-0c8c-03fe1a09d1b6', '9a06fa1f-d2b5-1b6f-d6c5-37c2ffa3adfd', 'product_168', 640.0, 1);
INSERT INTO order_items (order_id, product_id, product_name, product_price, quantity)
VALUES ('7bdbce73-c6d5-5ebf-0c8c-03fe1a09d1b6', '7ddbed72-7deb-5ee4-0634-41d52192bad1', 'product_23', 1750.0, 1);
INSERT INTO order_items (order_id, product_id, product_name, product_price, quantity)
VALUES ('7bdbce73-c6d5-5ebf-0c8c-03fe1a09d1b6', '1a9038b5-12c1-4b41-756a-ce6d8bb0fac8', 'product_114', 670.0, 1);
INSERT INTO order_items (order_id, product_id, product_name, product_price, quantity)
VALUES ('7bdbce73-c6d5-5ebf-0c8c-03fe1a09d1b6', '0caff6fe-c574-8665-33ca-5f2cee71ebb2', 'product_35', 190.0, 1);
INSERT INTO payments (order_id, venue_id, method, amount)
VALUES ('7bdbce73-c6d5-5ebf-0c8c-03fe1a09d1b6', '00000000-0000-0000-0000-000000000010', 'card', 3250.0);
INSERT INTO orders (id, venue_id, number, status, total_amount, opened_at, closed_at, table_number)
VALUES ('1e34a8aa-c28e-23c3-7a15-d61c9cde0a12', '00000000-0000-0000-0000-000000000010', '7351', 'paid', 1630.0, '2026-05-19 15:16:15', '2026-05-19 15:16:15', '15');
INSERT INTO order_items (order_id, product_id, product_name, product_price, quantity)
VALUES ('1e34a8aa-c28e-23c3-7a15-d61c9cde0a12', '1a9038b5-12c1-4b41-756a-ce6d8bb0fac8', 'product_114', 670.0, 1);
INSERT INTO order_items (order_id, product_id, product_name, product_price, quantity)
VALUES ('1e34a8aa-c28e-23c3-7a15-d61c9cde0a12', '7f688518-4003-c783-7333-b947a8856b49', 'product_28', 470.0, 1);
INSERT INTO order_items (order_id, product_id, product_name, product_price, quantity)
VALUES ('1e34a8aa-c28e-23c3-7a15-d61c9cde0a12', '8b7920ef-e954-d760-2a69-99cafc830c2e', 'product_171', 270.0, 1);
INSERT INTO order_items (order_id, product_id, product_name, product_price, quantity)
VALUES ('1e34a8aa-c28e-23c3-7a15-d61c9cde0a12', '7c7c305a-92ed-bc40-0bb5-1155fc4e313f', 'product_99', 220.0, 1);
INSERT INTO payments (order_id, venue_id, method, amount)
VALUES ('1e34a8aa-c28e-23c3-7a15-d61c9cde0a12', '00000000-0000-0000-0000-000000000010', 'cash', 1630.0);
INSERT INTO orders (id, venue_id, number, status, total_amount, opened_at, closed_at, table_number)
VALUES ('158ccd22-93fb-499f-ebaa-bea113bc6618', '00000000-0000-0000-0000-000000000010', '7346', 'paid', 10670.0, '2026-05-19 11:20:04', '2026-05-19 11:20:04', '13');
INSERT INTO order_items (order_id, product_id, product_name, product_price, quantity)
VALUES ('158ccd22-93fb-499f-ebaa-bea113bc6618', '7ddbed72-7deb-5ee4-0634-41d52192bad1', 'product_23', 1750.0, 3);
INSERT INTO order_items (order_id, product_id, product_name, product_price, quantity)
VALUES ('158ccd22-93fb-499f-ebaa-bea113bc6618', '951f4bf6-be55-0e75-59a9-7e580a0d07c4', 'product_14', 640.0, 1);
INSERT INTO order_items (order_id, product_id, product_name, product_price, quantity)
VALUES ('158ccd22-93fb-499f-ebaa-bea113bc6618', '9a06fa1f-d2b5-1b6f-d6c5-37c2ffa3adfd', 'product_168', 640.0, 1);
INSERT INTO order_items (order_id, product_id, product_name, product_price, quantity)
VALUES ('158ccd22-93fb-499f-ebaa-bea113bc6618', 'ce90a2e4-a08b-570d-aca7-50bb5d2d0ab2', 'product_112', 440.0, 1);
INSERT INTO order_items (order_id, product_id, product_name, product_price, quantity)
VALUES ('158ccd22-93fb-499f-ebaa-bea113bc6618', '5c3938ac-271e-5674-37aa-116c20435202', 'product_234', 370.0, 1);
INSERT INTO order_items (order_id, product_id, product_name, product_price, quantity)
VALUES ('158ccd22-93fb-499f-ebaa-bea113bc6618', '30d3c4b2-8d8b-4d91-9c67-b3d72ab218cc', 'product_129', 470.0, 2);
INSERT INTO order_items (order_id, product_id, product_name, product_price, quantity)
VALUES ('158ccd22-93fb-499f-ebaa-bea113bc6618', '6599a59a-6cf7-70c9-0971-07a0078ce7cf', 'product_128', 380.0, 2);
INSERT INTO order_items (order_id, product_id, product_name, product_price, quantity)
VALUES ('158ccd22-93fb-499f-ebaa-bea113bc6618', '1d55740b-7a2f-ce7c-d33a-454fb2de27dc', 'product_155', 420.0, 3);
INSERT INTO order_items (order_id, product_id, product_name, product_price, quantity)
VALUES ('158ccd22-93fb-499f-ebaa-bea113bc6618', 'bd63cdca-84b0-4bda-520e-13725e4b4e60', 'product_33', 370.0, 1);
INSERT INTO payments (order_id, venue_id, method, amount)
VALUES ('158ccd22-93fb-499f-ebaa-bea113bc6618', '00000000-0000-0000-0000-000000000010', 'card', 10670.0);
INSERT INTO orders (id, venue_id, number, status, total_amount, opened_at, closed_at, table_number)
VALUES ('ed86e377-7704-b931-6bdf-44b8a64b9f56', '00000000-0000-0000-0000-000000000010', '7347', 'paid', 1910.0, '2026-05-18 22:27:59', '2026-05-18 22:27:59', '8');
INSERT INTO order_items (order_id, product_id, product_name, product_price, quantity)
VALUES ('ed86e377-7704-b931-6bdf-44b8a64b9f56', 'c0fb869e-f434-07cb-f666-b9f7e55d4032', 'product_113', 770.0, 2);
INSERT INTO order_items (order_id, product_id, product_name, product_price, quantity)
VALUES ('ed86e377-7704-b931-6bdf-44b8a64b9f56', 'f35ae6ee-40da-7479-c64b-612bff507023', 'product_31', 370.0, 1);
INSERT INTO payments (order_id, venue_id, method, amount)
VALUES ('ed86e377-7704-b931-6bdf-44b8a64b9f56', '00000000-0000-0000-0000-000000000010', 'card', 1910.0);
INSERT INTO orders (id, venue_id, number, status, total_amount, opened_at, closed_at, table_number)
VALUES ('342982d0-b1f1-b604-2c37-daa47c1f74ca', '00000000-0000-0000-0000-000000000010', '7345', 'paid', 5270.0, '2026-05-18 21:29:52', '2026-05-18 21:29:52', '1');
INSERT INTO order_items (order_id, product_id, product_name, product_price, quantity)
VALUES ('342982d0-b1f1-b604-2c37-daa47c1f74ca', '8b7920ef-e954-d760-2a69-99cafc830c2e', 'product_171', 270.0, 1);
INSERT INTO order_items (order_id, product_id, product_name, product_price, quantity)
VALUES ('342982d0-b1f1-b604-2c37-daa47c1f74ca', '9a06fa1f-d2b5-1b6f-d6c5-37c2ffa3adfd', 'product_168', 640.0, 1);
INSERT INTO order_items (order_id, product_id, product_name, product_price, quantity)
VALUES ('342982d0-b1f1-b604-2c37-daa47c1f74ca', '6e00b5a0-6b62-d942-73e4-86982bcae389', 'product_21', 1370.0, 1);
INSERT INTO order_items (order_id, product_id, product_name, product_price, quantity)
VALUES ('342982d0-b1f1-b604-2c37-daa47c1f74ca', '627b586a-57c8-d217-1549-c47bb32192ac', 'product_26', 460.0, 1);
INSERT INTO order_items (order_id, product_id, product_name, product_price, quantity)
VALUES ('342982d0-b1f1-b604-2c37-daa47c1f74ca', 'f35a1ebf-94b4-c196-4fdb-5698a8e21330', 'product_170', 820.0, 1);
INSERT INTO order_items (order_id, product_id, product_name, product_price, quantity)
VALUES ('342982d0-b1f1-b604-2c37-daa47c1f74ca', 'c0fb869e-f434-07cb-f666-b9f7e55d4032', 'product_113', 770.0, 1);
INSERT INTO order_items (order_id, product_id, product_name, product_price, quantity)
VALUES ('342982d0-b1f1-b604-2c37-daa47c1f74ca', '0caff6fe-c574-8665-33ca-5f2cee71ebb2', 'product_35', 190.0, 1);
INSERT INTO order_items (order_id, product_id, product_name, product_price, quantity)
VALUES ('342982d0-b1f1-b604-2c37-daa47c1f74ca', '3b80474c-9414-a513-7578-5a4d84e49583', 'product_38', 370.0, 1);
INSERT INTO order_items (order_id, product_id, product_name, product_price, quantity)
VALUES ('342982d0-b1f1-b604-2c37-daa47c1f74ca', '260b99e2-59bd-a3dc-c313-434aff0daf54', 'product_144', 190.0, 2);
INSERT INTO payments (order_id, venue_id, method, amount)
VALUES ('342982d0-b1f1-b604-2c37-daa47c1f74ca', '00000000-0000-0000-0000-000000000010', 'cash', 5270.0);
INSERT INTO orders (id, venue_id, number, status, total_amount, opened_at, closed_at, table_number)
VALUES ('bf1b875e-91c6-45d7-3315-d542188f1f93', '00000000-0000-0000-0000-000000000010', '7343', 'paid', 1360.0, '2026-05-18 17:21:54', '2026-05-18 17:21:54', '16');
INSERT INTO order_items (order_id, product_id, product_name, product_price, quantity)
VALUES ('bf1b875e-91c6-45d7-3315-d542188f1f93', 'c0fb869e-f434-07cb-f666-b9f7e55d4032', 'product_113', 770.0, 1);
INSERT INTO order_items (order_id, product_id, product_name, product_price, quantity)
VALUES ('bf1b875e-91c6-45d7-3315-d542188f1f93', 'bd63cdca-84b0-4bda-520e-13725e4b4e60', 'product_33', 370.0, 1);
INSERT INTO order_items (order_id, product_id, product_name, product_price, quantity)
VALUES ('bf1b875e-91c6-45d7-3315-d542188f1f93', '4f5dfe3a-4ba6-edc6-1a39-a54a344ea46a', 'product_159', 220.0, 1);
INSERT INTO payments (order_id, venue_id, method, amount)
VALUES ('bf1b875e-91c6-45d7-3315-d542188f1f93', '00000000-0000-0000-0000-000000000010', 'cash', 1360.0);
INSERT INTO orders (id, venue_id, number, status, total_amount, opened_at, closed_at, table_number)
VALUES ('d30d141e-8248-54a0-c52b-cfdd505881c2', '00000000-0000-0000-0000-000000000010', '7344', 'paid', 190.0, '2026-05-18 17:04:34', '2026-05-18 17:04:34', '9');
INSERT INTO order_items (order_id, product_id, product_name, product_price, quantity)
VALUES ('d30d141e-8248-54a0-c52b-cfdd505881c2', '260b99e2-59bd-a3dc-c313-434aff0daf54', 'product_144', 190.0, 1);
INSERT INTO payments (order_id, venue_id, method, amount)
VALUES ('d30d141e-8248-54a0-c52b-cfdd505881c2', '00000000-0000-0000-0000-000000000010', 'card', 190.0);
INSERT INTO orders (id, venue_id, number, status, total_amount, opened_at, closed_at, table_number)
VALUES ('df41a2f0-2b25-5424-2353-67e0307be754', '00000000-0000-0000-0000-000000000010', '7341', 'paid', 1730.0, '2026-05-18 15:59:17', '2026-05-18 15:59:17', '16');
INSERT INTO order_items (order_id, product_id, product_name, product_price, quantity)
VALUES ('df41a2f0-2b25-5424-2353-67e0307be754', 'c0fb869e-f434-07cb-f666-b9f7e55d4032', 'product_113', 770.0, 2);
INSERT INTO order_items (order_id, product_id, product_name, product_price, quantity)
VALUES ('df41a2f0-2b25-5424-2353-67e0307be754', '0caff6fe-c574-8665-33ca-5f2cee71ebb2', 'product_35', 190.0, 1);
INSERT INTO payments (order_id, venue_id, method, amount)
VALUES ('df41a2f0-2b25-5424-2353-67e0307be754', '00000000-0000-0000-0000-000000000010', 'card', 1730.0);
INSERT INTO orders (id, venue_id, number, status, total_amount, opened_at, closed_at, table_number)
VALUES ('1704e55a-ad6e-4654-55f1-fdd6e76117dc', '00000000-0000-0000-0000-000000000010', '7342', 'paid', 130.0, '2026-05-18 15:01:37', '2026-05-18 15:01:37', '9');
INSERT INTO order_items (order_id, product_id, product_name, product_price, quantity)
VALUES ('1704e55a-ad6e-4654-55f1-fdd6e76117dc', '966437e8-b784-92e7-0afa-ff8bde6f1e53', 'product_145', 130.0, 1);
INSERT INTO payments (order_id, venue_id, method, amount)
VALUES ('1704e55a-ad6e-4654-55f1-fdd6e76117dc', '00000000-0000-0000-0000-000000000010', 'card', 130.0);
INSERT INTO orders (id, venue_id, number, status, total_amount, opened_at, closed_at, table_number)
VALUES ('937b00ae-45be-ac4e-a889-a5d7ea00b602', '00000000-0000-0000-0000-000000000010', '7339', 'paid', 2430.0, '2026-05-18 14:45:40', '2026-05-18 14:45:40', '1');
INSERT INTO order_items (order_id, product_id, product_name, product_price, quantity)
VALUES ('937b00ae-45be-ac4e-a889-a5d7ea00b602', '338bdc4d-fbd5-43ad-a7a7-3951ceca3a16', 'product_97', 260.0, 2);
INSERT INTO order_items (order_id, product_id, product_name, product_price, quantity)
VALUES ('937b00ae-45be-ac4e-a889-a5d7ea00b602', 'a2b39819-292c-0b80-799d-c77d7020fc9d', 'product_34', 190.0, 1);
INSERT INTO order_items (order_id, product_id, product_name, product_price, quantity)
VALUES ('937b00ae-45be-ac4e-a889-a5d7ea00b602', '8d266d35-f6a4-b267-e097-564510f7f857', 'product_12', 270.0, 1);
INSERT INTO order_items (order_id, product_id, product_name, product_price, quantity)
VALUES ('937b00ae-45be-ac4e-a889-a5d7ea00b602', '2836be19-8d27-0aa1-68ed-3bbc6cf94fb8', 'product_13', 270.0, 1);
INSERT INTO order_items (order_id, product_id, product_name, product_price, quantity)
VALUES ('937b00ae-45be-ac4e-a889-a5d7ea00b602', '94d2bddc-c99f-2985-f8eb-9d8a4a995ad3', 'product_10', 300.0, 3);
INSERT INTO order_items (order_id, product_id, product_name, product_price, quantity)
VALUES ('937b00ae-45be-ac4e-a889-a5d7ea00b602', 'b9bdca4d-a423-6c36-2351-10cf52ff0eec', 'product_230', 0.0, 2);
INSERT INTO order_items (order_id, product_id, product_name, product_price, quantity)
VALUES ('937b00ae-45be-ac4e-a889-a5d7ea00b602', 'd46f67a1-e1dd-e079-0b5c-329f6422c4d4', 'product_60', 280.0, 1);
INSERT INTO orders (id, venue_id, number, status, total_amount, opened_at, closed_at, table_number)
VALUES ('bad8ad2a-78ef-935a-2412-4a0a7a18f0f9', '00000000-0000-0000-0000-000000000010', '7340', 'paid', 930.0, '2026-05-18 14:45:35', '2026-05-18 14:45:35', '2');
INSERT INTO order_items (order_id, product_id, product_name, product_price, quantity)
VALUES ('bad8ad2a-78ef-935a-2412-4a0a7a18f0f9', 'b9bdca4d-a423-6c36-2351-10cf52ff0eec', 'product_230', 0.0, 5);
INSERT INTO order_items (order_id, product_id, product_name, product_price, quantity)
VALUES ('bad8ad2a-78ef-935a-2412-4a0a7a18f0f9', '8d266d35-f6a4-b267-e097-564510f7f857', 'product_12', 270.0, 1);
INSERT INTO order_items (order_id, product_id, product_name, product_price, quantity)
VALUES ('bad8ad2a-78ef-935a-2412-4a0a7a18f0f9', '9d00fee6-5b1a-acb8-1114-e668525ce1a6', 'product_200', 330.0, 2);
INSERT INTO orders (id, venue_id, number, status, total_amount, opened_at, closed_at, table_number)
VALUES ('cae530ea-5a5a-1c91-7e2b-8a7f8bffc302', '00000000-0000-0000-0000-000000000010', '7338', 'paid', 0.0, '2026-05-17 23:47:30', '2026-05-17 23:47:30', '9');
INSERT INTO order_items (order_id, product_id, product_name, product_price, quantity)
VALUES ('cae530ea-5a5a-1c91-7e2b-8a7f8bffc302', '1afe238c-a186-0e67-9e9d-d39b8c4abe8a', 'product_229', 0.0, 1);
INSERT INTO order_items (order_id, product_id, product_name, product_price, quantity)
VALUES ('cae530ea-5a5a-1c91-7e2b-8a7f8bffc302', '82c55340-bd07-2a9a-a6cc-6ce377f958f2', 'product_148', 0.0, 1);
INSERT INTO order_items (order_id, product_id, product_name, product_price, quantity)
VALUES ('cae530ea-5a5a-1c91-7e2b-8a7f8bffc302', '12dd0c72-4671-5cd8-b7da-98389426555c', 'product_228', 0.0, 1);
INSERT INTO orders (id, venue_id, number, status, total_amount, opened_at, closed_at, table_number)
VALUES ('efe4a473-4992-ff1f-13a2-420b958de47a', '00000000-0000-0000-0000-000000000010', '7316', 'paid', 9460.0, '2026-05-17 22:05:02', '2026-05-17 22:05:02', '1');
INSERT INTO order_items (order_id, product_id, product_name, product_price, quantity)
VALUES ('efe4a473-4992-ff1f-13a2-420b958de47a', '966437e8-b784-92e7-0afa-ff8bde6f1e53', 'product_145', 130.0, 2);
INSERT INTO order_items (order_id, product_id, product_name, product_price, quantity)
VALUES ('efe4a473-4992-ff1f-13a2-420b958de47a', 'd56291c3-0b81-82df-41d8-2bffd8869d31', 'product_140', 430.0, 1);
INSERT INTO order_items (order_id, product_id, product_name, product_price, quantity)
VALUES ('efe4a473-4992-ff1f-13a2-420b958de47a', '2e331f2f-b6fd-7898-11b0-9b0e3a2e58be', 'product_57', 180.0, 1);
INSERT INTO order_items (order_id, product_id, product_name, product_price, quantity)
VALUES ('efe4a473-4992-ff1f-13a2-420b958de47a', '5c3938ac-271e-5674-37aa-116c20435202', 'product_234', 370.0, 4);
INSERT INTO order_items (order_id, product_id, product_name, product_price, quantity)
VALUES ('efe4a473-4992-ff1f-13a2-420b958de47a', '09d404dd-f87b-b319-4eda-9ce7c697868d', 'product_32', 370.0, 3);
INSERT INTO order_items (order_id, product_id, product_name, product_price, quantity)
VALUES ('efe4a473-4992-ff1f-13a2-420b958de47a', '1a9038b5-12c1-4b41-756a-ce6d8bb0fac8', 'product_114', 670.0, 1);
INSERT INTO order_items (order_id, product_id, product_name, product_price, quantity)
VALUES ('efe4a473-4992-ff1f-13a2-420b958de47a', '0f7cfc79-3a3f-41ac-1aa4-b27431de9236', 'product_29', 620.0, 1);
INSERT INTO order_items (order_id, product_id, product_name, product_price, quantity)
VALUES ('efe4a473-4992-ff1f-13a2-420b958de47a', '9a06fa1f-d2b5-1b6f-d6c5-37c2ffa3adfd', 'product_168', 640.0, 1);
INSERT INTO order_items (order_id, product_id, product_name, product_price, quantity)
VALUES ('efe4a473-4992-ff1f-13a2-420b958de47a', 'fdb6f575-fe3f-282e-93d0-1dad56530fa5', 'product_15', 640.0, 1);
INSERT INTO order_items (order_id, product_id, product_name, product_price, quantity)
VALUES ('efe4a473-4992-ff1f-13a2-420b958de47a', 'c0fb869e-f434-07cb-f666-b9f7e55d4032', 'product_113', 770.0, 2);
INSERT INTO order_items (order_id, product_id, product_name, product_price, quantity)
VALUES ('efe4a473-4992-ff1f-13a2-420b958de47a', '81b3193a-f1f9-6ba6-5630-5c911f0c4a69', 'product_48', 220.0, 2);
INSERT INTO order_items (order_id, product_id, product_name, product_price, quantity)
VALUES ('efe4a473-4992-ff1f-13a2-420b958de47a', '951f4bf6-be55-0e75-59a9-7e580a0d07c4', 'product_14', 640.0, 1);
INSERT INTO order_items (order_id, product_id, product_name, product_price, quantity)
VALUES ('efe4a473-4992-ff1f-13a2-420b958de47a', 'ce90a2e4-a08b-570d-aca7-50bb5d2d0ab2', 'product_112', 440.0, 1);
INSERT INTO order_items (order_id, product_id, product_name, product_price, quantity)
VALUES ('efe4a473-4992-ff1f-13a2-420b958de47a', '7a291d79-c795-0f76-118b-25d10a078238', 'product_191', 370.0, 1);
INSERT INTO payments (order_id, venue_id, method, amount)
VALUES ('efe4a473-4992-ff1f-13a2-420b958de47a', '00000000-0000-0000-0000-000000000010', 'card', 9460.0);
INSERT INTO orders (id, venue_id, number, status, total_amount, opened_at, closed_at, table_number)
VALUES ('309e45f5-9f62-ad50-de2c-48336f2d5761', '00000000-0000-0000-0000-000000000010', '7336', 'paid', 230.0, '2026-05-17 21:55:05', '2026-05-17 21:55:05', '9');
INSERT INTO order_items (order_id, product_id, product_name, product_price, quantity)
VALUES ('309e45f5-9f62-ad50-de2c-48336f2d5761', '021231f4-e9fa-ecbb-5f2a-ad1321ca42ea', 'product_59', 230.0, 1);
INSERT INTO payments (order_id, venue_id, method, amount)
VALUES ('309e45f5-9f62-ad50-de2c-48336f2d5761', '00000000-0000-0000-0000-000000000010', 'cash', 230.0);
INSERT INTO orders (id, venue_id, number, status, total_amount, opened_at, closed_at, table_number)
VALUES ('f80a62b2-cc9e-4bed-a17b-c76381a3ea78', '00000000-0000-0000-0000-000000000010', '7327', 'paid', 38090.0, '2026-05-17 21:54:52', '2026-05-17 21:54:52', '14');
INSERT INTO order_items (order_id, product_id, product_name, product_price, quantity)
VALUES ('f80a62b2-cc9e-4bed-a17b-c76381a3ea78', 'fdb6f575-fe3f-282e-93d0-1dad56530fa5', 'product_15', 640.0, 4);
INSERT INTO order_items (order_id, product_id, product_name, product_price, quantity)
VALUES ('f80a62b2-cc9e-4bed-a17b-c76381a3ea78', '951f4bf6-be55-0e75-59a9-7e580a0d07c4', 'product_14', 640.0, 4);
INSERT INTO order_items (order_id, product_id, product_name, product_price, quantity)
VALUES ('f80a62b2-cc9e-4bed-a17b-c76381a3ea78', '9a06fa1f-d2b5-1b6f-d6c5-37c2ffa3adfd', 'product_168', 640.0, 4);
INSERT INTO order_items (order_id, product_id, product_name, product_price, quantity)
VALUES ('f80a62b2-cc9e-4bed-a17b-c76381a3ea78', 'ce90a2e4-a08b-570d-aca7-50bb5d2d0ab2', 'product_112', 440.0, 5);
INSERT INTO order_items (order_id, product_id, product_name, product_price, quantity)
VALUES ('f80a62b2-cc9e-4bed-a17b-c76381a3ea78', 'f35a1ebf-94b4-c196-4fdb-5698a8e21330', 'product_170', 820.0, 8);
INSERT INTO order_items (order_id, product_id, product_name, product_price, quantity)
VALUES ('f80a62b2-cc9e-4bed-a17b-c76381a3ea78', '6e00b5a0-6b62-d942-73e4-86982bcae389', 'product_21', 1370.0, 2);
INSERT INTO order_items (order_id, product_id, product_name, product_price, quantity)
VALUES ('f80a62b2-cc9e-4bed-a17b-c76381a3ea78', '8b7920ef-e954-d760-2a69-99cafc830c2e', 'product_171', 270.0, 10);
INSERT INTO order_items (order_id, product_id, product_name, product_price, quantity)
VALUES ('f80a62b2-cc9e-4bed-a17b-c76381a3ea78', '81b3193a-f1f9-6ba6-5630-5c911f0c4a69', 'product_48', 220.0, 10);
INSERT INTO order_items (order_id, product_id, product_name, product_price, quantity)
VALUES ('f80a62b2-cc9e-4bed-a17b-c76381a3ea78', 'ba729be8-36f6-fb9a-7e2c-4b99753cb652', 'product_217', 600.0, 4);
INSERT INTO order_items (order_id, product_id, product_name, product_price, quantity)
VALUES ('f80a62b2-cc9e-4bed-a17b-c76381a3ea78', '5f05b996-99f5-dfcb-e4b9-79078ca1f540', 'product_100', 460.0, 4);
INSERT INTO order_items (order_id, product_id, product_name, product_price, quantity)
VALUES ('f80a62b2-cc9e-4bed-a17b-c76381a3ea78', 'bb41c67e-d584-f041-47ad-12499e38aab2', 'product_241', 200.0, 3);
INSERT INTO order_items (order_id, product_id, product_name, product_price, quantity)
VALUES ('f80a62b2-cc9e-4bed-a17b-c76381a3ea78', 'e46827e9-bff2-b635-a563-0455e95c70b9', 'product_242', 200.0, 3);
INSERT INTO order_items (order_id, product_id, product_name, product_price, quantity)
VALUES ('f80a62b2-cc9e-4bed-a17b-c76381a3ea78', '0caff6fe-c574-8665-33ca-5f2cee71ebb2', 'product_35', 190.0, 3);
INSERT INTO order_items (order_id, product_id, product_name, product_price, quantity)
VALUES ('f80a62b2-cc9e-4bed-a17b-c76381a3ea78', '571098f5-c27c-72d4-3170-c18f2c3eb4b8', 'product_245', 8000.0, 1);
INSERT INTO payments (order_id, venue_id, method, amount)
VALUES ('f80a62b2-cc9e-4bed-a17b-c76381a3ea78', '00000000-0000-0000-0000-000000000010', 'cash', 23090.0);
INSERT INTO payments (order_id, venue_id, method, amount)
VALUES ('f80a62b2-cc9e-4bed-a17b-c76381a3ea78', '00000000-0000-0000-0000-000000000010', 'card', 15000.0);
INSERT INTO orders (id, venue_id, number, status, total_amount, opened_at, closed_at, table_number)
VALUES ('ea6691f7-e12f-af0f-cc96-d733715289c3', '00000000-0000-0000-0000-000000000010', '7334', 'paid', 7990.0, '2026-05-17 20:54:28', '2026-05-17 20:54:28', '12');
INSERT INTO order_items (order_id, product_id, product_name, product_price, quantity)
VALUES ('ea6691f7-e12f-af0f-cc96-d733715289c3', '1a9038b5-12c1-4b41-756a-ce6d8bb0fac8', 'product_114', 670.0, 1);
INSERT INTO order_items (order_id, product_id, product_name, product_price, quantity)
VALUES ('ea6691f7-e12f-af0f-cc96-d733715289c3', 'c0fb869e-f434-07cb-f666-b9f7e55d4032', 'product_113', 770.0, 1);
INSERT INTO order_items (order_id, product_id, product_name, product_price, quantity)
VALUES ('ea6691f7-e12f-af0f-cc96-d733715289c3', '7ddbed72-7deb-5ee4-0634-41d52192bad1', 'product_23', 1750.0, 1);
INSERT INTO order_items (order_id, product_id, product_name, product_price, quantity)
VALUES ('ea6691f7-e12f-af0f-cc96-d733715289c3', 'f35a1ebf-94b4-c196-4fdb-5698a8e21330', 'product_170', 820.0, 1);
INSERT INTO order_items (order_id, product_id, product_name, product_price, quantity)
VALUES ('ea6691f7-e12f-af0f-cc96-d733715289c3', '0f7cfc79-3a3f-41ac-1aa4-b27431de9236', 'product_29', 620.0, 2);
INSERT INTO order_items (order_id, product_id, product_name, product_price, quantity)
VALUES ('ea6691f7-e12f-af0f-cc96-d733715289c3', 'ba729be8-36f6-fb9a-7e2c-4b99753cb652', 'product_217', 600.0, 1);
INSERT INTO order_items (order_id, product_id, product_name, product_price, quantity)
VALUES ('ea6691f7-e12f-af0f-cc96-d733715289c3', '8d266d35-f6a4-b267-e097-564510f7f857', 'product_12', 270.0, 1);
INSERT INTO order_items (order_id, product_id, product_name, product_price, quantity)
VALUES ('ea6691f7-e12f-af0f-cc96-d733715289c3', '1d55740b-7a2f-ce7c-d33a-454fb2de27dc', 'product_155', 420.0, 1);
INSERT INTO order_items (order_id, product_id, product_name, product_price, quantity)
VALUES ('ea6691f7-e12f-af0f-cc96-d733715289c3', 'd56291c3-0b81-82df-41d8-2bffd8869d31', 'product_140', 430.0, 2);
INSERT INTO order_items (order_id, product_id, product_name, product_price, quantity)
VALUES ('ea6691f7-e12f-af0f-cc96-d733715289c3', '627b586a-57c8-d217-1549-c47bb32192ac', 'product_26', 460.0, 1);
INSERT INTO order_items (order_id, product_id, product_name, product_price, quantity)
VALUES ('ea6691f7-e12f-af0f-cc96-d733715289c3', 'eed148a6-7f8f-38d6-85f9-602481bbc846', 'product_146', 130.0, 1);
INSERT INTO payments (order_id, venue_id, method, amount)
VALUES ('ea6691f7-e12f-af0f-cc96-d733715289c3', '00000000-0000-0000-0000-000000000010', 'cash', 7990.0);
INSERT INTO orders (id, venue_id, number, status, total_amount, opened_at, closed_at, table_number)
VALUES ('6e66ed33-f8da-afdb-9e6d-4040bb7f9993', '00000000-0000-0000-0000-000000000010', '7335', 'paid', 3690.0, '2026-05-17 20:06:21', '2026-05-17 20:06:21', '7');
INSERT INTO order_items (order_id, product_id, product_name, product_price, quantity)
VALUES ('6e66ed33-f8da-afdb-9e6d-4040bb7f9993', '7ddbed72-7deb-5ee4-0634-41d52192bad1', 'product_23', 1750.0, 1);
INSERT INTO order_items (order_id, product_id, product_name, product_price, quantity)
VALUES ('6e66ed33-f8da-afdb-9e6d-4040bb7f9993', 'ec61223f-a380-dd08-f9eb-461b3c2f80e6', 'product_163', 120.0, 1);
INSERT INTO order_items (order_id, product_id, product_name, product_price, quantity)
VALUES ('6e66ed33-f8da-afdb-9e6d-4040bb7f9993', 'c0fb869e-f434-07cb-f666-b9f7e55d4032', 'product_113', 770.0, 1);
INSERT INTO order_items (order_id, product_id, product_name, product_price, quantity)
VALUES ('6e66ed33-f8da-afdb-9e6d-4040bb7f9993', '7f688518-4003-c783-7333-b947a8856b49', 'product_28', 470.0, 1);
INSERT INTO order_items (order_id, product_id, product_name, product_price, quantity)
VALUES ('6e66ed33-f8da-afdb-9e6d-4040bb7f9993', '73f062e8-2ade-a467-1943-fa856c717a43', 'product_51', 260.0, 1);
INSERT INTO order_items (order_id, product_id, product_name, product_price, quantity)
VALUES ('6e66ed33-f8da-afdb-9e6d-4040bb7f9993', '260b99e2-59bd-a3dc-c313-434aff0daf54', 'product_144', 190.0, 1);
INSERT INTO order_items (order_id, product_id, product_name, product_price, quantity)
VALUES ('6e66ed33-f8da-afdb-9e6d-4040bb7f9993', '966437e8-b784-92e7-0afa-ff8bde6f1e53', 'product_145', 130.0, 1);
INSERT INTO payments (order_id, venue_id, method, amount)
VALUES ('6e66ed33-f8da-afdb-9e6d-4040bb7f9993', '00000000-0000-0000-0000-000000000010', 'card', 3690.0);
INSERT INTO orders (id, venue_id, number, status, total_amount, opened_at, closed_at, table_number)
VALUES ('f4f7a536-ff18-2734-2329-2545690f58e2', '00000000-0000-0000-0000-000000000010', '7326', 'paid', 3370.0, '2026-05-17 18:58:54', '2026-05-17 18:58:54', '16');
INSERT INTO order_items (order_id, product_id, product_name, product_price, quantity)
VALUES ('f4f7a536-ff18-2734-2329-2545690f58e2', '6e00b5a0-6b62-d942-73e4-86982bcae389', 'product_21', 1370.0, 1);
INSERT INTO order_items (order_id, product_id, product_name, product_price, quantity)
VALUES ('f4f7a536-ff18-2734-2329-2545690f58e2', '951f4bf6-be55-0e75-59a9-7e580a0d07c4', 'product_14', 640.0, 1);
INSERT INTO order_items (order_id, product_id, product_name, product_price, quantity)
VALUES ('f4f7a536-ff18-2734-2329-2545690f58e2', '09d404dd-f87b-b319-4eda-9ce7c697868d', 'product_32', 370.0, 2);
INSERT INTO order_items (order_id, product_id, product_name, product_price, quantity)
VALUES ('f4f7a536-ff18-2734-2329-2545690f58e2', '0f7cfc79-3a3f-41ac-1aa4-b27431de9236', 'product_29', 620.0, 1);
INSERT INTO payments (order_id, venue_id, method, amount)
VALUES ('f4f7a536-ff18-2734-2329-2545690f58e2', '00000000-0000-0000-0000-000000000010', 'card', 3370.0);
INSERT INTO orders (id, venue_id, number, status, total_amount, opened_at, closed_at, table_number)
VALUES ('c0d008f1-8e90-3adc-8702-f942f35ddfd1', '00000000-0000-0000-0000-000000000010', '7333', 'paid', 370.0, '2026-05-17 18:34:37', '2026-05-17 18:34:37', '9');
INSERT INTO order_items (order_id, product_id, product_name, product_price, quantity)
VALUES ('c0d008f1-8e90-3adc-8702-f942f35ddfd1', '5c3938ac-271e-5674-37aa-116c20435202', 'product_234', 370.0, 1);
INSERT INTO payments (order_id, venue_id, method, amount)
VALUES ('c0d008f1-8e90-3adc-8702-f942f35ddfd1', '00000000-0000-0000-0000-000000000010', 'card', 370.0);
INSERT INTO orders (id, venue_id, number, status, total_amount, opened_at, closed_at, table_number)
VALUES ('3ac880d7-1ed7-9ed1-6a33-f72ffe13057c', '00000000-0000-0000-0000-000000000010', '7332', 'paid', 1070.0, '2026-05-17 17:46:24', '2026-05-17 17:46:24', '8');
INSERT INTO order_items (order_id, product_id, product_name, product_price, quantity)
VALUES ('3ac880d7-1ed7-9ed1-6a33-f72ffe13057c', '021231f4-e9fa-ecbb-5f2a-ad1321ca42ea', 'product_59', 230.0, 3);
INSERT INTO order_items (order_id, product_id, product_name, product_price, quantity)
VALUES ('3ac880d7-1ed7-9ed1-6a33-f72ffe13057c', '0caff6fe-c574-8665-33ca-5f2cee71ebb2', 'product_35', 190.0, 1);
INSERT INTO order_items (order_id, product_id, product_name, product_price, quantity)
VALUES ('3ac880d7-1ed7-9ed1-6a33-f72ffe13057c', '260b99e2-59bd-a3dc-c313-434aff0daf54', 'product_144', 190.0, 1);
INSERT INTO payments (order_id, venue_id, method, amount)
VALUES ('3ac880d7-1ed7-9ed1-6a33-f72ffe13057c', '00000000-0000-0000-0000-000000000010', 'card', 1070.0);
INSERT INTO orders (id, venue_id, number, status, total_amount, opened_at, closed_at, table_number)
VALUES ('b6f6aae4-a316-1d0f-3317-8e25a8bb6083', '00000000-0000-0000-0000-000000000010', '7331', 'paid', 230.0, '2026-05-17 17:45:41', '2026-05-17 17:45:41', '9');
INSERT INTO order_items (order_id, product_id, product_name, product_price, quantity)
VALUES ('b6f6aae4-a316-1d0f-3317-8e25a8bb6083', '021231f4-e9fa-ecbb-5f2a-ad1321ca42ea', 'product_59', 230.0, 1);
INSERT INTO payments (order_id, venue_id, method, amount)
VALUES ('b6f6aae4-a316-1d0f-3317-8e25a8bb6083', '00000000-0000-0000-0000-000000000010', 'card', 230.0);
INSERT INTO orders (id, venue_id, number, status, total_amount, opened_at, closed_at, table_number)
VALUES ('1189e8fb-fd83-9fc8-91ed-b54ec67ef89a', '00000000-0000-0000-0000-000000000010', '7330', 'paid', 460.0, '2026-05-17 17:31:40', '2026-05-17 17:31:40', '9');
INSERT INTO order_items (order_id, product_id, product_name, product_price, quantity)
VALUES ('1189e8fb-fd83-9fc8-91ed-b54ec67ef89a', '021231f4-e9fa-ecbb-5f2a-ad1321ca42ea', 'product_59', 230.0, 2);
INSERT INTO payments (order_id, venue_id, method, amount)
VALUES ('1189e8fb-fd83-9fc8-91ed-b54ec67ef89a', '00000000-0000-0000-0000-000000000010', 'card', 460.0);
INSERT INTO orders (id, venue_id, number, status, total_amount, opened_at, closed_at, table_number)
VALUES ('a2fb93c1-f732-cff1-2625-18e54c4526d3', '00000000-0000-0000-0000-000000000010', '7328', 'paid', 370.0, '2026-05-17 17:29:04', '2026-05-17 17:29:04', '9');
INSERT INTO order_items (order_id, product_id, product_name, product_price, quantity)
VALUES ('a2fb93c1-f732-cff1-2625-18e54c4526d3', '09d404dd-f87b-b319-4eda-9ce7c697868d', 'product_32', 370.0, 1);
INSERT INTO payments (order_id, venue_id, method, amount)
VALUES ('a2fb93c1-f732-cff1-2625-18e54c4526d3', '00000000-0000-0000-0000-000000000010', 'card', 370.0);
INSERT INTO orders (id, venue_id, number, status, total_amount, opened_at, closed_at, table_number)
VALUES ('f2745cd7-b5b4-f467-8cd8-74ce6a7cc542', '00000000-0000-0000-0000-000000000010', '7329', 'paid', 280.0, '2026-05-17 17:28:26', '2026-05-17 17:28:26', '3');
INSERT INTO order_items (order_id, product_id, product_name, product_price, quantity)
VALUES ('f2745cd7-b5b4-f467-8cd8-74ce6a7cc542', 'd46f67a1-e1dd-e079-0b5c-329f6422c4d4', 'product_60', 280.0, 1);
INSERT INTO payments (order_id, venue_id, method, amount)
VALUES ('f2745cd7-b5b4-f467-8cd8-74ce6a7cc542', '00000000-0000-0000-0000-000000000010', 'cash', 280.0);
INSERT INTO orders (id, venue_id, number, status, total_amount, opened_at, closed_at, table_number)
VALUES ('fc437e0c-d614-ef3e-28f5-cfb3673898e7', '00000000-0000-0000-0000-000000000010', '7324', 'paid', 1410.0, '2026-05-17 17:16:16', '2026-05-17 17:16:16', '9');
INSERT INTO order_items (order_id, product_id, product_name, product_price, quantity)
VALUES ('fc437e0c-d614-ef3e-28f5-cfb3673898e7', 'bd63cdca-84b0-4bda-520e-13725e4b4e60', 'product_33', 370.0, 1);
INSERT INTO order_items (order_id, product_id, product_name, product_price, quantity)
VALUES ('fc437e0c-d614-ef3e-28f5-cfb3673898e7', 'f35a1ebf-94b4-c196-4fdb-5698a8e21330', 'product_170', 820.0, 1);
INSERT INTO order_items (order_id, product_id, product_name, product_price, quantity)
VALUES ('fc437e0c-d614-ef3e-28f5-cfb3673898e7', '81b3193a-f1f9-6ba6-5630-5c911f0c4a69', 'product_48', 220.0, 1);
INSERT INTO payments (order_id, venue_id, method, amount)
VALUES ('fc437e0c-d614-ef3e-28f5-cfb3673898e7', '00000000-0000-0000-0000-000000000010', 'card', 1410.0);
INSERT INTO orders (id, venue_id, number, status, total_amount, opened_at, closed_at, table_number)
VALUES ('2d12506d-7e35-68d4-6c58-c8610b4a862e', '00000000-0000-0000-0000-000000000010', '7320', 'paid', 6840.0, '2026-05-17 16:49:24', '2026-05-17 16:49:24', '16');
INSERT INTO order_items (order_id, product_id, product_name, product_price, quantity)
VALUES ('2d12506d-7e35-68d4-6c58-c8610b4a862e', '81b3193a-f1f9-6ba6-5630-5c911f0c4a69', 'product_48', 220.0, 2);
INSERT INTO order_items (order_id, product_id, product_name, product_price, quantity)
VALUES ('2d12506d-7e35-68d4-6c58-c8610b4a862e', '8b7920ef-e954-d760-2a69-99cafc830c2e', 'product_171', 270.0, 2);
INSERT INTO order_items (order_id, product_id, product_name, product_price, quantity)
VALUES ('2d12506d-7e35-68d4-6c58-c8610b4a862e', 'f35a1ebf-94b4-c196-4fdb-5698a8e21330', 'product_170', 820.0, 1);
INSERT INTO order_items (order_id, product_id, product_name, product_price, quantity)
VALUES ('2d12506d-7e35-68d4-6c58-c8610b4a862e', 'c0fb869e-f434-07cb-f666-b9f7e55d4032', 'product_113', 770.0, 1);
INSERT INTO order_items (order_id, product_id, product_name, product_price, quantity)
VALUES ('2d12506d-7e35-68d4-6c58-c8610b4a862e', '5f05b996-99f5-dfcb-e4b9-79078ca1f540', 'product_100', 460.0, 1);
INSERT INTO order_items (order_id, product_id, product_name, product_price, quantity)
VALUES ('2d12506d-7e35-68d4-6c58-c8610b4a862e', 'ba729be8-36f6-fb9a-7e2c-4b99753cb652', 'product_217', 600.0, 1);
INSERT INTO order_items (order_id, product_id, product_name, product_price, quantity)
VALUES ('2d12506d-7e35-68d4-6c58-c8610b4a862e', 'fdb6f575-fe3f-282e-93d0-1dad56530fa5', 'product_15', 640.0, 1);
INSERT INTO order_items (order_id, product_id, product_name, product_price, quantity)
VALUES ('2d12506d-7e35-68d4-6c58-c8610b4a862e', 'a2b39819-292c-0b80-799d-c77d7020fc9d', 'product_34', 190.0, 1);
INSERT INTO order_items (order_id, product_id, product_name, product_price, quantity)
VALUES ('2d12506d-7e35-68d4-6c58-c8610b4a862e', 'bb41c67e-d584-f041-47ad-12499e38aab2', 'product_241', 200.0, 1);
INSERT INTO order_items (order_id, product_id, product_name, product_price, quantity)
VALUES ('2d12506d-7e35-68d4-6c58-c8610b4a862e', 'f17e6b93-235c-e217-e8bb-314b22b364b3', 'product_206', 430.0, 1);
INSERT INTO order_items (order_id, product_id, product_name, product_price, quantity)
VALUES ('2d12506d-7e35-68d4-6c58-c8610b4a862e', '4cb15d99-ad0e-d256-a257-afdad4bf887e', 'product_110', 1750.0, 1);
INSERT INTO payments (order_id, venue_id, method, amount)
VALUES ('2d12506d-7e35-68d4-6c58-c8610b4a862e', '00000000-0000-0000-0000-000000000010', 'card', 6840.0);
INSERT INTO orders (id, venue_id, number, status, total_amount, opened_at, closed_at, table_number)
VALUES ('c86e1534-5598-0482-83f8-9aac379a5364', '00000000-0000-0000-0000-000000000010', '7325', 'paid', 370.0, '2026-05-17 16:40:56', '2026-05-17 16:40:56', '2');
INSERT INTO order_items (order_id, product_id, product_name, product_price, quantity)
VALUES ('c86e1534-5598-0482-83f8-9aac379a5364', '09d404dd-f87b-b319-4eda-9ce7c697868d', 'product_32', 370.0, 1);
INSERT INTO payments (order_id, venue_id, method, amount)
VALUES ('c86e1534-5598-0482-83f8-9aac379a5364', '00000000-0000-0000-0000-000000000010', 'cash', 370.0);
INSERT INTO orders (id, venue_id, number, status, total_amount, opened_at, closed_at, table_number)
VALUES ('f35868bd-4431-7610-7c91-4cc2ba778fc0', '00000000-0000-0000-0000-000000000010', '7321', 'paid', 3140.0, '2026-05-17 16:29:01', '2026-05-17 16:29:01', '8');
INSERT INTO order_items (order_id, product_id, product_name, product_price, quantity)
VALUES ('f35868bd-4431-7610-7c91-4cc2ba778fc0', '021231f4-e9fa-ecbb-5f2a-ad1321ca42ea', 'product_59', 230.0, 1);
INSERT INTO order_items (order_id, product_id, product_name, product_price, quantity)
VALUES ('f35868bd-4431-7610-7c91-4cc2ba778fc0', 'd46f67a1-e1dd-e079-0b5c-329f6422c4d4', 'product_60', 280.0, 2);
INSERT INTO order_items (order_id, product_id, product_name, product_price, quantity)
VALUES ('f35868bd-4431-7610-7c91-4cc2ba778fc0', '5f05b996-99f5-dfcb-e4b9-79078ca1f540', 'product_100', 460.0, 2);
INSERT INTO order_items (order_id, product_id, product_name, product_price, quantity)
VALUES ('f35868bd-4431-7610-7c91-4cc2ba778fc0', 'ce90a2e4-a08b-570d-aca7-50bb5d2d0ab2', 'product_112', 440.0, 1);
INSERT INTO order_items (order_id, product_id, product_name, product_price, quantity)
VALUES ('f35868bd-4431-7610-7c91-4cc2ba778fc0', '81b3193a-f1f9-6ba6-5630-5c911f0c4a69', 'product_48', 220.0, 1);
INSERT INTO order_items (order_id, product_id, product_name, product_price, quantity)
VALUES ('f35868bd-4431-7610-7c91-4cc2ba778fc0', 'c0fb869e-f434-07cb-f666-b9f7e55d4032', 'product_113', 770.0, 1);
INSERT INTO payments (order_id, venue_id, method, amount)
VALUES ('f35868bd-4431-7610-7c91-4cc2ba778fc0', '00000000-0000-0000-0000-000000000010', 'card', 3140.0);
INSERT INTO orders (id, venue_id, number, status, total_amount, opened_at, closed_at, table_number)
VALUES ('1454a09b-faa8-e4ec-721f-dd60030aef51', '00000000-0000-0000-0000-000000000010', '7323', 'paid', 630.0, '2026-05-17 15:52:37', '2026-05-17 15:52:37', '9');
INSERT INTO order_items (order_id, product_id, product_name, product_price, quantity)
VALUES ('1454a09b-faa8-e4ec-721f-dd60030aef51', 'bb41c67e-d584-f041-47ad-12499e38aab2', 'product_241', 200.0, 1);
INSERT INTO order_items (order_id, product_id, product_name, product_price, quantity)
VALUES ('1454a09b-faa8-e4ec-721f-dd60030aef51', '8d39c5f6-7b37-38c9-14be-a79428be2504', 'product_198', 430.0, 1);
INSERT INTO payments (order_id, venue_id, method, amount)
VALUES ('1454a09b-faa8-e4ec-721f-dd60030aef51', '00000000-0000-0000-0000-000000000010', 'card', 630.0);
INSERT INTO orders (id, venue_id, number, status, total_amount, opened_at, closed_at, table_number)
VALUES ('b13e9a12-ee07-7d45-e266-73204cb08dbe', '00000000-0000-0000-0000-000000000010', '7322', 'paid', 740.0, '2026-05-17 15:25:37', '2026-05-17 15:25:37', '9');
INSERT INTO order_items (order_id, product_id, product_name, product_price, quantity)
VALUES ('b13e9a12-ee07-7d45-e266-73204cb08dbe', '021231f4-e9fa-ecbb-5f2a-ad1321ca42ea', 'product_59', 230.0, 2);
INSERT INTO order_items (order_id, product_id, product_name, product_price, quantity)
VALUES ('b13e9a12-ee07-7d45-e266-73204cb08dbe', 'd46f67a1-e1dd-e079-0b5c-329f6422c4d4', 'product_60', 280.0, 1);
INSERT INTO payments (order_id, venue_id, method, amount)
VALUES ('b13e9a12-ee07-7d45-e266-73204cb08dbe', '00000000-0000-0000-0000-000000000010', 'card', 740.0);
INSERT INTO orders (id, venue_id, number, status, total_amount, opened_at, closed_at, table_number)
VALUES ('68471254-4a01-dd4c-3831-1c444e1b5add', '00000000-0000-0000-0000-000000000010', '7319', 'paid', 520.0, '2026-05-17 14:19:37', '2026-05-17 14:19:37', '9');
INSERT INTO order_items (order_id, product_id, product_name, product_price, quantity)
VALUES ('68471254-4a01-dd4c-3831-1c444e1b5add', '966437e8-b784-92e7-0afa-ff8bde6f1e53', 'product_145', 130.0, 4);
INSERT INTO payments (order_id, venue_id, method, amount)
VALUES ('68471254-4a01-dd4c-3831-1c444e1b5add', '00000000-0000-0000-0000-000000000010', 'cash', 520.0);
INSERT INTO orders (id, venue_id, number, status, total_amount, opened_at, closed_at, table_number)
VALUES ('c085ab23-7e69-aa7d-b298-ca08036ede34', '00000000-0000-0000-0000-000000000010', '7318', 'paid', 2680.0, '2026-05-17 13:52:39', '2026-05-17 13:52:39', '2');
INSERT INTO order_items (order_id, product_id, product_name, product_price, quantity)
VALUES ('c085ab23-7e69-aa7d-b298-ca08036ede34', '1a9038b5-12c1-4b41-756a-ce6d8bb0fac8', 'product_114', 670.0, 4);
INSERT INTO payments (order_id, venue_id, method, amount)
VALUES ('c085ab23-7e69-aa7d-b298-ca08036ede34', '00000000-0000-0000-0000-000000000010', 'card', 2680.0);
INSERT INTO orders (id, venue_id, number, status, total_amount, opened_at, closed_at, table_number)
VALUES ('e0ebc2cb-a3ae-f70d-50a7-b0173bc7bec3', '00000000-0000-0000-0000-000000000010', '7317', 'paid', 560.0, '2026-05-17 13:47:04', '2026-05-17 13:47:04', '2');
INSERT INTO order_items (order_id, product_id, product_name, product_price, quantity)
VALUES ('e0ebc2cb-a3ae-f70d-50a7-b0173bc7bec3', '966437e8-b784-92e7-0afa-ff8bde6f1e53', 'product_145', 130.0, 1);
INSERT INTO order_items (order_id, product_id, product_name, product_price, quantity)
VALUES ('e0ebc2cb-a3ae-f70d-50a7-b0173bc7bec3', 'd56291c3-0b81-82df-41d8-2bffd8869d31', 'product_140', 430.0, 1);
INSERT INTO payments (order_id, venue_id, method, amount)
VALUES ('e0ebc2cb-a3ae-f70d-50a7-b0173bc7bec3', '00000000-0000-0000-0000-000000000010', 'card', 560.0);
INSERT INTO orders (id, venue_id, number, status, total_amount, opened_at, closed_at, table_number)
VALUES ('5a8384b0-b9e2-cb48-8f34-8bb1a152c501', '00000000-0000-0000-0000-000000000010', '7310', 'paid', 970.0, '2026-05-17 12:08:31', '2026-05-17 12:08:31', '13');
INSERT INTO order_items (order_id, product_id, product_name, product_price, quantity)
VALUES ('5a8384b0-b9e2-cb48-8f34-8bb1a152c501', '38432f7f-ba41-eaa0-7e46-d791008e4b02', 'product_6', 510.0, 1);
INSERT INTO order_items (order_id, product_id, product_name, product_price, quantity)
VALUES ('5a8384b0-b9e2-cb48-8f34-8bb1a152c501', 'b9bdca4d-a423-6c36-2351-10cf52ff0eec', 'product_230', 0.0, 1);
INSERT INTO order_items (order_id, product_id, product_name, product_price, quantity)
VALUES ('5a8384b0-b9e2-cb48-8f34-8bb1a152c501', '021231f4-e9fa-ecbb-5f2a-ad1321ca42ea', 'product_59', 230.0, 2);
INSERT INTO orders (id, venue_id, number, status, total_amount, opened_at, closed_at, table_number)
VALUES ('675602b2-948a-f4fa-56ba-684807b3b204', '00000000-0000-0000-0000-000000000010', '7311', 'paid', 280.0, '2026-05-17 12:08:27', '2026-05-17 12:08:27', '10');
INSERT INTO order_items (order_id, product_id, product_name, product_price, quantity)
VALUES ('675602b2-948a-f4fa-56ba-684807b3b204', 'b9bdca4d-a423-6c36-2351-10cf52ff0eec', 'product_230', 0.0, 1);
INSERT INTO order_items (order_id, product_id, product_name, product_price, quantity)
VALUES ('675602b2-948a-f4fa-56ba-684807b3b204', 'd46f67a1-e1dd-e079-0b5c-329f6422c4d4', 'product_60', 280.0, 1);
INSERT INTO orders (id, venue_id, number, status, total_amount, opened_at, closed_at, table_number)
VALUES ('0af6d527-45ee-8aac-4559-7db5c6682ed6', '00000000-0000-0000-0000-000000000010', '7314', 'paid', 2320.0, '2026-05-17 12:08:23', '2026-05-17 12:08:23', '3');
INSERT INTO order_items (order_id, product_id, product_name, product_price, quantity)
VALUES ('0af6d527-45ee-8aac-4559-7db5c6682ed6', '38432f7f-ba41-eaa0-7e46-d791008e4b02', 'product_6', 510.0, 1);
INSERT INTO order_items (order_id, product_id, product_name, product_price, quantity)
VALUES ('0af6d527-45ee-8aac-4559-7db5c6682ed6', 'b9bdca4d-a423-6c36-2351-10cf52ff0eec', 'product_230', 0.0, 1);
INSERT INTO order_items (order_id, product_id, product_name, product_price, quantity)
VALUES ('0af6d527-45ee-8aac-4559-7db5c6682ed6', '497d0040-b877-bebf-95b7-582bf7a5e783', 'product_174', 250.0, 2);
INSERT INTO order_items (order_id, product_id, product_name, product_price, quantity)
VALUES ('0af6d527-45ee-8aac-4559-7db5c6682ed6', '9d00fee6-5b1a-acb8-1114-e668525ce1a6', 'product_200', 330.0, 2);
INSERT INTO order_items (order_id, product_id, product_name, product_price, quantity)
VALUES ('0af6d527-45ee-8aac-4559-7db5c6682ed6', 'a2b39819-292c-0b80-799d-c77d7020fc9d', 'product_34', 190.0, 1);
INSERT INTO order_items (order_id, product_id, product_name, product_price, quantity)
VALUES ('0af6d527-45ee-8aac-4559-7db5c6682ed6', '021231f4-e9fa-ecbb-5f2a-ad1321ca42ea', 'product_59', 230.0, 2);
INSERT INTO orders (id, venue_id, number, status, total_amount, opened_at, closed_at, table_number)
VALUES ('cf2bf9b0-ef0e-c688-ce1c-d9c98231820e', '00000000-0000-0000-0000-000000000010', '7312', 'paid', 1440.0, '2026-05-17 12:08:17', '2026-05-17 12:08:17', '1');
INSERT INTO order_items (order_id, product_id, product_name, product_price, quantity)
VALUES ('cf2bf9b0-ef0e-c688-ce1c-d9c98231820e', '38432f7f-ba41-eaa0-7e46-d791008e4b02', 'product_6', 510.0, 2);
INSERT INTO order_items (order_id, product_id, product_name, product_price, quantity)
VALUES ('cf2bf9b0-ef0e-c688-ce1c-d9c98231820e', 'b9bdca4d-a423-6c36-2351-10cf52ff0eec', 'product_230', 0.0, 1);
INSERT INTO order_items (order_id, product_id, product_name, product_price, quantity)
VALUES ('cf2bf9b0-ef0e-c688-ce1c-d9c98231820e', '021231f4-e9fa-ecbb-5f2a-ad1321ca42ea', 'product_59', 230.0, 1);
INSERT INTO order_items (order_id, product_id, product_name, product_price, quantity)
VALUES ('cf2bf9b0-ef0e-c688-ce1c-d9c98231820e', '0caff6fe-c574-8665-33ca-5f2cee71ebb2', 'product_35', 190.0, 1);
INSERT INTO orders (id, venue_id, number, status, total_amount, opened_at, closed_at, table_number)
VALUES ('39de16ec-33b5-5385-f876-b6fb3963d961', '00000000-0000-0000-0000-000000000010', '7315', 'paid', 5000.0, '2026-05-17 12:05:50', '2026-05-17 12:05:50', '16');
INSERT INTO order_items (order_id, product_id, product_name, product_price, quantity)
VALUES ('39de16ec-33b5-5385-f876-b6fb3963d961', 'c0fb869e-f434-07cb-f666-b9f7e55d4032', 'product_113', 770.0, 6);
INSERT INTO order_items (order_id, product_id, product_name, product_price, quantity)
VALUES ('39de16ec-33b5-5385-f876-b6fb3963d961', '0caff6fe-c574-8665-33ca-5f2cee71ebb2', 'product_35', 190.0, 1);
INSERT INTO order_items (order_id, product_id, product_name, product_price, quantity)
VALUES ('39de16ec-33b5-5385-f876-b6fb3963d961', 'a2b39819-292c-0b80-799d-c77d7020fc9d', 'product_34', 190.0, 1);
INSERT INTO payments (order_id, venue_id, method, amount)
VALUES ('39de16ec-33b5-5385-f876-b6fb3963d961', '00000000-0000-0000-0000-000000000010', 'card', 5000.0);
INSERT INTO orders (id, venue_id, number, status, total_amount, opened_at, closed_at, table_number)
VALUES ('4b77e28d-9ffa-803b-ef08-327063ab78bb', '00000000-0000-0000-0000-000000000010', '7300', 'paid', 1510.0, '2026-05-17 11:47:21', '2026-05-17 11:47:21', '15');
INSERT INTO order_items (order_id, product_id, product_name, product_price, quantity)
VALUES ('4b77e28d-9ffa-803b-ef08-327063ab78bb', 'c0fb869e-f434-07cb-f666-b9f7e55d4032', 'product_113', 770.0, 1);
INSERT INTO order_items (order_id, product_id, product_name, product_price, quantity)
VALUES ('4b77e28d-9ffa-803b-ef08-327063ab78bb', '260b99e2-59bd-a3dc-c313-434aff0daf54', 'product_144', 190.0, 1);
INSERT INTO order_items (order_id, product_id, product_name, product_price, quantity)
VALUES ('4b77e28d-9ffa-803b-ef08-327063ab78bb', '1d55740b-7a2f-ce7c-d33a-454fb2de27dc', 'product_155', 420.0, 1);
INSERT INTO order_items (order_id, product_id, product_name, product_price, quantity)
VALUES ('4b77e28d-9ffa-803b-ef08-327063ab78bb', 'eed148a6-7f8f-38d6-85f9-602481bbc846', 'product_146', 130.0, 1);
INSERT INTO payments (order_id, venue_id, method, amount)
VALUES ('4b77e28d-9ffa-803b-ef08-327063ab78bb', '00000000-0000-0000-0000-000000000010', 'card', 1510.0);
INSERT INTO orders (id, venue_id, number, status, total_amount, opened_at, closed_at, table_number)
VALUES ('f028cc9f-8e0e-ff2e-864c-49645919109d', '00000000-0000-0000-0000-000000000010', '7313', 'paid', 4120.0, '2026-05-17 11:46:27', '2026-05-17 11:46:27', '7');
INSERT INTO order_items (order_id, product_id, product_name, product_price, quantity)
VALUES ('f028cc9f-8e0e-ff2e-864c-49645919109d', '38432f7f-ba41-eaa0-7e46-d791008e4b02', 'product_6', 510.0, 4);
INSERT INTO order_items (order_id, product_id, product_name, product_price, quantity)
VALUES ('f028cc9f-8e0e-ff2e-864c-49645919109d', '8b7920ef-e954-d760-2a69-99cafc830c2e', 'product_171', 270.0, 1);
INSERT INTO order_items (order_id, product_id, product_name, product_price, quantity)
VALUES ('f028cc9f-8e0e-ff2e-864c-49645919109d', 'fdb6f575-fe3f-282e-93d0-1dad56530fa5', 'product_15', 640.0, 1);
INSERT INTO order_items (order_id, product_id, product_name, product_price, quantity)
VALUES ('f028cc9f-8e0e-ff2e-864c-49645919109d', '5c3938ac-271e-5674-37aa-116c20435202', 'product_234', 370.0, 2);
INSERT INTO order_items (order_id, product_id, product_name, product_price, quantity)
VALUES ('f028cc9f-8e0e-ff2e-864c-49645919109d', 'd56291c3-0b81-82df-41d8-2bffd8869d31', 'product_140', 430.0, 1);
INSERT INTO payments (order_id, venue_id, method, amount)
VALUES ('f028cc9f-8e0e-ff2e-864c-49645919109d', '00000000-0000-0000-0000-000000000010', 'card', 4120.0);
INSERT INTO orders (id, venue_id, number, status, total_amount, opened_at, closed_at, table_number)
VALUES ('eb96cb9f-5e17-1110-eb16-5899055cdbd6', '00000000-0000-0000-0000-000000000010', '7308', 'paid', 3460.0, '2026-05-16 21:57:40', '2026-05-16 21:57:40', '13');
INSERT INTO order_items (order_id, product_id, product_name, product_price, quantity)
VALUES ('eb96cb9f-5e17-1110-eb16-5899055cdbd6', '7ddbed72-7deb-5ee4-0634-41d52192bad1', 'product_23', 1750.0, 1);
INSERT INTO order_items (order_id, product_id, product_name, product_price, quantity)
VALUES ('eb96cb9f-5e17-1110-eb16-5899055cdbd6', '627b586a-57c8-d217-1549-c47bb32192ac', 'product_26', 460.0, 1);
INSERT INTO order_items (order_id, product_id, product_name, product_price, quantity)
VALUES ('eb96cb9f-5e17-1110-eb16-5899055cdbd6', 'f35a1ebf-94b4-c196-4fdb-5698a8e21330', 'product_170', 820.0, 1);
INSERT INTO order_items (order_id, product_id, product_name, product_price, quantity)
VALUES ('eb96cb9f-5e17-1110-eb16-5899055cdbd6', 'ec61223f-a380-dd08-f9eb-461b3c2f80e6', 'product_163', 120.0, 2);
INSERT INTO order_items (order_id, product_id, product_name, product_price, quantity)
VALUES ('eb96cb9f-5e17-1110-eb16-5899055cdbd6', '260b99e2-59bd-a3dc-c313-434aff0daf54', 'product_144', 190.0, 1);
INSERT INTO payments (order_id, venue_id, method, amount)
VALUES ('eb96cb9f-5e17-1110-eb16-5899055cdbd6', '00000000-0000-0000-0000-000000000010', 'card', 3460.0);
INSERT INTO orders (id, venue_id, number, status, total_amount, opened_at, closed_at, table_number)
VALUES ('c8b25353-550b-702b-69bd-5cec9ff6817f', '00000000-0000-0000-0000-000000000010', '7309', 'paid', 560.0, '2026-05-16 21:56:34', '2026-05-16 21:56:34', '9');
INSERT INTO order_items (order_id, product_id, product_name, product_price, quantity)
VALUES ('c8b25353-550b-702b-69bd-5cec9ff6817f', 'd46f67a1-e1dd-e079-0b5c-329f6422c4d4', 'product_60', 280.0, 2);
INSERT INTO payments (order_id, venue_id, method, amount)
VALUES ('c8b25353-550b-702b-69bd-5cec9ff6817f', '00000000-0000-0000-0000-000000000010', 'card', 560.0);
INSERT INTO orders (id, venue_id, number, status, total_amount, opened_at, closed_at, table_number)
VALUES ('b3c0e38a-697a-77b9-7744-3888be22f483', '00000000-0000-0000-0000-000000000010', '7302', 'paid', 2860.0, '2026-05-16 21:33:04', '2026-05-16 21:33:04', '12');
INSERT INTO order_items (order_id, product_id, product_name, product_price, quantity)
VALUES ('b3c0e38a-697a-77b9-7744-3888be22f483', '5f05b996-99f5-dfcb-e4b9-79078ca1f540', 'product_100', 460.0, 1);
INSERT INTO order_items (order_id, product_id, product_name, product_price, quantity)
VALUES ('b3c0e38a-697a-77b9-7744-3888be22f483', 'ce90a2e4-a08b-570d-aca7-50bb5d2d0ab2', 'product_112', 440.0, 1);
INSERT INTO order_items (order_id, product_id, product_name, product_price, quantity)
VALUES ('b3c0e38a-697a-77b9-7744-3888be22f483', '951f4bf6-be55-0e75-59a9-7e580a0d07c4', 'product_14', 640.0, 1);
INSERT INTO order_items (order_id, product_id, product_name, product_price, quantity)
VALUES ('b3c0e38a-697a-77b9-7744-3888be22f483', 'bc75aa2b-4910-21bf-56ff-d9769b039d8e', 'product_47', 220.0, 1);
INSERT INTO order_items (order_id, product_id, product_name, product_price, quantity)
VALUES ('b3c0e38a-697a-77b9-7744-3888be22f483', 'a2b39819-292c-0b80-799d-c77d7020fc9d', 'product_34', 190.0, 2);
INSERT INTO order_items (order_id, product_id, product_name, product_price, quantity)
VALUES ('b3c0e38a-697a-77b9-7744-3888be22f483', 'badf5f45-b516-78fa-fbe7-ff32ed526953', 'product_226', 720.0, 1);
INSERT INTO payments (order_id, venue_id, method, amount)
VALUES ('b3c0e38a-697a-77b9-7744-3888be22f483', '00000000-0000-0000-0000-000000000010', 'cash', 2860.0);
INSERT INTO orders (id, venue_id, number, status, total_amount, opened_at, closed_at, table_number)
VALUES ('9f209ee1-8594-15bb-bf41-f14b9b56734c', '00000000-0000-0000-0000-000000000010', '7306', 'paid', 2470.0, '2026-05-16 20:51:44', '2026-05-16 20:51:44', '1');
INSERT INTO order_items (order_id, product_id, product_name, product_price, quantity)
VALUES ('9f209ee1-8594-15bb-bf41-f14b9b56734c', 'c0fb869e-f434-07cb-f666-b9f7e55d4032', 'product_113', 770.0, 2);
INSERT INTO order_items (order_id, product_id, product_name, product_price, quantity)
VALUES ('9f209ee1-8594-15bb-bf41-f14b9b56734c', '0caff6fe-c574-8665-33ca-5f2cee71ebb2', 'product_35', 190.0, 1);
INSERT INTO order_items (order_id, product_id, product_name, product_price, quantity)
VALUES ('9f209ee1-8594-15bb-bf41-f14b9b56734c', '134318a5-b3ba-8433-c9f4-446b46b10995', 'product_37', 370.0, 2);
INSERT INTO payments (order_id, venue_id, method, amount)
VALUES ('9f209ee1-8594-15bb-bf41-f14b9b56734c', '00000000-0000-0000-0000-000000000010', 'card', 2470.0);
INSERT INTO orders (id, venue_id, number, status, total_amount, opened_at, closed_at, table_number)
VALUES ('de958b05-5c6b-2a3e-58fc-f571bb30879e', '00000000-0000-0000-0000-000000000010', '7307', 'paid', 3730.0, '2026-05-16 20:43:55', '2026-05-16 20:43:55', '2');
INSERT INTO order_items (order_id, product_id, product_name, product_price, quantity)
VALUES ('de958b05-5c6b-2a3e-58fc-f571bb30879e', 'c0fb869e-f434-07cb-f666-b9f7e55d4032', 'product_113', 770.0, 2);
INSERT INTO order_items (order_id, product_id, product_name, product_price, quantity)
VALUES ('de958b05-5c6b-2a3e-58fc-f571bb30879e', '1a9038b5-12c1-4b41-756a-ce6d8bb0fac8', 'product_114', 670.0, 1);
INSERT INTO order_items (order_id, product_id, product_name, product_price, quantity)
VALUES ('de958b05-5c6b-2a3e-58fc-f571bb30879e', '62cdaaca-f6e8-fe1a-af41-d7fc95a79021', 'product_167', 40.0, 3);
INSERT INTO order_items (order_id, product_id, product_name, product_price, quantity)
VALUES ('de958b05-5c6b-2a3e-58fc-f571bb30879e', '09d9bcce-e54b-d518-c5bf-1c5d4b683d38', 'product_50', 200.0, 1);
INSERT INTO order_items (order_id, product_id, product_name, product_price, quantity)
VALUES ('de958b05-5c6b-2a3e-58fc-f571bb30879e', 'fdb6f575-fe3f-282e-93d0-1dad56530fa5', 'product_15', 640.0, 1);
INSERT INTO order_items (order_id, product_id, product_name, product_price, quantity)
VALUES ('de958b05-5c6b-2a3e-58fc-f571bb30879e', 'a2b39819-292c-0b80-799d-c77d7020fc9d', 'product_34', 190.0, 1);
INSERT INTO order_items (order_id, product_id, product_name, product_price, quantity)
VALUES ('de958b05-5c6b-2a3e-58fc-f571bb30879e', '3b80474c-9414-a513-7578-5a4d84e49583', 'product_38', 370.0, 1);
INSERT INTO payments (order_id, venue_id, method, amount)
VALUES ('de958b05-5c6b-2a3e-58fc-f571bb30879e', '00000000-0000-0000-0000-000000000010', 'card', 3730.0);
INSERT INTO orders (id, venue_id, number, status, total_amount, opened_at, closed_at, table_number)
VALUES ('d82bb789-4187-b885-5b29-eab3536f2382', '00000000-0000-0000-0000-000000000010', '7305', 'paid', 3150.0, '2026-05-16 20:29:05', '2026-05-16 20:29:05', '8');
INSERT INTO order_items (order_id, product_id, product_name, product_price, quantity)
VALUES ('d82bb789-4187-b885-5b29-eab3536f2382', 'c0fb869e-f434-07cb-f666-b9f7e55d4032', 'product_113', 770.0, 2);
INSERT INTO order_items (order_id, product_id, product_name, product_price, quantity)
VALUES ('d82bb789-4187-b885-5b29-eab3536f2382', '0f7cfc79-3a3f-41ac-1aa4-b27431de9236', 'product_29', 620.0, 2);
INSERT INTO order_items (order_id, product_id, product_name, product_price, quantity)
VALUES ('d82bb789-4187-b885-5b29-eab3536f2382', '5c3938ac-271e-5674-37aa-116c20435202', 'product_234', 370.0, 1);
INSERT INTO payments (order_id, venue_id, method, amount)
VALUES ('d82bb789-4187-b885-5b29-eab3536f2382', '00000000-0000-0000-0000-000000000010', 'card', 3150.0);
INSERT INTO orders (id, venue_id, number, status, total_amount, opened_at, closed_at, table_number)
VALUES ('12ddd0cd-81c2-dd9e-0a1c-d51ff42ed5f2', '00000000-0000-0000-0000-000000000010', '7298', 'paid', 440.0, '2026-05-16 20:25:49', '2026-05-16 20:25:49', '16');
INSERT INTO order_items (order_id, product_id, product_name, product_price, quantity)
VALUES ('12ddd0cd-81c2-dd9e-0a1c-d51ff42ed5f2', 'ce90a2e4-a08b-570d-aca7-50bb5d2d0ab2', 'product_112', 440.0, 1);
INSERT INTO payments (order_id, venue_id, method, amount)
VALUES ('12ddd0cd-81c2-dd9e-0a1c-d51ff42ed5f2', '00000000-0000-0000-0000-000000000010', 'card', 440.0);
INSERT INTO orders (id, venue_id, number, status, total_amount, opened_at, closed_at, table_number)
VALUES ('7cc936ea-75e8-4cd6-e61b-f3ba95747b20', '00000000-0000-0000-0000-000000000010', '7304', 'paid', 370.0, '2026-05-16 20:18:21', '2026-05-16 20:18:21', '9');
INSERT INTO order_items (order_id, product_id, product_name, product_price, quantity)
VALUES ('7cc936ea-75e8-4cd6-e61b-f3ba95747b20', 'bd63cdca-84b0-4bda-520e-13725e4b4e60', 'product_33', 370.0, 1);
INSERT INTO payments (order_id, venue_id, method, amount)
VALUES ('7cc936ea-75e8-4cd6-e61b-f3ba95747b20', '00000000-0000-0000-0000-000000000010', 'card', 370.0);
INSERT INTO orders (id, venue_id, number, status, total_amount, opened_at, closed_at, table_number)
VALUES ('26490cee-510d-448b-bbb3-1a49f903ed87', '00000000-0000-0000-0000-000000000010', '7303', 'paid', 190.0, '2026-05-16 20:03:10', '2026-05-16 20:03:10', '17');
INSERT INTO order_items (order_id, product_id, product_name, product_price, quantity)
VALUES ('26490cee-510d-448b-bbb3-1a49f903ed87', '0caff6fe-c574-8665-33ca-5f2cee71ebb2', 'product_35', 190.0, 1);
INSERT INTO payments (order_id, venue_id, method, amount)
VALUES ('26490cee-510d-448b-bbb3-1a49f903ed87', '00000000-0000-0000-0000-000000000010', 'card', 190.0);
INSERT INTO orders (id, venue_id, number, status, total_amount, opened_at, closed_at, table_number)
VALUES ('bd79ef69-35bb-c6f2-1c14-fe712c636b47', '00000000-0000-0000-0000-000000000010', '7301', 'paid', 600.0, '2026-05-16 18:00:11', '2026-05-16 18:00:11', '9');
INSERT INTO order_items (order_id, product_id, product_name, product_price, quantity)
VALUES ('bd79ef69-35bb-c6f2-1c14-fe712c636b47', 'bb41c67e-d584-f041-47ad-12499e38aab2', 'product_241', 200.0, 3);
INSERT INTO payments (order_id, venue_id, method, amount)
VALUES ('bd79ef69-35bb-c6f2-1c14-fe712c636b47', '00000000-0000-0000-0000-000000000010', 'cash', 600.0);
INSERT INTO orders (id, venue_id, number, status, total_amount, opened_at, closed_at, table_number)
VALUES ('f854d527-2dff-23d0-88ff-1d289f083ae0', '00000000-0000-0000-0000-000000000010', '7297', 'paid', 1730.0, '2026-05-16 17:27:40', '2026-05-16 17:27:40', '8');
INSERT INTO order_items (order_id, product_id, product_name, product_price, quantity)
VALUES ('f854d527-2dff-23d0-88ff-1d289f083ae0', 'c0fb869e-f434-07cb-f666-b9f7e55d4032', 'product_113', 770.0, 2);
INSERT INTO order_items (order_id, product_id, product_name, product_price, quantity)
VALUES ('f854d527-2dff-23d0-88ff-1d289f083ae0', 'a2b39819-292c-0b80-799d-c77d7020fc9d', 'product_34', 190.0, 1);
INSERT INTO payments (order_id, venue_id, method, amount)
VALUES ('f854d527-2dff-23d0-88ff-1d289f083ae0', '00000000-0000-0000-0000-000000000010', 'card', 1730.0);
INSERT INTO orders (id, venue_id, number, status, total_amount, opened_at, closed_at, table_number)
VALUES ('7ef72117-1abc-c83a-ae47-ceca848c00ed', '00000000-0000-0000-0000-000000000010', '7299', 'paid', 200.0, '2026-05-16 17:20:31', '2026-05-16 17:20:31', '9');
INSERT INTO order_items (order_id, product_id, product_name, product_price, quantity)
VALUES ('7ef72117-1abc-c83a-ae47-ceca848c00ed', 'bb41c67e-d584-f041-47ad-12499e38aab2', 'product_241', 200.0, 1);
INSERT INTO payments (order_id, venue_id, method, amount)
VALUES ('7ef72117-1abc-c83a-ae47-ceca848c00ed', '00000000-0000-0000-0000-000000000010', 'card', 200.0);
INSERT INTO orders (id, venue_id, number, status, total_amount, opened_at, closed_at, table_number)
VALUES ('473ff454-f3b1-8031-cc84-0609b1613d8a', '00000000-0000-0000-0000-000000000010', '7296', 'paid', 1980.0, '2026-05-16 16:36:02', '2026-05-16 16:36:02', '9');
INSERT INTO order_items (order_id, product_id, product_name, product_price, quantity)
VALUES ('473ff454-f3b1-8031-cc84-0609b1613d8a', '8b7920ef-e954-d760-2a69-99cafc830c2e', 'product_171', 270.0, 2);
INSERT INTO order_items (order_id, product_id, product_name, product_price, quantity)
VALUES ('473ff454-f3b1-8031-cc84-0609b1613d8a', 'c0fb869e-f434-07cb-f666-b9f7e55d4032', 'product_113', 770.0, 1);
INSERT INTO order_items (order_id, product_id, product_name, product_price, quantity)
VALUES ('473ff454-f3b1-8031-cc84-0609b1613d8a', '1a9038b5-12c1-4b41-756a-ce6d8bb0fac8', 'product_114', 670.0, 1);
INSERT INTO payments (order_id, venue_id, method, amount)
VALUES ('473ff454-f3b1-8031-cc84-0609b1613d8a', '00000000-0000-0000-0000-000000000010', 'card', 1980.0);
INSERT INTO orders (id, venue_id, number, status, total_amount, opened_at, closed_at, table_number)
VALUES ('c4db461f-2232-9286-a80b-e617d97cee9f', '00000000-0000-0000-0000-000000000010', '7294', 'paid', 180.0, '2026-05-16 15:33:38', '2026-05-16 15:33:38', '9');
INSERT INTO order_items (order_id, product_id, product_name, product_price, quantity)
VALUES ('c4db461f-2232-9286-a80b-e617d97cee9f', 'da98da7c-a663-0228-294e-97c1fae50fd1', 'product_54', 180.0, 1);
INSERT INTO payments (order_id, venue_id, method, amount)
VALUES ('c4db461f-2232-9286-a80b-e617d97cee9f', '00000000-0000-0000-0000-000000000010', 'card', 180.0);
INSERT INTO orders (id, venue_id, number, status, total_amount, opened_at, closed_at, table_number)
VALUES ('526604df-04f4-6dce-c09a-1a56a5e0b66b', '00000000-0000-0000-0000-000000000010', '7293', 'paid', 2580.0, '2026-05-16 15:18:23', '2026-05-16 15:18:23', '16');
INSERT INTO order_items (order_id, product_id, product_name, product_price, quantity)
VALUES ('526604df-04f4-6dce-c09a-1a56a5e0b66b', 'c0fb869e-f434-07cb-f666-b9f7e55d4032', 'product_113', 770.0, 1);
INSERT INTO order_items (order_id, product_id, product_name, product_price, quantity)
VALUES ('526604df-04f4-6dce-c09a-1a56a5e0b66b', 'f35a1ebf-94b4-c196-4fdb-5698a8e21330', 'product_170', 820.0, 1);
INSERT INTO order_items (order_id, product_id, product_name, product_price, quantity)
VALUES ('526604df-04f4-6dce-c09a-1a56a5e0b66b', 'eb1260af-ca5f-c811-fd1c-bf1664229477', 'product_115', 310.0, 2);
INSERT INTO order_items (order_id, product_id, product_name, product_price, quantity)
VALUES ('526604df-04f4-6dce-c09a-1a56a5e0b66b', '7a291d79-c795-0f76-118b-25d10a078238', 'product_191', 370.0, 1);
INSERT INTO payments (order_id, venue_id, method, amount)
VALUES ('526604df-04f4-6dce-c09a-1a56a5e0b66b', '00000000-0000-0000-0000-000000000010', 'card', 2580.0);
INSERT INTO orders (id, venue_id, number, status, total_amount, opened_at, closed_at, table_number)
VALUES ('31fb1785-19c9-6efa-624f-c3d2e78a746d', '00000000-0000-0000-0000-000000000010', '7292', 'paid', 3470.0, '2026-05-16 14:41:43', '2026-05-16 14:41:43', '1');
INSERT INTO order_items (order_id, product_id, product_name, product_price, quantity)
VALUES ('31fb1785-19c9-6efa-624f-c3d2e78a746d', 'ec61223f-a380-dd08-f9eb-461b3c2f80e6', 'product_163', 120.0, 1);
INSERT INTO order_items (order_id, product_id, product_name, product_price, quantity)
VALUES ('31fb1785-19c9-6efa-624f-c3d2e78a746d', '34be4c41-8483-67b6-927a-0bdb8761fbe4', 'product_162', 170.0, 2);
INSERT INTO order_items (order_id, product_id, product_name, product_price, quantity)
VALUES ('31fb1785-19c9-6efa-624f-c3d2e78a746d', 'c0fb869e-f434-07cb-f666-b9f7e55d4032', 'product_113', 770.0, 1);
INSERT INTO order_items (order_id, product_id, product_name, product_price, quantity)
VALUES ('31fb1785-19c9-6efa-624f-c3d2e78a746d', '260b99e2-59bd-a3dc-c313-434aff0daf54', 'product_144', 190.0, 2);
INSERT INTO order_items (order_id, product_id, product_name, product_price, quantity)
VALUES ('31fb1785-19c9-6efa-624f-c3d2e78a746d', '627b586a-57c8-d217-1549-c47bb32192ac', 'product_26', 460.0, 1);
INSERT INTO order_items (order_id, product_id, product_name, product_price, quantity)
VALUES ('31fb1785-19c9-6efa-624f-c3d2e78a746d', '0f7cfc79-3a3f-41ac-1aa4-b27431de9236', 'product_29', 620.0, 1);
INSERT INTO order_items (order_id, product_id, product_name, product_price, quantity)
VALUES ('31fb1785-19c9-6efa-624f-c3d2e78a746d', '5c3938ac-271e-5674-37aa-116c20435202', 'product_234', 370.0, 1);
INSERT INTO order_items (order_id, product_id, product_name, product_price, quantity)
VALUES ('31fb1785-19c9-6efa-624f-c3d2e78a746d', '0caff6fe-c574-8665-33ca-5f2cee71ebb2', 'product_35', 190.0, 1);
INSERT INTO order_items (order_id, product_id, product_name, product_price, quantity)
VALUES ('31fb1785-19c9-6efa-624f-c3d2e78a746d', '7c7c305a-92ed-bc40-0bb5-1155fc4e313f', 'product_99', 220.0, 1);
INSERT INTO payments (order_id, venue_id, method, amount)
VALUES ('31fb1785-19c9-6efa-624f-c3d2e78a746d', '00000000-0000-0000-0000-000000000010', 'cash', 3470.0);
INSERT INTO orders (id, venue_id, number, status, total_amount, opened_at, closed_at, table_number)
VALUES ('886b2cf6-86d2-14f8-b41e-9b04c491ab3d', '00000000-0000-0000-0000-000000000010', '7291', 'paid', 0.0, '2026-05-16 13:42:25', '2026-05-16 13:42:25', '9');
INSERT INTO order_items (order_id, product_id, product_name, product_price, quantity)
VALUES ('886b2cf6-86d2-14f8-b41e-9b04c491ab3d', '1afe238c-a186-0e67-9e9d-d39b8c4abe8a', 'product_229', 0.0, 1);
INSERT INTO order_items (order_id, product_id, product_name, product_price, quantity)
VALUES ('886b2cf6-86d2-14f8-b41e-9b04c491ab3d', '82c55340-bd07-2a9a-a6cc-6ce377f958f2', 'product_148', 0.0, 1);
INSERT INTO order_items (order_id, product_id, product_name, product_price, quantity)
VALUES ('886b2cf6-86d2-14f8-b41e-9b04c491ab3d', '12dd0c72-4671-5cd8-b7da-98389426555c', 'product_228', 0.0, 1);
INSERT INTO orders (id, venue_id, number, status, total_amount, opened_at, closed_at, table_number)
VALUES ('4513863f-93fd-5bf2-6e74-bf6f793afe64', '00000000-0000-0000-0000-000000000010', '7287', 'paid', 1480.0, '2026-05-16 12:37:28', '2026-05-16 12:37:28', '11');
INSERT INTO order_items (order_id, product_id, product_name, product_price, quantity)
VALUES ('4513863f-93fd-5bf2-6e74-bf6f793afe64', '38432f7f-ba41-eaa0-7e46-d791008e4b02', 'product_6', 510.0, 2);
INSERT INTO order_items (order_id, product_id, product_name, product_price, quantity)
VALUES ('4513863f-93fd-5bf2-6e74-bf6f793afe64', '021231f4-e9fa-ecbb-5f2a-ad1321ca42ea', 'product_59', 230.0, 2);
INSERT INTO orders (id, venue_id, number, status, total_amount, opened_at, closed_at, table_number)
VALUES ('1eb3aed4-2e31-458f-4147-607580396465', '00000000-0000-0000-0000-000000000010', '7288', 'paid', 1200.0, '2026-05-16 12:37:21', '2026-05-16 12:37:21', '10');
INSERT INTO order_items (order_id, product_id, product_name, product_price, quantity)
VALUES ('1eb3aed4-2e31-458f-4147-607580396465', '38432f7f-ba41-eaa0-7e46-d791008e4b02', 'product_6', 510.0, 1);
INSERT INTO order_items (order_id, product_id, product_name, product_price, quantity)
VALUES ('1eb3aed4-2e31-458f-4147-607580396465', 'b9bdca4d-a423-6c36-2351-10cf52ff0eec', 'product_230', 0.0, 2);
INSERT INTO order_items (order_id, product_id, product_name, product_price, quantity)
VALUES ('1eb3aed4-2e31-458f-4147-607580396465', '021231f4-e9fa-ecbb-5f2a-ad1321ca42ea', 'product_59', 230.0, 3);
INSERT INTO orders (id, venue_id, number, status, total_amount, opened_at, closed_at, table_number)
VALUES ('f7944b4f-1b8b-370a-cec9-7117be258904', '00000000-0000-0000-0000-000000000010', '7290', 'paid', 870.0, '2026-05-16 12:37:12', '2026-05-16 12:37:12', '3');
INSERT INTO order_items (order_id, product_id, product_name, product_price, quantity)
VALUES ('f7944b4f-1b8b-370a-cec9-7117be258904', 'bb41c67e-d584-f041-47ad-12499e38aab2', 'product_241', 200.0, 1);
INSERT INTO order_items (order_id, product_id, product_name, product_price, quantity)
VALUES ('f7944b4f-1b8b-370a-cec9-7117be258904', '1a9038b5-12c1-4b41-756a-ce6d8bb0fac8', 'product_114', 670.0, 1);
INSERT INTO payments (order_id, venue_id, method, amount)
VALUES ('f7944b4f-1b8b-370a-cec9-7117be258904', '00000000-0000-0000-0000-000000000010', 'cash', 870.0);
INSERT INTO orders (id, venue_id, number, status, total_amount, opened_at, closed_at, table_number)
VALUES ('95c112a2-2b33-940f-5fd9-0c535068d82a', '00000000-0000-0000-0000-000000000010', '7284', 'paid', 3060.0, '2026-05-16 12:13:03', '2026-05-16 12:13:03', '10');
INSERT INTO order_items (order_id, product_id, product_name, product_price, quantity)
VALUES ('95c112a2-2b33-940f-5fd9-0c535068d82a', '7ddbed72-7deb-5ee4-0634-41d52192bad1', 'product_23', 1750.0, 1);
INSERT INTO order_items (order_id, product_id, product_name, product_price, quantity)
VALUES ('95c112a2-2b33-940f-5fd9-0c535068d82a', '627b586a-57c8-d217-1549-c47bb32192ac', 'product_26', 460.0, 1);
INSERT INTO order_items (order_id, product_id, product_name, product_price, quantity)
VALUES ('95c112a2-2b33-940f-5fd9-0c535068d82a', '0f7cfc79-3a3f-41ac-1aa4-b27431de9236', 'product_29', 620.0, 1);
INSERT INTO order_items (order_id, product_id, product_name, product_price, quantity)
VALUES ('95c112a2-2b33-940f-5fd9-0c535068d82a', '021231f4-e9fa-ecbb-5f2a-ad1321ca42ea', 'product_59', 230.0, 1);
INSERT INTO payments (order_id, venue_id, method, amount)
VALUES ('95c112a2-2b33-940f-5fd9-0c535068d82a', '00000000-0000-0000-0000-000000000010', 'card', 3060.0);
INSERT INTO orders (id, venue_id, number, status, total_amount, opened_at, closed_at, table_number)
VALUES ('53f252dc-0f8e-46c8-4d09-aa10032a911e', '00000000-0000-0000-0000-000000000010', '7289', 'paid', 760.0, '2026-05-16 10:05:19', '2026-05-16 10:05:19', '1');
INSERT INTO order_items (order_id, product_id, product_name, product_price, quantity)
VALUES ('53f252dc-0f8e-46c8-4d09-aa10032a911e', '8d266d35-f6a4-b267-e097-564510f7f857', 'product_12', 270.0, 1);
INSERT INTO order_items (order_id, product_id, product_name, product_price, quantity)
VALUES ('53f252dc-0f8e-46c8-4d09-aa10032a911e', 'ec61223f-a380-dd08-f9eb-461b3c2f80e6', 'product_163', 120.0, 1);
INSERT INTO order_items (order_id, product_id, product_name, product_price, quantity)
VALUES ('53f252dc-0f8e-46c8-4d09-aa10032a911e', 'b9bdca4d-a423-6c36-2351-10cf52ff0eec', 'product_230', 0.0, 1);
INSERT INTO order_items (order_id, product_id, product_name, product_price, quantity)
VALUES ('53f252dc-0f8e-46c8-4d09-aa10032a911e', '5c3938ac-271e-5674-37aa-116c20435202', 'product_234', 370.0, 1);
INSERT INTO payments (order_id, venue_id, method, amount)
VALUES ('53f252dc-0f8e-46c8-4d09-aa10032a911e', '00000000-0000-0000-0000-000000000010', 'card', 370.0);
INSERT INTO orders (id, venue_id, number, status, total_amount, opened_at, closed_at, table_number)
VALUES ('d59226b0-22ec-45e4-4226-ec44fa8b4c9d', '00000000-0000-0000-0000-000000000010', '7286', 'paid', 370.0, '2026-05-15 22:34:17', '2026-05-15 22:34:17', '9');
INSERT INTO order_items (order_id, product_id, product_name, product_price, quantity)
VALUES ('d59226b0-22ec-45e4-4226-ec44fa8b4c9d', '5c3938ac-271e-5674-37aa-116c20435202', 'product_234', 370.0, 1);
INSERT INTO payments (order_id, venue_id, method, amount)
VALUES ('d59226b0-22ec-45e4-4226-ec44fa8b4c9d', '00000000-0000-0000-0000-000000000010', 'card', 370.0);
INSERT INTO orders (id, venue_id, number, status, total_amount, opened_at, closed_at, table_number)
VALUES ('dc6ab471-7984-b640-a796-5eb08e1f84d3', '00000000-0000-0000-0000-000000000010', '7285', 'paid', 0.0, '2026-05-15 22:13:57', '2026-05-15 22:13:57', '9');
INSERT INTO order_items (order_id, product_id, product_name, product_price, quantity)
VALUES ('dc6ab471-7984-b640-a796-5eb08e1f84d3', '82c55340-bd07-2a9a-a6cc-6ce377f958f2', 'product_148', 0.0, 1);
INSERT INTO order_items (order_id, product_id, product_name, product_price, quantity)
VALUES ('dc6ab471-7984-b640-a796-5eb08e1f84d3', '1afe238c-a186-0e67-9e9d-d39b8c4abe8a', 'product_229', 0.0, 1);
INSERT INTO order_items (order_id, product_id, product_name, product_price, quantity)
VALUES ('dc6ab471-7984-b640-a796-5eb08e1f84d3', '82c55340-bd07-2a9a-a6cc-6ce377f958f2', 'product_148', 0.0, 1);
INSERT INTO orders (id, venue_id, number, status, total_amount, opened_at, closed_at, table_number)
VALUES ('7d4be17b-60b4-db77-f387-b635adee1207', '00000000-0000-0000-0000-000000000010', '7283', 'paid', 560.0, '2026-05-15 21:00:46', '2026-05-15 21:00:46', '9');
INSERT INTO order_items (order_id, product_id, product_name, product_price, quantity)
VALUES ('7d4be17b-60b4-db77-f387-b635adee1207', 'd46f67a1-e1dd-e079-0b5c-329f6422c4d4', 'product_60', 280.0, 2);
INSERT INTO payments (order_id, venue_id, method, amount)
VALUES ('7d4be17b-60b4-db77-f387-b635adee1207', '00000000-0000-0000-0000-000000000010', 'card', 560.0);
INSERT INTO orders (id, venue_id, number, status, total_amount, opened_at, closed_at, table_number)
VALUES ('ce479172-31bd-234c-5f49-b5ccfe89d083', '00000000-0000-0000-0000-000000000010', '7282', 'paid', 2390.0, '2026-05-15 19:53:59', '2026-05-15 19:53:59', '2');
INSERT INTO order_items (order_id, product_id, product_name, product_price, quantity)
VALUES ('ce479172-31bd-234c-5f49-b5ccfe89d083', 'c0fb869e-f434-07cb-f666-b9f7e55d4032', 'product_113', 770.0, 2);
INSERT INTO order_items (order_id, product_id, product_name, product_price, quantity)
VALUES ('ce479172-31bd-234c-5f49-b5ccfe89d083', '0caff6fe-c574-8665-33ca-5f2cee71ebb2', 'product_35', 190.0, 1);
INSERT INTO order_items (order_id, product_id, product_name, product_price, quantity)
VALUES ('ce479172-31bd-234c-5f49-b5ccfe89d083', '5f05b996-99f5-dfcb-e4b9-79078ca1f540', 'product_100', 460.0, 1);
INSERT INTO order_items (order_id, product_id, product_name, product_price, quantity)
VALUES ('ce479172-31bd-234c-5f49-b5ccfe89d083', 'bb41c67e-d584-f041-47ad-12499e38aab2', 'product_241', 200.0, 1);
INSERT INTO payments (order_id, venue_id, method, amount)
VALUES ('ce479172-31bd-234c-5f49-b5ccfe89d083', '00000000-0000-0000-0000-000000000010', 'cash', 2390.0);
INSERT INTO orders (id, venue_id, number, status, total_amount, opened_at, closed_at, table_number)
VALUES ('3f03ee9f-9e2d-19af-0a64-0387643e9224', '00000000-0000-0000-0000-000000000010', '7281', 'paid', 3320.0, '2026-05-15 19:50:21', '2026-05-15 19:50:21', '8');
INSERT INTO order_items (order_id, product_id, product_name, product_price, quantity)
VALUES ('3f03ee9f-9e2d-19af-0a64-0387643e9224', 'c0fb869e-f434-07cb-f666-b9f7e55d4032', 'product_113', 770.0, 3);
INSERT INTO order_items (order_id, product_id, product_name, product_price, quantity)
VALUES ('3f03ee9f-9e2d-19af-0a64-0387643e9224', '5c3938ac-271e-5674-37aa-116c20435202', 'product_234', 370.0, 1);
INSERT INTO order_items (order_id, product_id, product_name, product_price, quantity)
VALUES ('3f03ee9f-9e2d-19af-0a64-0387643e9224', '951f4bf6-be55-0e75-59a9-7e580a0d07c4', 'product_14', 640.0, 1);
INSERT INTO payments (order_id, venue_id, method, amount)
VALUES ('3f03ee9f-9e2d-19af-0a64-0387643e9224', '00000000-0000-0000-0000-000000000010', 'cash', 3320.0);
INSERT INTO orders (id, venue_id, number, status, total_amount, opened_at, closed_at, table_number)
VALUES ('93c70aca-a4e6-b318-ad52-3c34530f07ca', '00000000-0000-0000-0000-000000000010', '7280', 'paid', 3070.0, '2026-05-15 18:41:17', '2026-05-15 18:41:17', '12');
INSERT INTO order_items (order_id, product_id, product_name, product_price, quantity)
VALUES ('93c70aca-a4e6-b318-ad52-3c34530f07ca', '5c3938ac-271e-5674-37aa-116c20435202', 'product_234', 370.0, 1);
INSERT INTO order_items (order_id, product_id, product_name, product_price, quantity)
VALUES ('93c70aca-a4e6-b318-ad52-3c34530f07ca', '627b586a-57c8-d217-1549-c47bb32192ac', 'product_26', 460.0, 1);
INSERT INTO order_items (order_id, product_id, product_name, product_price, quantity)
VALUES ('93c70aca-a4e6-b318-ad52-3c34530f07ca', 'badf5f45-b516-78fa-fbe7-ff32ed526953', 'product_226', 720.0, 1);
INSERT INTO order_items (order_id, product_id, product_name, product_price, quantity)
VALUES ('93c70aca-a4e6-b318-ad52-3c34530f07ca', '81b3193a-f1f9-6ba6-5630-5c911f0c4a69', 'product_48', 220.0, 2);
INSERT INTO order_items (order_id, product_id, product_name, product_price, quantity)
VALUES ('93c70aca-a4e6-b318-ad52-3c34530f07ca', 'fdb6f575-fe3f-282e-93d0-1dad56530fa5', 'product_15', 640.0, 1);
INSERT INTO order_items (order_id, product_id, product_name, product_price, quantity)
VALUES ('93c70aca-a4e6-b318-ad52-3c34530f07ca', 'ce90a2e4-a08b-570d-aca7-50bb5d2d0ab2', 'product_112', 440.0, 1);
INSERT INTO payments (order_id, venue_id, method, amount)
VALUES ('93c70aca-a4e6-b318-ad52-3c34530f07ca', '00000000-0000-0000-0000-000000000010', 'card', 3070.0);
INSERT INTO orders (id, venue_id, number, status, total_amount, opened_at, closed_at, table_number)
VALUES ('d008d471-6b5a-129d-79f3-14d93089a203', '00000000-0000-0000-0000-000000000010', '7279', 'paid', 190.0, '2026-05-15 15:01:39', '2026-05-15 15:01:39', '11');
INSERT INTO order_items (order_id, product_id, product_name, product_price, quantity)
VALUES ('d008d471-6b5a-129d-79f3-14d93089a203', '0caff6fe-c574-8665-33ca-5f2cee71ebb2', 'product_35', 190.0, 1);
INSERT INTO payments (order_id, venue_id, method, amount)
VALUES ('d008d471-6b5a-129d-79f3-14d93089a203', '00000000-0000-0000-0000-000000000010', 'cash', 190.0);
INSERT INTO orders (id, venue_id, number, status, total_amount, opened_at, closed_at, table_number)
VALUES ('b7889aa4-b9c9-61d9-4eb0-0494c9c9d1d8', '00000000-0000-0000-0000-000000000010', '7278', 'paid', 970.0, '2026-05-15 14:08:25', '2026-05-15 14:08:25', '11');
INSERT INTO order_items (order_id, product_id, product_name, product_price, quantity)
VALUES ('b7889aa4-b9c9-61d9-4eb0-0494c9c9d1d8', '38432f7f-ba41-eaa0-7e46-d791008e4b02', 'product_6', 510.0, 1);
INSERT INTO order_items (order_id, product_id, product_name, product_price, quantity)
VALUES ('b7889aa4-b9c9-61d9-4eb0-0494c9c9d1d8', 'b9bdca4d-a423-6c36-2351-10cf52ff0eec', 'product_230', 0.0, 1);
INSERT INTO order_items (order_id, product_id, product_name, product_price, quantity)
VALUES ('b7889aa4-b9c9-61d9-4eb0-0494c9c9d1d8', '021231f4-e9fa-ecbb-5f2a-ad1321ca42ea', 'product_59', 230.0, 2);
INSERT INTO orders (id, venue_id, number, status, total_amount, opened_at, closed_at, table_number)
VALUES ('d383df84-545f-720a-4b65-27b78424b317', '00000000-0000-0000-0000-000000000010', '7277', 'paid', 1270.0, '2026-05-15 14:07:46', '2026-05-15 14:07:46', '12');
INSERT INTO order_items (order_id, product_id, product_name, product_price, quantity)
VALUES ('d383df84-545f-720a-4b65-27b78424b317', 'f35ae6ee-40da-7479-c64b-612bff507023', 'product_31', 370.0, 1);
INSERT INTO order_items (order_id, product_id, product_name, product_price, quantity)
VALUES ('d383df84-545f-720a-4b65-27b78424b317', '38432f7f-ba41-eaa0-7e46-d791008e4b02', 'product_6', 510.0, 1);
INSERT INTO order_items (order_id, product_id, product_name, product_price, quantity)
VALUES ('d383df84-545f-720a-4b65-27b78424b317', 'ec61223f-a380-dd08-f9eb-461b3c2f80e6', 'product_163', 120.0, 1);
INSERT INTO order_items (order_id, product_id, product_name, product_price, quantity)
VALUES ('d383df84-545f-720a-4b65-27b78424b317', '8d266d35-f6a4-b267-e097-564510f7f857', 'product_12', 270.0, 1);
INSERT INTO payments (order_id, venue_id, method, amount)
VALUES ('d383df84-545f-720a-4b65-27b78424b317', '00000000-0000-0000-0000-000000000010', 'card', 370.0);
INSERT INTO orders (id, venue_id, number, status, total_amount, opened_at, closed_at, table_number)
VALUES ('567ef5ee-46e2-7e32-9289-c62ef8b20689', '00000000-0000-0000-0000-000000000010', '7276', 'paid', 740.0, '2026-05-14 21:26:29', '2026-05-14 21:26:29', '1');
INSERT INTO order_items (order_id, product_id, product_name, product_price, quantity)
VALUES ('567ef5ee-46e2-7e32-9289-c62ef8b20689', '5c3938ac-271e-5674-37aa-116c20435202', 'product_234', 370.0, 2);
INSERT INTO payments (order_id, venue_id, method, amount)
VALUES ('567ef5ee-46e2-7e32-9289-c62ef8b20689', '00000000-0000-0000-0000-000000000010', 'card', 740.0);
INSERT INTO orders (id, venue_id, number, status, total_amount, opened_at, closed_at, table_number)
VALUES ('86f9e29f-1ac2-9016-93f7-f2c0114a8b52', '00000000-0000-0000-0000-000000000010', '7272', 'paid', 5340.0, '2026-05-14 21:23:33', '2026-05-14 21:23:33', '9');
INSERT INTO order_items (order_id, product_id, product_name, product_price, quantity)
VALUES ('86f9e29f-1ac2-9016-93f7-f2c0114a8b52', 'd46f67a1-e1dd-e079-0b5c-329f6422c4d4', 'product_60', 280.0, 5);
INSERT INTO order_items (order_id, product_id, product_name, product_price, quantity)
VALUES ('86f9e29f-1ac2-9016-93f7-f2c0114a8b52', '951f4bf6-be55-0e75-59a9-7e580a0d07c4', 'product_14', 640.0, 1);
INSERT INTO order_items (order_id, product_id, product_name, product_price, quantity)
VALUES ('86f9e29f-1ac2-9016-93f7-f2c0114a8b52', 'b627abd9-fb00-28f4-a09b-09fcb24019c0', 'product_132', 150.0, 8);
INSERT INTO order_items (order_id, product_id, product_name, product_price, quantity)
VALUES ('86f9e29f-1ac2-9016-93f7-f2c0114a8b52', '338bdc4d-fbd5-43ad-a7a7-3951ceca3a16', 'product_97', 260.0, 1);
INSERT INTO order_items (order_id, product_id, product_name, product_price, quantity)
VALUES ('86f9e29f-1ac2-9016-93f7-f2c0114a8b52', 'bb41c67e-d584-f041-47ad-12499e38aab2', 'product_241', 200.0, 1);
INSERT INTO order_items (order_id, product_id, product_name, product_price, quantity)
VALUES ('86f9e29f-1ac2-9016-93f7-f2c0114a8b52', '0caff6fe-c574-8665-33ca-5f2cee71ebb2', 'product_35', 190.0, 1);
INSERT INTO order_items (order_id, product_id, product_name, product_price, quantity)
VALUES ('86f9e29f-1ac2-9016-93f7-f2c0114a8b52', 'ce90a2e4-a08b-570d-aca7-50bb5d2d0ab2', 'product_112', 440.0, 1);
INSERT INTO order_items (order_id, product_id, product_name, product_price, quantity)
VALUES ('86f9e29f-1ac2-9016-93f7-f2c0114a8b52', '9a06fa1f-d2b5-1b6f-d6c5-37c2ffa3adfd', 'product_168', 640.0, 1);
INSERT INTO order_items (order_id, product_id, product_name, product_price, quantity)
VALUES ('86f9e29f-1ac2-9016-93f7-f2c0114a8b52', '09d404dd-f87b-b319-4eda-9ce7c697868d', 'product_32', 370.0, 1);
INSERT INTO payments (order_id, venue_id, method, amount)
VALUES ('86f9e29f-1ac2-9016-93f7-f2c0114a8b52', '00000000-0000-0000-0000-000000000010', 'card', 5340.0);
INSERT INTO orders (id, venue_id, number, status, total_amount, opened_at, closed_at, table_number)
VALUES ('3fe51a65-076a-af0a-f08c-89700a7a9095', '00000000-0000-0000-0000-000000000010', '7274', 'paid', 2100.0, '2026-05-14 21:23:22', '2026-05-14 21:23:22', '11');
INSERT INTO order_items (order_id, product_id, product_name, product_price, quantity)
VALUES ('3fe51a65-076a-af0a-f08c-89700a7a9095', '5c3938ac-271e-5674-37aa-116c20435202', 'product_234', 370.0, 1);
INSERT INTO order_items (order_id, product_id, product_name, product_price, quantity)
VALUES ('3fe51a65-076a-af0a-f08c-89700a7a9095', 'f35a1ebf-94b4-c196-4fdb-5698a8e21330', 'product_170', 820.0, 1);
INSERT INTO order_items (order_id, product_id, product_name, product_price, quantity)
VALUES ('3fe51a65-076a-af0a-f08c-89700a7a9095', '7f688518-4003-c783-7333-b947a8856b49', 'product_28', 470.0, 1);
INSERT INTO order_items (order_id, product_id, product_name, product_price, quantity)
VALUES ('3fe51a65-076a-af0a-f08c-89700a7a9095', 'bc75aa2b-4910-21bf-56ff-d9769b039d8e', 'product_47', 220.0, 2);
INSERT INTO payments (order_id, venue_id, method, amount)
VALUES ('3fe51a65-076a-af0a-f08c-89700a7a9095', '00000000-0000-0000-0000-000000000010', 'cash', 2100.0);
INSERT INTO orders (id, venue_id, number, status, total_amount, opened_at, closed_at, table_number)
VALUES ('5d7206ca-6b37-e443-880b-69fad634b189', '00000000-0000-0000-0000-000000000010', '7275', 'paid', 460.0, '2026-05-14 21:01:03', '2026-05-14 21:01:03', '1');
INSERT INTO order_items (order_id, product_id, product_name, product_price, quantity)
VALUES ('5d7206ca-6b37-e443-880b-69fad634b189', '021231f4-e9fa-ecbb-5f2a-ad1321ca42ea', 'product_59', 230.0, 2);
INSERT INTO payments (order_id, venue_id, method, amount)
VALUES ('5d7206ca-6b37-e443-880b-69fad634b189', '00000000-0000-0000-0000-000000000010', 'card', 460.0);
INSERT INTO orders (id, venue_id, number, status, total_amount, opened_at, closed_at, table_number)
VALUES ('a28f07b7-794f-5196-ec88-a1c22fb0e431', '00000000-0000-0000-0000-000000000010', '7273', 'paid', 370.0, '2026-05-14 20:31:32', '2026-05-14 20:31:32', '1');
INSERT INTO order_items (order_id, product_id, product_name, product_price, quantity)
VALUES ('a28f07b7-794f-5196-ec88-a1c22fb0e431', '5c3938ac-271e-5674-37aa-116c20435202', 'product_234', 370.0, 1);
INSERT INTO payments (order_id, venue_id, method, amount)
VALUES ('a28f07b7-794f-5196-ec88-a1c22fb0e431', '00000000-0000-0000-0000-000000000010', 'card', 370.0);
INSERT INTO orders (id, venue_id, number, status, total_amount, opened_at, closed_at, table_number)
VALUES ('eec660d9-95af-903e-6cd7-ada61af518b2', '00000000-0000-0000-0000-000000000010', '7271', 'paid', 3470.0, '2026-05-14 17:38:26', '2026-05-14 17:38:26', '12');
INSERT INTO order_items (order_id, product_id, product_name, product_price, quantity)
VALUES ('eec660d9-95af-903e-6cd7-ada61af518b2', 'ba729be8-36f6-fb9a-7e2c-4b99753cb652', 'product_217', 600.0, 1);
INSERT INTO order_items (order_id, product_id, product_name, product_price, quantity)
VALUES ('eec660d9-95af-903e-6cd7-ada61af518b2', '0f7cfc79-3a3f-41ac-1aa4-b27431de9236', 'product_29', 620.0, 1);
INSERT INTO order_items (order_id, product_id, product_name, product_price, quantity)
VALUES ('eec660d9-95af-903e-6cd7-ada61af518b2', 'e81dc667-2a7e-c5f0-b886-e7a3451b0fd2', 'product_219', 570.0, 1);
INSERT INTO order_items (order_id, product_id, product_name, product_price, quantity)
VALUES ('eec660d9-95af-903e-6cd7-ada61af518b2', 'badf5f45-b516-78fa-fbe7-ff32ed526953', 'product_226', 720.0, 1);
INSERT INTO order_items (order_id, product_id, product_name, product_price, quantity)
VALUES ('eec660d9-95af-903e-6cd7-ada61af518b2', '7c7c305a-92ed-bc40-0bb5-1155fc4e313f', 'product_99', 220.0, 1);
INSERT INTO order_items (order_id, product_id, product_name, product_price, quantity)
VALUES ('eec660d9-95af-903e-6cd7-ada61af518b2', '5c3938ac-271e-5674-37aa-116c20435202', 'product_234', 370.0, 1);
INSERT INTO order_items (order_id, product_id, product_name, product_price, quantity)
VALUES ('eec660d9-95af-903e-6cd7-ada61af518b2', '7a291d79-c795-0f76-118b-25d10a078238', 'product_191', 370.0, 1);
INSERT INTO payments (order_id, venue_id, method, amount)
VALUES ('eec660d9-95af-903e-6cd7-ada61af518b2', '00000000-0000-0000-0000-000000000010', 'card', 3470.0);
INSERT INTO orders (id, venue_id, number, status, total_amount, opened_at, closed_at, table_number)
VALUES ('c40b30f3-df5a-6e8a-3050-8d2db028d4a7', '00000000-0000-0000-0000-000000000010', '7270', 'paid', 360.0, '2026-05-14 16:00:33', '2026-05-14 16:00:33', '5');
INSERT INTO order_items (order_id, product_id, product_name, product_price, quantity)
VALUES ('c40b30f3-df5a-6e8a-3050-8d2db028d4a7', '021231f4-e9fa-ecbb-5f2a-ad1321ca42ea', 'product_59', 230.0, 1);
INSERT INTO order_items (order_id, product_id, product_name, product_price, quantity)
VALUES ('c40b30f3-df5a-6e8a-3050-8d2db028d4a7', '966437e8-b784-92e7-0afa-ff8bde6f1e53', 'product_145', 130.0, 1);
INSERT INTO payments (order_id, venue_id, method, amount)
VALUES ('c40b30f3-df5a-6e8a-3050-8d2db028d4a7', '00000000-0000-0000-0000-000000000010', 'card', 360.0);
INSERT INTO orders (id, venue_id, number, status, total_amount, opened_at, closed_at, table_number)
VALUES ('ef68cabb-55a0-6d0d-b16f-1b6f149a7cb5', '00000000-0000-0000-0000-000000000010', '7268', 'paid', 190.0, '2026-05-14 15:56:38', '2026-05-14 15:56:38', '6');
INSERT INTO order_items (order_id, product_id, product_name, product_price, quantity)
VALUES ('ef68cabb-55a0-6d0d-b16f-1b6f149a7cb5', 'b9bdca4d-a423-6c36-2351-10cf52ff0eec', 'product_230', 0.0, 2);
INSERT INTO order_items (order_id, product_id, product_name, product_price, quantity)
VALUES ('ef68cabb-55a0-6d0d-b16f-1b6f149a7cb5', 'a2b39819-292c-0b80-799d-c77d7020fc9d', 'product_34', 190.0, 1);
INSERT INTO orders (id, venue_id, number, status, total_amount, opened_at, closed_at, table_number)
VALUES ('2ed9d103-f636-1a48-d36d-3c3f3a8d7c1a', '00000000-0000-0000-0000-000000000010', '7269', 'paid', 460.0, '2026-05-14 15:56:16', '2026-05-14 15:56:16', '9');
INSERT INTO order_items (order_id, product_id, product_name, product_price, quantity)
VALUES ('2ed9d103-f636-1a48-d36d-3c3f3a8d7c1a', '021231f4-e9fa-ecbb-5f2a-ad1321ca42ea', 'product_59', 230.0, 2);
INSERT INTO payments (order_id, venue_id, method, amount)
VALUES ('2ed9d103-f636-1a48-d36d-3c3f3a8d7c1a', '00000000-0000-0000-0000-000000000010', 'card', 460.0);
INSERT INTO orders (id, venue_id, number, status, total_amount, opened_at, closed_at, table_number)
VALUES ('73de0775-a65e-bff9-c3eb-286ec44ea463', '00000000-0000-0000-0000-000000000010', '7260', 'paid', 1540.0, '2026-05-14 13:35:40', '2026-05-14 13:35:40', '11');
INSERT INTO order_items (order_id, product_id, product_name, product_price, quantity)
VALUES ('73de0775-a65e-bff9-c3eb-286ec44ea463', 'c0fb869e-f434-07cb-f666-b9f7e55d4032', 'product_113', 770.0, 2);
INSERT INTO payments (order_id, venue_id, method, amount)
VALUES ('73de0775-a65e-bff9-c3eb-286ec44ea463', '00000000-0000-0000-0000-000000000010', 'cash', 1540.0);
INSERT INTO orders (id, venue_id, number, status, total_amount, opened_at, closed_at, table_number)
VALUES ('998df8fd-59ec-fda4-9b04-92a729c00eee', '00000000-0000-0000-0000-000000000010', '7259', 'paid', 2110.0, '2026-05-14 11:47:27', '2026-05-14 11:47:27', '13');
INSERT INTO order_items (order_id, product_id, product_name, product_price, quantity)
VALUES ('998df8fd-59ec-fda4-9b04-92a729c00eee', 'ce90a2e4-a08b-570d-aca7-50bb5d2d0ab2', 'product_112', 440.0, 1);
INSERT INTO order_items (order_id, product_id, product_name, product_price, quantity)
VALUES ('998df8fd-59ec-fda4-9b04-92a729c00eee', '5f05b996-99f5-dfcb-e4b9-79078ca1f540', 'product_100', 460.0, 1);
INSERT INTO order_items (order_id, product_id, product_name, product_price, quantity)
VALUES ('998df8fd-59ec-fda4-9b04-92a729c00eee', '7f688518-4003-c783-7333-b947a8856b49', 'product_28', 470.0, 1);
INSERT INTO order_items (order_id, product_id, product_name, product_price, quantity)
VALUES ('998df8fd-59ec-fda4-9b04-92a729c00eee', '6599a59a-6cf7-70c9-0971-07a0078ce7cf', 'product_128', 380.0, 1);
INSERT INTO order_items (order_id, product_id, product_name, product_price, quantity)
VALUES ('998df8fd-59ec-fda4-9b04-92a729c00eee', 'da98da7c-a663-0228-294e-97c1fae50fd1', 'product_54', 180.0, 2);
INSERT INTO payments (order_id, venue_id, method, amount)
VALUES ('998df8fd-59ec-fda4-9b04-92a729c00eee', '00000000-0000-0000-0000-000000000010', 'cash', 2110.0);
INSERT INTO orders (id, venue_id, number, status, total_amount, opened_at, closed_at, table_number)
VALUES ('b22eecfe-31f3-f470-50a9-eb5d0a0244fa', '00000000-0000-0000-0000-000000000010', '7266', 'paid', 850.0, '2026-05-14 11:35:03', '2026-05-14 11:35:03', '4');
INSERT INTO order_items (order_id, product_id, product_name, product_price, quantity)
VALUES ('b22eecfe-31f3-f470-50a9-eb5d0a0244fa', '8d266d35-f6a4-b267-e097-564510f7f857', 'product_12', 270.0, 1);
INSERT INTO order_items (order_id, product_id, product_name, product_price, quantity)
VALUES ('b22eecfe-31f3-f470-50a9-eb5d0a0244fa', 'ec61223f-a380-dd08-f9eb-461b3c2f80e6', 'product_163', 120.0, 1);
INSERT INTO order_items (order_id, product_id, product_name, product_price, quantity)
VALUES ('b22eecfe-31f3-f470-50a9-eb5d0a0244fa', 'b9bdca4d-a423-6c36-2351-10cf52ff0eec', 'product_230', 0.0, 1);
INSERT INTO order_items (order_id, product_id, product_name, product_price, quantity)
VALUES ('b22eecfe-31f3-f470-50a9-eb5d0a0244fa', '021231f4-e9fa-ecbb-5f2a-ad1321ca42ea', 'product_59', 230.0, 2);
INSERT INTO orders (id, venue_id, number, status, total_amount, opened_at, closed_at, table_number)
VALUES ('282338e8-e346-a142-c6e3-24b20e2eb61f', '00000000-0000-0000-0000-000000000010', '7265', 'paid', 1620.0, '2026-05-14 11:35:00', '2026-05-14 11:35:00', '3');
INSERT INTO order_items (order_id, product_id, product_name, product_price, quantity)
VALUES ('282338e8-e346-a142-c6e3-24b20e2eb61f', '7c7c305a-92ed-bc40-0bb5-1155fc4e313f', 'product_99', 220.0, 1);
INSERT INTO order_items (order_id, product_id, product_name, product_price, quantity)
VALUES ('282338e8-e346-a142-c6e3-24b20e2eb61f', '38432f7f-ba41-eaa0-7e46-d791008e4b02', 'product_6', 510.0, 2);
INSERT INTO order_items (order_id, product_id, product_name, product_price, quantity)
VALUES ('282338e8-e346-a142-c6e3-24b20e2eb61f', 'b9bdca4d-a423-6c36-2351-10cf52ff0eec', 'product_230', 0.0, 3);
INSERT INTO order_items (order_id, product_id, product_name, product_price, quantity)
VALUES ('282338e8-e346-a142-c6e3-24b20e2eb61f', '0caff6fe-c574-8665-33ca-5f2cee71ebb2', 'product_35', 190.0, 2);
INSERT INTO orders (id, venue_id, number, status, total_amount, opened_at, closed_at, table_number)
VALUES ('eaf9175c-a42a-e0b6-f017-0d551d3272f4', '00000000-0000-0000-0000-000000000010', '7264', 'paid', 630.0, '2026-05-14 11:34:52', '2026-05-14 11:34:52', '2');
INSERT INTO order_items (order_id, product_id, product_name, product_price, quantity)
VALUES ('eaf9175c-a42a-e0b6-f017-0d551d3272f4', '2836be19-8d27-0aa1-68ed-3bbc6cf94fb8', 'product_13', 270.0, 1);
INSERT INTO order_items (order_id, product_id, product_name, product_price, quantity)
VALUES ('eaf9175c-a42a-e0b6-f017-0d551d3272f4', 'b9bdca4d-a423-6c36-2351-10cf52ff0eec', 'product_230', 0.0, 1);
INSERT INTO order_items (order_id, product_id, product_name, product_price, quantity)
VALUES ('eaf9175c-a42a-e0b6-f017-0d551d3272f4', 'da98da7c-a663-0228-294e-97c1fae50fd1', 'product_54', 180.0, 2);
INSERT INTO orders (id, venue_id, number, status, total_amount, opened_at, closed_at, table_number)
VALUES ('85315e2f-d811-024f-d71d-b4a432230bfc', '00000000-0000-0000-0000-000000000010', '7263', 'paid', 460.0, '2026-05-14 11:34:47', '2026-05-14 11:34:47', '1');
INSERT INTO order_items (order_id, product_id, product_name, product_price, quantity)
VALUES ('85315e2f-d811-024f-d71d-b4a432230bfc', 'b9bdca4d-a423-6c36-2351-10cf52ff0eec', 'product_230', 0.0, 2);
INSERT INTO order_items (order_id, product_id, product_name, product_price, quantity)
VALUES ('85315e2f-d811-024f-d71d-b4a432230bfc', '021231f4-e9fa-ecbb-5f2a-ad1321ca42ea', 'product_59', 230.0, 2);
INSERT INTO orders (id, venue_id, number, status, total_amount, opened_at, closed_at, table_number)
VALUES ('76cf0c9f-0ea4-b777-d260-d8b12edab6cd', '00000000-0000-0000-0000-000000000010', '7252', 'paid', 920.0, '2026-05-14 11:34:29', '2026-05-14 11:34:29', '10');
INSERT INTO order_items (order_id, product_id, product_name, product_price, quantity)
VALUES ('76cf0c9f-0ea4-b777-d260-d8b12edab6cd', '1649694a-a1df-1a36-ccd0-08ba48ab2fd1', 'product_36', 550.0, 1);
INSERT INTO order_items (order_id, product_id, product_name, product_price, quantity)
VALUES ('76cf0c9f-0ea4-b777-d260-d8b12edab6cd', '134318a5-b3ba-8433-c9f4-446b46b10995', 'product_37', 370.0, 1);
INSERT INTO orders (id, venue_id, number, status, total_amount, opened_at, closed_at, table_number)
VALUES ('0f4ce70f-891d-3497-28c2-a3623b54aa49', '00000000-0000-0000-0000-000000000010', '7267', 'paid', 460.0, '2026-05-14 11:34:02', '2026-05-14 11:34:02', '5');
INSERT INTO order_items (order_id, product_id, product_name, product_price, quantity)
VALUES ('0f4ce70f-891d-3497-28c2-a3623b54aa49', '021231f4-e9fa-ecbb-5f2a-ad1321ca42ea', 'product_59', 230.0, 2);
INSERT INTO payments (order_id, venue_id, method, amount)
VALUES ('0f4ce70f-891d-3497-28c2-a3623b54aa49', '00000000-0000-0000-0000-000000000010', 'cash', 460.0);
INSERT INTO orders (id, venue_id, number, status, total_amount, opened_at, closed_at, table_number)
VALUES ('4a98165d-6663-5d55-fc43-31db570a1cca', '00000000-0000-0000-0000-000000000010', '7262', 'paid', 0.0, '2026-05-13 23:31:38', '2026-05-13 23:31:38', '9');
INSERT INTO order_items (order_id, product_id, product_name, product_price, quantity)
VALUES ('4a98165d-6663-5d55-fc43-31db570a1cca', '82c55340-bd07-2a9a-a6cc-6ce377f958f2', 'product_148', 0.0, 1);
INSERT INTO order_items (order_id, product_id, product_name, product_price, quantity)
VALUES ('4a98165d-6663-5d55-fc43-31db570a1cca', '1afe238c-a186-0e67-9e9d-d39b8c4abe8a', 'product_229', 0.0, 1);
INSERT INTO orders (id, venue_id, number, status, total_amount, opened_at, closed_at, table_number)
VALUES ('2e53d498-c3b8-b29b-81fa-91240aacd650', '00000000-0000-0000-0000-000000000010', '7261', 'paid', 1060.0, '2026-05-13 22:46:07', '2026-05-13 22:46:07', '9');
INSERT INTO order_items (order_id, product_id, product_name, product_price, quantity)
VALUES ('2e53d498-c3b8-b29b-81fa-91240aacd650', 'e2e0597c-8c7b-c017-0aeb-164d7e7401db', 'product_173', 1060.0, 1);
INSERT INTO payments (order_id, venue_id, method, amount)
VALUES ('2e53d498-c3b8-b29b-81fa-91240aacd650', '00000000-0000-0000-0000-000000000010', 'cash', 1060.0);
INSERT INTO orders (id, venue_id, number, status, total_amount, opened_at, closed_at, table_number)
VALUES ('4346e72e-1445-e83e-4a2a-93f6cdbaeacf', '00000000-0000-0000-0000-000000000010', '7254', 'paid', 0.0, '2026-05-13 20:04:20', '2026-05-13 20:04:20', '14');
INSERT INTO orders (id, venue_id, number, status, total_amount, opened_at, closed_at, table_number)
VALUES ('b930f0c9-137d-3ef6-f251-f22af164761f', '00000000-0000-0000-0000-000000000010', '7258', 'paid', 1530.0, '2026-05-13 20:01:46', '2026-05-13 20:01:46', '9');
INSERT INTO order_items (order_id, product_id, product_name, product_price, quantity)
VALUES ('b930f0c9-137d-3ef6-f251-f22af164761f', '30d3c4b2-8d8b-4d91-9c67-b3d72ab218cc', 'product_129', 470.0, 1);
INSERT INTO order_items (order_id, product_id, product_name, product_price, quantity)
VALUES ('b930f0c9-137d-3ef6-f251-f22af164761f', 'e2e0597c-8c7b-c017-0aeb-164d7e7401db', 'product_173', 1060.0, 1);
INSERT INTO payments (order_id, venue_id, method, amount)
VALUES ('b930f0c9-137d-3ef6-f251-f22af164761f', '00000000-0000-0000-0000-000000000010', 'card', 1530.0);
INSERT INTO orders (id, venue_id, number, status, total_amount, opened_at, closed_at, table_number)
VALUES ('5e05502c-584b-99f9-f4c6-9c2419c892d1', '00000000-0000-0000-0000-000000000010', '7257', 'paid', 2150.0, '2026-05-13 19:59:25', '2026-05-13 19:59:25', '12');
INSERT INTO order_items (order_id, product_id, product_name, product_price, quantity)
VALUES ('5e05502c-584b-99f9-f4c6-9c2419c892d1', '1a9038b5-12c1-4b41-756a-ce6d8bb0fac8', 'product_114', 670.0, 1);
INSERT INTO order_items (order_id, product_id, product_name, product_price, quantity)
VALUES ('5e05502c-584b-99f9-f4c6-9c2419c892d1', '7f688518-4003-c783-7333-b947a8856b49', 'product_28', 470.0, 1);
INSERT INTO order_items (order_id, product_id, product_name, product_price, quantity)
VALUES ('5e05502c-584b-99f9-f4c6-9c2419c892d1', 'f35a1ebf-94b4-c196-4fdb-5698a8e21330', 'product_170', 820.0, 1);
INSERT INTO order_items (order_id, product_id, product_name, product_price, quantity)
VALUES ('5e05502c-584b-99f9-f4c6-9c2419c892d1', '260b99e2-59bd-a3dc-c313-434aff0daf54', 'product_144', 190.0, 1);
INSERT INTO payments (order_id, venue_id, method, amount)
VALUES ('5e05502c-584b-99f9-f4c6-9c2419c892d1', '00000000-0000-0000-0000-000000000010', 'cash', 2150.0);
INSERT INTO orders (id, venue_id, number, status, total_amount, opened_at, closed_at, table_number)
VALUES ('fe5c9032-7031-5ec2-7cfd-07445eaef457', '00000000-0000-0000-0000-000000000010', '7256', 'paid', 1780.0, '2026-05-13 18:51:34', '2026-05-13 18:51:34', '3');
INSERT INTO order_items (order_id, product_id, product_name, product_price, quantity)
VALUES ('fe5c9032-7031-5ec2-7cfd-07445eaef457', '9a06fa1f-d2b5-1b6f-d6c5-37c2ffa3adfd', 'product_168', 640.0, 1);
INSERT INTO order_items (order_id, product_id, product_name, product_price, quantity)
VALUES ('fe5c9032-7031-5ec2-7cfd-07445eaef457', 'c0fb869e-f434-07cb-f666-b9f7e55d4032', 'product_113', 770.0, 1);
INSERT INTO order_items (order_id, product_id, product_name, product_price, quantity)
VALUES ('fe5c9032-7031-5ec2-7cfd-07445eaef457', '09d404dd-f87b-b319-4eda-9ce7c697868d', 'product_32', 370.0, 1);
INSERT INTO payments (order_id, venue_id, method, amount)
VALUES ('fe5c9032-7031-5ec2-7cfd-07445eaef457', '00000000-0000-0000-0000-000000000010', 'card', 1780.0);
INSERT INTO orders (id, venue_id, number, status, total_amount, opened_at, closed_at, table_number)
VALUES ('b892eb44-6b18-041d-86d9-46806a1c4085', '00000000-0000-0000-0000-000000000010', '7255', 'paid', 1730.0, '2026-05-13 18:40:42', '2026-05-13 18:40:42', '11');
INSERT INTO order_items (order_id, product_id, product_name, product_price, quantity)
VALUES ('b892eb44-6b18-041d-86d9-46806a1c4085', '627b586a-57c8-d217-1549-c47bb32192ac', 'product_26', 460.0, 2);
INSERT INTO order_items (order_id, product_id, product_name, product_price, quantity)
VALUES ('b892eb44-6b18-041d-86d9-46806a1c4085', 'ce90a2e4-a08b-570d-aca7-50bb5d2d0ab2', 'product_112', 440.0, 1);
INSERT INTO order_items (order_id, product_id, product_name, product_price, quantity)
VALUES ('b892eb44-6b18-041d-86d9-46806a1c4085', '7a291d79-c795-0f76-118b-25d10a078238', 'product_191', 370.0, 1);
INSERT INTO payments (order_id, venue_id, method, amount)
VALUES ('b892eb44-6b18-041d-86d9-46806a1c4085', '00000000-0000-0000-0000-000000000010', 'card', 1730.0);
INSERT INTO orders (id, venue_id, number, status, total_amount, opened_at, closed_at, table_number)
VALUES ('058d7d15-30fa-6f2b-71b4-c5fc59796c5f', '00000000-0000-0000-0000-000000000010', '7253', 'paid', 3690.0, '2026-05-13 17:36:21', '2026-05-13 17:36:21', '7');
INSERT INTO order_items (order_id, product_id, product_name, product_price, quantity)
VALUES ('058d7d15-30fa-6f2b-71b4-c5fc59796c5f', '1d55740b-7a2f-ce7c-d33a-454fb2de27dc', 'product_155', 420.0, 3);
INSERT INTO order_items (order_id, product_id, product_name, product_price, quantity)
VALUES ('058d7d15-30fa-6f2b-71b4-c5fc59796c5f', 'ba6fbcf2-1f2b-909a-e5f9-b9c5fe635c92', 'product_187', 50.0, 1);
INSERT INTO order_items (order_id, product_id, product_name, product_price, quantity)
VALUES ('058d7d15-30fa-6f2b-71b4-c5fc59796c5f', '6e00b5a0-6b62-d942-73e4-86982bcae389', 'product_21', 1370.0, 1);
INSERT INTO order_items (order_id, product_id, product_name, product_price, quantity)
VALUES ('058d7d15-30fa-6f2b-71b4-c5fc59796c5f', '9a06fa1f-d2b5-1b6f-d6c5-37c2ffa3adfd', 'product_168', 640.0, 1);
INSERT INTO order_items (order_id, product_id, product_name, product_price, quantity)
VALUES ('058d7d15-30fa-6f2b-71b4-c5fc59796c5f', '8d7b5a09-5bd6-308f-bc9a-70c9db3161df', 'product_81', 370.0, 1);
INSERT INTO payments (order_id, venue_id, method, amount)
VALUES ('058d7d15-30fa-6f2b-71b4-c5fc59796c5f', '00000000-0000-0000-0000-000000000010', 'card', 3690.0);
INSERT INTO orders (id, venue_id, number, status, total_amount, opened_at, closed_at, table_number)
VALUES ('0b20318d-b69e-2b64-87d3-52be763b1204', '00000000-0000-0000-0000-000000000010', '7250', 'paid', 700.0, '2026-05-13 15:12:35', '2026-05-13 15:12:35', '12');
INSERT INTO order_items (order_id, product_id, product_name, product_price, quantity)
VALUES ('0b20318d-b69e-2b64-87d3-52be763b1204', '38432f7f-ba41-eaa0-7e46-d791008e4b02', 'product_6', 510.0, 1);
INSERT INTO order_items (order_id, product_id, product_name, product_price, quantity)
VALUES ('0b20318d-b69e-2b64-87d3-52be763b1204', 'b9bdca4d-a423-6c36-2351-10cf52ff0eec', 'product_230', 0.0, 1);
INSERT INTO order_items (order_id, product_id, product_name, product_price, quantity)
VALUES ('0b20318d-b69e-2b64-87d3-52be763b1204', 'a2b39819-292c-0b80-799d-c77d7020fc9d', 'product_34', 190.0, 1);
INSERT INTO orders (id, venue_id, number, status, total_amount, opened_at, closed_at, table_number)
VALUES ('ce088a0f-7136-4c2a-0a7f-8076486b819b', '00000000-0000-0000-0000-000000000010', '7251', 'paid', 1300.0, '2026-05-13 15:12:27', '2026-05-13 15:12:27', '11');
INSERT INTO order_items (order_id, product_id, product_name, product_price, quantity)
VALUES ('ce088a0f-7136-4c2a-0a7f-8076486b819b', '7b0b5f60-47be-c07e-9585-af9a20b6d773', 'product_9', 460.0, 2);
INSERT INTO order_items (order_id, product_id, product_name, product_price, quantity)
VALUES ('ce088a0f-7136-4c2a-0a7f-8076486b819b', '2aea4c79-36dc-7b25-0bb9-c98c36e577c7', 'product_58', 200.0, 1);
INSERT INTO order_items (order_id, product_id, product_name, product_price, quantity)
VALUES ('ce088a0f-7136-4c2a-0a7f-8076486b819b', 'da98da7c-a663-0228-294e-97c1fae50fd1', 'product_54', 180.0, 1);
INSERT INTO orders (id, venue_id, number, status, total_amount, opened_at, closed_at, table_number)
VALUES ('0b72a444-27dc-a211-212e-ceced4bcff63', '00000000-0000-0000-0000-000000000010', '7246', 'paid', 1960.0, '2026-05-13 15:12:24', '2026-05-13 15:12:24', '10');
INSERT INTO order_items (order_id, product_id, product_name, product_price, quantity)
VALUES ('0b72a444-27dc-a211-212e-ceced4bcff63', '38432f7f-ba41-eaa0-7e46-d791008e4b02', 'product_6', 510.0, 1);
INSERT INTO order_items (order_id, product_id, product_name, product_price, quantity)
VALUES ('0b72a444-27dc-a211-212e-ceced4bcff63', '7b0b5f60-47be-c07e-9585-af9a20b6d773', 'product_9', 460.0, 1);
INSERT INTO order_items (order_id, product_id, product_name, product_price, quantity)
VALUES ('0b72a444-27dc-a211-212e-ceced4bcff63', '94d2bddc-c99f-2985-f8eb-9d8a4a995ad3', 'product_10', 300.0, 1);
INSERT INTO order_items (order_id, product_id, product_name, product_price, quantity)
VALUES ('0b72a444-27dc-a211-212e-ceced4bcff63', '8d266d35-f6a4-b267-e097-564510f7f857', 'product_12', 270.0, 1);
INSERT INTO order_items (order_id, product_id, product_name, product_price, quantity)
VALUES ('0b72a444-27dc-a211-212e-ceced4bcff63', '021231f4-e9fa-ecbb-5f2a-ad1321ca42ea', 'product_59', 230.0, 1);
INSERT INTO order_items (order_id, product_id, product_name, product_price, quantity)
VALUES ('0b72a444-27dc-a211-212e-ceced4bcff63', '0caff6fe-c574-8665-33ca-5f2cee71ebb2', 'product_35', 190.0, 1);
INSERT INTO orders (id, venue_id, number, status, total_amount, opened_at, closed_at, table_number)
VALUES ('3db7e39a-cfa8-6858-36d7-2182b3b1c934', '00000000-0000-0000-0000-000000000010', '7249', 'paid', 0.0, '2026-05-12 22:43:18', '2026-05-12 22:43:18', '9');
INSERT INTO order_items (order_id, product_id, product_name, product_price, quantity)
VALUES ('3db7e39a-cfa8-6858-36d7-2182b3b1c934', '1afe238c-a186-0e67-9e9d-d39b8c4abe8a', 'product_229', 0.0, 1);
INSERT INTO order_items (order_id, product_id, product_name, product_price, quantity)
VALUES ('3db7e39a-cfa8-6858-36d7-2182b3b1c934', '82c55340-bd07-2a9a-a6cc-6ce377f958f2', 'product_148', 0.0, 1);
INSERT INTO order_items (order_id, product_id, product_name, product_price, quantity)
VALUES ('3db7e39a-cfa8-6858-36d7-2182b3b1c934', '12dd0c72-4671-5cd8-b7da-98389426555c', 'product_228', 0.0, 1);
INSERT INTO orders (id, venue_id, number, status, total_amount, opened_at, closed_at, table_number)
VALUES ('a2850ab4-cc4e-b706-85e8-b139da4b6388', '00000000-0000-0000-0000-000000000010', '7247', 'paid', 370.0, '2026-05-12 22:15:43', '2026-05-12 22:15:43', '3');
INSERT INTO order_items (order_id, product_id, product_name, product_price, quantity)
VALUES ('a2850ab4-cc4e-b706-85e8-b139da4b6388', 'bd63cdca-84b0-4bda-520e-13725e4b4e60', 'product_33', 370.0, 1);
INSERT INTO payments (order_id, venue_id, method, amount)
VALUES ('a2850ab4-cc4e-b706-85e8-b139da4b6388', '00000000-0000-0000-0000-000000000010', 'card', 370.0);
INSERT INTO orders (id, venue_id, number, status, total_amount, opened_at, closed_at, table_number)
VALUES ('7bfbb999-0f6f-7217-74d7-4d73fb2760a6', '00000000-0000-0000-0000-000000000010', '7248', 'paid', 520.0, '2026-05-12 21:57:55', '2026-05-12 21:57:55', '11');
INSERT INTO order_items (order_id, product_id, product_name, product_price, quantity)
VALUES ('7bfbb999-0f6f-7217-74d7-4d73fb2760a6', '30d3c4b2-8d8b-4d91-9c67-b3d72ab218cc', 'product_129', 470.0, 1);
INSERT INTO order_items (order_id, product_id, product_name, product_price, quantity)
VALUES ('7bfbb999-0f6f-7217-74d7-4d73fb2760a6', 'ba6fbcf2-1f2b-909a-e5f9-b9c5fe635c92', 'product_187', 50.0, 1);
INSERT INTO payments (order_id, venue_id, method, amount)
VALUES ('7bfbb999-0f6f-7217-74d7-4d73fb2760a6', '00000000-0000-0000-0000-000000000010', 'card', 520.0);
INSERT INTO orders (id, venue_id, number, status, total_amount, opened_at, closed_at, table_number)
VALUES ('6a2c5c59-3873-9073-dcf2-f7dd450507cf', '00000000-0000-0000-0000-000000000010', '7245', 'paid', 3520.0, '2026-05-12 21:15:31', '2026-05-12 21:15:31', '10');
INSERT INTO order_items (order_id, product_id, product_name, product_price, quantity)
VALUES ('6a2c5c59-3873-9073-dcf2-f7dd450507cf', '6e00b5a0-6b62-d942-73e4-86982bcae389', 'product_21', 1370.0, 1);
INSERT INTO order_items (order_id, product_id, product_name, product_price, quantity)
VALUES ('6a2c5c59-3873-9073-dcf2-f7dd450507cf', 'c0fb869e-f434-07cb-f666-b9f7e55d4032', 'product_113', 770.0, 2);
INSERT INTO order_items (order_id, product_id, product_name, product_price, quantity)
VALUES ('6a2c5c59-3873-9073-dcf2-f7dd450507cf', '09d9bcce-e54b-d518-c5bf-1c5d4b683d38', 'product_50', 200.0, 1);
INSERT INTO order_items (order_id, product_id, product_name, product_price, quantity)
VALUES ('6a2c5c59-3873-9073-dcf2-f7dd450507cf', '2a282418-43ba-4155-2773-748bfe3b0561', 'product_186', 40.0, 1);
INSERT INTO order_items (order_id, product_id, product_name, product_price, quantity)
VALUES ('6a2c5c59-3873-9073-dcf2-f7dd450507cf', '5c3938ac-271e-5674-37aa-116c20435202', 'product_234', 370.0, 1);
INSERT INTO payments (order_id, venue_id, method, amount)
VALUES ('6a2c5c59-3873-9073-dcf2-f7dd450507cf', '00000000-0000-0000-0000-000000000010', 'card', 3520.0);
INSERT INTO orders (id, venue_id, number, status, total_amount, opened_at, closed_at, table_number)
VALUES ('8a3673d5-7714-da08-37eb-f17c121e2639', '00000000-0000-0000-0000-000000000010', '7244', 'paid', 2110.0, '2026-05-12 20:47:45', '2026-05-12 20:47:45', '11');
INSERT INTO order_items (order_id, product_id, product_name, product_price, quantity)
VALUES ('8a3673d5-7714-da08-37eb-f17c121e2639', '0f7cfc79-3a3f-41ac-1aa4-b27431de9236', 'product_29', 620.0, 2);
INSERT INTO order_items (order_id, product_id, product_name, product_price, quantity)
VALUES ('8a3673d5-7714-da08-37eb-f17c121e2639', '5f05b996-99f5-dfcb-e4b9-79078ca1f540', 'product_100', 460.0, 1);
INSERT INTO order_items (order_id, product_id, product_name, product_price, quantity)
VALUES ('8a3673d5-7714-da08-37eb-f17c121e2639', '0caff6fe-c574-8665-33ca-5f2cee71ebb2', 'product_35', 190.0, 1);
INSERT INTO order_items (order_id, product_id, product_name, product_price, quantity)
VALUES ('8a3673d5-7714-da08-37eb-f17c121e2639', '7c7c305a-92ed-bc40-0bb5-1155fc4e313f', 'product_99', 220.0, 1);
INSERT INTO payments (order_id, venue_id, method, amount)
VALUES ('8a3673d5-7714-da08-37eb-f17c121e2639', '00000000-0000-0000-0000-000000000010', 'cash', 2110.0);
INSERT INTO orders (id, venue_id, number, status, total_amount, opened_at, closed_at, table_number)
VALUES ('63dfa80d-1c80-0ebd-84d3-53f2f7c306bd', '00000000-0000-0000-0000-000000000010', '7243', 'paid', 940.0, '2026-05-12 19:01:42', '2026-05-12 19:01:42', '12');
INSERT INTO order_items (order_id, product_id, product_name, product_price, quantity)
VALUES ('63dfa80d-1c80-0ebd-84d3-53f2f7c306bd', '30d3c4b2-8d8b-4d91-9c67-b3d72ab218cc', 'product_129', 470.0, 2);
INSERT INTO payments (order_id, venue_id, method, amount)
VALUES ('63dfa80d-1c80-0ebd-84d3-53f2f7c306bd', '00000000-0000-0000-0000-000000000010', 'cash', 940.0);
INSERT INTO orders (id, venue_id, number, status, total_amount, opened_at, closed_at, table_number)
VALUES ('f102fcd1-13a9-7c6c-ea7d-351901d6eb9f', '00000000-0000-0000-0000-000000000010', '7242', 'paid', 200.0, '2026-05-12 16:43:18', '2026-05-12 16:43:18', '9');
INSERT INTO order_items (order_id, product_id, product_name, product_price, quantity)
VALUES ('f102fcd1-13a9-7c6c-ea7d-351901d6eb9f', 'bb41c67e-d584-f041-47ad-12499e38aab2', 'product_241', 200.0, 1);
INSERT INTO payments (order_id, venue_id, method, amount)
VALUES ('f102fcd1-13a9-7c6c-ea7d-351901d6eb9f', '00000000-0000-0000-0000-000000000010', 'card', 200.0);
INSERT INTO orders (id, venue_id, number, status, total_amount, opened_at, closed_at, table_number)
VALUES ('ac7a1b74-829c-e4fa-2320-610c702522ed', '00000000-0000-0000-0000-000000000010', '7240', 'paid', 1210.0, '2026-05-12 10:29:36', '2026-05-12 10:29:36', '12');
INSERT INTO order_items (order_id, product_id, product_name, product_price, quantity)
VALUES ('ac7a1b74-829c-e4fa-2320-610c702522ed', '38432f7f-ba41-eaa0-7e46-d791008e4b02', 'product_6', 510.0, 2);
INSERT INTO order_items (order_id, product_id, product_name, product_price, quantity)
VALUES ('ac7a1b74-829c-e4fa-2320-610c702522ed', '0caff6fe-c574-8665-33ca-5f2cee71ebb2', 'product_35', 190.0, 1);
INSERT INTO orders (id, venue_id, number, status, total_amount, opened_at, closed_at, table_number)
VALUES ('4d9c8c04-5db5-676a-e3c6-c2fa83d29417', '00000000-0000-0000-0000-000000000010', '7241', 'paid', 1340.0, '2026-05-12 10:29:30', '2026-05-12 10:29:30', '10');
INSERT INTO order_items (order_id, product_id, product_name, product_price, quantity)
VALUES ('4d9c8c04-5db5-676a-e3c6-c2fa83d29417', '7b0b5f60-47be-c07e-9585-af9a20b6d773', 'product_9', 460.0, 2);
INSERT INTO order_items (order_id, product_id, product_name, product_price, quantity)
VALUES ('4d9c8c04-5db5-676a-e3c6-c2fa83d29417', '021231f4-e9fa-ecbb-5f2a-ad1321ca42ea', 'product_59', 230.0, 1);
INSERT INTO order_items (order_id, product_id, product_name, product_price, quantity)
VALUES ('4d9c8c04-5db5-676a-e3c6-c2fa83d29417', '0caff6fe-c574-8665-33ca-5f2cee71ebb2', 'product_35', 190.0, 1);
INSERT INTO orders (id, venue_id, number, status, total_amount, opened_at, closed_at, table_number)
VALUES ('2b415163-28c4-f0a5-78ec-d143eef03897', '00000000-0000-0000-0000-000000000010', '7239', 'paid', 1300.0, '2026-05-12 09:03:39', '2026-05-12 09:03:39', '15');
INSERT INTO order_items (order_id, product_id, product_name, product_price, quantity)
VALUES ('2b415163-28c4-f0a5-78ec-d143eef03897', '7b0b5f60-47be-c07e-9585-af9a20b6d773', 'product_9', 460.0, 2);
INSERT INTO order_items (order_id, product_id, product_name, product_price, quantity)
VALUES ('2b415163-28c4-f0a5-78ec-d143eef03897', 'da98da7c-a663-0228-294e-97c1fae50fd1', 'product_54', 180.0, 1);
INSERT INTO order_items (order_id, product_id, product_name, product_price, quantity)
VALUES ('2b415163-28c4-f0a5-78ec-d143eef03897', '2aea4c79-36dc-7b25-0bb9-c98c36e577c7', 'product_58', 200.0, 1);
INSERT INTO orders (id, venue_id, number, status, total_amount, opened_at, closed_at, table_number)
VALUES ('2eb1af6c-fc4e-5328-cc93-379b0f492daa', '00000000-0000-0000-0000-000000000010', '7238', 'paid', 1880.0, '2026-05-11 22:46:43', '2026-05-11 22:46:43', '12');
INSERT INTO order_items (order_id, product_id, product_name, product_price, quantity)
VALUES ('2eb1af6c-fc4e-5328-cc93-379b0f492daa', '30d3c4b2-8d8b-4d91-9c67-b3d72ab218cc', 'product_129', 470.0, 4);
INSERT INTO payments (order_id, venue_id, method, amount)
VALUES ('2eb1af6c-fc4e-5328-cc93-379b0f492daa', '00000000-0000-0000-0000-000000000010', 'card', 1880.0);
INSERT INTO orders (id, venue_id, number, status, total_amount, opened_at, closed_at, table_number)
VALUES ('c7433ecd-e4d5-5dd4-b1d1-7cab53816890', '00000000-0000-0000-0000-000000000010', '7236', 'paid', 1650.0, '2026-05-11 20:36:59', '2026-05-11 20:36:59', '1');
INSERT INTO order_items (order_id, product_id, product_name, product_price, quantity)
VALUES ('c7433ecd-e4d5-5dd4-b1d1-7cab53816890', 'a2b39819-292c-0b80-799d-c77d7020fc9d', 'product_34', 190.0, 1);
INSERT INTO order_items (order_id, product_id, product_name, product_price, quantity)
VALUES ('c7433ecd-e4d5-5dd4-b1d1-7cab53816890', '627b586a-57c8-d217-1549-c47bb32192ac', 'product_26', 460.0, 1);
INSERT INTO order_items (order_id, product_id, product_name, product_price, quantity)
VALUES ('c7433ecd-e4d5-5dd4-b1d1-7cab53816890', '7f688518-4003-c783-7333-b947a8856b49', 'product_28', 470.0, 1);
INSERT INTO order_items (order_id, product_id, product_name, product_price, quantity)
VALUES ('c7433ecd-e4d5-5dd4-b1d1-7cab53816890', '81b3193a-f1f9-6ba6-5630-5c911f0c4a69', 'product_48', 220.0, 1);
INSERT INTO order_items (order_id, product_id, product_name, product_price, quantity)
VALUES ('c7433ecd-e4d5-5dd4-b1d1-7cab53816890', 'ca58c9ff-fe24-427b-5955-2cd4feccec48', 'product_116', 310.0, 1);
INSERT INTO payments (order_id, venue_id, method, amount)
VALUES ('c7433ecd-e4d5-5dd4-b1d1-7cab53816890', '00000000-0000-0000-0000-000000000010', 'cash', 1650.0);
INSERT INTO orders (id, venue_id, number, status, total_amount, opened_at, closed_at, table_number)
VALUES ('1b03bfc9-3bb0-c0fb-d1a1-834d657274a2', '00000000-0000-0000-0000-000000000010', '7237', 'paid', 0.0, '2026-05-11 20:34:29', '2026-05-11 20:34:29', '9');
INSERT INTO order_items (order_id, product_id, product_name, product_price, quantity)
VALUES ('1b03bfc9-3bb0-c0fb-d1a1-834d657274a2', '82c55340-bd07-2a9a-a6cc-6ce377f958f2', 'product_148', 0.0, 1);
INSERT INTO order_items (order_id, product_id, product_name, product_price, quantity)
VALUES ('1b03bfc9-3bb0-c0fb-d1a1-834d657274a2', '12dd0c72-4671-5cd8-b7da-98389426555c', 'product_228', 0.0, 1);
INSERT INTO orders (id, venue_id, number, status, total_amount, opened_at, closed_at, table_number)
VALUES ('9e8f7fce-b7f4-89b1-3079-89eebdd9da54', '00000000-0000-0000-0000-000000000010', '7235', 'paid', 1020.0, '2026-05-11 13:09:49', '2026-05-11 13:09:49', '10');
INSERT INTO order_items (order_id, product_id, product_name, product_price, quantity)
VALUES ('9e8f7fce-b7f4-89b1-3079-89eebdd9da54', '3b80474c-9414-a513-7578-5a4d84e49583', 'product_38', 370.0, 1);
INSERT INTO order_items (order_id, product_id, product_name, product_price, quantity)
VALUES ('9e8f7fce-b7f4-89b1-3079-89eebdd9da54', '134318a5-b3ba-8433-c9f4-446b46b10995', 'product_37', 370.0, 1);
INSERT INTO order_items (order_id, product_id, product_name, product_price, quantity)
VALUES ('9e8f7fce-b7f4-89b1-3079-89eebdd9da54', 'd46f67a1-e1dd-e079-0b5c-329f6422c4d4', 'product_60', 280.0, 1);
INSERT INTO payments (order_id, venue_id, method, amount)
VALUES ('9e8f7fce-b7f4-89b1-3079-89eebdd9da54', '00000000-0000-0000-0000-000000000010', 'cash', 1020.0);
INSERT INTO orders (id, venue_id, number, status, total_amount, opened_at, closed_at, table_number)
VALUES ('cfabf549-9129-7149-c7e6-a630c3759eb4', '00000000-0000-0000-0000-000000000010', '7234', 'paid', 460.0, '2026-05-11 13:01:10', '2026-05-11 13:01:10', '15');
INSERT INTO order_items (order_id, product_id, product_name, product_price, quantity)
VALUES ('cfabf549-9129-7149-c7e6-a630c3759eb4', 'b9bdca4d-a423-6c36-2351-10cf52ff0eec', 'product_230', 0.0, 2);
INSERT INTO order_items (order_id, product_id, product_name, product_price, quantity)
VALUES ('cfabf549-9129-7149-c7e6-a630c3759eb4', '021231f4-e9fa-ecbb-5f2a-ad1321ca42ea', 'product_59', 230.0, 2);
INSERT INTO orders (id, venue_id, number, status, total_amount, opened_at, closed_at, table_number)
VALUES ('54416549-1fdb-1dbf-80a2-9315cf779eef', '00000000-0000-0000-0000-000000000010', '7233', 'paid', 2280.0, '2026-05-11 13:01:06', '2026-05-11 13:01:06', '10');
INSERT INTO order_items (order_id, product_id, product_name, product_price, quantity)
VALUES ('54416549-1fdb-1dbf-80a2-9315cf779eef', '38432f7f-ba41-eaa0-7e46-d791008e4b02', 'product_6', 510.0, 3);
INSERT INTO order_items (order_id, product_id, product_name, product_price, quantity)
VALUES ('54416549-1fdb-1dbf-80a2-9315cf779eef', 'd46f67a1-e1dd-e079-0b5c-329f6422c4d4', 'product_60', 280.0, 2);
INSERT INTO order_items (order_id, product_id, product_name, product_price, quantity)
VALUES ('54416549-1fdb-1dbf-80a2-9315cf779eef', '0caff6fe-c574-8665-33ca-5f2cee71ebb2', 'product_35', 190.0, 1);
INSERT INTO orders (id, venue_id, number, status, total_amount, opened_at, closed_at, table_number)
VALUES ('6148bfa6-c998-c2cc-1efc-b1b7bb1fd4b8', '00000000-0000-0000-0000-000000000010', '7232', 'paid', 200.0, '2026-05-11 12:57:59', '2026-05-11 12:57:59', '9');
INSERT INTO order_items (order_id, product_id, product_name, product_price, quantity)
VALUES ('6148bfa6-c998-c2cc-1efc-b1b7bb1fd4b8', 'bb41c67e-d584-f041-47ad-12499e38aab2', 'product_241', 200.0, 1);
INSERT INTO payments (order_id, venue_id, method, amount)
VALUES ('6148bfa6-c998-c2cc-1efc-b1b7bb1fd4b8', '00000000-0000-0000-0000-000000000010', 'card', 200.0);
INSERT INTO orders (id, venue_id, number, status, total_amount, opened_at, closed_at, table_number)
VALUES ('67aca948-f43a-7d06-e1b0-2352f7d0e2a1', '00000000-0000-0000-0000-000000000010', '7231', 'paid', 890.0, '2026-05-10 22:27:34', '2026-05-10 22:27:34', '15');
INSERT INTO order_items (order_id, product_id, product_name, product_price, quantity)
VALUES ('67aca948-f43a-7d06-e1b0-2352f7d0e2a1', '1d55740b-7a2f-ce7c-d33a-454fb2de27dc', 'product_155', 420.0, 1);
INSERT INTO order_items (order_id, product_id, product_name, product_price, quantity)
VALUES ('67aca948-f43a-7d06-e1b0-2352f7d0e2a1', '30d3c4b2-8d8b-4d91-9c67-b3d72ab218cc', 'product_129', 470.0, 1);
INSERT INTO payments (order_id, venue_id, method, amount)
VALUES ('67aca948-f43a-7d06-e1b0-2352f7d0e2a1', '00000000-0000-0000-0000-000000000010', 'cash', 890.0);
INSERT INTO orders (id, venue_id, number, status, total_amount, opened_at, closed_at, table_number)
VALUES ('09e346c8-00f3-19c8-604e-ec71834ac986', '00000000-0000-0000-0000-000000000010', '7230', 'paid', 4880.0, '2026-05-10 20:04:10', '2026-05-10 20:04:10', '12');
INSERT INTO order_items (order_id, product_id, product_name, product_price, quantity)
VALUES ('09e346c8-00f3-19c8-604e-ec71834ac986', '7ddbed72-7deb-5ee4-0634-41d52192bad1', 'product_23', 1750.0, 1);
INSERT INTO order_items (order_id, product_id, product_name, product_price, quantity)
VALUES ('09e346c8-00f3-19c8-604e-ec71834ac986', '4cb15d99-ad0e-d256-a257-afdad4bf887e', 'product_110', 1750.0, 1);
INSERT INTO order_items (order_id, product_id, product_name, product_price, quantity)
VALUES ('09e346c8-00f3-19c8-604e-ec71834ac986', 'c0fb869e-f434-07cb-f666-b9f7e55d4032', 'product_113', 770.0, 1);
INSERT INTO order_items (order_id, product_id, product_name, product_price, quantity)
VALUES ('09e346c8-00f3-19c8-604e-ec71834ac986', 'ec61223f-a380-dd08-f9eb-461b3c2f80e6', 'product_163', 120.0, 2);
INSERT INTO order_items (order_id, product_id, product_name, product_price, quantity)
VALUES ('09e346c8-00f3-19c8-604e-ec71834ac986', '5c3938ac-271e-5674-37aa-116c20435202', 'product_234', 370.0, 1);
INSERT INTO payments (order_id, venue_id, method, amount)
VALUES ('09e346c8-00f3-19c8-604e-ec71834ac986', '00000000-0000-0000-0000-000000000010', 'card', 4880.0);
INSERT INTO orders (id, venue_id, number, status, total_amount, opened_at, closed_at, table_number)
VALUES ('b48a69d7-2858-f205-76e1-7c1bf723ddf5', '00000000-0000-0000-0000-000000000010', '7228', 'paid', 2520.0, '2026-05-10 19:31:11', '2026-05-10 19:31:11', '6');
INSERT INTO order_items (order_id, product_id, product_name, product_price, quantity)
VALUES ('b48a69d7-2858-f205-76e1-7c1bf723ddf5', 'c0fb869e-f434-07cb-f666-b9f7e55d4032', 'product_113', 770.0, 1);
INSERT INTO order_items (order_id, product_id, product_name, product_price, quantity)
VALUES ('b48a69d7-2858-f205-76e1-7c1bf723ddf5', '0f7cfc79-3a3f-41ac-1aa4-b27431de9236', 'product_29', 620.0, 1);
INSERT INTO order_items (order_id, product_id, product_name, product_price, quantity)
VALUES ('b48a69d7-2858-f205-76e1-7c1bf723ddf5', '0caff6fe-c574-8665-33ca-5f2cee71ebb2', 'product_35', 190.0, 1);
INSERT INTO order_items (order_id, product_id, product_name, product_price, quantity)
VALUES ('b48a69d7-2858-f205-76e1-7c1bf723ddf5', '1a9038b5-12c1-4b41-756a-ce6d8bb0fac8', 'product_114', 670.0, 1);
INSERT INTO order_items (order_id, product_id, product_name, product_price, quantity)
VALUES ('b48a69d7-2858-f205-76e1-7c1bf723ddf5', '8b7920ef-e954-d760-2a69-99cafc830c2e', 'product_171', 270.0, 1);
INSERT INTO payments (order_id, venue_id, method, amount)
VALUES ('b48a69d7-2858-f205-76e1-7c1bf723ddf5', '00000000-0000-0000-0000-000000000010', 'card', 2520.0);
INSERT INTO orders (id, venue_id, number, status, total_amount, opened_at, closed_at, table_number)
VALUES ('753ea51b-08e9-c33c-02f0-ed1f2faffdee', '00000000-0000-0000-0000-000000000010', '7229', 'paid', 370.0, '2026-05-10 18:54:57', '2026-05-10 18:54:57', '1');
INSERT INTO order_items (order_id, product_id, product_name, product_price, quantity)
VALUES ('753ea51b-08e9-c33c-02f0-ed1f2faffdee', '7a291d79-c795-0f76-118b-25d10a078238', 'product_191', 370.0, 1);
INSERT INTO payments (order_id, venue_id, method, amount)
VALUES ('753ea51b-08e9-c33c-02f0-ed1f2faffdee', '00000000-0000-0000-0000-000000000010', 'card', 370.0);
INSERT INTO orders (id, venue_id, number, status, total_amount, opened_at, closed_at, table_number)
VALUES ('74cbb899-80b6-8160-a416-b148dff2a3c5', '00000000-0000-0000-0000-000000000010', '7227', 'paid', 5220.0, '2026-05-10 18:52:38', '2026-05-10 18:52:38', '10');
INSERT INTO order_items (order_id, product_id, product_name, product_price, quantity)
VALUES ('74cbb899-80b6-8160-a416-b148dff2a3c5', '1a9038b5-12c1-4b41-756a-ce6d8bb0fac8', 'product_114', 670.0, 3);
INSERT INTO order_items (order_id, product_id, product_name, product_price, quantity)
VALUES ('74cbb899-80b6-8160-a416-b148dff2a3c5', 'f35a1ebf-94b4-c196-4fdb-5698a8e21330', 'product_170', 820.0, 2);
INSERT INTO order_items (order_id, product_id, product_name, product_price, quantity)
VALUES ('74cbb899-80b6-8160-a416-b148dff2a3c5', '7a291d79-c795-0f76-118b-25d10a078238', 'product_191', 370.0, 1);
INSERT INTO order_items (order_id, product_id, product_name, product_price, quantity)
VALUES ('74cbb899-80b6-8160-a416-b148dff2a3c5', '1d55740b-7a2f-ce7c-d33a-454fb2de27dc', 'product_155', 420.0, 1);
INSERT INTO order_items (order_id, product_id, product_name, product_price, quantity)
VALUES ('74cbb899-80b6-8160-a416-b148dff2a3c5', 'eb1260af-ca5f-c811-fd1c-bf1664229477', 'product_115', 310.0, 1);
INSERT INTO order_items (order_id, product_id, product_name, product_price, quantity)
VALUES ('74cbb899-80b6-8160-a416-b148dff2a3c5', '30d3c4b2-8d8b-4d91-9c67-b3d72ab218cc', 'product_129', 470.0, 1);
INSERT INTO payments (order_id, venue_id, method, amount)
VALUES ('74cbb899-80b6-8160-a416-b148dff2a3c5', '00000000-0000-0000-0000-000000000010', 'card', 5220.0);
INSERT INTO orders (id, venue_id, number, status, total_amount, opened_at, closed_at, table_number)
VALUES ('43ef67bd-4ade-830a-5566-b16f1b1e4dd5', '00000000-0000-0000-0000-000000000010', '7224', 'paid', 1890.0, '2026-05-10 17:03:23', '2026-05-10 17:03:23', '1');
INSERT INTO order_items (order_id, product_id, product_name, product_price, quantity)
VALUES ('43ef67bd-4ade-830a-5566-b16f1b1e4dd5', '7b0b5f60-47be-c07e-9585-af9a20b6d773', 'product_9', 460.0, 1);
INSERT INTO order_items (order_id, product_id, product_name, product_price, quantity)
VALUES ('43ef67bd-4ade-830a-5566-b16f1b1e4dd5', '0f7cfc79-3a3f-41ac-1aa4-b27431de9236', 'product_29', 620.0, 2);
INSERT INTO order_items (order_id, product_id, product_name, product_price, quantity)
VALUES ('43ef67bd-4ade-830a-5566-b16f1b1e4dd5', '0caff6fe-c574-8665-33ca-5f2cee71ebb2', 'product_35', 190.0, 1);
INSERT INTO payments (order_id, venue_id, method, amount)
VALUES ('43ef67bd-4ade-830a-5566-b16f1b1e4dd5', '00000000-0000-0000-0000-000000000010', 'card', 1890.0);
INSERT INTO orders (id, venue_id, number, status, total_amount, opened_at, closed_at, table_number)
VALUES ('ba82694e-8bcb-2927-d9a0-c3bf2395834a', '00000000-0000-0000-0000-000000000010', '7226', 'paid', 2460.0, '2026-05-10 14:49:07', '2026-05-10 14:49:07', '3');
INSERT INTO order_items (order_id, product_id, product_name, product_price, quantity)
VALUES ('ba82694e-8bcb-2927-d9a0-c3bf2395834a', '951f4bf6-be55-0e75-59a9-7e580a0d07c4', 'product_14', 640.0, 1);
INSERT INTO order_items (order_id, product_id, product_name, product_price, quantity)
VALUES ('ba82694e-8bcb-2927-d9a0-c3bf2395834a', '0f7cfc79-3a3f-41ac-1aa4-b27431de9236', 'product_29', 620.0, 1);
INSERT INTO order_items (order_id, product_id, product_name, product_price, quantity)
VALUES ('ba82694e-8bcb-2927-d9a0-c3bf2395834a', '5c3938ac-271e-5674-37aa-116c20435202', 'product_234', 370.0, 2);
INSERT INTO order_items (order_id, product_id, product_name, product_price, quantity)
VALUES ('ba82694e-8bcb-2927-d9a0-c3bf2395834a', '627b586a-57c8-d217-1549-c47bb32192ac', 'product_26', 460.0, 1);
INSERT INTO payments (order_id, venue_id, method, amount)
VALUES ('ba82694e-8bcb-2927-d9a0-c3bf2395834a', '00000000-0000-0000-0000-000000000010', 'card', 2460.0);
INSERT INTO orders (id, venue_id, number, status, total_amount, opened_at, closed_at, table_number)
VALUES ('4342a2d4-f7f8-063b-7f52-65e7f44b8565', '00000000-0000-0000-0000-000000000010', '7222', 'paid', 700.0, '2026-05-10 13:14:29', '2026-05-10 13:14:29', '12');
INSERT INTO order_items (order_id, product_id, product_name, product_price, quantity)
VALUES ('4342a2d4-f7f8-063b-7f52-65e7f44b8565', '38432f7f-ba41-eaa0-7e46-d791008e4b02', 'product_6', 510.0, 1);
INSERT INTO order_items (order_id, product_id, product_name, product_price, quantity)
VALUES ('4342a2d4-f7f8-063b-7f52-65e7f44b8565', 'b9bdca4d-a423-6c36-2351-10cf52ff0eec', 'product_230', 0.0, 1);
INSERT INTO order_items (order_id, product_id, product_name, product_price, quantity)
VALUES ('4342a2d4-f7f8-063b-7f52-65e7f44b8565', '0caff6fe-c574-8665-33ca-5f2cee71ebb2', 'product_35', 190.0, 1);
INSERT INTO orders (id, venue_id, number, status, total_amount, opened_at, closed_at, table_number)
VALUES ('20c3580a-7fc3-f377-c421-03f94b62bfab', '00000000-0000-0000-0000-000000000010', '7219', 'paid', 990.0, '2026-05-10 13:13:51', '2026-05-10 13:13:51', '10');
INSERT INTO order_items (order_id, product_id, product_name, product_price, quantity)
VALUES ('20c3580a-7fc3-f377-c421-03f94b62bfab', '38432f7f-ba41-eaa0-7e46-d791008e4b02', 'product_6', 510.0, 1);
INSERT INTO order_items (order_id, product_id, product_name, product_price, quantity)
VALUES ('20c3580a-7fc3-f377-c421-03f94b62bfab', 'b9bdca4d-a423-6c36-2351-10cf52ff0eec', 'product_230', 0.0, 1);
INSERT INTO order_items (order_id, product_id, product_name, product_price, quantity)
VALUES ('20c3580a-7fc3-f377-c421-03f94b62bfab', '94d2bddc-c99f-2985-f8eb-9d8a4a995ad3', 'product_10', 300.0, 1);
INSERT INTO order_items (order_id, product_id, product_name, product_price, quantity)
VALUES ('20c3580a-7fc3-f377-c421-03f94b62bfab', 'da98da7c-a663-0228-294e-97c1fae50fd1', 'product_54', 180.0, 1);
INSERT INTO orders (id, venue_id, number, status, total_amount, opened_at, closed_at, table_number)
VALUES ('7762016e-483d-3354-f27c-59ee5b3cb400', '00000000-0000-0000-0000-000000000010', '7225', 'paid', 230.0, '2026-05-10 13:13:29', '2026-05-10 13:13:29', '9');
INSERT INTO order_items (order_id, product_id, product_name, product_price, quantity)
VALUES ('7762016e-483d-3354-f27c-59ee5b3cb400', '021231f4-e9fa-ecbb-5f2a-ad1321ca42ea', 'product_59', 230.0, 1);
INSERT INTO payments (order_id, venue_id, method, amount)
VALUES ('7762016e-483d-3354-f27c-59ee5b3cb400', '00000000-0000-0000-0000-000000000010', 'card', 230.0);
INSERT INTO orders (id, venue_id, number, status, total_amount, opened_at, closed_at, table_number)
VALUES ('f7bccbf8-f1a9-d2b9-ee0e-e21df2c0139b', '00000000-0000-0000-0000-000000000010', '7223', 'paid', 230.0, '2026-05-10 11:53:14', '2026-05-10 11:53:14', '9');
INSERT INTO order_items (order_id, product_id, product_name, product_price, quantity)
VALUES ('f7bccbf8-f1a9-d2b9-ee0e-e21df2c0139b', '021231f4-e9fa-ecbb-5f2a-ad1321ca42ea', 'product_59', 230.0, 1);
INSERT INTO payments (order_id, venue_id, method, amount)
VALUES ('f7bccbf8-f1a9-d2b9-ee0e-e21df2c0139b', '00000000-0000-0000-0000-000000000010', 'card', 230.0);
INSERT INTO orders (id, venue_id, number, status, total_amount, opened_at, closed_at, table_number)
VALUES ('4d803103-83af-6d96-fd6d-5a9cccbdb22f', '00000000-0000-0000-0000-000000000010', '7221', 'paid', 2790.0, '2026-05-10 11:30:19', '2026-05-10 11:30:19', '11');
INSERT INTO order_items (order_id, product_id, product_name, product_price, quantity)
VALUES ('4d803103-83af-6d96-fd6d-5a9cccbdb22f', 'b9bdca4d-a423-6c36-2351-10cf52ff0eec', 'product_230', 0.0, 5);
INSERT INTO order_items (order_id, product_id, product_name, product_price, quantity)
VALUES ('4d803103-83af-6d96-fd6d-5a9cccbdb22f', '38432f7f-ba41-eaa0-7e46-d791008e4b02', 'product_6', 510.0, 1);
INSERT INTO order_items (order_id, product_id, product_name, product_price, quantity)
VALUES ('4d803103-83af-6d96-fd6d-5a9cccbdb22f', 'da98da7c-a663-0228-294e-97c1fae50fd1', 'product_54', 180.0, 1);
INSERT INTO order_items (order_id, product_id, product_name, product_price, quantity)
VALUES ('4d803103-83af-6d96-fd6d-5a9cccbdb22f', 'd46f67a1-e1dd-e079-0b5c-329f6422c4d4', 'product_60', 280.0, 1);
INSERT INTO order_items (order_id, product_id, product_name, product_price, quantity)
VALUES ('4d803103-83af-6d96-fd6d-5a9cccbdb22f', '0caff6fe-c574-8665-33ca-5f2cee71ebb2', 'product_35', 190.0, 1);
INSERT INTO order_items (order_id, product_id, product_name, product_price, quantity)
VALUES ('4d803103-83af-6d96-fd6d-5a9cccbdb22f', 'a2b39819-292c-0b80-799d-c77d7020fc9d', 'product_34', 190.0, 2);
INSERT INTO order_items (order_id, product_id, product_name, product_price, quantity)
VALUES ('4d803103-83af-6d96-fd6d-5a9cccbdb22f', '38432f7f-ba41-eaa0-7e46-d791008e4b02', 'product_6', 510.0, 1);
INSERT INTO order_items (order_id, product_id, product_name, product_price, quantity)
VALUES ('4d803103-83af-6d96-fd6d-5a9cccbdb22f', '021231f4-e9fa-ecbb-5f2a-ad1321ca42ea', 'product_59', 230.0, 2);
INSERT INTO order_items (order_id, product_id, product_name, product_price, quantity)
VALUES ('4d803103-83af-6d96-fd6d-5a9cccbdb22f', 'd46f67a1-e1dd-e079-0b5c-329f6422c4d4', 'product_60', 280.0, 1);
INSERT INTO payments (order_id, venue_id, method, amount)
VALUES ('4d803103-83af-6d96-fd6d-5a9cccbdb22f', '00000000-0000-0000-0000-000000000010', 'cash', 790.0);
INSERT INTO orders (id, venue_id, number, status, total_amount, opened_at, closed_at, table_number)
VALUES ('f56454bf-b9dc-b3c2-e03f-fcfe11680b69', '00000000-0000-0000-0000-000000000010', '7220', 'paid', 1610.0, '2026-05-10 11:07:27', '2026-05-10 11:07:27', '13');
INSERT INTO order_items (order_id, product_id, product_name, product_price, quantity)
VALUES ('f56454bf-b9dc-b3c2-e03f-fcfe11680b69', '38432f7f-ba41-eaa0-7e46-d791008e4b02', 'product_6', 510.0, 1);
INSERT INTO order_items (order_id, product_id, product_name, product_price, quantity)
VALUES ('f56454bf-b9dc-b3c2-e03f-fcfe11680b69', 'b9bdca4d-a423-6c36-2351-10cf52ff0eec', 'product_230', 0.0, 1);
INSERT INTO order_items (order_id, product_id, product_name, product_price, quantity)
VALUES ('f56454bf-b9dc-b3c2-e03f-fcfe11680b69', '8d266d35-f6a4-b267-e097-564510f7f857', 'product_12', 270.0, 1);
INSERT INTO order_items (order_id, product_id, product_name, product_price, quantity)
VALUES ('f56454bf-b9dc-b3c2-e03f-fcfe11680b69', '021231f4-e9fa-ecbb-5f2a-ad1321ca42ea', 'product_59', 230.0, 2);
INSERT INTO order_items (order_id, product_id, product_name, product_price, quantity)
VALUES ('f56454bf-b9dc-b3c2-e03f-fcfe11680b69', 'f35ae6ee-40da-7479-c64b-612bff507023', 'product_31', 370.0, 1);
INSERT INTO payments (order_id, venue_id, method, amount)
VALUES ('f56454bf-b9dc-b3c2-e03f-fcfe11680b69', '00000000-0000-0000-0000-000000000010', 'card', 370.0);
INSERT INTO orders (id, venue_id, number, status, total_amount, opened_at, closed_at, table_number)
VALUES ('1de45760-b565-5cdc-3cf8-609cf86413c2', '00000000-0000-0000-0000-000000000010', '7215', 'paid', 1140.0, '2026-05-09 22:11:27', '2026-05-09 22:11:27', '2');
INSERT INTO order_items (order_id, product_id, product_name, product_price, quantity)
VALUES ('1de45760-b565-5cdc-3cf8-609cf86413c2', 'e81dc667-2a7e-c5f0-b886-e7a3451b0fd2', 'product_219', 570.0, 1);
INSERT INTO order_items (order_id, product_id, product_name, product_price, quantity)
VALUES ('1de45760-b565-5cdc-3cf8-609cf86413c2', '260b99e2-59bd-a3dc-c313-434aff0daf54', 'product_144', 190.0, 1);
INSERT INTO order_items (order_id, product_id, product_name, product_price, quantity)
VALUES ('1de45760-b565-5cdc-3cf8-609cf86413c2', '6599a59a-6cf7-70c9-0971-07a0078ce7cf', 'product_128', 380.0, 1);
INSERT INTO payments (order_id, venue_id, method, amount)
VALUES ('1de45760-b565-5cdc-3cf8-609cf86413c2', '00000000-0000-0000-0000-000000000010', 'card', 1140.0);
INSERT INTO orders (id, venue_id, number, status, total_amount, opened_at, closed_at, table_number)
VALUES ('2f0a1a70-657e-d88d-6f11-76cbacaaa0bf', '00000000-0000-0000-0000-000000000010', '7218', 'paid', 2080.0, '2026-05-09 21:36:35', '2026-05-09 21:36:35', '9');
INSERT INTO order_items (order_id, product_id, product_name, product_price, quantity)
VALUES ('2f0a1a70-657e-d88d-6f11-76cbacaaa0bf', 'df7c2c21-ccac-5baf-78ab-7927f7db522f', 'product_137', 160.0, 13);
INSERT INTO payments (order_id, venue_id, method, amount)
VALUES ('2f0a1a70-657e-d88d-6f11-76cbacaaa0bf', '00000000-0000-0000-0000-000000000010', 'cash', 2080.0);
INSERT INTO orders (id, venue_id, number, status, total_amount, opened_at, closed_at, table_number)
VALUES ('501a2668-7295-c205-f25d-6defa54a0b66', '00000000-0000-0000-0000-000000000010', '7217', 'paid', 790.0, '2026-05-09 21:05:30', '2026-05-09 21:05:30', '13');
INSERT INTO order_items (order_id, product_id, product_name, product_price, quantity)
VALUES ('501a2668-7295-c205-f25d-6defa54a0b66', 'f35ae6ee-40da-7479-c64b-612bff507023', 'product_31', 370.0, 1);
INSERT INTO order_items (order_id, product_id, product_name, product_price, quantity)
VALUES ('501a2668-7295-c205-f25d-6defa54a0b66', 'a2b39819-292c-0b80-799d-c77d7020fc9d', 'product_34', 190.0, 1);
INSERT INTO order_items (order_id, product_id, product_name, product_price, quantity)
VALUES ('501a2668-7295-c205-f25d-6defa54a0b66', '021231f4-e9fa-ecbb-5f2a-ad1321ca42ea', 'product_59', 230.0, 1);
INSERT INTO payments (order_id, venue_id, method, amount)
VALUES ('501a2668-7295-c205-f25d-6defa54a0b66', '00000000-0000-0000-0000-000000000010', 'card', 790.0);
INSERT INTO orders (id, venue_id, number, status, total_amount, opened_at, closed_at, table_number)
VALUES ('173ad01c-1108-42cd-c211-b09043acc77f', '00000000-0000-0000-0000-000000000010', '7213', 'paid', 3160.0, '2026-05-09 20:50:52', '2026-05-09 20:50:52', '8');
INSERT INTO order_items (order_id, product_id, product_name, product_price, quantity)
VALUES ('173ad01c-1108-42cd-c211-b09043acc77f', 'c0fb869e-f434-07cb-f666-b9f7e55d4032', 'product_113', 770.0, 1);
INSERT INTO order_items (order_id, product_id, product_name, product_price, quantity)
VALUES ('173ad01c-1108-42cd-c211-b09043acc77f', '260b99e2-59bd-a3dc-c313-434aff0daf54', 'product_144', 190.0, 2);
INSERT INTO order_items (order_id, product_id, product_name, product_price, quantity)
VALUES ('173ad01c-1108-42cd-c211-b09043acc77f', 'f35a1ebf-94b4-c196-4fdb-5698a8e21330', 'product_170', 820.0, 1);
INSERT INTO order_items (order_id, product_id, product_name, product_price, quantity)
VALUES ('173ad01c-1108-42cd-c211-b09043acc77f', '81b3193a-f1f9-6ba6-5630-5c911f0c4a69', 'product_48', 220.0, 1);
INSERT INTO order_items (order_id, product_id, product_name, product_price, quantity)
VALUES ('173ad01c-1108-42cd-c211-b09043acc77f', 'ba729be8-36f6-fb9a-7e2c-4b99753cb652', 'product_217', 600.0, 1);
INSERT INTO order_items (order_id, product_id, product_name, product_price, quantity)
VALUES ('173ad01c-1108-42cd-c211-b09043acc77f', '5c3938ac-271e-5674-37aa-116c20435202', 'product_234', 370.0, 1);
INSERT INTO payments (order_id, venue_id, method, amount)
VALUES ('173ad01c-1108-42cd-c211-b09043acc77f', '00000000-0000-0000-0000-000000000010', 'card', 3160.0);
INSERT INTO orders (id, venue_id, number, status, total_amount, opened_at, closed_at, table_number)
VALUES ('378cb491-b871-10a0-3d9b-e38b0dde9c6d', '00000000-0000-0000-0000-000000000010', '7211', 'paid', 4720.0, '2026-05-09 20:16:52', '2026-05-09 20:16:52', '12');
INSERT INTO order_items (order_id, product_id, product_name, product_price, quantity)
VALUES ('378cb491-b871-10a0-3d9b-e38b0dde9c6d', 'c0fb869e-f434-07cb-f666-b9f7e55d4032', 'product_113', 770.0, 1);
INSERT INTO order_items (order_id, product_id, product_name, product_price, quantity)
VALUES ('378cb491-b871-10a0-3d9b-e38b0dde9c6d', '6e00b5a0-6b62-d942-73e4-86982bcae389', 'product_21', 1370.0, 1);
INSERT INTO order_items (order_id, product_id, product_name, product_price, quantity)
VALUES ('378cb491-b871-10a0-3d9b-e38b0dde9c6d', '9a06fa1f-d2b5-1b6f-d6c5-37c2ffa3adfd', 'product_168', 640.0, 1);
INSERT INTO order_items (order_id, product_id, product_name, product_price, quantity)
VALUES ('378cb491-b871-10a0-3d9b-e38b0dde9c6d', '7ddbed72-7deb-5ee4-0634-41d52192bad1', 'product_23', 1750.0, 1);
INSERT INTO order_items (order_id, product_id, product_name, product_price, quantity)
VALUES ('378cb491-b871-10a0-3d9b-e38b0dde9c6d', '260b99e2-59bd-a3dc-c313-434aff0daf54', 'product_144', 190.0, 1);
INSERT INTO payments (order_id, venue_id, method, amount)
VALUES ('378cb491-b871-10a0-3d9b-e38b0dde9c6d', '00000000-0000-0000-0000-000000000010', 'card', 4720.0);
INSERT INTO orders (id, venue_id, number, status, total_amount, opened_at, closed_at, table_number)
VALUES ('b1d77f38-d315-c0da-947a-0495329ddb3f', '00000000-0000-0000-0000-000000000010', '7214', 'paid', 440.0, '2026-05-09 20:11:41', '2026-05-09 20:11:41', '1');
INSERT INTO order_items (order_id, product_id, product_name, product_price, quantity)
VALUES ('b1d77f38-d315-c0da-947a-0495329ddb3f', '81b3193a-f1f9-6ba6-5630-5c911f0c4a69', 'product_48', 220.0, 2);
INSERT INTO payments (order_id, venue_id, method, amount)
VALUES ('b1d77f38-d315-c0da-947a-0495329ddb3f', '00000000-0000-0000-0000-000000000010', 'card', 440.0);
INSERT INTO orders (id, venue_id, number, status, total_amount, opened_at, closed_at, table_number)
VALUES ('0286ab5c-9de1-f942-43d3-968f38c76ca0', '00000000-0000-0000-0000-000000000010', '7209', 'paid', 2980.0, '2026-05-09 20:00:33', '2026-05-09 20:00:33', '17');
INSERT INTO order_items (order_id, product_id, product_name, product_price, quantity)
VALUES ('0286ab5c-9de1-f942-43d3-968f38c76ca0', '9a06fa1f-d2b5-1b6f-d6c5-37c2ffa3adfd', 'product_168', 640.0, 1);
INSERT INTO order_items (order_id, product_id, product_name, product_price, quantity)
VALUES ('0286ab5c-9de1-f942-43d3-968f38c76ca0', '81b3193a-f1f9-6ba6-5630-5c911f0c4a69', 'product_48', 220.0, 1);
INSERT INTO order_items (order_id, product_id, product_name, product_price, quantity)
VALUES ('0286ab5c-9de1-f942-43d3-968f38c76ca0', '5c3938ac-271e-5674-37aa-116c20435202', 'product_234', 370.0, 1);
INSERT INTO order_items (order_id, product_id, product_name, product_price, quantity)
VALUES ('0286ab5c-9de1-f942-43d3-968f38c76ca0', '7ddbed72-7deb-5ee4-0634-41d52192bad1', 'product_23', 1750.0, 1);
INSERT INTO payments (order_id, venue_id, method, amount)
VALUES ('0286ab5c-9de1-f942-43d3-968f38c76ca0', '00000000-0000-0000-0000-000000000010', 'card', 2980.0);
INSERT INTO orders (id, venue_id, number, status, total_amount, opened_at, closed_at, table_number)
VALUES ('ef021431-6958-6ddb-6ed2-fe0f617043b8', '00000000-0000-0000-0000-000000000010', '7216', 'paid', 2560.0, '2026-05-09 19:59:55', '2026-05-09 19:59:55', '9');
INSERT INTO order_items (order_id, product_id, product_name, product_price, quantity)
VALUES ('ef021431-6958-6ddb-6ed2-fe0f617043b8', 'c16bce15-fa53-0477-7fc7-755989859be8', 'product_123', 2560.0, 1);
INSERT INTO payments (order_id, venue_id, method, amount)
VALUES ('ef021431-6958-6ddb-6ed2-fe0f617043b8', '00000000-0000-0000-0000-000000000010', 'card', 2560.0);
INSERT INTO orders (id, venue_id, number, status, total_amount, opened_at, closed_at, table_number)
VALUES ('437ce5a7-533b-12be-92b6-4a9b5a417449', '00000000-0000-0000-0000-000000000010', '7207', 'paid', 2990.0, '2026-05-09 19:45:49', '2026-05-09 19:45:49', '3');
INSERT INTO order_items (order_id, product_id, product_name, product_price, quantity)
VALUES ('437ce5a7-533b-12be-92b6-4a9b5a417449', '7ddbed72-7deb-5ee4-0634-41d52192bad1', 'product_23', 1750.0, 1);
INSERT INTO order_items (order_id, product_id, product_name, product_price, quantity)
VALUES ('437ce5a7-533b-12be-92b6-4a9b5a417449', '9a06fa1f-d2b5-1b6f-d6c5-37c2ffa3adfd', 'product_168', 640.0, 1);
INSERT INTO order_items (order_id, product_id, product_name, product_price, quantity)
VALUES ('437ce5a7-533b-12be-92b6-4a9b5a417449', '0caff6fe-c574-8665-33ca-5f2cee71ebb2', 'product_35', 190.0, 2);
INSERT INTO order_items (order_id, product_id, product_name, product_price, quantity)
VALUES ('437ce5a7-533b-12be-92b6-4a9b5a417449', '7c7c305a-92ed-bc40-0bb5-1155fc4e313f', 'product_99', 220.0, 1);
INSERT INTO payments (order_id, venue_id, method, amount)
VALUES ('437ce5a7-533b-12be-92b6-4a9b5a417449', '00000000-0000-0000-0000-000000000010', 'card', 2990.0);
INSERT INTO orders (id, venue_id, number, status, total_amount, opened_at, closed_at, table_number)
VALUES ('95c1dc2d-f3f8-1c47-60ad-65d1faf3ad8e', '00000000-0000-0000-0000-000000000010', '7208', 'paid', 2030.0, '2026-05-09 19:22:04', '2026-05-09 19:22:04', '16');
INSERT INTO order_items (order_id, product_id, product_name, product_price, quantity)
VALUES ('95c1dc2d-f3f8-1c47-60ad-65d1faf3ad8e', '0f7cfc79-3a3f-41ac-1aa4-b27431de9236', 'product_29', 620.0, 1);
INSERT INTO order_items (order_id, product_id, product_name, product_price, quantity)
VALUES ('95c1dc2d-f3f8-1c47-60ad-65d1faf3ad8e', 'c0fb869e-f434-07cb-f666-b9f7e55d4032', 'product_113', 770.0, 1);
INSERT INTO order_items (order_id, product_id, product_name, product_price, quantity)
VALUES ('95c1dc2d-f3f8-1c47-60ad-65d1faf3ad8e', '8b7920ef-e954-d760-2a69-99cafc830c2e', 'product_171', 270.0, 1);
INSERT INTO order_items (order_id, product_id, product_name, product_price, quantity)
VALUES ('95c1dc2d-f3f8-1c47-60ad-65d1faf3ad8e', 'f35ae6ee-40da-7479-c64b-612bff507023', 'product_31', 370.0, 1);
INSERT INTO payments (order_id, venue_id, method, amount)
VALUES ('95c1dc2d-f3f8-1c47-60ad-65d1faf3ad8e', '00000000-0000-0000-0000-000000000010', 'card', 2030.0);
INSERT INTO orders (id, venue_id, number, status, total_amount, opened_at, closed_at, table_number)
VALUES ('c283fdc0-666c-92bf-fb22-1f46fac90768', '00000000-0000-0000-0000-000000000010', '7195', 'paid', 3660.0, '2026-05-09 19:16:52', '2026-05-09 19:16:52', '15');
INSERT INTO order_items (order_id, product_id, product_name, product_price, quantity)
VALUES ('c283fdc0-666c-92bf-fb22-1f46fac90768', '38432f7f-ba41-eaa0-7e46-d791008e4b02', 'product_6', 510.0, 5);
INSERT INTO order_items (order_id, product_id, product_name, product_price, quantity)
VALUES ('c283fdc0-666c-92bf-fb22-1f46fac90768', '8d266d35-f6a4-b267-e097-564510f7f857', 'product_12', 270.0, 1);
INSERT INTO order_items (order_id, product_id, product_name, product_price, quantity)
VALUES ('c283fdc0-666c-92bf-fb22-1f46fac90768', '021231f4-e9fa-ecbb-5f2a-ad1321ca42ea', 'product_59', 230.0, 2);
INSERT INTO order_items (order_id, product_id, product_name, product_price, quantity)
VALUES ('c283fdc0-666c-92bf-fb22-1f46fac90768', '0caff6fe-c574-8665-33ca-5f2cee71ebb2', 'product_35', 190.0, 2);
INSERT INTO orders (id, venue_id, number, status, total_amount, opened_at, closed_at, table_number)
VALUES ('70240e2f-9ef5-5ee9-05dd-e57b31f51f98', '00000000-0000-0000-0000-000000000010', '7196', 'paid', 1340.0, '2026-05-09 19:16:48', '2026-05-09 19:16:48', '13');
INSERT INTO order_items (order_id, product_id, product_name, product_price, quantity)
VALUES ('70240e2f-9ef5-5ee9-05dd-e57b31f51f98', '8d266d35-f6a4-b267-e097-564510f7f857', 'product_12', 270.0, 2);
INSERT INTO order_items (order_id, product_id, product_name, product_price, quantity)
VALUES ('70240e2f-9ef5-5ee9-05dd-e57b31f51f98', 'ec61223f-a380-dd08-f9eb-461b3c2f80e6', 'product_163', 120.0, 2);
INSERT INTO order_items (order_id, product_id, product_name, product_price, quantity)
VALUES ('70240e2f-9ef5-5ee9-05dd-e57b31f51f98', 'd46f67a1-e1dd-e079-0b5c-329f6422c4d4', 'product_60', 280.0, 2);
INSERT INTO orders (id, venue_id, number, status, total_amount, opened_at, closed_at, table_number)
VALUES ('75e8e842-6fc9-2e97-4841-7ec3e9272851', '00000000-0000-0000-0000-000000000010', '7198', 'paid', 1020.0, '2026-05-09 19:16:27', '2026-05-09 19:16:27', '11');
INSERT INTO order_items (order_id, product_id, product_name, product_price, quantity)
VALUES ('75e8e842-6fc9-2e97-4841-7ec3e9272851', '38432f7f-ba41-eaa0-7e46-d791008e4b02', 'product_6', 510.0, 1);
INSERT INTO order_items (order_id, product_id, product_name, product_price, quantity)
VALUES ('75e8e842-6fc9-2e97-4841-7ec3e9272851', 'b9bdca4d-a423-6c36-2351-10cf52ff0eec', 'product_230', 0.0, 1);
INSERT INTO order_items (order_id, product_id, product_name, product_price, quantity)
VALUES ('75e8e842-6fc9-2e97-4841-7ec3e9272851', '021231f4-e9fa-ecbb-5f2a-ad1321ca42ea', 'product_59', 230.0, 1);
INSERT INTO order_items (order_id, product_id, product_name, product_price, quantity)
VALUES ('75e8e842-6fc9-2e97-4841-7ec3e9272851', 'd46f67a1-e1dd-e079-0b5c-329f6422c4d4', 'product_60', 280.0, 1);
INSERT INTO orders (id, venue_id, number, status, total_amount, opened_at, closed_at, table_number)
VALUES ('e114ccd9-df6e-afcd-0ef0-dd1baabcacc0', '00000000-0000-0000-0000-000000000010', '7197', 'paid', 1920.0, '2026-05-09 19:16:24', '2026-05-09 19:16:24', '10');
INSERT INTO order_items (order_id, product_id, product_name, product_price, quantity)
VALUES ('e114ccd9-df6e-afcd-0ef0-dd1baabcacc0', '497d0040-b877-bebf-95b7-582bf7a5e783', 'product_174', 250.0, 3);
INSERT INTO order_items (order_id, product_id, product_name, product_price, quantity)
VALUES ('e114ccd9-df6e-afcd-0ef0-dd1baabcacc0', '2836be19-8d27-0aa1-68ed-3bbc6cf94fb8', 'product_13', 270.0, 1);
INSERT INTO order_items (order_id, product_id, product_name, product_price, quantity)
VALUES ('e114ccd9-df6e-afcd-0ef0-dd1baabcacc0', '94d2bddc-c99f-2985-f8eb-9d8a4a995ad3', 'product_10', 300.0, 1);
INSERT INTO order_items (order_id, product_id, product_name, product_price, quantity)
VALUES ('e114ccd9-df6e-afcd-0ef0-dd1baabcacc0', '021231f4-e9fa-ecbb-5f2a-ad1321ca42ea', 'product_59', 230.0, 1);
INSERT INTO order_items (order_id, product_id, product_name, product_price, quantity)
VALUES ('e114ccd9-df6e-afcd-0ef0-dd1baabcacc0', 'da98da7c-a663-0228-294e-97c1fae50fd1', 'product_54', 180.0, 1);
INSERT INTO order_items (order_id, product_id, product_name, product_price, quantity)
VALUES ('e114ccd9-df6e-afcd-0ef0-dd1baabcacc0', '0caff6fe-c574-8665-33ca-5f2cee71ebb2', 'product_35', 190.0, 1);
INSERT INTO orders (id, venue_id, number, status, total_amount, opened_at, closed_at, table_number)
VALUES ('f4cc94d8-1e7b-88bf-ad9a-5e6136757f51', '00000000-0000-0000-0000-000000000010', '7212', 'paid', 330.0, '2026-05-09 19:11:55', '2026-05-09 19:11:55', '9');
INSERT INTO order_items (order_id, product_id, product_name, product_price, quantity)
VALUES ('f4cc94d8-1e7b-88bf-ad9a-5e6136757f51', 'e46827e9-bff2-b635-a563-0455e95c70b9', 'product_242', 200.0, 1);
INSERT INTO order_items (order_id, product_id, product_name, product_price, quantity)
VALUES ('f4cc94d8-1e7b-88bf-ad9a-5e6136757f51', '966437e8-b784-92e7-0afa-ff8bde6f1e53', 'product_145', 130.0, 1);
INSERT INTO payments (order_id, venue_id, method, amount)
VALUES ('f4cc94d8-1e7b-88bf-ad9a-5e6136757f51', '00000000-0000-0000-0000-000000000010', 'cash', 330.0);
INSERT INTO orders (id, venue_id, number, status, total_amount, opened_at, closed_at, table_number)
VALUES ('6f90f4b6-726f-5497-b124-86e88a9cad54', '00000000-0000-0000-0000-000000000010', '7210', 'paid', 190.0, '2026-05-09 18:54:25', '2026-05-09 18:54:25', '9');
INSERT INTO order_items (order_id, product_id, product_name, product_price, quantity)
VALUES ('6f90f4b6-726f-5497-b124-86e88a9cad54', '0caff6fe-c574-8665-33ca-5f2cee71ebb2', 'product_35', 190.0, 1);
INSERT INTO payments (order_id, venue_id, method, amount)
VALUES ('6f90f4b6-726f-5497-b124-86e88a9cad54', '00000000-0000-0000-0000-000000000010', 'card', 190.0);
INSERT INTO orders (id, venue_id, number, status, total_amount, opened_at, closed_at, table_number)
VALUES ('8acb7eda-7c61-4a19-3152-798a554fd5d5', '00000000-0000-0000-0000-000000000010', '7206', 'paid', 300.0, '2026-05-09 18:00:29', '2026-05-09 18:00:29', '16');
INSERT INTO order_items (order_id, product_id, product_name, product_price, quantity)
VALUES ('8acb7eda-7c61-4a19-3152-798a554fd5d5', '94d2bddc-c99f-2985-f8eb-9d8a4a995ad3', 'product_10', 300.0, 1);
INSERT INTO payments (order_id, venue_id, method, amount)
VALUES ('8acb7eda-7c61-4a19-3152-798a554fd5d5', '00000000-0000-0000-0000-000000000010', 'card', 300.0);
INSERT INTO orders (id, venue_id, number, status, total_amount, opened_at, closed_at, table_number)
VALUES ('d5964c67-a992-0502-eaef-e870906d6f80', '00000000-0000-0000-0000-000000000010', '7205', 'paid', 650.0, '2026-05-09 17:59:49', '2026-05-09 17:59:49', '9');
INSERT INTO order_items (order_id, product_id, product_name, product_price, quantity)
VALUES ('d5964c67-a992-0502-eaef-e870906d6f80', '021231f4-e9fa-ecbb-5f2a-ad1321ca42ea', 'product_59', 230.0, 1);
INSERT INTO order_items (order_id, product_id, product_name, product_price, quantity)
VALUES ('d5964c67-a992-0502-eaef-e870906d6f80', '1d55740b-7a2f-ce7c-d33a-454fb2de27dc', 'product_155', 420.0, 1);
INSERT INTO payments (order_id, venue_id, method, amount)
VALUES ('d5964c67-a992-0502-eaef-e870906d6f80', '00000000-0000-0000-0000-000000000010', 'card', 650.0);
INSERT INTO orders (id, venue_id, number, status, total_amount, opened_at, closed_at, table_number)
VALUES ('833ed706-50f9-fc10-4560-2f0b12296c30', '00000000-0000-0000-0000-000000000010', '7204', 'paid', 410.0, '2026-05-09 17:28:00', '2026-05-09 17:28:00', '9');
INSERT INTO order_items (order_id, product_id, product_name, product_price, quantity)
VALUES ('833ed706-50f9-fc10-4560-2f0b12296c30', '021231f4-e9fa-ecbb-5f2a-ad1321ca42ea', 'product_59', 230.0, 1);
INSERT INTO order_items (order_id, product_id, product_name, product_price, quantity)
VALUES ('833ed706-50f9-fc10-4560-2f0b12296c30', 'da98da7c-a663-0228-294e-97c1fae50fd1', 'product_54', 180.0, 1);
INSERT INTO payments (order_id, venue_id, method, amount)
VALUES ('833ed706-50f9-fc10-4560-2f0b12296c30', '00000000-0000-0000-0000-000000000010', 'card', 410.0);
INSERT INTO orders (id, venue_id, number, status, total_amount, opened_at, closed_at, table_number)
VALUES ('e76b027e-3709-3f69-a169-9333592d3a04', '00000000-0000-0000-0000-000000000010', '7203', 'paid', 420.0, '2026-05-09 16:41:37', '2026-05-09 16:41:37', '1');
INSERT INTO order_items (order_id, product_id, product_name, product_price, quantity)
VALUES ('e76b027e-3709-3f69-a169-9333592d3a04', '1d55740b-7a2f-ce7c-d33a-454fb2de27dc', 'product_155', 420.0, 1);
INSERT INTO payments (order_id, venue_id, method, amount)
VALUES ('e76b027e-3709-3f69-a169-9333592d3a04', '00000000-0000-0000-0000-000000000010', 'card', 420.0);
INSERT INTO orders (id, venue_id, number, status, total_amount, opened_at, closed_at, table_number)
VALUES ('8f25e815-c531-1842-ca80-6d3205408431', '00000000-0000-0000-0000-000000000010', '7202', 'paid', 2490.0, '2026-05-09 16:09:33', '2026-05-09 16:09:33', '3');
INSERT INTO order_items (order_id, product_id, product_name, product_price, quantity)
VALUES ('8f25e815-c531-1842-ca80-6d3205408431', 'c0fb869e-f434-07cb-f666-b9f7e55d4032', 'product_113', 770.0, 1);
INSERT INTO order_items (order_id, product_id, product_name, product_price, quantity)
VALUES ('8f25e815-c531-1842-ca80-6d3205408431', '1a9038b5-12c1-4b41-756a-ce6d8bb0fac8', 'product_114', 670.0, 1);
INSERT INTO order_items (order_id, product_id, product_name, product_price, quantity)
VALUES ('8f25e815-c531-1842-ca80-6d3205408431', '951f4bf6-be55-0e75-59a9-7e580a0d07c4', 'product_14', 640.0, 1);
INSERT INTO order_items (order_id, product_id, product_name, product_price, quantity)
VALUES ('8f25e815-c531-1842-ca80-6d3205408431', '7c7c305a-92ed-bc40-0bb5-1155fc4e313f', 'product_99', 220.0, 1);
INSERT INTO order_items (order_id, product_id, product_name, product_price, quantity)
VALUES ('8f25e815-c531-1842-ca80-6d3205408431', 'a2b39819-292c-0b80-799d-c77d7020fc9d', 'product_34', 190.0, 1);
INSERT INTO payments (order_id, venue_id, method, amount)
VALUES ('8f25e815-c531-1842-ca80-6d3205408431', '00000000-0000-0000-0000-000000000010', 'card', 2490.0);
INSERT INTO orders (id, venue_id, number, status, total_amount, opened_at, closed_at, table_number)
VALUES ('847f0516-8d64-3806-f850-dffb3b75697c', '00000000-0000-0000-0000-000000000010', '7201', 'paid', 4100.0, '2026-05-09 16:07:45', '2026-05-09 16:07:45', '16');
INSERT INTO order_items (order_id, product_id, product_name, product_price, quantity)
VALUES ('847f0516-8d64-3806-f850-dffb3b75697c', '6e00b5a0-6b62-d942-73e4-86982bcae389', 'product_21', 1370.0, 2);
INSERT INTO order_items (order_id, product_id, product_name, product_price, quantity)
VALUES ('847f0516-8d64-3806-f850-dffb3b75697c', 'fdb6f575-fe3f-282e-93d0-1dad56530fa5', 'product_15', 640.0, 1);
INSERT INTO order_items (order_id, product_id, product_name, product_price, quantity)
VALUES ('847f0516-8d64-3806-f850-dffb3b75697c', '81b3193a-f1f9-6ba6-5630-5c911f0c4a69', 'product_48', 220.0, 1);
INSERT INTO order_items (order_id, product_id, product_name, product_price, quantity)
VALUES ('847f0516-8d64-3806-f850-dffb3b75697c', 'ec61223f-a380-dd08-f9eb-461b3c2f80e6', 'product_163', 120.0, 1);
INSERT INTO order_items (order_id, product_id, product_name, product_price, quantity)
VALUES ('847f0516-8d64-3806-f850-dffb3b75697c', '0caff6fe-c574-8665-33ca-5f2cee71ebb2', 'product_35', 190.0, 1);
INSERT INTO order_items (order_id, product_id, product_name, product_price, quantity)
VALUES ('847f0516-8d64-3806-f850-dffb3b75697c', '260b99e2-59bd-a3dc-c313-434aff0daf54', 'product_144', 190.0, 1);
INSERT INTO payments (order_id, venue_id, method, amount)
VALUES ('847f0516-8d64-3806-f850-dffb3b75697c', '00000000-0000-0000-0000-000000000010', 'card', 4100.0);
INSERT INTO orders (id, venue_id, number, status, total_amount, opened_at, closed_at, table_number)
VALUES ('bb7d8f19-32f8-2615-0fae-e40057bbf98f', '00000000-0000-0000-0000-000000000010', '7200', 'paid', 6570.0, '2026-05-09 15:23:45', '2026-05-09 15:23:45', '17');
INSERT INTO order_items (order_id, product_id, product_name, product_price, quantity)
VALUES ('bb7d8f19-32f8-2615-0fae-e40057bbf98f', 'c0fb869e-f434-07cb-f666-b9f7e55d4032', 'product_113', 770.0, 4);
INSERT INTO order_items (order_id, product_id, product_name, product_price, quantity)
VALUES ('bb7d8f19-32f8-2615-0fae-e40057bbf98f', '951f4bf6-be55-0e75-59a9-7e580a0d07c4', 'product_14', 640.0, 1);
INSERT INTO order_items (order_id, product_id, product_name, product_price, quantity)
VALUES ('bb7d8f19-32f8-2615-0fae-e40057bbf98f', '9a06fa1f-d2b5-1b6f-d6c5-37c2ffa3adfd', 'product_168', 640.0, 1);
INSERT INTO order_items (order_id, product_id, product_name, product_price, quantity)
VALUES ('bb7d8f19-32f8-2615-0fae-e40057bbf98f', '8b7920ef-e954-d760-2a69-99cafc830c2e', 'product_171', 270.0, 1);
INSERT INTO order_items (order_id, product_id, product_name, product_price, quantity)
VALUES ('bb7d8f19-32f8-2615-0fae-e40057bbf98f', '81b3193a-f1f9-6ba6-5630-5c911f0c4a69', 'product_48', 220.0, 1);
INSERT INTO order_items (order_id, product_id, product_name, product_price, quantity)
VALUES ('bb7d8f19-32f8-2615-0fae-e40057bbf98f', '5b7828a6-fad3-dc3f-06c7-979905efbff1', 'product_61', 350.0, 1);
INSERT INTO order_items (order_id, product_id, product_name, product_price, quantity)
VALUES ('bb7d8f19-32f8-2615-0fae-e40057bbf98f', 'bb41c67e-d584-f041-47ad-12499e38aab2', 'product_241', 200.0, 1);
INSERT INTO order_items (order_id, product_id, product_name, product_price, quantity)
VALUES ('bb7d8f19-32f8-2615-0fae-e40057bbf98f', '0caff6fe-c574-8665-33ca-5f2cee71ebb2', 'product_35', 190.0, 2);
INSERT INTO order_items (order_id, product_id, product_name, product_price, quantity)
VALUES ('bb7d8f19-32f8-2615-0fae-e40057bbf98f', '9d00fee6-5b1a-acb8-1114-e668525ce1a6', 'product_200', 330.0, 1);
INSERT INTO order_items (order_id, product_id, product_name, product_price, quantity)
VALUES ('bb7d8f19-32f8-2615-0fae-e40057bbf98f', '627b586a-57c8-d217-1549-c47bb32192ac', 'product_26', 460.0, 1);
INSERT INTO payments (order_id, venue_id, method, amount)
VALUES ('bb7d8f19-32f8-2615-0fae-e40057bbf98f', '00000000-0000-0000-0000-000000000010', 'card', 6570.0);
INSERT INTO orders (id, venue_id, number, status, total_amount, opened_at, closed_at, table_number)
VALUES ('417cc748-a955-1dfc-7e48-9b9404153836', '00000000-0000-0000-0000-000000000010', '7199', 'paid', 660.0, '2026-05-09 12:31:41', '2026-05-09 12:31:41', '1');
INSERT INTO order_items (order_id, product_id, product_name, product_price, quantity)
VALUES ('417cc748-a955-1dfc-7e48-9b9404153836', '7c7c305a-92ed-bc40-0bb5-1155fc4e313f', 'product_99', 220.0, 3);
INSERT INTO payments (order_id, venue_id, method, amount)
VALUES ('417cc748-a955-1dfc-7e48-9b9404153836', '00000000-0000-0000-0000-000000000010', 'card', 660.0);
INSERT INTO orders (id, venue_id, number, status, total_amount, opened_at, closed_at, table_number)
VALUES ('9be42e3d-a0eb-4592-78b8-062615da7f5c', '00000000-0000-0000-0000-000000000010', '7180', 'paid', 0.0, '2026-05-09 11:18:39', '2026-05-09 11:18:39', '15');
INSERT INTO orders (id, venue_id, number, status, total_amount, opened_at, closed_at, table_number)
VALUES ('2b8cf40e-1332-dac3-dca7-7e7ddbe9374c', '00000000-0000-0000-0000-000000000010', '7193', 'paid', 2140.0, '2026-05-08 21:35:34', '2026-05-08 21:35:34', '12');
INSERT INTO order_items (order_id, product_id, product_name, product_price, quantity)
VALUES ('2b8cf40e-1332-dac3-dca7-7e7ddbe9374c', 'c0fb869e-f434-07cb-f666-b9f7e55d4032', 'product_113', 770.0, 1);
INSERT INTO order_items (order_id, product_id, product_name, product_price, quantity)
VALUES ('2b8cf40e-1332-dac3-dca7-7e7ddbe9374c', 'f35a1ebf-94b4-c196-4fdb-5698a8e21330', 'product_170', 820.0, 1);
INSERT INTO order_items (order_id, product_id, product_name, product_price, quantity)
VALUES ('2b8cf40e-1332-dac3-dca7-7e7ddbe9374c', '1649694a-a1df-1a36-ccd0-08ba48ab2fd1', 'product_36', 550.0, 1);
INSERT INTO payments (order_id, venue_id, method, amount)
VALUES ('2b8cf40e-1332-dac3-dca7-7e7ddbe9374c', '00000000-0000-0000-0000-000000000010', 'card', 2140.0);
INSERT INTO orders (id, venue_id, number, status, total_amount, opened_at, closed_at, table_number)
VALUES ('941679fa-060c-1a1a-7f22-cebb838688e2', '00000000-0000-0000-0000-000000000010', '7194', 'paid', 1240.0, '2026-05-08 21:08:29', '2026-05-08 21:08:29', '13');
INSERT INTO order_items (order_id, product_id, product_name, product_price, quantity)
VALUES ('941679fa-060c-1a1a-7f22-cebb838688e2', '0f7cfc79-3a3f-41ac-1aa4-b27431de9236', 'product_29', 620.0, 2);
INSERT INTO payments (order_id, venue_id, method, amount)
VALUES ('941679fa-060c-1a1a-7f22-cebb838688e2', '00000000-0000-0000-0000-000000000010', 'card', 992.0);
INSERT INTO orders (id, venue_id, number, status, total_amount, opened_at, closed_at, table_number)
VALUES ('cea01c4b-7728-de74-ffbf-d6a8df0654bc', '00000000-0000-0000-0000-000000000010', '7192', 'paid', 4060.0, '2026-05-08 20:34:05', '2026-05-08 20:34:05', '7');
INSERT INTO order_items (order_id, product_id, product_name, product_price, quantity)
VALUES ('cea01c4b-7728-de74-ffbf-d6a8df0654bc', 'c0fb869e-f434-07cb-f666-b9f7e55d4032', 'product_113', 770.0, 2);
INSERT INTO order_items (order_id, product_id, product_name, product_price, quantity)
VALUES ('cea01c4b-7728-de74-ffbf-d6a8df0654bc', '1a9038b5-12c1-4b41-756a-ce6d8bb0fac8', 'product_114', 670.0, 1);
INSERT INTO order_items (order_id, product_id, product_name, product_price, quantity)
VALUES ('cea01c4b-7728-de74-ffbf-d6a8df0654bc', '1d55740b-7a2f-ce7c-d33a-454fb2de27dc', 'product_155', 420.0, 2);
INSERT INTO order_items (order_id, product_id, product_name, product_price, quantity)
VALUES ('cea01c4b-7728-de74-ffbf-d6a8df0654bc', 'f35a1ebf-94b4-c196-4fdb-5698a8e21330', 'product_170', 820.0, 1);
INSERT INTO order_items (order_id, product_id, product_name, product_price, quantity)
VALUES ('cea01c4b-7728-de74-ffbf-d6a8df0654bc', '0caff6fe-c574-8665-33ca-5f2cee71ebb2', 'product_35', 190.0, 1);
INSERT INTO payments (order_id, venue_id, method, amount)
VALUES ('cea01c4b-7728-de74-ffbf-d6a8df0654bc', '00000000-0000-0000-0000-000000000010', 'card', 4060.0);
INSERT INTO orders (id, venue_id, number, status, total_amount, opened_at, closed_at, table_number)
VALUES ('4e3224f1-c663-2775-baa9-84fcea2f8dea', '00000000-0000-0000-0000-000000000010', '7191', 'paid', 740.0, '2026-05-08 19:51:22', '2026-05-08 19:51:22', '16');
INSERT INTO order_items (order_id, product_id, product_name, product_price, quantity)
VALUES ('4e3224f1-c663-2775-baa9-84fcea2f8dea', '5c3938ac-271e-5674-37aa-116c20435202', 'product_234', 370.0, 1);
INSERT INTO order_items (order_id, product_id, product_name, product_price, quantity)
VALUES ('4e3224f1-c663-2775-baa9-84fcea2f8dea', '7a291d79-c795-0f76-118b-25d10a078238', 'product_191', 370.0, 1);
INSERT INTO payments (order_id, venue_id, method, amount)
VALUES ('4e3224f1-c663-2775-baa9-84fcea2f8dea', '00000000-0000-0000-0000-000000000010', 'card', 740.0);
INSERT INTO orders (id, venue_id, number, status, total_amount, opened_at, closed_at, table_number)
VALUES ('5aa684aa-cc34-4137-d643-ea3dce9ac2bb', '00000000-0000-0000-0000-000000000010', '7190', 'paid', 460.0, '2026-05-08 19:26:37', '2026-05-08 19:26:37', '2');
INSERT INTO order_items (order_id, product_id, product_name, product_price, quantity)
VALUES ('5aa684aa-cc34-4137-d643-ea3dce9ac2bb', '021231f4-e9fa-ecbb-5f2a-ad1321ca42ea', 'product_59', 230.0, 2);
INSERT INTO payments (order_id, venue_id, method, amount)
VALUES ('5aa684aa-cc34-4137-d643-ea3dce9ac2bb', '00000000-0000-0000-0000-000000000010', 'card', 460.0);
INSERT INTO orders (id, venue_id, number, status, total_amount, opened_at, closed_at, table_number)
VALUES ('50eb5d14-6b7e-e1c7-916a-ccad57283738', '00000000-0000-0000-0000-000000000010', '7187', 'paid', 3210.0, '2026-05-08 19:24:53', '2026-05-08 19:24:53', '3');
INSERT INTO order_items (order_id, product_id, product_name, product_price, quantity)
VALUES ('50eb5d14-6b7e-e1c7-916a-ccad57283738', '81b3193a-f1f9-6ba6-5630-5c911f0c4a69', 'product_48', 220.0, 1);
INSERT INTO order_items (order_id, product_id, product_name, product_price, quantity)
VALUES ('50eb5d14-6b7e-e1c7-916a-ccad57283738', 'bc75aa2b-4910-21bf-56ff-d9769b039d8e', 'product_47', 220.0, 1);
INSERT INTO order_items (order_id, product_id, product_name, product_price, quantity)
VALUES ('50eb5d14-6b7e-e1c7-916a-ccad57283738', '0f7cfc79-3a3f-41ac-1aa4-b27431de9236', 'product_29', 620.0, 1);
INSERT INTO order_items (order_id, product_id, product_name, product_price, quantity)
VALUES ('50eb5d14-6b7e-e1c7-916a-ccad57283738', '8b7920ef-e954-d760-2a69-99cafc830c2e', 'product_171', 270.0, 1);
INSERT INTO order_items (order_id, product_id, product_name, product_price, quantity)
VALUES ('50eb5d14-6b7e-e1c7-916a-ccad57283738', '5c3938ac-271e-5674-37aa-116c20435202', 'product_234', 370.0, 1);
INSERT INTO order_items (order_id, product_id, product_name, product_price, quantity)
VALUES ('50eb5d14-6b7e-e1c7-916a-ccad57283738', '134318a5-b3ba-8433-c9f4-446b46b10995', 'product_37', 370.0, 1);
INSERT INTO order_items (order_id, product_id, product_name, product_price, quantity)
VALUES ('50eb5d14-6b7e-e1c7-916a-ccad57283738', 'd6248727-8d48-1513-14ba-2abe0e9b6abf', 'product_39', 370.0, 1);
INSERT INTO order_items (order_id, product_id, product_name, product_price, quantity)
VALUES ('50eb5d14-6b7e-e1c7-916a-ccad57283738', 'c0fb869e-f434-07cb-f666-b9f7e55d4032', 'product_113', 770.0, 1);
INSERT INTO payments (order_id, venue_id, method, amount)
VALUES ('50eb5d14-6b7e-e1c7-916a-ccad57283738', '00000000-0000-0000-0000-000000000010', 'card', 3210.0);
INSERT INTO orders (id, venue_id, number, status, total_amount, opened_at, closed_at, table_number)
VALUES ('c2a5b4bb-26e1-5f62-8c72-9deba4275938', '00000000-0000-0000-0000-000000000010', '7189', 'paid', 130.0, '2026-05-08 18:30:13', '2026-05-08 18:30:13', '9');
INSERT INTO order_items (order_id, product_id, product_name, product_price, quantity)
VALUES ('c2a5b4bb-26e1-5f62-8c72-9deba4275938', '966437e8-b784-92e7-0afa-ff8bde6f1e53', 'product_145', 130.0, 1);
INSERT INTO payments (order_id, venue_id, method, amount)
VALUES ('c2a5b4bb-26e1-5f62-8c72-9deba4275938', '00000000-0000-0000-0000-000000000010', 'cash', 130.0);
INSERT INTO orders (id, venue_id, number, status, total_amount, opened_at, closed_at, table_number)
VALUES ('010f6e56-0233-c4d7-c5c9-b4f2cb99abb6', '00000000-0000-0000-0000-000000000010', '7188', 'paid', 400.0, '2026-05-08 18:25:19', '2026-05-08 18:25:19', '9');
INSERT INTO order_items (order_id, product_id, product_name, product_price, quantity)
VALUES ('010f6e56-0233-c4d7-c5c9-b4f2cb99abb6', 'bb41c67e-d584-f041-47ad-12499e38aab2', 'product_241', 200.0, 1);
INSERT INTO order_items (order_id, product_id, product_name, product_price, quantity)
VALUES ('010f6e56-0233-c4d7-c5c9-b4f2cb99abb6', 'e46827e9-bff2-b635-a563-0455e95c70b9', 'product_242', 200.0, 1);
INSERT INTO payments (order_id, venue_id, method, amount)
VALUES ('010f6e56-0233-c4d7-c5c9-b4f2cb99abb6', '00000000-0000-0000-0000-000000000010', 'card', 400.0);
INSERT INTO orders (id, venue_id, number, status, total_amount, opened_at, closed_at, table_number)
VALUES ('9cde1f27-54d2-8d3e-6357-e380c4d5604f', '00000000-0000-0000-0000-000000000010', '7185', 'paid', 2660.0, '2026-05-08 17:28:25', '2026-05-08 17:28:25', '7');
INSERT INTO order_items (order_id, product_id, product_name, product_price, quantity)
VALUES ('9cde1f27-54d2-8d3e-6357-e380c4d5604f', '1649694a-a1df-1a36-ccd0-08ba48ab2fd1', 'product_36', 550.0, 1);
INSERT INTO order_items (order_id, product_id, product_name, product_price, quantity)
VALUES ('9cde1f27-54d2-8d3e-6357-e380c4d5604f', 'c0fb869e-f434-07cb-f666-b9f7e55d4032', 'product_113', 770.0, 1);
INSERT INTO order_items (order_id, product_id, product_name, product_price, quantity)
VALUES ('9cde1f27-54d2-8d3e-6357-e380c4d5604f', '1a9038b5-12c1-4b41-756a-ce6d8bb0fac8', 'product_114', 670.0, 2);
INSERT INTO payments (order_id, venue_id, method, amount)
VALUES ('9cde1f27-54d2-8d3e-6357-e380c4d5604f', '00000000-0000-0000-0000-000000000010', 'card', 2660.0);
INSERT INTO orders (id, venue_id, number, status, total_amount, opened_at, closed_at, table_number)
VALUES ('792bf2e0-3436-8da1-cbe0-edb99318065a', '00000000-0000-0000-0000-000000000010', '7186', 'paid', 130.0, '2026-05-08 17:27:55', '2026-05-08 17:27:55', '14');
INSERT INTO order_items (order_id, product_id, product_name, product_price, quantity)
VALUES ('792bf2e0-3436-8da1-cbe0-edb99318065a', '966437e8-b784-92e7-0afa-ff8bde6f1e53', 'product_145', 130.0, 1);
INSERT INTO payments (order_id, venue_id, method, amount)
VALUES ('792bf2e0-3436-8da1-cbe0-edb99318065a', '00000000-0000-0000-0000-000000000010', 'cash', 130.0);
INSERT INTO orders (id, venue_id, number, status, total_amount, opened_at, closed_at, table_number)
VALUES ('a38261c4-5e2d-f9d9-7c24-2661d7c3eff3', '00000000-0000-0000-0000-000000000010', '7184', 'paid', 2680.0, '2026-05-08 17:11:52', '2026-05-08 17:11:52', '2');
INSERT INTO order_items (order_id, product_id, product_name, product_price, quantity)
VALUES ('a38261c4-5e2d-f9d9-7c24-2661d7c3eff3', 'f35a1ebf-94b4-c196-4fdb-5698a8e21330', 'product_170', 820.0, 1);
INSERT INTO order_items (order_id, product_id, product_name, product_price, quantity)
VALUES ('a38261c4-5e2d-f9d9-7c24-2661d7c3eff3', '0f7cfc79-3a3f-41ac-1aa4-b27431de9236', 'product_29', 620.0, 1);
INSERT INTO order_items (order_id, product_id, product_name, product_price, quantity)
VALUES ('a38261c4-5e2d-f9d9-7c24-2661d7c3eff3', '81b3193a-f1f9-6ba6-5630-5c911f0c4a69', 'product_48', 220.0, 1);
INSERT INTO order_items (order_id, product_id, product_name, product_price, quantity)
VALUES ('a38261c4-5e2d-f9d9-7c24-2661d7c3eff3', '260b99e2-59bd-a3dc-c313-434aff0daf54', 'product_144', 190.0, 2);
INSERT INTO order_items (order_id, product_id, product_name, product_price, quantity)
VALUES ('a38261c4-5e2d-f9d9-7c24-2661d7c3eff3', '9a06fa1f-d2b5-1b6f-d6c5-37c2ffa3adfd', 'product_168', 640.0, 1);
INSERT INTO payments (order_id, venue_id, method, amount)
VALUES ('a38261c4-5e2d-f9d9-7c24-2661d7c3eff3', '00000000-0000-0000-0000-000000000010', 'card', 2680.0);
INSERT INTO orders (id, venue_id, number, status, total_amount, opened_at, closed_at, table_number)
VALUES ('b37210ae-f8e8-a77b-88f4-dcd21e15f79e', '00000000-0000-0000-0000-000000000010', '7183', 'paid', 0.0, '2026-05-08 16:08:09', '2026-05-08 16:08:09', '9');
INSERT INTO order_items (order_id, product_id, product_name, product_price, quantity)
VALUES ('b37210ae-f8e8-a77b-88f4-dcd21e15f79e', '82c55340-bd07-2a9a-a6cc-6ce377f958f2', 'product_148', 0.0, 1);
INSERT INTO order_items (order_id, product_id, product_name, product_price, quantity)
VALUES ('b37210ae-f8e8-a77b-88f4-dcd21e15f79e', '12dd0c72-4671-5cd8-b7da-98389426555c', 'product_228', 0.0, 1);
INSERT INTO order_items (order_id, product_id, product_name, product_price, quantity)
VALUES ('b37210ae-f8e8-a77b-88f4-dcd21e15f79e', '1afe238c-a186-0e67-9e9d-d39b8c4abe8a', 'product_229', 0.0, 1);
INSERT INTO orders (id, venue_id, number, status, total_amount, opened_at, closed_at, table_number)
VALUES ('038863d2-9f9c-9b81-d456-0146bdd18474', '00000000-0000-0000-0000-000000000010', '7182', 'paid', 2310.0, '2026-05-08 15:44:20', '2026-05-08 15:44:20', '13');
INSERT INTO order_items (order_id, product_id, product_name, product_price, quantity)
VALUES ('038863d2-9f9c-9b81-d456-0146bdd18474', 'c0fb869e-f434-07cb-f666-b9f7e55d4032', 'product_113', 770.0, 3);
INSERT INTO payments (order_id, venue_id, method, amount)
VALUES ('038863d2-9f9c-9b81-d456-0146bdd18474', '00000000-0000-0000-0000-000000000010', 'card', 1848.0);
INSERT INTO orders (id, venue_id, number, status, total_amount, opened_at, closed_at, table_number)
VALUES ('2243eac5-db78-7c90-1134-dd6e2660ad61', '00000000-0000-0000-0000-000000000010', '7181', 'paid', 400.0, '2026-05-08 14:50:11', '2026-05-08 14:50:11', '9');
INSERT INTO order_items (order_id, product_id, product_name, product_price, quantity)
VALUES ('2243eac5-db78-7c90-1134-dd6e2660ad61', 'bb41c67e-d584-f041-47ad-12499e38aab2', 'product_241', 200.0, 2);
INSERT INTO payments (order_id, venue_id, method, amount)
VALUES ('2243eac5-db78-7c90-1134-dd6e2660ad61', '00000000-0000-0000-0000-000000000010', 'card', 400.0);
INSERT INTO orders (id, venue_id, number, status, total_amount, opened_at, closed_at, table_number)
VALUES ('b0dd46f2-25ab-270a-ae50-ceca28f1000c', '00000000-0000-0000-0000-000000000010', '7157', 'paid', 220.0, '2026-05-08 11:58:55', '2026-05-08 11:58:55', '15');
INSERT INTO order_items (order_id, product_id, product_name, product_price, quantity)
VALUES ('b0dd46f2-25ab-270a-ae50-ceca28f1000c', 'bc75aa2b-4910-21bf-56ff-d9769b039d8e', 'product_47', 220.0, 1);
INSERT INTO payments (order_id, venue_id, method, amount)
VALUES ('b0dd46f2-25ab-270a-ae50-ceca28f1000c', '00000000-0000-0000-0000-000000000010', 'card', 220.0);
INSERT INTO orders (id, venue_id, number, status, total_amount, opened_at, closed_at, table_number)
VALUES ('cb6e5510-bf1a-5c07-df4d-84d945861340', '00000000-0000-0000-0000-000000000010', '7175', 'paid', 920.0, '2026-05-08 11:45:57', '2026-05-08 11:45:57', '1');
INSERT INTO order_items (order_id, product_id, product_name, product_price, quantity)
VALUES ('cb6e5510-bf1a-5c07-df4d-84d945861340', '38432f7f-ba41-eaa0-7e46-d791008e4b02', 'product_6', 510.0, 1);
INSERT INTO order_items (order_id, product_id, product_name, product_price, quantity)
VALUES ('cb6e5510-bf1a-5c07-df4d-84d945861340', 'da98da7c-a663-0228-294e-97c1fae50fd1', 'product_54', 180.0, 1);
INSERT INTO order_items (order_id, product_id, product_name, product_price, quantity)
VALUES ('cb6e5510-bf1a-5c07-df4d-84d945861340', '021231f4-e9fa-ecbb-5f2a-ad1321ca42ea', 'product_59', 230.0, 1);
INSERT INTO orders (id, venue_id, number, status, total_amount, opened_at, closed_at, table_number)
VALUES ('ea1316cd-763a-8806-daab-ab901c11e4f2', '00000000-0000-0000-0000-000000000010', '7171', 'paid', 1410.0, '2026-05-08 10:54:32', '2026-05-08 10:54:32', '11');
INSERT INTO order_items (order_id, product_id, product_name, product_price, quantity)
VALUES ('ea1316cd-763a-8806-daab-ab901c11e4f2', 'c0fb869e-f434-07cb-f666-b9f7e55d4032', 'product_113', 770.0, 1);
INSERT INTO order_items (order_id, product_id, product_name, product_price, quantity)
VALUES ('ea1316cd-763a-8806-daab-ab901c11e4f2', 'fdb6f575-fe3f-282e-93d0-1dad56530fa5', 'product_15', 640.0, 1);
INSERT INTO payments (order_id, venue_id, method, amount)
VALUES ('ea1316cd-763a-8806-daab-ab901c11e4f2', '00000000-0000-0000-0000-000000000010', 'card', 1410.0);
INSERT INTO orders (id, venue_id, number, status, total_amount, opened_at, closed_at, table_number)
VALUES ('6156d48c-a860-2ef5-9fc6-3d208fc334ef', '00000000-0000-0000-0000-000000000010', '7170', 'paid', 1190.0, '2026-05-08 10:54:27', '2026-05-08 10:54:27', '13');
INSERT INTO order_items (order_id, product_id, product_name, product_price, quantity)
VALUES ('6156d48c-a860-2ef5-9fc6-3d208fc334ef', '1d55740b-7a2f-ce7c-d33a-454fb2de27dc', 'product_155', 420.0, 1);
INSERT INTO order_items (order_id, product_id, product_name, product_price, quantity)
VALUES ('6156d48c-a860-2ef5-9fc6-3d208fc334ef', 'c0fb869e-f434-07cb-f666-b9f7e55d4032', 'product_113', 770.0, 1);
INSERT INTO payments (order_id, venue_id, method, amount)
VALUES ('6156d48c-a860-2ef5-9fc6-3d208fc334ef', '00000000-0000-0000-0000-000000000010', 'card', 1190.0);
INSERT INTO orders (id, venue_id, number, status, total_amount, opened_at, closed_at, table_number)
VALUES ('87a3d304-111e-201d-a1db-7eb2c62f62ed', '00000000-0000-0000-0000-000000000010', '7177', 'paid', 2880.0, '2026-05-08 10:53:27', '2026-05-08 10:53:27', '12');
INSERT INTO order_items (order_id, product_id, product_name, product_price, quantity)
VALUES ('87a3d304-111e-201d-a1db-7eb2c62f62ed', '38432f7f-ba41-eaa0-7e46-d791008e4b02', 'product_6', 510.0, 1);
INSERT INTO order_items (order_id, product_id, product_name, product_price, quantity)
VALUES ('87a3d304-111e-201d-a1db-7eb2c62f62ed', '7b0b5f60-47be-c07e-9585-af9a20b6d773', 'product_9', 460.0, 1);
INSERT INTO order_items (order_id, product_id, product_name, product_price, quantity)
VALUES ('87a3d304-111e-201d-a1db-7eb2c62f62ed', '2836be19-8d27-0aa1-68ed-3bbc6cf94fb8', 'product_13', 270.0, 1);
INSERT INTO order_items (order_id, product_id, product_name, product_price, quantity)
VALUES ('87a3d304-111e-201d-a1db-7eb2c62f62ed', '8d266d35-f6a4-b267-e097-564510f7f857', 'product_12', 270.0, 1);
INSERT INTO order_items (order_id, product_id, product_name, product_price, quantity)
VALUES ('87a3d304-111e-201d-a1db-7eb2c62f62ed', '94d2bddc-c99f-2985-f8eb-9d8a4a995ad3', 'product_10', 300.0, 1);
INSERT INTO order_items (order_id, product_id, product_name, product_price, quantity)
VALUES ('87a3d304-111e-201d-a1db-7eb2c62f62ed', 'd46f67a1-e1dd-e079-0b5c-329f6422c4d4', 'product_60', 280.0, 3);
INSERT INTO order_items (order_id, product_id, product_name, product_price, quantity)
VALUES ('87a3d304-111e-201d-a1db-7eb2c62f62ed', '021231f4-e9fa-ecbb-5f2a-ad1321ca42ea', 'product_59', 230.0, 1);
INSERT INTO orders (id, venue_id, number, status, total_amount, opened_at, closed_at, table_number)
VALUES ('c513ce6a-c3f0-3b18-3d18-d2f57ecd69b4', '00000000-0000-0000-0000-000000000010', '7179', 'paid', 600.0, '2026-05-08 10:53:18', '2026-05-08 10:53:18', '10');
INSERT INTO order_items (order_id, product_id, product_name, product_price, quantity)
VALUES ('c513ce6a-c3f0-3b18-3d18-d2f57ecd69b4', '94d2bddc-c99f-2985-f8eb-9d8a4a995ad3', 'product_10', 300.0, 2);
INSERT INTO orders (id, venue_id, number, status, total_amount, opened_at, closed_at, table_number)
VALUES ('bb7ad85d-054b-d72d-d136-c0827f34b0f4', '00000000-0000-0000-0000-000000000010', '7178', 'paid', 880.0, '2026-05-08 10:51:36', '2026-05-08 10:51:36', '3');
INSERT INTO order_items (order_id, product_id, product_name, product_price, quantity)
VALUES ('bb7ad85d-054b-d72d-d136-c0827f34b0f4', 'ec61223f-a380-dd08-f9eb-461b3c2f80e6', 'product_163', 120.0, 1);
INSERT INTO order_items (order_id, product_id, product_name, product_price, quantity)
VALUES ('bb7ad85d-054b-d72d-d136-c0827f34b0f4', '94d2bddc-c99f-2985-f8eb-9d8a4a995ad3', 'product_10', 300.0, 1);
INSERT INTO order_items (order_id, product_id, product_name, product_price, quantity)
VALUES ('bb7ad85d-054b-d72d-d136-c0827f34b0f4', 'da98da7c-a663-0228-294e-97c1fae50fd1', 'product_54', 180.0, 2);
INSERT INTO order_items (order_id, product_id, product_name, product_price, quantity)
VALUES ('bb7ad85d-054b-d72d-d136-c0827f34b0f4', '2a282418-43ba-4155-2773-748bfe3b0561', 'product_186', 100.0, 1);
INSERT INTO orders (id, venue_id, number, status, total_amount, opened_at, closed_at, table_number)
VALUES ('23cf8d2e-2ce9-545b-a76d-8be53989c0ac', '00000000-0000-0000-0000-000000000010', '7176', 'paid', 600.0, '2026-05-08 10:51:22', '2026-05-08 10:51:22', '2');
INSERT INTO order_items (order_id, product_id, product_name, product_price, quantity)
VALUES ('23cf8d2e-2ce9-545b-a76d-8be53989c0ac', 'ec61223f-a380-dd08-f9eb-461b3c2f80e6', 'product_163', 120.0, 2);
INSERT INTO order_items (order_id, product_id, product_name, product_price, quantity)
VALUES ('23cf8d2e-2ce9-545b-a76d-8be53989c0ac', 'da98da7c-a663-0228-294e-97c1fae50fd1', 'product_54', 180.0, 2);
INSERT INTO orders (id, venue_id, number, status, total_amount, opened_at, closed_at, table_number)
VALUES ('33b6e577-cfb3-42d0-20fa-63e55eafa204', '00000000-0000-0000-0000-000000000010', '7168', 'paid', 3850.0, '2026-05-07 22:41:56', '2026-05-07 22:41:56', '12');
INSERT INTO order_items (order_id, product_id, product_name, product_price, quantity)
VALUES ('33b6e577-cfb3-42d0-20fa-63e55eafa204', 'c0fb869e-f434-07cb-f666-b9f7e55d4032', 'product_113', 770.0, 5);
INSERT INTO payments (order_id, venue_id, method, amount)
VALUES ('33b6e577-cfb3-42d0-20fa-63e55eafa204', '00000000-0000-0000-0000-000000000010', 'card', 3080.0);
INSERT INTO orders (id, venue_id, number, status, total_amount, opened_at, closed_at, table_number)
VALUES ('e8f6f7ef-33c2-59b5-2206-6a2162a8f996', '00000000-0000-0000-0000-000000000010', '7174', 'paid', 3910.0, '2026-05-07 21:44:47', '2026-05-07 21:44:47', '7');
INSERT INTO order_items (order_id, product_id, product_name, product_price, quantity)
VALUES ('e8f6f7ef-33c2-59b5-2206-6a2162a8f996', 'f35ae6ee-40da-7479-c64b-612bff507023', 'product_31', 370.0, 2);
INSERT INTO order_items (order_id, product_id, product_name, product_price, quantity)
VALUES ('e8f6f7ef-33c2-59b5-2206-6a2162a8f996', '0f7cfc79-3a3f-41ac-1aa4-b27431de9236', 'product_29', 620.0, 1);
INSERT INTO order_items (order_id, product_id, product_name, product_price, quantity)
VALUES ('e8f6f7ef-33c2-59b5-2206-6a2162a8f996', 'fdb6f575-fe3f-282e-93d0-1dad56530fa5', 'product_15', 640.0, 1);
INSERT INTO order_items (order_id, product_id, product_name, product_price, quantity)
VALUES ('e8f6f7ef-33c2-59b5-2206-6a2162a8f996', '1a9038b5-12c1-4b41-756a-ce6d8bb0fac8', 'product_114', 670.0, 2);
INSERT INTO order_items (order_id, product_id, product_name, product_price, quantity)
VALUES ('e8f6f7ef-33c2-59b5-2206-6a2162a8f996', '260b99e2-59bd-a3dc-c313-434aff0daf54', 'product_144', 190.0, 3);
INSERT INTO payments (order_id, venue_id, method, amount)
VALUES ('e8f6f7ef-33c2-59b5-2206-6a2162a8f996', '00000000-0000-0000-0000-000000000010', 'card', 3910.0);
INSERT INTO orders (id, venue_id, number, status, total_amount, opened_at, closed_at, table_number)
VALUES ('03a79181-0c11-198e-8db3-9c4386e03cab', '00000000-0000-0000-0000-000000000010', '7173', 'paid', 1660.0, '2026-05-07 21:25:04', '2026-05-07 21:25:04', '8');
INSERT INTO order_items (order_id, product_id, product_name, product_price, quantity)
VALUES ('03a79181-0c11-198e-8db3-9c4386e03cab', 'f35ae6ee-40da-7479-c64b-612bff507023', 'product_31', 370.0, 1);
INSERT INTO order_items (order_id, product_id, product_name, product_price, quantity)
VALUES ('03a79181-0c11-198e-8db3-9c4386e03cab', '1a9038b5-12c1-4b41-756a-ce6d8bb0fac8', 'product_114', 670.0, 1);
INSERT INTO order_items (order_id, product_id, product_name, product_price, quantity)
VALUES ('03a79181-0c11-198e-8db3-9c4386e03cab', '0f7cfc79-3a3f-41ac-1aa4-b27431de9236', 'product_29', 620.0, 1);
INSERT INTO payments (order_id, venue_id, method, amount)
VALUES ('03a79181-0c11-198e-8db3-9c4386e03cab', '00000000-0000-0000-0000-000000000010', 'card', 1660.0);
INSERT INTO orders (id, venue_id, number, status, total_amount, opened_at, closed_at, table_number)
VALUES ('4dbdcb7e-662f-747e-b9b1-c280fea5ec56', '00000000-0000-0000-0000-000000000010', '7172', 'paid', 0.0, '2026-05-07 19:26:41', '2026-05-07 19:26:41', '9');
INSERT INTO order_items (order_id, product_id, product_name, product_price, quantity)
VALUES ('4dbdcb7e-662f-747e-b9b1-c280fea5ec56', '82c55340-bd07-2a9a-a6cc-6ce377f958f2', 'product_148', 0.0, 1);
INSERT INTO order_items (order_id, product_id, product_name, product_price, quantity)
VALUES ('4dbdcb7e-662f-747e-b9b1-c280fea5ec56', '1afe238c-a186-0e67-9e9d-d39b8c4abe8a', 'product_229', 0.0, 1);
INSERT INTO order_items (order_id, product_id, product_name, product_price, quantity)
VALUES ('4dbdcb7e-662f-747e-b9b1-c280fea5ec56', '12dd0c72-4671-5cd8-b7da-98389426555c', 'product_228', 0.0, 1);
INSERT INTO orders (id, venue_id, number, status, total_amount, opened_at, closed_at, table_number)
VALUES ('9f05d0c4-6454-f578-3ba7-872efe1ea685', '00000000-0000-0000-0000-000000000010', '7169', 'paid', 1520.0, '2026-05-07 18:46:42', '2026-05-07 18:46:42', '9');
INSERT INTO order_items (order_id, product_id, product_name, product_price, quantity)
VALUES ('9f05d0c4-6454-f578-3ba7-872efe1ea685', '6599a59a-6cf7-70c9-0971-07a0078ce7cf', 'product_128', 380.0, 4);
INSERT INTO payments (order_id, venue_id, method, amount)
VALUES ('9f05d0c4-6454-f578-3ba7-872efe1ea685', '00000000-0000-0000-0000-000000000010', 'card', 1520.0);
INSERT INTO orders (id, venue_id, number, status, total_amount, opened_at, closed_at, table_number)
VALUES ('6701dded-f9bd-2792-845a-0cf553e97db3', '00000000-0000-0000-0000-000000000010', '7156', 'paid', 22520.0, '2026-05-07 18:32:44', '2026-05-07 18:32:44', '14');
INSERT INTO order_items (order_id, product_id, product_name, product_price, quantity)
VALUES ('6701dded-f9bd-2792-845a-0cf553e97db3', '9a06fa1f-d2b5-1b6f-d6c5-37c2ffa3adfd', 'product_168', 640.0, 2);
INSERT INTO order_items (order_id, product_id, product_name, product_price, quantity)
VALUES ('6701dded-f9bd-2792-845a-0cf553e97db3', 'fdb6f575-fe3f-282e-93d0-1dad56530fa5', 'product_15', 640.0, 2);
INSERT INTO order_items (order_id, product_id, product_name, product_price, quantity)
VALUES ('6701dded-f9bd-2792-845a-0cf553e97db3', 'f35a1ebf-94b4-c196-4fdb-5698a8e21330', 'product_170', 820.0, 2);
INSERT INTO order_items (order_id, product_id, product_name, product_price, quantity)
VALUES ('6701dded-f9bd-2792-845a-0cf553e97db3', 'badf5f45-b516-78fa-fbe7-ff32ed526953', 'product_226', 720.0, 8);
INSERT INTO order_items (order_id, product_id, product_name, product_price, quantity)
VALUES ('6701dded-f9bd-2792-845a-0cf553e97db3', '7ddbed72-7deb-5ee4-0634-41d52192bad1', 'product_23', 1750.0, 3);
INSERT INTO order_items (order_id, product_id, product_name, product_price, quantity)
VALUES ('6701dded-f9bd-2792-845a-0cf553e97db3', '0f7cfc79-3a3f-41ac-1aa4-b27431de9236', 'product_29', 620.0, 5);
INSERT INTO order_items (order_id, product_id, product_name, product_price, quantity)
VALUES ('6701dded-f9bd-2792-845a-0cf553e97db3', 'c0fb869e-f434-07cb-f666-b9f7e55d4032', 'product_113', 770.0, 3);
INSERT INTO order_items (order_id, product_id, product_name, product_price, quantity)
VALUES ('6701dded-f9bd-2792-845a-0cf553e97db3', '0caff6fe-c574-8665-33ca-5f2cee71ebb2', 'product_35', 190.0, 5);
INSERT INTO order_items (order_id, product_id, product_name, product_price, quantity)
VALUES ('6701dded-f9bd-2792-845a-0cf553e97db3', 'a2b39819-292c-0b80-799d-c77d7020fc9d', 'product_34', 190.0, 5);
INSERT INTO payments (order_id, venue_id, method, amount)
VALUES ('6701dded-f9bd-2792-845a-0cf553e97db3', '00000000-0000-0000-0000-000000000010', 'cash', 22520.0);
INSERT INTO orders (id, venue_id, number, status, total_amount, opened_at, closed_at, table_number)
VALUES ('7272eaf6-3834-20ca-498a-ca7986aa1bb8', '00000000-0000-0000-0000-000000000010', '7161', 'paid', 510.0, '2026-05-07 17:15:20', '2026-05-07 17:15:20', '15');
INSERT INTO order_items (order_id, product_id, product_name, product_price, quantity)
VALUES ('7272eaf6-3834-20ca-498a-ca7986aa1bb8', '38432f7f-ba41-eaa0-7e46-d791008e4b02', 'product_6', 510.0, 1);
INSERT INTO order_items (order_id, product_id, product_name, product_price, quantity)
VALUES ('7272eaf6-3834-20ca-498a-ca7986aa1bb8', 'b9bdca4d-a423-6c36-2351-10cf52ff0eec', 'product_230', 0.0, 1);
INSERT INTO orders (id, venue_id, number, status, total_amount, opened_at, closed_at, table_number)
VALUES ('85cbce6c-83b7-23e3-4acc-8034f93266b0', '00000000-0000-0000-0000-000000000010', '7160', 'paid', 1840.0, '2026-05-07 17:15:15', '2026-05-07 17:15:15', '13');
INSERT INTO order_items (order_id, product_id, product_name, product_price, quantity)
VALUES ('85cbce6c-83b7-23e3-4acc-8034f93266b0', 'b9bdca4d-a423-6c36-2351-10cf52ff0eec', 'product_230', 0.0, 1);
INSERT INTO order_items (order_id, product_id, product_name, product_price, quantity)
VALUES ('85cbce6c-83b7-23e3-4acc-8034f93266b0', '0caff6fe-c574-8665-33ca-5f2cee71ebb2', 'product_35', 190.0, 1);
INSERT INTO order_items (order_id, product_id, product_name, product_price, quantity)
VALUES ('85cbce6c-83b7-23e3-4acc-8034f93266b0', 'ec61223f-a380-dd08-f9eb-461b3c2f80e6', 'product_163', 120.0, 1);
INSERT INTO order_items (order_id, product_id, product_name, product_price, quantity)
VALUES ('85cbce6c-83b7-23e3-4acc-8034f93266b0', '2836be19-8d27-0aa1-68ed-3bbc6cf94fb8', 'product_13', 270.0, 2);
INSERT INTO order_items (order_id, product_id, product_name, product_price, quantity)
VALUES ('85cbce6c-83b7-23e3-4acc-8034f93266b0', '94d2bddc-c99f-2985-f8eb-9d8a4a995ad3', 'product_10', 300.0, 1);
INSERT INTO order_items (order_id, product_id, product_name, product_price, quantity)
VALUES ('85cbce6c-83b7-23e3-4acc-8034f93266b0', 'da98da7c-a663-0228-294e-97c1fae50fd1', 'product_54', 180.0, 2);
INSERT INTO order_items (order_id, product_id, product_name, product_price, quantity)
VALUES ('85cbce6c-83b7-23e3-4acc-8034f93266b0', '9d00fee6-5b1a-acb8-1114-e668525ce1a6', 'product_200', 330.0, 1);
INSERT INTO orders (id, venue_id, number, status, total_amount, opened_at, closed_at, table_number)
VALUES ('4c8e2072-7c47-9fc1-773b-98f373c1aa37', '00000000-0000-0000-0000-000000000010', '7163', 'paid', 700.0, '2026-05-07 17:15:11', '2026-05-07 17:15:11', '12');
INSERT INTO order_items (order_id, product_id, product_name, product_price, quantity)
VALUES ('4c8e2072-7c47-9fc1-773b-98f373c1aa37', '38432f7f-ba41-eaa0-7e46-d791008e4b02', 'product_6', 510.0, 1);
INSERT INTO order_items (order_id, product_id, product_name, product_price, quantity)
VALUES ('4c8e2072-7c47-9fc1-773b-98f373c1aa37', 'b9bdca4d-a423-6c36-2351-10cf52ff0eec', 'product_230', 0.0, 1);
INSERT INTO order_items (order_id, product_id, product_name, product_price, quantity)
VALUES ('4c8e2072-7c47-9fc1-773b-98f373c1aa37', '0caff6fe-c574-8665-33ca-5f2cee71ebb2', 'product_35', 190.0, 1);
INSERT INTO orders (id, venue_id, number, status, total_amount, opened_at, closed_at, table_number)
VALUES ('241f2390-ed3e-818d-3729-ff86a898cd72', '00000000-0000-0000-0000-000000000010', '7162', 'paid', 620.0, '2026-05-07 17:15:06', '2026-05-07 17:15:06', '11');
INSERT INTO order_items (order_id, product_id, product_name, product_price, quantity)
VALUES ('241f2390-ed3e-818d-3729-ff86a898cd72', '8d266d35-f6a4-b267-e097-564510f7f857', 'product_12', 270.0, 1);
INSERT INTO order_items (order_id, product_id, product_name, product_price, quantity)
VALUES ('241f2390-ed3e-818d-3729-ff86a898cd72', 'ec61223f-a380-dd08-f9eb-461b3c2f80e6', 'product_163', 120.0, 1);
INSERT INTO order_items (order_id, product_id, product_name, product_price, quantity)
VALUES ('241f2390-ed3e-818d-3729-ff86a898cd72', '021231f4-e9fa-ecbb-5f2a-ad1321ca42ea', 'product_59', 230.0, 1);
INSERT INTO orders (id, venue_id, number, status, total_amount, opened_at, closed_at, table_number)
VALUES ('053f349c-7784-878e-907a-248f841c7a26', '00000000-0000-0000-0000-000000000010', '7165', 'paid', 970.0, '2026-05-07 17:14:55', '2026-05-07 17:14:55', '10');
INSERT INTO order_items (order_id, product_id, product_name, product_price, quantity)
VALUES ('053f349c-7784-878e-907a-248f841c7a26', '38432f7f-ba41-eaa0-7e46-d791008e4b02', 'product_6', 510.0, 1);
INSERT INTO order_items (order_id, product_id, product_name, product_price, quantity)
VALUES ('053f349c-7784-878e-907a-248f841c7a26', 'b9bdca4d-a423-6c36-2351-10cf52ff0eec', 'product_230', 0.0, 1);
INSERT INTO order_items (order_id, product_id, product_name, product_price, quantity)
VALUES ('053f349c-7784-878e-907a-248f841c7a26', '021231f4-e9fa-ecbb-5f2a-ad1321ca42ea', 'product_59', 230.0, 2);
INSERT INTO orders (id, venue_id, number, status, total_amount, opened_at, closed_at, table_number)
VALUES ('bfdd709b-1ec3-b4c8-33b3-8683fb18a179', '00000000-0000-0000-0000-000000000010', '7167', 'paid', 1060.0, '2026-05-07 16:24:46', '2026-05-07 16:24:46', '9');
INSERT INTO order_items (order_id, product_id, product_name, product_price, quantity)
VALUES ('bfdd709b-1ec3-b4c8-33b3-8683fb18a179', '6599a59a-6cf7-70c9-0971-07a0078ce7cf', 'product_128', 380.0, 2);
INSERT INTO order_items (order_id, product_id, product_name, product_price, quantity)
VALUES ('bfdd709b-1ec3-b4c8-33b3-8683fb18a179', 'b627abd9-fb00-28f4-a09b-09fcb24019c0', 'product_132', 150.0, 2);
INSERT INTO payments (order_id, venue_id, method, amount)
VALUES ('bfdd709b-1ec3-b4c8-33b3-8683fb18a179', '00000000-0000-0000-0000-000000000010', 'card', 1060.0);
INSERT INTO orders (id, venue_id, number, status, total_amount, opened_at, closed_at, table_number)
VALUES ('539699da-f730-db48-4e71-51879c3bb883', '00000000-0000-0000-0000-000000000010', '7166', 'paid', 2520.0, '2026-05-07 15:30:36', '2026-05-07 15:30:36', '9');
INSERT INTO order_items (order_id, product_id, product_name, product_price, quantity)
VALUES ('539699da-f730-db48-4e71-51879c3bb883', '966437e8-b784-92e7-0afa-ff8bde6f1e53', 'product_145', 130.0, 2);
INSERT INTO order_items (order_id, product_id, product_name, product_price, quantity)
VALUES ('539699da-f730-db48-4e71-51879c3bb883', '30d3c4b2-8d8b-4d91-9c67-b3d72ab218cc', 'product_129', 470.0, 4);
INSERT INTO order_items (order_id, product_id, product_name, product_price, quantity)
VALUES ('539699da-f730-db48-4e71-51879c3bb883', '6599a59a-6cf7-70c9-0971-07a0078ce7cf', 'product_128', 380.0, 1);
INSERT INTO payments (order_id, venue_id, method, amount)
VALUES ('539699da-f730-db48-4e71-51879c3bb883', '00000000-0000-0000-0000-000000000010', 'card', 2520.0);
INSERT INTO orders (id, venue_id, number, status, total_amount, opened_at, closed_at, table_number)
VALUES ('67ed67f0-d8be-e546-2c32-2627232c2509', '00000000-0000-0000-0000-000000000010', '7164', 'paid', 4110.0, '2026-05-07 15:20:58', '2026-05-07 15:20:58', '7');
INSERT INTO order_items (order_id, product_id, product_name, product_price, quantity)
VALUES ('67ed67f0-d8be-e546-2c32-2627232c2509', 'da98da7c-a663-0228-294e-97c1fae50fd1', 'product_54', 180.0, 1);
INSERT INTO order_items (order_id, product_id, product_name, product_price, quantity)
VALUES ('67ed67f0-d8be-e546-2c32-2627232c2509', '2aea4c79-36dc-7b25-0bb9-c98c36e577c7', 'product_58', 200.0, 2);
INSERT INTO order_items (order_id, product_id, product_name, product_price, quantity)
VALUES ('67ed67f0-d8be-e546-2c32-2627232c2509', 'fdb6f575-fe3f-282e-93d0-1dad56530fa5', 'product_15', 640.0, 1);
INSERT INTO order_items (order_id, product_id, product_name, product_price, quantity)
VALUES ('67ed67f0-d8be-e546-2c32-2627232c2509', 'c0fb869e-f434-07cb-f666-b9f7e55d4032', 'product_113', 770.0, 1);
INSERT INTO order_items (order_id, product_id, product_name, product_price, quantity)
VALUES ('67ed67f0-d8be-e546-2c32-2627232c2509', '7ddbed72-7deb-5ee4-0634-41d52192bad1', 'product_23', 1750.0, 1);
INSERT INTO order_items (order_id, product_id, product_name, product_price, quantity)
VALUES ('67ed67f0-d8be-e546-2c32-2627232c2509', '09d404dd-f87b-b319-4eda-9ce7c697868d', 'product_32', 370.0, 1);
INSERT INTO payments (order_id, venue_id, method, amount)
VALUES ('67ed67f0-d8be-e546-2c32-2627232c2509', '00000000-0000-0000-0000-000000000010', 'card', 4110.0);
INSERT INTO orders (id, venue_id, number, status, total_amount, opened_at, closed_at, table_number)
VALUES ('dc8aee88-05f7-aa1b-055c-d7b2a566fd6f', '00000000-0000-0000-0000-000000000010', '7159', 'paid', 380.0, '2026-05-06 22:54:45', '2026-05-06 22:54:45', '1');
INSERT INTO order_items (order_id, product_id, product_name, product_price, quantity)
VALUES ('dc8aee88-05f7-aa1b-055c-d7b2a566fd6f', '6599a59a-6cf7-70c9-0971-07a0078ce7cf', 'product_128', 380.0, 1);
INSERT INTO payments (order_id, venue_id, method, amount)
VALUES ('dc8aee88-05f7-aa1b-055c-d7b2a566fd6f', '00000000-0000-0000-0000-000000000010', 'cash', 380.0);
INSERT INTO orders (id, venue_id, number, status, total_amount, opened_at, closed_at, table_number)
VALUES ('8ccecdf7-cf2e-46c5-b26f-619fee3b92b8', '00000000-0000-0000-0000-000000000010', '7153', 'paid', 2290.0, '2026-05-06 21:47:49', '2026-05-06 21:47:49', '11');
INSERT INTO order_items (order_id, product_id, product_name, product_price, quantity)
VALUES ('8ccecdf7-cf2e-46c5-b26f-619fee3b92b8', 'badf5f45-b516-78fa-fbe7-ff32ed526953', 'product_226', 720.0, 1);
INSERT INTO order_items (order_id, product_id, product_name, product_price, quantity)
VALUES ('8ccecdf7-cf2e-46c5-b26f-619fee3b92b8', '6e00b5a0-6b62-d942-73e4-86982bcae389', 'product_21', 1370.0, 1);
INSERT INTO order_items (order_id, product_id, product_name, product_price, quantity)
VALUES ('8ccecdf7-cf2e-46c5-b26f-619fee3b92b8', '09d9bcce-e54b-d518-c5bf-1c5d4b683d38', 'product_50', 200.0, 1);
INSERT INTO payments (order_id, venue_id, method, amount)
VALUES ('8ccecdf7-cf2e-46c5-b26f-619fee3b92b8', '00000000-0000-0000-0000-000000000010', 'cash', 2290.0);
INSERT INTO orders (id, venue_id, number, status, total_amount, opened_at, closed_at, table_number)
VALUES ('c2cd573f-6ef8-11b1-527c-dbff4f78838d', '00000000-0000-0000-0000-000000000010', '7047', 'paid', 52570.0, '2026-05-06 20:57:21', '2026-05-06 20:57:21', '14');
INSERT INTO order_items (order_id, product_id, product_name, product_price, quantity)
VALUES ('c2cd573f-6ef8-11b1-527c-dbff4f78838d', 'fdb6f575-fe3f-282e-93d0-1dad56530fa5', 'product_15', 640.0, 6);
INSERT INTO order_items (order_id, product_id, product_name, product_price, quantity)
VALUES ('c2cd573f-6ef8-11b1-527c-dbff4f78838d', '9a06fa1f-d2b5-1b6f-d6c5-37c2ffa3adfd', 'product_168', 640.0, 6);
INSERT INTO order_items (order_id, product_id, product_name, product_price, quantity)
VALUES ('c2cd573f-6ef8-11b1-527c-dbff4f78838d', '951f4bf6-be55-0e75-59a9-7e580a0d07c4', 'product_14', 640.0, 6);
INSERT INTO order_items (order_id, product_id, product_name, product_price, quantity)
VALUES ('c2cd573f-6ef8-11b1-527c-dbff4f78838d', 'f35a1ebf-94b4-c196-4fdb-5698a8e21330', 'product_170', 820.0, 3);
INSERT INTO order_items (order_id, product_id, product_name, product_price, quantity)
VALUES ('c2cd573f-6ef8-11b1-527c-dbff4f78838d', 'badf5f45-b516-78fa-fbe7-ff32ed526953', 'product_226', 720.0, 22);
INSERT INTO order_items (order_id, product_id, product_name, product_price, quantity)
VALUES ('c2cd573f-6ef8-11b1-527c-dbff4f78838d', '1c073c70-af4c-f98a-a02e-b288931cb698', 'product_240', 650.0, 22);
INSERT INTO order_items (order_id, product_id, product_name, product_price, quantity)
VALUES ('c2cd573f-6ef8-11b1-527c-dbff4f78838d', '0caff6fe-c574-8665-33ca-5f2cee71ebb2', 'product_35', 190.0, 15);
INSERT INTO order_items (order_id, product_id, product_name, product_price, quantity)
VALUES ('c2cd573f-6ef8-11b1-527c-dbff4f78838d', 'a2b39819-292c-0b80-799d-c77d7020fc9d', 'product_34', 190.0, 6);
INSERT INTO order_items (order_id, product_id, product_name, product_price, quantity)
VALUES ('c2cd573f-6ef8-11b1-527c-dbff4f78838d', '966437e8-b784-92e7-0afa-ff8bde6f1e53', 'product_145', 130.0, 1);
INSERT INTO order_items (order_id, product_id, product_name, product_price, quantity)
VALUES ('c2cd573f-6ef8-11b1-527c-dbff4f78838d', 'e532fcb4-dc6d-4091-b3da-fd41b40bb06e', 'product_136', 200.0, 10);
INSERT INTO order_items (order_id, product_id, product_name, product_price, quantity)
VALUES ('c2cd573f-6ef8-11b1-527c-dbff4f78838d', 'b627abd9-fb00-28f4-a09b-09fcb24019c0', 'product_132', 150.0, 14);
INSERT INTO order_items (order_id, product_id, product_name, product_price, quantity)
VALUES ('c2cd573f-6ef8-11b1-527c-dbff4f78838d', '021231f4-e9fa-ecbb-5f2a-ad1321ca42ea', 'product_59', 230.0, 1);
INSERT INTO payments (order_id, venue_id, method, amount)
VALUES ('c2cd573f-6ef8-11b1-527c-dbff4f78838d', '00000000-0000-0000-0000-000000000010', 'cash', 2570.0);
INSERT INTO payments (order_id, venue_id, method, amount)
VALUES ('c2cd573f-6ef8-11b1-527c-dbff4f78838d', '00000000-0000-0000-0000-000000000010', 'card', 50000.0);
INSERT INTO orders (id, venue_id, number, status, total_amount, opened_at, closed_at, table_number)
VALUES ('0eb8a74b-13ad-b7d5-2733-f2018f4e8bd9', '00000000-0000-0000-0000-000000000010', '7158', 'paid', 190.0, '2026-05-06 20:52:50', '2026-05-06 20:52:50', '9');
INSERT INTO order_items (order_id, product_id, product_name, product_price, quantity)
VALUES ('0eb8a74b-13ad-b7d5-2733-f2018f4e8bd9', 'a2b39819-292c-0b80-799d-c77d7020fc9d', 'product_34', 190.0, 1);
INSERT INTO payments (order_id, venue_id, method, amount)
VALUES ('0eb8a74b-13ad-b7d5-2733-f2018f4e8bd9', '00000000-0000-0000-0000-000000000010', 'card', 190.0);
INSERT INTO orders (id, venue_id, number, status, total_amount, opened_at, closed_at, table_number)
VALUES ('46eee581-cb60-a210-4bb5-a2c5a99b76a7', '00000000-0000-0000-0000-000000000010', '7155', 'paid', 560.0, '2026-05-06 18:26:50', '2026-05-06 18:26:50', '1');
INSERT INTO order_items (order_id, product_id, product_name, product_price, quantity)
VALUES ('46eee581-cb60-a210-4bb5-a2c5a99b76a7', 'd46f67a1-e1dd-e079-0b5c-329f6422c4d4', 'product_60', 280.0, 2);
INSERT INTO payments (order_id, venue_id, method, amount)
VALUES ('46eee581-cb60-a210-4bb5-a2c5a99b76a7', '00000000-0000-0000-0000-000000000010', 'card', 560.0);
INSERT INTO orders (id, venue_id, number, status, total_amount, opened_at, closed_at, table_number)
VALUES ('a24a237e-918c-bf4c-9191-ca7b4080f220', '00000000-0000-0000-0000-000000000010', '7154', 'paid', 260.0, '2026-05-06 18:21:25', '2026-05-06 18:21:25', '9');
INSERT INTO order_items (order_id, product_id, product_name, product_price, quantity)
VALUES ('a24a237e-918c-bf4c-9191-ca7b4080f220', '966437e8-b784-92e7-0afa-ff8bde6f1e53', 'product_145', 130.0, 2);
INSERT INTO payments (order_id, venue_id, method, amount)
VALUES ('a24a237e-918c-bf4c-9191-ca7b4080f220', '00000000-0000-0000-0000-000000000010', 'cash', 260.0);
INSERT INTO orders (id, venue_id, number, status, total_amount, opened_at, closed_at, table_number)
VALUES ('9d6a85da-606d-d984-cda6-d0ce3253e567', '00000000-0000-0000-0000-000000000010', '7152', 'paid', 130.0, '2026-05-06 18:19:37', '2026-05-06 18:19:37', '9');
INSERT INTO order_items (order_id, product_id, product_name, product_price, quantity)
VALUES ('9d6a85da-606d-d984-cda6-d0ce3253e567', '966437e8-b784-92e7-0afa-ff8bde6f1e53', 'product_145', 130.0, 1);
INSERT INTO payments (order_id, venue_id, method, amount)
VALUES ('9d6a85da-606d-d984-cda6-d0ce3253e567', '00000000-0000-0000-0000-000000000010', 'card', 130.0);
INSERT INTO orders (id, venue_id, number, status, total_amount, opened_at, closed_at, table_number)
VALUES ('fb8a17c9-96c5-f781-aec4-8828e615e3e6', '00000000-0000-0000-0000-000000000010', '7149', 'paid', 2370.0, '2026-05-06 16:32:57', '2026-05-06 16:32:57', '8');
INSERT INTO order_items (order_id, product_id, product_name, product_price, quantity)
VALUES ('fb8a17c9-96c5-f781-aec4-8828e615e3e6', 'c0fb869e-f434-07cb-f666-b9f7e55d4032', 'product_113', 770.0, 2);
INSERT INTO order_items (order_id, product_id, product_name, product_price, quantity)
VALUES ('fb8a17c9-96c5-f781-aec4-8828e615e3e6', '0caff6fe-c574-8665-33ca-5f2cee71ebb2', 'product_35', 190.0, 1);
INSERT INTO order_items (order_id, product_id, product_name, product_price, quantity)
VALUES ('fb8a17c9-96c5-f781-aec4-8828e615e3e6', '951f4bf6-be55-0e75-59a9-7e580a0d07c4', 'product_14', 640.0, 1);
INSERT INTO payments (order_id, venue_id, method, amount)
VALUES ('fb8a17c9-96c5-f781-aec4-8828e615e3e6', '00000000-0000-0000-0000-000000000010', 'card', 2370.0);
INSERT INTO orders (id, venue_id, number, status, total_amount, opened_at, closed_at, table_number)
VALUES ('5c85c0d8-1cac-1728-25cb-139de1c6cc6e', '00000000-0000-0000-0000-000000000010', '7151', 'paid', 650.0, '2026-05-06 16:17:12', '2026-05-06 16:17:12', '9');
INSERT INTO order_items (order_id, product_id, product_name, product_price, quantity)
VALUES ('5c85c0d8-1cac-1728-25cb-139de1c6cc6e', '966437e8-b784-92e7-0afa-ff8bde6f1e53', 'product_145', 130.0, 5);
INSERT INTO payments (order_id, venue_id, method, amount)
VALUES ('5c85c0d8-1cac-1728-25cb-139de1c6cc6e', '00000000-0000-0000-0000-000000000010', 'card', 650.0);
INSERT INTO orders (id, venue_id, number, status, total_amount, opened_at, closed_at, table_number)
VALUES ('d2fcf986-62bd-b9b3-8d65-5e0ac9720666', '00000000-0000-0000-0000-000000000010', '7150', 'paid', 460.0, '2026-05-06 16:13:25', '2026-05-06 16:13:25', '9');
INSERT INTO order_items (order_id, product_id, product_name, product_price, quantity)
VALUES ('d2fcf986-62bd-b9b3-8d65-5e0ac9720666', '021231f4-e9fa-ecbb-5f2a-ad1321ca42ea', 'product_59', 230.0, 2);
INSERT INTO payments (order_id, venue_id, method, amount)
VALUES ('d2fcf986-62bd-b9b3-8d65-5e0ac9720666', '00000000-0000-0000-0000-000000000010', 'card', 460.0);
INSERT INTO orders (id, venue_id, number, status, total_amount, opened_at, closed_at, table_number)
VALUES ('8f19d344-9f9d-58a3-2299-03cdb213316b', '00000000-0000-0000-0000-000000000010', '7148', 'paid', 0.0, '2026-05-06 12:16:56', '2026-05-06 12:16:56', '9');
INSERT INTO order_items (order_id, product_id, product_name, product_price, quantity)
VALUES ('8f19d344-9f9d-58a3-2299-03cdb213316b', '82c55340-bd07-2a9a-a6cc-6ce377f958f2', 'product_148', 0.0, 1);
INSERT INTO orders (id, venue_id, number, status, total_amount, opened_at, closed_at, table_number)
VALUES ('b8dca83a-4274-ac7f-7e6c-0f6941b64df1', '00000000-0000-0000-0000-000000000010', '7137', 'paid', 970.0, '2026-05-06 12:01:05', '2026-05-06 12:01:05', '15');
INSERT INTO order_items (order_id, product_id, product_name, product_price, quantity)
VALUES ('b8dca83a-4274-ac7f-7e6c-0f6941b64df1', '38432f7f-ba41-eaa0-7e46-d791008e4b02', 'product_6', 510.0, 1);
INSERT INTO order_items (order_id, product_id, product_name, product_price, quantity)
VALUES ('b8dca83a-4274-ac7f-7e6c-0f6941b64df1', 'b9bdca4d-a423-6c36-2351-10cf52ff0eec', 'product_230', 0.0, 1);
INSERT INTO order_items (order_id, product_id, product_name, product_price, quantity)
VALUES ('b8dca83a-4274-ac7f-7e6c-0f6941b64df1', '021231f4-e9fa-ecbb-5f2a-ad1321ca42ea', 'product_59', 230.0, 2);
INSERT INTO orders (id, venue_id, number, status, total_amount, opened_at, closed_at, table_number)
VALUES ('a76f18d3-b6f4-d916-6bec-ec140d14aaca', '00000000-0000-0000-0000-000000000010', '7146', 'paid', 630.0, '2026-05-06 12:00:51', '2026-05-06 12:00:51', '13');
INSERT INTO order_items (order_id, product_id, product_name, product_price, quantity)
VALUES ('a76f18d3-b6f4-d916-6bec-ec140d14aaca', 'b9bdca4d-a423-6c36-2351-10cf52ff0eec', 'product_230', 0.0, 2);
INSERT INTO order_items (order_id, product_id, product_name, product_price, quantity)
VALUES ('a76f18d3-b6f4-d916-6bec-ec140d14aaca', '8d266d35-f6a4-b267-e097-564510f7f857', 'product_12', 270.0, 1);
INSERT INTO order_items (order_id, product_id, product_name, product_price, quantity)
VALUES ('a76f18d3-b6f4-d916-6bec-ec140d14aaca', 'da98da7c-a663-0228-294e-97c1fae50fd1', 'product_54', 180.0, 2);
INSERT INTO orders (id, venue_id, number, status, total_amount, opened_at, closed_at, table_number)
VALUES ('22e89b98-2460-f205-9800-076689a5c00f', '00000000-0000-0000-0000-000000000010', '7145', 'paid', 1660.0, '2026-05-06 12:00:44', '2026-05-06 12:00:44', '12');
INSERT INTO order_items (order_id, product_id, product_name, product_price, quantity)
VALUES ('22e89b98-2460-f205-9800-076689a5c00f', '8d266d35-f6a4-b267-e097-564510f7f857', 'product_12', 270.0, 1);
INSERT INTO order_items (order_id, product_id, product_name, product_price, quantity)
VALUES ('22e89b98-2460-f205-9800-076689a5c00f', '38432f7f-ba41-eaa0-7e46-d791008e4b02', 'product_6', 510.0, 2);
INSERT INTO order_items (order_id, product_id, product_name, product_price, quantity)
VALUES ('22e89b98-2460-f205-9800-076689a5c00f', 'da98da7c-a663-0228-294e-97c1fae50fd1', 'product_54', 180.0, 1);
INSERT INTO order_items (order_id, product_id, product_name, product_price, quantity)
VALUES ('22e89b98-2460-f205-9800-076689a5c00f', '0caff6fe-c574-8665-33ca-5f2cee71ebb2', 'product_35', 190.0, 1);
INSERT INTO orders (id, venue_id, number, status, total_amount, opened_at, closed_at, table_number)
VALUES ('6e23955a-87fe-4912-20d8-a34fc09022d1', '00000000-0000-0000-0000-000000000010', '7113', 'paid', 530.0, '2026-05-06 12:00:40', '2026-05-06 12:00:40', '12');
INSERT INTO order_items (order_id, product_id, product_name, product_price, quantity)
VALUES ('6e23955a-87fe-4912-20d8-a34fc09022d1', 'ec61223f-a380-dd08-f9eb-461b3c2f80e6', 'product_163', 120.0, 1);
INSERT INTO order_items (order_id, product_id, product_name, product_price, quantity)
VALUES ('6e23955a-87fe-4912-20d8-a34fc09022d1', '021231f4-e9fa-ecbb-5f2a-ad1321ca42ea', 'product_59', 230.0, 1);
INSERT INTO order_items (order_id, product_id, product_name, product_price, quantity)
VALUES ('6e23955a-87fe-4912-20d8-a34fc09022d1', 'da98da7c-a663-0228-294e-97c1fae50fd1', 'product_54', 180.0, 1);
INSERT INTO order_items (order_id, product_id, product_name, product_price, quantity)
VALUES ('6e23955a-87fe-4912-20d8-a34fc09022d1', '12dd0c72-4671-5cd8-b7da-98389426555c', 'product_228', 0.0, 1);
INSERT INTO orders (id, venue_id, number, status, total_amount, opened_at, closed_at, table_number)
VALUES ('83ef99d0-cf95-08bb-6d63-5c936bac79a2', '00000000-0000-0000-0000-000000000010', '7147', 'paid', 230.0, '2026-05-06 12:00:19', '2026-05-06 12:00:19', '11');
INSERT INTO order_items (order_id, product_id, product_name, product_price, quantity)
VALUES ('83ef99d0-cf95-08bb-6d63-5c936bac79a2', 'b9bdca4d-a423-6c36-2351-10cf52ff0eec', 'product_230', 0.0, 1);
INSERT INTO order_items (order_id, product_id, product_name, product_price, quantity)
VALUES ('83ef99d0-cf95-08bb-6d63-5c936bac79a2', '021231f4-e9fa-ecbb-5f2a-ad1321ca42ea', 'product_59', 230.0, 1);
INSERT INTO orders (id, venue_id, number, status, total_amount, opened_at, closed_at, table_number)
VALUES ('306aeeee-5057-e16b-8eee-660c723b90aa', '00000000-0000-0000-0000-000000000010', '7144', 'paid', 560.0, '2026-05-06 12:00:16', '2026-05-06 12:00:16', '10');
INSERT INTO order_items (order_id, product_id, product_name, product_price, quantity)
VALUES ('306aeeee-5057-e16b-8eee-660c723b90aa', 'b9bdca4d-a423-6c36-2351-10cf52ff0eec', 'product_230', 0.0, 2);
INSERT INTO order_items (order_id, product_id, product_name, product_price, quantity)
VALUES ('306aeeee-5057-e16b-8eee-660c723b90aa', '021231f4-e9fa-ecbb-5f2a-ad1321ca42ea', 'product_59', 230.0, 1);
INSERT INTO order_items (order_id, product_id, product_name, product_price, quantity)
VALUES ('306aeeee-5057-e16b-8eee-660c723b90aa', '9d00fee6-5b1a-acb8-1114-e668525ce1a6', 'product_200', 330.0, 1);
INSERT INTO orders (id, venue_id, number, status, total_amount, opened_at, closed_at, table_number)
VALUES ('3aa70525-2390-39ce-db17-bb32cfb2a8cc', '00000000-0000-0000-0000-000000000010', '7118', 'paid', 2620.0, '2026-05-06 11:59:43', '2026-05-06 11:59:43', '12');
INSERT INTO order_items (order_id, product_id, product_name, product_price, quantity)
VALUES ('3aa70525-2390-39ce-db17-bb32cfb2a8cc', 'f35ae6ee-40da-7479-c64b-612bff507023', 'product_31', 370.0, 2);
INSERT INTO order_items (order_id, product_id, product_name, product_price, quantity)
VALUES ('3aa70525-2390-39ce-db17-bb32cfb2a8cc', '0f7cfc79-3a3f-41ac-1aa4-b27431de9236', 'product_29', 620.0, 1);
INSERT INTO order_items (order_id, product_id, product_name, product_price, quantity)
VALUES ('3aa70525-2390-39ce-db17-bb32cfb2a8cc', '1a9038b5-12c1-4b41-756a-ce6d8bb0fac8', 'product_114', 670.0, 1);
INSERT INTO order_items (order_id, product_id, product_name, product_price, quantity)
VALUES ('3aa70525-2390-39ce-db17-bb32cfb2a8cc', '8b7920ef-e954-d760-2a69-99cafc830c2e', 'product_171', 270.0, 1);
INSERT INTO order_items (order_id, product_id, product_name, product_price, quantity)
VALUES ('3aa70525-2390-39ce-db17-bb32cfb2a8cc', '4f62358e-97a1-94f3-88a7-2af7ee5afc60', 'product_182', 320.0, 1);
INSERT INTO payments (order_id, venue_id, method, amount)
VALUES ('3aa70525-2390-39ce-db17-bb32cfb2a8cc', '00000000-0000-0000-0000-000000000010', 'card', 2620.0);
INSERT INTO orders (id, venue_id, number, status, total_amount, opened_at, closed_at, table_number)
VALUES ('6a43255c-18ce-b876-6ae8-92a9cbfe1c22', '00000000-0000-0000-0000-000000000010', '7139', 'paid', 2830.0, '2026-05-06 11:09:53', '2026-05-06 11:09:53', '10');
INSERT INTO order_items (order_id, product_id, product_name, product_price, quantity)
VALUES ('6a43255c-18ce-b876-6ae8-92a9cbfe1c22', '1a9038b5-12c1-4b41-756a-ce6d8bb0fac8', 'product_114', 670.0, 2);
INSERT INTO order_items (order_id, product_id, product_name, product_price, quantity)
VALUES ('6a43255c-18ce-b876-6ae8-92a9cbfe1c22', '9a06fa1f-d2b5-1b6f-d6c5-37c2ffa3adfd', 'product_168', 640.0, 1);
INSERT INTO order_items (order_id, product_id, product_name, product_price, quantity)
VALUES ('6a43255c-18ce-b876-6ae8-92a9cbfe1c22', '5b7828a6-fad3-dc3f-06c7-979905efbff1', 'product_61', 350.0, 1);
INSERT INTO order_items (order_id, product_id, product_name, product_price, quantity)
VALUES ('6a43255c-18ce-b876-6ae8-92a9cbfe1c22', 'eed148a6-7f8f-38d6-85f9-602481bbc846', 'product_146', 130.0, 1);
INSERT INTO order_items (order_id, product_id, product_name, product_price, quantity)
VALUES ('6a43255c-18ce-b876-6ae8-92a9cbfe1c22', '5c3938ac-271e-5674-37aa-116c20435202', 'product_234', 370.0, 1);
INSERT INTO payments (order_id, venue_id, method, amount)
VALUES ('6a43255c-18ce-b876-6ae8-92a9cbfe1c22', '00000000-0000-0000-0000-000000000010', 'card', 2830.0);
INSERT INTO orders (id, venue_id, number, status, total_amount, opened_at, closed_at, table_number)
VALUES ('5916a976-be05-c16e-fd91-0429fceb004b', '00000000-0000-0000-0000-000000000010', '7120', 'paid', 8280.0, '2026-05-06 11:09:43', '2026-05-06 11:09:43', '10');
INSERT INTO order_items (order_id, product_id, product_name, product_price, quantity)
VALUES ('5916a976-be05-c16e-fd91-0429fceb004b', '1d55740b-7a2f-ce7c-d33a-454fb2de27dc', 'product_155', 420.0, 3);
INSERT INTO order_items (order_id, product_id, product_name, product_price, quantity)
VALUES ('5916a976-be05-c16e-fd91-0429fceb004b', '30d3c4b2-8d8b-4d91-9c67-b3d72ab218cc', 'product_129', 470.0, 2);
INSERT INTO order_items (order_id, product_id, product_name, product_price, quantity)
VALUES ('5916a976-be05-c16e-fd91-0429fceb004b', 'f35a1ebf-94b4-c196-4fdb-5698a8e21330', 'product_170', 820.0, 1);
INSERT INTO order_items (order_id, product_id, product_name, product_price, quantity)
VALUES ('5916a976-be05-c16e-fd91-0429fceb004b', 'ce90a2e4-a08b-570d-aca7-50bb5d2d0ab2', 'product_112', 440.0, 1);
INSERT INTO order_items (order_id, product_id, product_name, product_price, quantity)
VALUES ('5916a976-be05-c16e-fd91-0429fceb004b', '7ddbed72-7deb-5ee4-0634-41d52192bad1', 'product_23', 1750.0, 1);
INSERT INTO order_items (order_id, product_id, product_name, product_price, quantity)
VALUES ('5916a976-be05-c16e-fd91-0429fceb004b', '4cb15d99-ad0e-d256-a257-afdad4bf887e', 'product_110', 1750.0, 1);
INSERT INTO order_items (order_id, product_id, product_name, product_price, quantity)
VALUES ('5916a976-be05-c16e-fd91-0429fceb004b', '9a06fa1f-d2b5-1b6f-d6c5-37c2ffa3adfd', 'product_168', 640.0, 1);
INSERT INTO order_items (order_id, product_id, product_name, product_price, quantity)
VALUES ('5916a976-be05-c16e-fd91-0429fceb004b', 'eb1260af-ca5f-c811-fd1c-bf1664229477', 'product_115', 310.0, 1);
INSERT INTO order_items (order_id, product_id, product_name, product_price, quantity)
VALUES ('5916a976-be05-c16e-fd91-0429fceb004b', '09d404dd-f87b-b319-4eda-9ce7c697868d', 'product_32', 370.0, 1);
INSERT INTO payments (order_id, venue_id, method, amount)
VALUES ('5916a976-be05-c16e-fd91-0429fceb004b', '00000000-0000-0000-0000-000000000010', 'card', 8280.0);
INSERT INTO orders (id, venue_id, number, status, total_amount, opened_at, closed_at, table_number)
VALUES ('758b82cb-9b53-4914-b45f-c9bb922d71b0', '00000000-0000-0000-0000-000000000010', '7143', 'paid', 0.0, '2026-05-05 23:37:38', '2026-05-05 23:37:38', '9');
INSERT INTO order_items (order_id, product_id, product_name, product_price, quantity)
VALUES ('758b82cb-9b53-4914-b45f-c9bb922d71b0', '82c55340-bd07-2a9a-a6cc-6ce377f958f2', 'product_148', 0.0, 1);
INSERT INTO order_items (order_id, product_id, product_name, product_price, quantity)
VALUES ('758b82cb-9b53-4914-b45f-c9bb922d71b0', '12dd0c72-4671-5cd8-b7da-98389426555c', 'product_228', 0.0, 1);
INSERT INTO order_items (order_id, product_id, product_name, product_price, quantity)
VALUES ('758b82cb-9b53-4914-b45f-c9bb922d71b0', '1afe238c-a186-0e67-9e9d-d39b8c4abe8a', 'product_229', 0.0, 1);
INSERT INTO orders (id, venue_id, number, status, total_amount, opened_at, closed_at, table_number)
VALUES ('57b51444-f366-d2d2-9ad8-182724cdade6', '00000000-0000-0000-0000-000000000010', '7138', 'paid', 5580.0, '2026-05-05 21:50:55', '2026-05-05 21:50:55', '2');
INSERT INTO order_items (order_id, product_id, product_name, product_price, quantity)
VALUES ('57b51444-f366-d2d2-9ad8-182724cdade6', '951f4bf6-be55-0e75-59a9-7e580a0d07c4', 'product_14', 640.0, 1);
INSERT INTO order_items (order_id, product_id, product_name, product_price, quantity)
VALUES ('57b51444-f366-d2d2-9ad8-182724cdade6', '4cb15d99-ad0e-d256-a257-afdad4bf887e', 'product_110', 1750.0, 1);
INSERT INTO order_items (order_id, product_id, product_name, product_price, quantity)
VALUES ('57b51444-f366-d2d2-9ad8-182724cdade6', 'bc75aa2b-4910-21bf-56ff-d9769b039d8e', 'product_47', 220.0, 1);
INSERT INTO order_items (order_id, product_id, product_name, product_price, quantity)
VALUES ('57b51444-f366-d2d2-9ad8-182724cdade6', '6e00b5a0-6b62-d942-73e4-86982bcae389', 'product_21', 1370.0, 1);
INSERT INTO order_items (order_id, product_id, product_name, product_price, quantity)
VALUES ('57b51444-f366-d2d2-9ad8-182724cdade6', '9a06fa1f-d2b5-1b6f-d6c5-37c2ffa3adfd', 'product_168', 640.0, 1);
INSERT INTO order_items (order_id, product_id, product_name, product_price, quantity)
VALUES ('57b51444-f366-d2d2-9ad8-182724cdade6', 'f35ae6ee-40da-7479-c64b-612bff507023', 'product_31', 370.0, 2);
INSERT INTO order_items (order_id, product_id, product_name, product_price, quantity)
VALUES ('57b51444-f366-d2d2-9ad8-182724cdade6', '7c7c305a-92ed-bc40-0bb5-1155fc4e313f', 'product_99', 220.0, 1);
INSERT INTO payments (order_id, venue_id, method, amount)
VALUES ('57b51444-f366-d2d2-9ad8-182724cdade6', '00000000-0000-0000-0000-000000000010', 'card', 5580.0);
INSERT INTO orders (id, venue_id, number, status, total_amount, opened_at, closed_at, table_number)
VALUES ('a5363adf-535f-986f-c89c-daa5e42b0c51', '00000000-0000-0000-0000-000000000010', '7142', 'paid', 2130.0, '2026-05-05 21:18:08', '2026-05-05 21:18:08', '9');
INSERT INTO order_items (order_id, product_id, product_name, product_price, quantity)
VALUES ('a5363adf-535f-986f-c89c-daa5e42b0c51', 'da98da7c-a663-0228-294e-97c1fae50fd1', 'product_54', 180.0, 1);
INSERT INTO order_items (order_id, product_id, product_name, product_price, quantity)
VALUES ('a5363adf-535f-986f-c89c-daa5e42b0c51', '021231f4-e9fa-ecbb-5f2a-ad1321ca42ea', 'product_59', 230.0, 4);
INSERT INTO order_items (order_id, product_id, product_name, product_price, quantity)
VALUES ('a5363adf-535f-986f-c89c-daa5e42b0c51', 'd46f67a1-e1dd-e079-0b5c-329f6422c4d4', 'product_60', 280.0, 3);
INSERT INTO order_items (order_id, product_id, product_name, product_price, quantity)
VALUES ('a5363adf-535f-986f-c89c-daa5e42b0c51', '0caff6fe-c574-8665-33ca-5f2cee71ebb2', 'product_35', 190.0, 1);
INSERT INTO payments (order_id, venue_id, method, amount)
VALUES ('a5363adf-535f-986f-c89c-daa5e42b0c51', '00000000-0000-0000-0000-000000000010', 'cash', 2130.0);
INSERT INTO orders (id, venue_id, number, status, total_amount, opened_at, closed_at, table_number)
VALUES ('c565968a-752f-c0d3-f584-077f07c31b99', '00000000-0000-0000-0000-000000000010', '7141', 'paid', 200.0, '2026-05-05 20:33:41', '2026-05-05 20:33:41', '9');
INSERT INTO order_items (order_id, product_id, product_name, product_price, quantity)
VALUES ('c565968a-752f-c0d3-f584-077f07c31b99', 'bb41c67e-d584-f041-47ad-12499e38aab2', 'product_241', 200.0, 1);
INSERT INTO payments (order_id, venue_id, method, amount)
VALUES ('c565968a-752f-c0d3-f584-077f07c31b99', '00000000-0000-0000-0000-000000000010', 'card', 200.0);
INSERT INTO orders (id, venue_id, number, status, total_amount, opened_at, closed_at, table_number)
VALUES ('38f566c5-60e3-fc30-6bb7-ba9bbb925a14', '00000000-0000-0000-0000-000000000010', '7140', 'paid', 470.0, '2026-05-05 20:32:04', '2026-05-05 20:32:04', '9');
INSERT INTO order_items (order_id, product_id, product_name, product_price, quantity)
VALUES ('38f566c5-60e3-fc30-6bb7-ba9bbb925a14', '30d3c4b2-8d8b-4d91-9c67-b3d72ab218cc', 'product_129', 470.0, 1);
INSERT INTO payments (order_id, venue_id, method, amount)
VALUES ('38f566c5-60e3-fc30-6bb7-ba9bbb925a14', '00000000-0000-0000-0000-000000000010', 'card', 470.0);
INSERT INTO orders (id, venue_id, number, status, total_amount, opened_at, closed_at, table_number)
VALUES ('321e6184-f8b5-0f06-50d3-9ec4b66904df', '00000000-0000-0000-0000-000000000010', '7135', 'paid', 370.0, '2026-05-05 19:22:30', '2026-05-05 19:22:30', '9');
INSERT INTO order_items (order_id, product_id, product_name, product_price, quantity)
VALUES ('321e6184-f8b5-0f06-50d3-9ec4b66904df', 'bd63cdca-84b0-4bda-520e-13725e4b4e60', 'product_33', 370.0, 1);
INSERT INTO payments (order_id, venue_id, method, amount)
VALUES ('321e6184-f8b5-0f06-50d3-9ec4b66904df', '00000000-0000-0000-0000-000000000010', 'card', 370.0);
INSERT INTO orders (id, venue_id, number, status, total_amount, opened_at, closed_at, table_number)
VALUES ('ce8591c3-5167-f4cc-a339-634d526f58e6', '00000000-0000-0000-0000-000000000010', '7136', 'paid', 1730.0, '2026-05-05 19:19:40', '2026-05-05 19:19:40', '16');
INSERT INTO order_items (order_id, product_id, product_name, product_price, quantity)
VALUES ('ce8591c3-5167-f4cc-a339-634d526f58e6', '1d55740b-7a2f-ce7c-d33a-454fb2de27dc', 'product_155', 420.0, 1);
INSERT INTO order_items (order_id, product_id, product_name, product_price, quantity)
VALUES ('ce8591c3-5167-f4cc-a339-634d526f58e6', '30d3c4b2-8d8b-4d91-9c67-b3d72ab218cc', 'product_129', 470.0, 2);
INSERT INTO order_items (order_id, product_id, product_name, product_price, quantity)
VALUES ('ce8591c3-5167-f4cc-a339-634d526f58e6', '09d404dd-f87b-b319-4eda-9ce7c697868d', 'product_32', 370.0, 1);
INSERT INTO payments (order_id, venue_id, method, amount)
VALUES ('ce8591c3-5167-f4cc-a339-634d526f58e6', '00000000-0000-0000-0000-000000000010', 'card', 1730.0);
INSERT INTO orders (id, venue_id, number, status, total_amount, opened_at, closed_at, table_number)
VALUES ('0760b4cb-3e11-8eb1-544c-53b25150889e', '00000000-0000-0000-0000-000000000010', '7134', 'paid', 1360.0, '2026-05-05 18:18:21', '2026-05-05 18:18:21', '9');
INSERT INTO order_items (order_id, product_id, product_name, product_price, quantity)
VALUES ('0760b4cb-3e11-8eb1-544c-53b25150889e', '30d3c4b2-8d8b-4d91-9c67-b3d72ab218cc', 'product_129', 470.0, 2);
INSERT INTO order_items (order_id, product_id, product_name, product_price, quantity)
VALUES ('0760b4cb-3e11-8eb1-544c-53b25150889e', '1d55740b-7a2f-ce7c-d33a-454fb2de27dc', 'product_155', 420.0, 1);
INSERT INTO payments (order_id, venue_id, method, amount)
VALUES ('0760b4cb-3e11-8eb1-544c-53b25150889e', '00000000-0000-0000-0000-000000000010', 'cash', 1360.0);
INSERT INTO orders (id, venue_id, number, status, total_amount, opened_at, closed_at, table_number)
VALUES ('b67786aa-22bc-97b5-5073-4a421e083c7e', '00000000-0000-0000-0000-000000000010', '7133', 'paid', 460.0, '2026-05-05 17:50:32', '2026-05-05 17:50:32', '2');
INSERT INTO order_items (order_id, product_id, product_name, product_price, quantity)
VALUES ('b67786aa-22bc-97b5-5073-4a421e083c7e', 'da98da7c-a663-0228-294e-97c1fae50fd1', 'product_54', 180.0, 1);
INSERT INTO order_items (order_id, product_id, product_name, product_price, quantity)
VALUES ('b67786aa-22bc-97b5-5073-4a421e083c7e', 'd46f67a1-e1dd-e079-0b5c-329f6422c4d4', 'product_60', 280.0, 1);
INSERT INTO payments (order_id, venue_id, method, amount)
VALUES ('b67786aa-22bc-97b5-5073-4a421e083c7e', '00000000-0000-0000-0000-000000000010', 'card', 460.0);
INSERT INTO orders (id, venue_id, number, status, total_amount, opened_at, closed_at, table_number)
VALUES ('44e3caf2-62e2-228b-9bc1-58a39fe9f8ec', '00000000-0000-0000-0000-000000000010', '7132', 'paid', 3340.0, '2026-05-05 17:13:40', '2026-05-05 17:13:40', '1');
INSERT INTO order_items (order_id, product_id, product_name, product_price, quantity)
VALUES ('44e3caf2-62e2-228b-9bc1-58a39fe9f8ec', '1a9038b5-12c1-4b41-756a-ce6d8bb0fac8', 'product_114', 670.0, 1);
INSERT INTO order_items (order_id, product_id, product_name, product_price, quantity)
VALUES ('44e3caf2-62e2-228b-9bc1-58a39fe9f8ec', 'f35a1ebf-94b4-c196-4fdb-5698a8e21330', 'product_170', 820.0, 1);
INSERT INTO order_items (order_id, product_id, product_name, product_price, quantity)
VALUES ('44e3caf2-62e2-228b-9bc1-58a39fe9f8ec', 'ba729be8-36f6-fb9a-7e2c-4b99753cb652', 'product_217', 600.0, 1);
INSERT INTO order_items (order_id, product_id, product_name, product_price, quantity)
VALUES ('44e3caf2-62e2-228b-9bc1-58a39fe9f8ec', '4f62358e-97a1-94f3-88a7-2af7ee5afc60', 'product_182', 320.0, 1);
INSERT INTO order_items (order_id, product_id, product_name, product_price, quantity)
VALUES ('44e3caf2-62e2-228b-9bc1-58a39fe9f8ec', 'eb1260af-ca5f-c811-fd1c-bf1664229477', 'product_115', 310.0, 3);
INSERT INTO payments (order_id, venue_id, method, amount)
VALUES ('44e3caf2-62e2-228b-9bc1-58a39fe9f8ec', '00000000-0000-0000-0000-000000000010', 'cash', 3340.0);
INSERT INTO orders (id, venue_id, number, status, total_amount, opened_at, closed_at, table_number)
VALUES ('b3790f42-c3d9-6ba0-639e-7673dc9cc299', '00000000-0000-0000-0000-000000000010', '7131', 'paid', 3860.0, '2026-05-05 15:26:18', '2026-05-05 15:26:18', '9');
INSERT INTO order_items (order_id, product_id, product_name, product_price, quantity)
VALUES ('b3790f42-c3d9-6ba0-639e-7673dc9cc299', '021231f4-e9fa-ecbb-5f2a-ad1321ca42ea', 'product_59', 230.0, 2);
INSERT INTO order_items (order_id, product_id, product_name, product_price, quantity)
VALUES ('b3790f42-c3d9-6ba0-639e-7673dc9cc299', '81b3193a-f1f9-6ba6-5630-5c911f0c4a69', 'product_48', 220.0, 2);
INSERT INTO order_items (order_id, product_id, product_name, product_price, quantity)
VALUES ('b3790f42-c3d9-6ba0-639e-7673dc9cc299', '8b7920ef-e954-d760-2a69-99cafc830c2e', 'product_171', 270.0, 1);
INSERT INTO order_items (order_id, product_id, product_name, product_price, quantity)
VALUES ('b3790f42-c3d9-6ba0-639e-7673dc9cc299', 'f35a1ebf-94b4-c196-4fdb-5698a8e21330', 'product_170', 820.0, 1);
INSERT INTO order_items (order_id, product_id, product_name, product_price, quantity)
VALUES ('b3790f42-c3d9-6ba0-639e-7673dc9cc299', '1a9038b5-12c1-4b41-756a-ce6d8bb0fac8', 'product_114', 670.0, 1);
INSERT INTO order_items (order_id, product_id, product_name, product_price, quantity)
VALUES ('b3790f42-c3d9-6ba0-639e-7673dc9cc299', 'c0fb869e-f434-07cb-f666-b9f7e55d4032', 'product_113', 770.0, 1);
INSERT INTO order_items (order_id, product_id, product_name, product_price, quantity)
VALUES ('b3790f42-c3d9-6ba0-639e-7673dc9cc299', 'd56291c3-0b81-82df-41d8-2bffd8869d31', 'product_140', 430.0, 1);
INSERT INTO payments (order_id, venue_id, method, amount)
VALUES ('b3790f42-c3d9-6ba0-639e-7673dc9cc299', '00000000-0000-0000-0000-000000000010', 'cash', 3860.0);
INSERT INTO orders (id, venue_id, number, status, total_amount, opened_at, closed_at, table_number)
VALUES ('1a019883-f852-e8fd-a1bd-349a5a6a6963', '00000000-0000-0000-0000-000000000010', '7130', 'paid', 1320.0, '2026-05-05 14:57:54', '2026-05-05 14:57:54', '15');
INSERT INTO order_items (order_id, product_id, product_name, product_price, quantity)
VALUES ('1a019883-f852-e8fd-a1bd-349a5a6a6963', 'badf5f45-b516-78fa-fbe7-ff32ed526953', 'product_226', 720.0, 1);
INSERT INTO order_items (order_id, product_id, product_name, product_price, quantity)
VALUES ('1a019883-f852-e8fd-a1bd-349a5a6a6963', 'ba729be8-36f6-fb9a-7e2c-4b99753cb652', 'product_217', 600.0, 1);
INSERT INTO payments (order_id, venue_id, method, amount)
VALUES ('1a019883-f852-e8fd-a1bd-349a5a6a6963', '00000000-0000-0000-0000-000000000010', 'cash', 1320.0);
INSERT INTO orders (id, venue_id, number, status, total_amount, opened_at, closed_at, table_number)
VALUES ('03d367b8-30f4-0732-ba3b-e0eba1b1c08a', '00000000-0000-0000-0000-000000000010', '7129', 'paid', 650.0, '2026-05-05 14:23:50', '2026-05-05 14:23:50', '16');
INSERT INTO order_items (order_id, product_id, product_name, product_price, quantity)
VALUES ('03d367b8-30f4-0732-ba3b-e0eba1b1c08a', '0caff6fe-c574-8665-33ca-5f2cee71ebb2', 'product_35', 190.0, 1);
INSERT INTO order_items (order_id, product_id, product_name, product_price, quantity)
VALUES ('03d367b8-30f4-0732-ba3b-e0eba1b1c08a', '021231f4-e9fa-ecbb-5f2a-ad1321ca42ea', 'product_59', 230.0, 2);
INSERT INTO payments (order_id, venue_id, method, amount)
VALUES ('03d367b8-30f4-0732-ba3b-e0eba1b1c08a', '00000000-0000-0000-0000-000000000010', 'card', 650.0);
INSERT INTO orders (id, venue_id, number, status, total_amount, opened_at, closed_at, table_number)
VALUES ('758f60c3-cb42-76e2-70d4-a4608d468b7e', '00000000-0000-0000-0000-000000000010', '6866', 'paid', 133420.0, '2026-05-05 12:30:00', '2026-05-05 12:30:00', '16');
INSERT INTO order_items (order_id, product_id, product_name, product_price, quantity)
VALUES ('758f60c3-cb42-76e2-70d4-a4608d468b7e', 'b34a3112-ff0e-f459-d3c3-fde15aac2c99', 'product_237', 740.0, 8);
INSERT INTO order_items (order_id, product_id, product_name, product_price, quantity)
VALUES ('758f60c3-cb42-76e2-70d4-a4608d468b7e', '782d5239-6b80-6ed6-2826-6dd3cc859f42', 'product_238', 12500.0, 1);
INSERT INTO order_items (order_id, product_id, product_name, product_price, quantity)
VALUES ('758f60c3-cb42-76e2-70d4-a4608d468b7e', 'f35a1ebf-94b4-c196-4fdb-5698a8e21330', 'product_170', 820.0, 8);
INSERT INTO order_items (order_id, product_id, product_name, product_price, quantity)
VALUES ('758f60c3-cb42-76e2-70d4-a4608d468b7e', 'badf5f45-b516-78fa-fbe7-ff32ed526953', 'product_226', 720.0, 32);
INSERT INTO order_items (order_id, product_id, product_name, product_price, quantity)
VALUES ('758f60c3-cb42-76e2-70d4-a4608d468b7e', '951f4bf6-be55-0e75-59a9-7e580a0d07c4', 'product_14', 640.0, 8);
INSERT INTO order_items (order_id, product_id, product_name, product_price, quantity)
VALUES ('758f60c3-cb42-76e2-70d4-a4608d468b7e', 'fdb6f575-fe3f-282e-93d0-1dad56530fa5', 'product_15', 640.0, 8);
INSERT INTO order_items (order_id, product_id, product_name, product_price, quantity)
VALUES ('758f60c3-cb42-76e2-70d4-a4608d468b7e', '2334cdda-9fd8-40f0-0a18-b2cbad79aa33', 'product_225', 580.0, 8);
INSERT INTO order_items (order_id, product_id, product_name, product_price, quantity)
VALUES ('758f60c3-cb42-76e2-70d4-a4608d468b7e', '1c073c70-af4c-f98a-a02e-b288931cb698', 'product_240', 650.0, 32);
INSERT INTO order_items (order_id, product_id, product_name, product_price, quantity)
VALUES ('758f60c3-cb42-76e2-70d4-a4608d468b7e', '7ddbed72-7deb-5ee4-0634-41d52192bad1', 'product_23', 1750.0, 26);
INSERT INTO order_items (order_id, product_id, product_name, product_price, quantity)
VALUES ('758f60c3-cb42-76e2-70d4-a4608d468b7e', '0caff6fe-c574-8665-33ca-5f2cee71ebb2', 'product_35', 190.0, 11);
INSERT INTO order_items (order_id, product_id, product_name, product_price, quantity)
VALUES ('758f60c3-cb42-76e2-70d4-a4608d468b7e', 'a2b39819-292c-0b80-799d-c77d7020fc9d', 'product_34', 190.0, 10);
INSERT INTO order_items (order_id, product_id, product_name, product_price, quantity)
VALUES ('758f60c3-cb42-76e2-70d4-a4608d468b7e', '021231f4-e9fa-ecbb-5f2a-ad1321ca42ea', 'product_59', 230.0, 1);
INSERT INTO payments (order_id, venue_id, method, amount)
VALUES ('758f60c3-cb42-76e2-70d4-a4608d468b7e', '00000000-0000-0000-0000-000000000010', 'card', 133420.0);
INSERT INTO orders (id, venue_id, number, status, total_amount, opened_at, closed_at, table_number)
VALUES ('bb6903a6-a320-28bd-73db-843ec15dd1d3', '00000000-0000-0000-0000-000000000010', '7125', 'paid', 1270.0, '2026-05-05 11:21:13', '2026-05-05 11:21:13', '12');
INSERT INTO order_items (order_id, product_id, product_name, product_price, quantity)
VALUES ('bb6903a6-a320-28bd-73db-843ec15dd1d3', '38432f7f-ba41-eaa0-7e46-d791008e4b02', 'product_6', 510.0, 1);
INSERT INTO order_items (order_id, product_id, product_name, product_price, quantity)
VALUES ('bb6903a6-a320-28bd-73db-843ec15dd1d3', '94d2bddc-c99f-2985-f8eb-9d8a4a995ad3', 'product_10', 300.0, 1);
INSERT INTO order_items (order_id, product_id, product_name, product_price, quantity)
VALUES ('bb6903a6-a320-28bd-73db-843ec15dd1d3', 'da98da7c-a663-0228-294e-97c1fae50fd1', 'product_54', 180.0, 1);
INSERT INTO order_items (order_id, product_id, product_name, product_price, quantity)
VALUES ('bb6903a6-a320-28bd-73db-843ec15dd1d3', 'd46f67a1-e1dd-e079-0b5c-329f6422c4d4', 'product_60', 280.0, 1);
INSERT INTO orders (id, venue_id, number, status, total_amount, opened_at, closed_at, table_number)
VALUES ('9336cb22-524a-376e-829c-ffdc37b9fae7', '00000000-0000-0000-0000-000000000010', '7127', 'paid', 880.0, '2026-05-05 11:21:07', '2026-05-05 11:21:07', '11');
INSERT INTO order_items (order_id, product_id, product_name, product_price, quantity)
VALUES ('9336cb22-524a-376e-829c-ffdc37b9fae7', '38432f7f-ba41-eaa0-7e46-d791008e4b02', 'product_6', 510.0, 1);
INSERT INTO order_items (order_id, product_id, product_name, product_price, quantity)
VALUES ('9336cb22-524a-376e-829c-ffdc37b9fae7', 'b9bdca4d-a423-6c36-2351-10cf52ff0eec', 'product_230', 0.0, 1);
INSERT INTO order_items (order_id, product_id, product_name, product_price, quantity)
VALUES ('9336cb22-524a-376e-829c-ffdc37b9fae7', 'da98da7c-a663-0228-294e-97c1fae50fd1', 'product_54', 180.0, 1);
INSERT INTO order_items (order_id, product_id, product_name, product_price, quantity)
VALUES ('9336cb22-524a-376e-829c-ffdc37b9fae7', 'a2b39819-292c-0b80-799d-c77d7020fc9d', 'product_34', 190.0, 1);
INSERT INTO orders (id, venue_id, number, status, total_amount, opened_at, closed_at, table_number)
VALUES ('2d425b48-e908-f5e7-bdaa-fca7a9321ccb', '00000000-0000-0000-0000-000000000010', '7124', 'paid', 1940.0, '2026-05-05 11:21:04', '2026-05-05 11:21:04', '10');
INSERT INTO order_items (order_id, product_id, product_name, product_price, quantity)
VALUES ('2d425b48-e908-f5e7-bdaa-fca7a9321ccb', '8d266d35-f6a4-b267-e097-564510f7f857', 'product_12', 270.0, 1);
INSERT INTO order_items (order_id, product_id, product_name, product_price, quantity)
VALUES ('2d425b48-e908-f5e7-bdaa-fca7a9321ccb', '94d2bddc-c99f-2985-f8eb-9d8a4a995ad3', 'product_10', 300.0, 2);
INSERT INTO order_items (order_id, product_id, product_name, product_price, quantity)
VALUES ('2d425b48-e908-f5e7-bdaa-fca7a9321ccb', '021231f4-e9fa-ecbb-5f2a-ad1321ca42ea', 'product_59', 230.0, 1);
INSERT INTO order_items (order_id, product_id, product_name, product_price, quantity)
VALUES ('2d425b48-e908-f5e7-bdaa-fca7a9321ccb', 'da98da7c-a663-0228-294e-97c1fae50fd1', 'product_54', 180.0, 1);
INSERT INTO order_items (order_id, product_id, product_name, product_price, quantity)
VALUES ('2d425b48-e908-f5e7-bdaa-fca7a9321ccb', '9d00fee6-5b1a-acb8-1114-e668525ce1a6', 'product_200', 330.0, 2);
INSERT INTO orders (id, venue_id, number, status, total_amount, opened_at, closed_at, table_number)
VALUES ('f6f4bca0-7dec-465b-1933-73dd0f171441', '00000000-0000-0000-0000-000000000010', '7128', 'paid', 690.0, '2026-05-05 11:11:13', '2026-05-05 11:11:13', '9');
INSERT INTO order_items (order_id, product_id, product_name, product_price, quantity)
VALUES ('f6f4bca0-7dec-465b-1933-73dd0f171441', '021231f4-e9fa-ecbb-5f2a-ad1321ca42ea', 'product_59', 230.0, 3);
INSERT INTO payments (order_id, venue_id, method, amount)
VALUES ('f6f4bca0-7dec-465b-1933-73dd0f171441', '00000000-0000-0000-0000-000000000010', 'card', 690.0);
INSERT INTO orders (id, venue_id, number, status, total_amount, opened_at, closed_at, table_number)
VALUES ('18ded2e5-2bff-6a9a-0f36-209e5b24a422', '00000000-0000-0000-0000-000000000010', '7126', 'paid', 3020.0, '2026-05-05 11:02:40', '2026-05-05 11:02:40', '7');
INSERT INTO order_items (order_id, product_id, product_name, product_price, quantity)
VALUES ('18ded2e5-2bff-6a9a-0f36-209e5b24a422', '38432f7f-ba41-eaa0-7e46-d791008e4b02', 'product_6', 510.0, 1);
INSERT INTO order_items (order_id, product_id, product_name, product_price, quantity)
VALUES ('18ded2e5-2bff-6a9a-0f36-209e5b24a422', '7b0b5f60-47be-c07e-9585-af9a20b6d773', 'product_9', 460.0, 3);
INSERT INTO order_items (order_id, product_id, product_name, product_price, quantity)
VALUES ('18ded2e5-2bff-6a9a-0f36-209e5b24a422', '8d266d35-f6a4-b267-e097-564510f7f857', 'product_12', 270.0, 1);
INSERT INTO order_items (order_id, product_id, product_name, product_price, quantity)
VALUES ('18ded2e5-2bff-6a9a-0f36-209e5b24a422', '77b14698-bdde-f921-4fa2-e5932aec413d', 'product_231', 0.0, 1);
INSERT INTO order_items (order_id, product_id, product_name, product_price, quantity)
VALUES ('18ded2e5-2bff-6a9a-0f36-209e5b24a422', '94d2bddc-c99f-2985-f8eb-9d8a4a995ad3', 'product_10', 300.0, 1);
INSERT INTO order_items (order_id, product_id, product_name, product_price, quantity)
VALUES ('18ded2e5-2bff-6a9a-0f36-209e5b24a422', '5c3938ac-271e-5674-37aa-116c20435202', 'product_234', 370.0, 1);
INSERT INTO order_items (order_id, product_id, product_name, product_price, quantity)
VALUES ('18ded2e5-2bff-6a9a-0f36-209e5b24a422', '0caff6fe-c574-8665-33ca-5f2cee71ebb2', 'product_35', 190.0, 1);
INSERT INTO payments (order_id, venue_id, method, amount)
VALUES ('18ded2e5-2bff-6a9a-0f36-209e5b24a422', '00000000-0000-0000-0000-000000000010', 'card', 370.0);
INSERT INTO orders (id, venue_id, number, status, total_amount, opened_at, closed_at, table_number)
VALUES ('efdec518-aa41-6cb9-2877-59b7068ee0d4', '00000000-0000-0000-0000-000000000010', '7123', 'paid', 0.0, '2026-05-04 23:02:25', '2026-05-04 23:02:25', '9');
INSERT INTO order_items (order_id, product_id, product_name, product_price, quantity)
VALUES ('efdec518-aa41-6cb9-2877-59b7068ee0d4', '1afe238c-a186-0e67-9e9d-d39b8c4abe8a', 'product_229', 0.0, 1);
INSERT INTO orders (id, venue_id, number, status, total_amount, opened_at, closed_at, table_number)
VALUES ('63ab5d89-bcc8-266c-1843-63d50d492de0', '00000000-0000-0000-0000-000000000010', '7122', 'paid', 0.0, '2026-05-04 23:01:18', '2026-05-04 23:01:18', '9');
INSERT INTO order_items (order_id, product_id, product_name, product_price, quantity)
VALUES ('63ab5d89-bcc8-266c-1843-63d50d492de0', '82c55340-bd07-2a9a-a6cc-6ce377f958f2', 'product_148', 0.0, 1);
INSERT INTO order_items (order_id, product_id, product_name, product_price, quantity)
VALUES ('63ab5d89-bcc8-266c-1843-63d50d492de0', '12dd0c72-4671-5cd8-b7da-98389426555c', 'product_228', 0.0, 1);
INSERT INTO orders (id, venue_id, number, status, total_amount, opened_at, closed_at, table_number)
VALUES ('5aec1457-4ae1-bec7-b33b-5b70519df747', '00000000-0000-0000-0000-000000000010', '7121', 'paid', 4380.0, '2026-05-04 22:01:29', '2026-05-04 22:01:29', '11');
INSERT INTO order_items (order_id, product_id, product_name, product_price, quantity)
VALUES ('5aec1457-4ae1-bec7-b33b-5b70519df747', '7ddbed72-7deb-5ee4-0634-41d52192bad1', 'product_23', 1750.0, 1);
INSERT INTO order_items (order_id, product_id, product_name, product_price, quantity)
VALUES ('5aec1457-4ae1-bec7-b33b-5b70519df747', '4cb15d99-ad0e-d256-a257-afdad4bf887e', 'product_110', 1750.0, 1);
INSERT INTO order_items (order_id, product_id, product_name, product_price, quantity)
VALUES ('5aec1457-4ae1-bec7-b33b-5b70519df747', '73f062e8-2ade-a467-1943-fa856c717a43', 'product_51', 260.0, 1);
INSERT INTO order_items (order_id, product_id, product_name, product_price, quantity)
VALUES ('5aec1457-4ae1-bec7-b33b-5b70519df747', 'eb1260af-ca5f-c811-fd1c-bf1664229477', 'product_115', 310.0, 2);
INSERT INTO payments (order_id, venue_id, method, amount)
VALUES ('5aec1457-4ae1-bec7-b33b-5b70519df747', '00000000-0000-0000-0000-000000000010', 'cash', 4380.0);
INSERT INTO orders (id, venue_id, number, status, total_amount, opened_at, closed_at, table_number)
VALUES ('b626d3f1-56e1-6dbb-bc60-68dd0536573c', '00000000-0000-0000-0000-000000000010', '7119', 'paid', 2110.0, '2026-05-04 19:39:56', '2026-05-04 19:39:56', '8');
INSERT INTO order_items (order_id, product_id, product_name, product_price, quantity)
VALUES ('b626d3f1-56e1-6dbb-bc60-68dd0536573c', 'c0fb869e-f434-07cb-f666-b9f7e55d4032', 'product_113', 770.0, 2);
INSERT INTO order_items (order_id, product_id, product_name, product_price, quantity)
VALUES ('b626d3f1-56e1-6dbb-bc60-68dd0536573c', '7a291d79-c795-0f76-118b-25d10a078238', 'product_191', 370.0, 1);
INSERT INTO order_items (order_id, product_id, product_name, product_price, quantity)
VALUES ('b626d3f1-56e1-6dbb-bc60-68dd0536573c', 'bb41c67e-d584-f041-47ad-12499e38aab2', 'product_241', 200.0, 1);
INSERT INTO payments (order_id, venue_id, method, amount)
VALUES ('b626d3f1-56e1-6dbb-bc60-68dd0536573c', '00000000-0000-0000-0000-000000000010', 'card', 2110.0);
INSERT INTO orders (id, venue_id, number, status, total_amount, opened_at, closed_at, table_number)
VALUES ('ec4a2c78-0b85-72ce-00f1-36fb0abf8aa3', '00000000-0000-0000-0000-000000000010', '7117', 'paid', 2700.0, '2026-05-04 19:25:57', '2026-05-04 19:25:57', '15');
INSERT INTO order_items (order_id, product_id, product_name, product_price, quantity)
VALUES ('ec4a2c78-0b85-72ce-00f1-36fb0abf8aa3', '8d266d35-f6a4-b267-e097-564510f7f857', 'product_12', 270.0, 1);
INSERT INTO order_items (order_id, product_id, product_name, product_price, quantity)
VALUES ('ec4a2c78-0b85-72ce-00f1-36fb0abf8aa3', 'ba729be8-36f6-fb9a-7e2c-4b99753cb652', 'product_217', 600.0, 1);
INSERT INTO order_items (order_id, product_id, product_name, product_price, quantity)
VALUES ('ec4a2c78-0b85-72ce-00f1-36fb0abf8aa3', 'ce90a2e4-a08b-570d-aca7-50bb5d2d0ab2', 'product_112', 440.0, 1);
INSERT INTO order_items (order_id, product_id, product_name, product_price, quantity)
VALUES ('ec4a2c78-0b85-72ce-00f1-36fb0abf8aa3', '0f7cfc79-3a3f-41ac-1aa4-b27431de9236', 'product_29', 620.0, 1);
INSERT INTO order_items (order_id, product_id, product_name, product_price, quantity)
VALUES ('ec4a2c78-0b85-72ce-00f1-36fb0abf8aa3', '7c7c305a-92ed-bc40-0bb5-1155fc4e313f', 'product_99', 220.0, 1);
INSERT INTO order_items (order_id, product_id, product_name, product_price, quantity)
VALUES ('ec4a2c78-0b85-72ce-00f1-36fb0abf8aa3', '1649694a-a1df-1a36-ccd0-08ba48ab2fd1', 'product_36', 550.0, 1);
INSERT INTO payments (order_id, venue_id, method, amount)
VALUES ('ec4a2c78-0b85-72ce-00f1-36fb0abf8aa3', '00000000-0000-0000-0000-000000000010', 'card', 2700.0);
INSERT INTO orders (id, venue_id, number, status, total_amount, opened_at, closed_at, table_number)
VALUES ('01c8fd6f-457b-a63d-0a87-499f300cfc6f', '00000000-0000-0000-0000-000000000010', '7116', 'paid', 480.0, '2026-05-04 18:23:44', '2026-05-04 18:23:44', '13');
INSERT INTO order_items (order_id, product_id, product_name, product_price, quantity)
VALUES ('01c8fd6f-457b-a63d-0a87-499f300cfc6f', '120437cb-67b8-9406-9251-d8a348262f65', 'product_135', 480.0, 1);
INSERT INTO payments (order_id, venue_id, method, amount)
VALUES ('01c8fd6f-457b-a63d-0a87-499f300cfc6f', '00000000-0000-0000-0000-000000000010', 'card', 480.0);
INSERT INTO orders (id, venue_id, number, status, total_amount, opened_at, closed_at, table_number)
VALUES ('e901cd61-e153-eeb3-5bac-a6970afb25d9', '00000000-0000-0000-0000-000000000010', '7115', 'paid', 2400.0, '2026-05-04 18:16:40', '2026-05-04 18:16:40', '13');
INSERT INTO order_items (order_id, product_id, product_name, product_price, quantity)
VALUES ('e901cd61-e153-eeb3-5bac-a6970afb25d9', '120437cb-67b8-9406-9251-d8a348262f65', 'product_135', 480.0, 5);
INSERT INTO payments (order_id, venue_id, method, amount)
VALUES ('e901cd61-e153-eeb3-5bac-a6970afb25d9', '00000000-0000-0000-0000-000000000010', 'cash', 2400.0);
INSERT INTO orders (id, venue_id, number, status, total_amount, opened_at, closed_at, table_number)
VALUES ('0651b020-f743-1c9f-7f40-52f5e3e61889', '00000000-0000-0000-0000-000000000010', '7114', 'paid', 2560.0, '2026-05-04 18:16:03', '2026-05-04 18:16:03', '13');
INSERT INTO order_items (order_id, product_id, product_name, product_price, quantity)
VALUES ('0651b020-f743-1c9f-7f40-52f5e3e61889', 'c16bce15-fa53-0477-7fc7-755989859be8', 'product_123', 2560.0, 1);
INSERT INTO payments (order_id, venue_id, method, amount)
VALUES ('0651b020-f743-1c9f-7f40-52f5e3e61889', '00000000-0000-0000-0000-000000000010', 'cash', 2560.0);
INSERT INTO orders (id, venue_id, number, status, total_amount, opened_at, closed_at, table_number)
VALUES ('4a6a9532-dd27-9936-cca1-f69581313c10', '00000000-0000-0000-0000-000000000010', '7112', 'paid', 5490.0, '2026-05-04 16:45:15', '2026-05-04 16:45:15', '8');
INSERT INTO order_items (order_id, product_id, product_name, product_price, quantity)
VALUES ('4a6a9532-dd27-9936-cca1-f69581313c10', '81b3193a-f1f9-6ba6-5630-5c911f0c4a69', 'product_48', 220.0, 2);
INSERT INTO order_items (order_id, product_id, product_name, product_price, quantity)
VALUES ('4a6a9532-dd27-9936-cca1-f69581313c10', '8b7920ef-e954-d760-2a69-99cafc830c2e', 'product_171', 270.0, 1);
INSERT INTO order_items (order_id, product_id, product_name, product_price, quantity)
VALUES ('4a6a9532-dd27-9936-cca1-f69581313c10', '0f7cfc79-3a3f-41ac-1aa4-b27431de9236', 'product_29', 620.0, 2);
INSERT INTO order_items (order_id, product_id, product_name, product_price, quantity)
VALUES ('4a6a9532-dd27-9936-cca1-f69581313c10', '7f688518-4003-c783-7333-b947a8856b49', 'product_28', 470.0, 1);
INSERT INTO order_items (order_id, product_id, product_name, product_price, quantity)
VALUES ('4a6a9532-dd27-9936-cca1-f69581313c10', '7c7c305a-92ed-bc40-0bb5-1155fc4e313f', 'product_99', 220.0, 1);
INSERT INTO order_items (order_id, product_id, product_name, product_price, quantity)
VALUES ('4a6a9532-dd27-9936-cca1-f69581313c10', 'd46f67a1-e1dd-e079-0b5c-329f6422c4d4', 'product_60', 280.0, 3);
INSERT INTO order_items (order_id, product_id, product_name, product_price, quantity)
VALUES ('4a6a9532-dd27-9936-cca1-f69581313c10', '021231f4-e9fa-ecbb-5f2a-ad1321ca42ea', 'product_59', 230.0, 1);
INSERT INTO order_items (order_id, product_id, product_name, product_price, quantity)
VALUES ('4a6a9532-dd27-9936-cca1-f69581313c10', 'd6248727-8d48-1513-14ba-2abe0e9b6abf', 'product_39', 370.0, 2);
INSERT INTO order_items (order_id, product_id, product_name, product_price, quantity)
VALUES ('4a6a9532-dd27-9936-cca1-f69581313c10', '1a9038b5-12c1-4b41-756a-ce6d8bb0fac8', 'product_114', 670.0, 1);
INSERT INTO order_items (order_id, product_id, product_name, product_price, quantity)
VALUES ('4a6a9532-dd27-9936-cca1-f69581313c10', '5c3938ac-271e-5674-37aa-116c20435202', 'product_234', 370.0, 1);
INSERT INTO payments (order_id, venue_id, method, amount)
VALUES ('4a6a9532-dd27-9936-cca1-f69581313c10', '00000000-0000-0000-0000-000000000010', 'card', 5490.0);
INSERT INTO orders (id, venue_id, number, status, total_amount, opened_at, closed_at, table_number)
VALUES ('1f5fc9ff-41a5-3e89-528e-c7bc8b5557c5', '00000000-0000-0000-0000-000000000010', '7111', 'paid', 3880.0, '2026-05-04 13:31:23', '2026-05-04 13:31:23', '7');
INSERT INTO order_items (order_id, product_id, product_name, product_price, quantity)
VALUES ('1f5fc9ff-41a5-3e89-528e-c7bc8b5557c5', 'c0fb869e-f434-07cb-f666-b9f7e55d4032', 'product_113', 770.0, 1);
INSERT INTO order_items (order_id, product_id, product_name, product_price, quantity)
VALUES ('1f5fc9ff-41a5-3e89-528e-c7bc8b5557c5', '6e00b5a0-6b62-d942-73e4-86982bcae389', 'product_21', 1370.0, 2);
INSERT INTO order_items (order_id, product_id, product_name, product_price, quantity)
VALUES ('1f5fc9ff-41a5-3e89-528e-c7bc8b5557c5', '5c3938ac-271e-5674-37aa-116c20435202', 'product_234', 370.0, 1);
INSERT INTO payments (order_id, venue_id, method, amount)
VALUES ('1f5fc9ff-41a5-3e89-528e-c7bc8b5557c5', '00000000-0000-0000-0000-000000000010', 'card', 3880.0);
INSERT INTO orders (id, venue_id, number, status, total_amount, opened_at, closed_at, table_number)
VALUES ('e4cf9aa2-5994-b664-c92f-09f456d6762f', '00000000-0000-0000-0000-000000000010', '7110', 'paid', 740.0, '2026-05-04 13:23:06', '2026-05-04 13:23:06', '13');
INSERT INTO order_items (order_id, product_id, product_name, product_price, quantity)
VALUES ('e4cf9aa2-5994-b664-c92f-09f456d6762f', '38432f7f-ba41-eaa0-7e46-d791008e4b02', 'product_6', 510.0, 1);
INSERT INTO order_items (order_id, product_id, product_name, product_price, quantity)
VALUES ('e4cf9aa2-5994-b664-c92f-09f456d6762f', '021231f4-e9fa-ecbb-5f2a-ad1321ca42ea', 'product_59', 230.0, 1);
INSERT INTO orders (id, venue_id, number, status, total_amount, opened_at, closed_at, table_number)
VALUES ('44f49f59-b2cf-8247-2ad9-3da8394dfc86', '00000000-0000-0000-0000-000000000010', '7108', 'paid', 410.0, '2026-05-04 13:22:58', '2026-05-04 13:22:58', '12');
INSERT INTO order_items (order_id, product_id, product_name, product_price, quantity)
VALUES ('44f49f59-b2cf-8247-2ad9-3da8394dfc86', 'b9bdca4d-a423-6c36-2351-10cf52ff0eec', 'product_230', 0.0, 2);
INSERT INTO order_items (order_id, product_id, product_name, product_price, quantity)
VALUES ('44f49f59-b2cf-8247-2ad9-3da8394dfc86', 'da98da7c-a663-0228-294e-97c1fae50fd1', 'product_54', 180.0, 1);
INSERT INTO order_items (order_id, product_id, product_name, product_price, quantity)
VALUES ('44f49f59-b2cf-8247-2ad9-3da8394dfc86', '021231f4-e9fa-ecbb-5f2a-ad1321ca42ea', 'product_59', 230.0, 1);
INSERT INTO orders (id, venue_id, number, status, total_amount, opened_at, closed_at, table_number)
VALUES ('20ce4f9f-3732-c80c-8918-41b44a8333b3', '00000000-0000-0000-0000-000000000010', '7109', 'paid', 510.0, '2026-05-04 13:22:51', '2026-05-04 13:22:51', '10');
INSERT INTO order_items (order_id, product_id, product_name, product_price, quantity)
VALUES ('20ce4f9f-3732-c80c-8918-41b44a8333b3', 'b9bdca4d-a423-6c36-2351-10cf52ff0eec', 'product_230', 0.0, 2);
INSERT INTO order_items (order_id, product_id, product_name, product_price, quantity)
VALUES ('20ce4f9f-3732-c80c-8918-41b44a8333b3', '021231f4-e9fa-ecbb-5f2a-ad1321ca42ea', 'product_59', 230.0, 1);
INSERT INTO order_items (order_id, product_id, product_name, product_price, quantity)
VALUES ('20ce4f9f-3732-c80c-8918-41b44a8333b3', 'd46f67a1-e1dd-e079-0b5c-329f6422c4d4', 'product_60', 280.0, 1);
INSERT INTO orders (id, venue_id, number, status, total_amount, opened_at, closed_at, table_number)
VALUES ('714de898-e38c-4758-1423-5b3d0264c6ec', '00000000-0000-0000-0000-000000000010', '7107', 'paid', 200.0, '2026-05-04 10:01:06', '2026-05-04 10:01:06', '9');
INSERT INTO order_items (order_id, product_id, product_name, product_price, quantity)
VALUES ('714de898-e38c-4758-1423-5b3d0264c6ec', 'bb41c67e-d584-f041-47ad-12499e38aab2', 'product_241', 200.0, 1);
INSERT INTO payments (order_id, venue_id, method, amount)
VALUES ('714de898-e38c-4758-1423-5b3d0264c6ec', '00000000-0000-0000-0000-000000000010', 'cash', 200.0);
INSERT INTO orders (id, venue_id, number, status, total_amount, opened_at, closed_at, table_number)
VALUES ('bc0d77c6-2db0-62a6-f530-4ca8c32557f6', '00000000-0000-0000-0000-000000000010', '7097', 'paid', 3770.0, '2026-05-04 09:52:42', '2026-05-04 09:52:42', '11');
INSERT INTO order_items (order_id, product_id, product_name, product_price, quantity)
VALUES ('bc0d77c6-2db0-62a6-f530-4ca8c32557f6', '260b99e2-59bd-a3dc-c313-434aff0daf54', 'product_144', 190.0, 4);
INSERT INTO order_items (order_id, product_id, product_name, product_price, quantity)
VALUES ('bc0d77c6-2db0-62a6-f530-4ca8c32557f6', '1a9038b5-12c1-4b41-756a-ce6d8bb0fac8', 'product_114', 670.0, 1);
INSERT INTO order_items (order_id, product_id, product_name, product_price, quantity)
VALUES ('bc0d77c6-2db0-62a6-f530-4ca8c32557f6', '8b7920ef-e954-d760-2a69-99cafc830c2e', 'product_171', 270.0, 1);
INSERT INTO order_items (order_id, product_id, product_name, product_price, quantity)
VALUES ('bc0d77c6-2db0-62a6-f530-4ca8c32557f6', 'bc75aa2b-4910-21bf-56ff-d9769b039d8e', 'product_47', 220.0, 1);
INSERT INTO order_items (order_id, product_id, product_name, product_price, quantity)
VALUES ('bc0d77c6-2db0-62a6-f530-4ca8c32557f6', 'c0fb869e-f434-07cb-f666-b9f7e55d4032', 'product_113', 770.0, 1);
INSERT INTO order_items (order_id, product_id, product_name, product_price, quantity)
VALUES ('bc0d77c6-2db0-62a6-f530-4ca8c32557f6', 'f35a1ebf-94b4-c196-4fdb-5698a8e21330', 'product_170', 820.0, 1);
INSERT INTO order_items (order_id, product_id, product_name, product_price, quantity)
VALUES ('bc0d77c6-2db0-62a6-f530-4ca8c32557f6', '966437e8-b784-92e7-0afa-ff8bde6f1e53', 'product_145', 130.0, 2);
INSERT INTO payments (order_id, venue_id, method, amount)
VALUES ('bc0d77c6-2db0-62a6-f530-4ca8c32557f6', '00000000-0000-0000-0000-000000000010', 'card', 3770.0);
INSERT INTO orders (id, venue_id, number, status, total_amount, opened_at, closed_at, table_number)
VALUES ('fe86b663-3fec-3d26-d057-4f04ff5a1555', '00000000-0000-0000-0000-000000000010', '7089', 'paid', 3220.0, '2026-05-04 09:52:39', '2026-05-04 09:52:39', '11');
INSERT INTO order_items (order_id, product_id, product_name, product_price, quantity)
VALUES ('fe86b663-3fec-3d26-d057-4f04ff5a1555', '38432f7f-ba41-eaa0-7e46-d791008e4b02', 'product_6', 510.0, 1);
INSERT INTO order_items (order_id, product_id, product_name, product_price, quantity)
VALUES ('fe86b663-3fec-3d26-d057-4f04ff5a1555', 'b9bdca4d-a423-6c36-2351-10cf52ff0eec', 'product_230', 0.0, 1);
INSERT INTO order_items (order_id, product_id, product_name, product_price, quantity)
VALUES ('fe86b663-3fec-3d26-d057-4f04ff5a1555', 'd46f67a1-e1dd-e079-0b5c-329f6422c4d4', 'product_60', 280.0, 2);
INSERT INTO order_items (order_id, product_id, product_name, product_price, quantity)
VALUES ('fe86b663-3fec-3d26-d057-4f04ff5a1555', '8d266d35-f6a4-b267-e097-564510f7f857', 'product_12', 270.0, 1);
INSERT INTO order_items (order_id, product_id, product_name, product_price, quantity)
VALUES ('fe86b663-3fec-3d26-d057-4f04ff5a1555', '94d2bddc-c99f-2985-f8eb-9d8a4a995ad3', 'product_10', 300.0, 1);
INSERT INTO order_items (order_id, product_id, product_name, product_price, quantity)
VALUES ('fe86b663-3fec-3d26-d057-4f04ff5a1555', 'b627abd9-fb00-28f4-a09b-09fcb24019c0', 'product_132', 150.0, 8);
INSERT INTO order_items (order_id, product_id, product_name, product_price, quantity)
VALUES ('fe86b663-3fec-3d26-d057-4f04ff5a1555', '260b99e2-59bd-a3dc-c313-434aff0daf54', 'product_144', 190.0, 2);
INSERT INTO payments (order_id, venue_id, method, amount)
VALUES ('fe86b663-3fec-3d26-d057-4f04ff5a1555', '00000000-0000-0000-0000-000000000010', 'card', 2150.0);
INSERT INTO orders (id, venue_id, number, status, total_amount, opened_at, closed_at, table_number)
VALUES ('3edb5da0-ea60-17bd-bfaa-fa469d4f0949', '00000000-0000-0000-0000-000000000010', '7084', 'paid', 3730.0, '2026-05-04 09:52:34', '2026-05-04 09:52:34', '11');
INSERT INTO order_items (order_id, product_id, product_name, product_price, quantity)
VALUES ('3edb5da0-ea60-17bd-bfaa-fa469d4f0949', '4cb15d99-ad0e-d256-a257-afdad4bf887e', 'product_110', 1750.0, 1);
INSERT INTO order_items (order_id, product_id, product_name, product_price, quantity)
VALUES ('3edb5da0-ea60-17bd-bfaa-fa469d4f0949', '6599a59a-6cf7-70c9-0971-07a0078ce7cf', 'product_128', 380.0, 2);
INSERT INTO order_items (order_id, product_id, product_name, product_price, quantity)
VALUES ('3edb5da0-ea60-17bd-bfaa-fa469d4f0949', '09d9bcce-e54b-d518-c5bf-1c5d4b683d38', 'product_50', 200.0, 1);
INSERT INTO order_items (order_id, product_id, product_name, product_price, quantity)
VALUES ('3edb5da0-ea60-17bd-bfaa-fa469d4f0949', 'c10f6483-27d9-ca48-5e52-fb5a740be095', 'product_166', 40.0, 1);
INSERT INTO order_items (order_id, product_id, product_name, product_price, quantity)
VALUES ('3edb5da0-ea60-17bd-bfaa-fa469d4f0949', 'b627abd9-fb00-28f4-a09b-09fcb24019c0', 'product_132', 150.0, 4);
INSERT INTO order_items (order_id, product_id, product_name, product_price, quantity)
VALUES ('3edb5da0-ea60-17bd-bfaa-fa469d4f0949', '260b99e2-59bd-a3dc-c313-434aff0daf54', 'product_144', 190.0, 2);
INSERT INTO payments (order_id, venue_id, method, amount)
VALUES ('3edb5da0-ea60-17bd-bfaa-fa469d4f0949', '00000000-0000-0000-0000-000000000010', 'card', 3730.0);
INSERT INTO orders (id, venue_id, number, status, total_amount, opened_at, closed_at, table_number)
VALUES ('2468f47c-f6fb-be95-c41d-59021489bfea', '00000000-0000-0000-0000-000000000010', '7073', 'paid', 3970.0, '2026-05-04 09:52:28', '2026-05-04 09:52:28', '11');
INSERT INTO order_items (order_id, product_id, product_name, product_price, quantity)
VALUES ('2468f47c-f6fb-be95-c41d-59021489bfea', '260b99e2-59bd-a3dc-c313-434aff0daf54', 'product_144', 190.0, 1);
INSERT INTO order_items (order_id, product_id, product_name, product_price, quantity)
VALUES ('2468f47c-f6fb-be95-c41d-59021489bfea', 'f35a1ebf-94b4-c196-4fdb-5698a8e21330', 'product_170', 820.0, 1);
INSERT INTO order_items (order_id, product_id, product_name, product_price, quantity)
VALUES ('2468f47c-f6fb-be95-c41d-59021489bfea', '8b7920ef-e954-d760-2a69-99cafc830c2e', 'product_171', 270.0, 1);
INSERT INTO order_items (order_id, product_id, product_name, product_price, quantity)
VALUES ('2468f47c-f6fb-be95-c41d-59021489bfea', 'bc75aa2b-4910-21bf-56ff-d9769b039d8e', 'product_47', 220.0, 2);
INSERT INTO order_items (order_id, product_id, product_name, product_price, quantity)
VALUES ('2468f47c-f6fb-be95-c41d-59021489bfea', 'fdb6f575-fe3f-282e-93d0-1dad56530fa5', 'product_15', 640.0, 1);
INSERT INTO order_items (order_id, product_id, product_name, product_price, quantity)
VALUES ('2468f47c-f6fb-be95-c41d-59021489bfea', 'c0fb869e-f434-07cb-f666-b9f7e55d4032', 'product_113', 770.0, 1);
INSERT INTO order_items (order_id, product_id, product_name, product_price, quantity)
VALUES ('2468f47c-f6fb-be95-c41d-59021489bfea', '1d55740b-7a2f-ce7c-d33a-454fb2de27dc', 'product_155', 420.0, 2);
INSERT INTO payments (order_id, venue_id, method, amount)
VALUES ('2468f47c-f6fb-be95-c41d-59021489bfea', '00000000-0000-0000-0000-000000000010', 'card', 3970.0);
INSERT INTO orders (id, venue_id, number, status, total_amount, opened_at, closed_at, table_number)
VALUES ('795203c8-3db5-a5b1-0bbb-c3299a0f98bd', '00000000-0000-0000-0000-000000000010', '7106', 'paid', 2100.0, '2026-05-04 09:52:24', '2026-05-04 09:52:24', '1');
INSERT INTO order_items (order_id, product_id, product_name, product_price, quantity)
VALUES ('795203c8-3db5-a5b1-0bbb-c3299a0f98bd', '38432f7f-ba41-eaa0-7e46-d791008e4b02', 'product_6', 510.0, 1);
INSERT INTO order_items (order_id, product_id, product_name, product_price, quantity)
VALUES ('795203c8-3db5-a5b1-0bbb-c3299a0f98bd', 'b9bdca4d-a423-6c36-2351-10cf52ff0eec', 'product_230', 0.0, 1);
INSERT INTO order_items (order_id, product_id, product_name, product_price, quantity)
VALUES ('795203c8-3db5-a5b1-0bbb-c3299a0f98bd', 'd46f67a1-e1dd-e079-0b5c-329f6422c4d4', 'product_60', 280.0, 2);
INSERT INTO order_items (order_id, product_id, product_name, product_price, quantity)
VALUES ('795203c8-3db5-a5b1-0bbb-c3299a0f98bd', '8d266d35-f6a4-b267-e097-564510f7f857', 'product_12', 270.0, 1);
INSERT INTO order_items (order_id, product_id, product_name, product_price, quantity)
VALUES ('795203c8-3db5-a5b1-0bbb-c3299a0f98bd', '6599a59a-6cf7-70c9-0971-07a0078ce7cf', 'product_128', 380.0, 2);
INSERT INTO payments (order_id, venue_id, method, amount)
VALUES ('795203c8-3db5-a5b1-0bbb-c3299a0f98bd', '00000000-0000-0000-0000-000000000010', 'card', 760.0);
INSERT INTO orders (id, venue_id, number, status, total_amount, opened_at, closed_at, table_number)
VALUES ('82094328-282a-d69e-5156-db8b346d8192', '00000000-0000-0000-0000-000000000010', '7091', 'paid', 0.0, '2026-05-03 23:01:20', '2026-05-03 23:01:20', '9');
INSERT INTO order_items (order_id, product_id, product_name, product_price, quantity)
VALUES ('82094328-282a-d69e-5156-db8b346d8192', '82c55340-bd07-2a9a-a6cc-6ce377f958f2', 'product_148', 0.0, 3);
INSERT INTO order_items (order_id, product_id, product_name, product_price, quantity)
VALUES ('82094328-282a-d69e-5156-db8b346d8192', '82c55340-bd07-2a9a-a6cc-6ce377f958f2', 'product_148', 0.0, 1);
INSERT INTO order_items (order_id, product_id, product_name, product_price, quantity)
VALUES ('82094328-282a-d69e-5156-db8b346d8192', '12dd0c72-4671-5cd8-b7da-98389426555c', 'product_228', 0.0, 1);
INSERT INTO orders (id, venue_id, number, status, total_amount, opened_at, closed_at, table_number)
VALUES ('bab361bf-ef28-dbef-52e1-d8364624a39b', '00000000-0000-0000-0000-000000000010', '7105', 'paid', 480.0, '2026-05-03 22:23:17', '2026-05-03 22:23:17', '1');
INSERT INTO order_items (order_id, product_id, product_name, product_price, quantity)
VALUES ('bab361bf-ef28-dbef-52e1-d8364624a39b', '120437cb-67b8-9406-9251-d8a348262f65', 'product_135', 480.0, 1);
INSERT INTO payments (order_id, venue_id, method, amount)
VALUES ('bab361bf-ef28-dbef-52e1-d8364624a39b', '00000000-0000-0000-0000-000000000010', 'card', 480.0);
INSERT INTO orders (id, venue_id, number, status, total_amount, opened_at, closed_at, table_number)
VALUES ('ad491c20-724f-4f13-0e70-2b4c35ce98dd', '00000000-0000-0000-0000-000000000010', '7104', 'paid', 480.0, '2026-05-03 21:48:23', '2026-05-03 21:48:23', '1');
INSERT INTO order_items (order_id, product_id, product_name, product_price, quantity)
VALUES ('ad491c20-724f-4f13-0e70-2b4c35ce98dd', '120437cb-67b8-9406-9251-d8a348262f65', 'product_135', 480.0, 1);
INSERT INTO payments (order_id, venue_id, method, amount)
VALUES ('ad491c20-724f-4f13-0e70-2b4c35ce98dd', '00000000-0000-0000-0000-000000000010', 'cash', 480.0);
INSERT INTO orders (id, venue_id, number, status, total_amount, opened_at, closed_at, table_number)
VALUES ('47b2f0ba-524d-2eda-5fcb-ee9e5afa1c87', '00000000-0000-0000-0000-000000000010', '7099', 'paid', 4850.0, '2026-05-03 21:15:37', '2026-05-03 21:15:37', '7');
INSERT INTO order_items (order_id, product_id, product_name, product_price, quantity)
VALUES ('47b2f0ba-524d-2eda-5fcb-ee9e5afa1c87', '951f4bf6-be55-0e75-59a9-7e580a0d07c4', 'product_14', 640.0, 1);
INSERT INTO order_items (order_id, product_id, product_name, product_price, quantity)
VALUES ('47b2f0ba-524d-2eda-5fcb-ee9e5afa1c87', '86712b3a-562c-f614-e8fa-56c456824301', 'product_134', 500.0, 2);
INSERT INTO order_items (order_id, product_id, product_name, product_price, quantity)
VALUES ('47b2f0ba-524d-2eda-5fcb-ee9e5afa1c87', '260b99e2-59bd-a3dc-c313-434aff0daf54', 'product_144', 190.0, 3);
INSERT INTO order_items (order_id, product_id, product_name, product_price, quantity)
VALUES ('47b2f0ba-524d-2eda-5fcb-ee9e5afa1c87', '81b3193a-f1f9-6ba6-5630-5c911f0c4a69', 'product_48', 220.0, 1);
INSERT INTO order_items (order_id, product_id, product_name, product_price, quantity)
VALUES ('47b2f0ba-524d-2eda-5fcb-ee9e5afa1c87', '5c3938ac-271e-5674-37aa-116c20435202', 'product_234', 370.0, 1);
INSERT INTO order_items (order_id, product_id, product_name, product_price, quantity)
VALUES ('47b2f0ba-524d-2eda-5fcb-ee9e5afa1c87', '966437e8-b784-92e7-0afa-ff8bde6f1e53', 'product_145', 130.0, 1);
INSERT INTO order_items (order_id, product_id, product_name, product_price, quantity)
VALUES ('47b2f0ba-524d-2eda-5fcb-ee9e5afa1c87', '120437cb-67b8-9406-9251-d8a348262f65', 'product_135', 480.0, 4);
INSERT INTO payments (order_id, venue_id, method, amount)
VALUES ('47b2f0ba-524d-2eda-5fcb-ee9e5afa1c87', '00000000-0000-0000-0000-000000000010', 'card', 4850.0);
INSERT INTO orders (id, venue_id, number, status, total_amount, opened_at, closed_at, table_number)
VALUES ('a771f66e-fbe4-44cd-849d-c7889c59c6b1', '00000000-0000-0000-0000-000000000010', '7102', 'paid', 1660.0, '2026-05-03 21:11:06', '2026-05-03 21:11:06', '2');
INSERT INTO order_items (order_id, product_id, product_name, product_price, quantity)
VALUES ('a771f66e-fbe4-44cd-849d-c7889c59c6b1', '1a9038b5-12c1-4b41-756a-ce6d8bb0fac8', 'product_114', 670.0, 1);
INSERT INTO order_items (order_id, product_id, product_name, product_price, quantity)
VALUES ('a771f66e-fbe4-44cd-849d-c7889c59c6b1', '0f7cfc79-3a3f-41ac-1aa4-b27431de9236', 'product_29', 620.0, 1);
INSERT INTO order_items (order_id, product_id, product_name, product_price, quantity)
VALUES ('a771f66e-fbe4-44cd-849d-c7889c59c6b1', 'f35ae6ee-40da-7479-c64b-612bff507023', 'product_31', 370.0, 1);
INSERT INTO payments (order_id, venue_id, method, amount)
VALUES ('a771f66e-fbe4-44cd-849d-c7889c59c6b1', '00000000-0000-0000-0000-000000000010', 'card', 1660.0);
INSERT INTO orders (id, venue_id, number, status, total_amount, opened_at, closed_at, table_number)
VALUES ('4a0d6e3e-7b8a-9203-a652-b8028d6ce8d9', '00000000-0000-0000-0000-000000000010', '7103', 'paid', 200.0, '2026-05-03 20:01:33', '2026-05-03 20:01:33', '1');
INSERT INTO order_items (order_id, product_id, product_name, product_price, quantity)
VALUES ('4a0d6e3e-7b8a-9203-a652-b8028d6ce8d9', 'bb41c67e-d584-f041-47ad-12499e38aab2', 'product_241', 200.0, 1);
INSERT INTO payments (order_id, venue_id, method, amount)
VALUES ('4a0d6e3e-7b8a-9203-a652-b8028d6ce8d9', '00000000-0000-0000-0000-000000000010', 'card', 200.0);
INSERT INTO orders (id, venue_id, number, status, total_amount, opened_at, closed_at, table_number)
VALUES ('519b9670-ee6c-fff2-2a90-8e8dc5410156', '00000000-0000-0000-0000-000000000010', '7100', 'paid', 2690.0, '2026-05-03 19:27:58', '2026-05-03 19:27:58', '2');
INSERT INTO order_items (order_id, product_id, product_name, product_price, quantity)
VALUES ('519b9670-ee6c-fff2-2a90-8e8dc5410156', '8b7920ef-e954-d760-2a69-99cafc830c2e', 'product_171', 270.0, 2);
INSERT INTO order_items (order_id, product_id, product_name, product_price, quantity)
VALUES ('519b9670-ee6c-fff2-2a90-8e8dc5410156', 'c0fb869e-f434-07cb-f666-b9f7e55d4032', 'product_113', 770.0, 1);
INSERT INTO order_items (order_id, product_id, product_name, product_price, quantity)
VALUES ('519b9670-ee6c-fff2-2a90-8e8dc5410156', '0f7cfc79-3a3f-41ac-1aa4-b27431de9236', 'product_29', 620.0, 1);
INSERT INTO order_items (order_id, product_id, product_name, product_price, quantity)
VALUES ('519b9670-ee6c-fff2-2a90-8e8dc5410156', '3e9ef73d-3da6-3a82-456a-d27d4a1c4254', 'product_49', 220.0, 1);
INSERT INTO order_items (order_id, product_id, product_name, product_price, quantity)
VALUES ('519b9670-ee6c-fff2-2a90-8e8dc5410156', 'a2b39819-292c-0b80-799d-c77d7020fc9d', 'product_34', 190.0, 1);
INSERT INTO order_items (order_id, product_id, product_name, product_price, quantity)
VALUES ('519b9670-ee6c-fff2-2a90-8e8dc5410156', '5b7828a6-fad3-dc3f-06c7-979905efbff1', 'product_61', 350.0, 1);
INSERT INTO payments (order_id, venue_id, method, amount)
VALUES ('519b9670-ee6c-fff2-2a90-8e8dc5410156', '00000000-0000-0000-0000-000000000010', 'cash', 2690.0);
INSERT INTO orders (id, venue_id, number, status, total_amount, opened_at, closed_at, table_number)
VALUES ('8f9b524e-e64a-7ad4-bcb4-56b8daf57925', '00000000-0000-0000-0000-000000000010', '7061', 'paid', 6540.0, '2026-05-03 19:08:55', '2026-05-03 19:08:55', '14');
INSERT INTO order_items (order_id, product_id, product_name, product_price, quantity)
VALUES ('8f9b524e-e64a-7ad4-bcb4-56b8daf57925', 'c0fb869e-f434-07cb-f666-b9f7e55d4032', 'product_113', 770.0, 2);
INSERT INTO order_items (order_id, product_id, product_name, product_price, quantity)
VALUES ('8f9b524e-e64a-7ad4-bcb4-56b8daf57925', 'f5e07166-faf7-d429-5419-891577dc4984', 'product_180', 1750.0, 1);
INSERT INTO order_items (order_id, product_id, product_name, product_price, quantity)
VALUES ('8f9b524e-e64a-7ad4-bcb4-56b8daf57925', '4cb15d99-ad0e-d256-a257-afdad4bf887e', 'product_110', 1750.0, 1);
INSERT INTO order_items (order_id, product_id, product_name, product_price, quantity)
VALUES ('8f9b524e-e64a-7ad4-bcb4-56b8daf57925', 'b627abd9-fb00-28f4-a09b-09fcb24019c0', 'product_132', 150.0, 6);
INSERT INTO order_items (order_id, product_id, product_name, product_price, quantity)
VALUES ('8f9b524e-e64a-7ad4-bcb4-56b8daf57925', '94d2bddc-c99f-2985-f8eb-9d8a4a995ad3', 'product_10', 300.0, 2);
INSERT INTO payments (order_id, venue_id, method, amount)
VALUES ('8f9b524e-e64a-7ad4-bcb4-56b8daf57925', '00000000-0000-0000-0000-000000000010', 'card', 6540.0);
INSERT INTO orders (id, venue_id, number, status, total_amount, opened_at, closed_at, table_number)
VALUES ('56e44443-8040-fb8a-365e-0ef07e0d45f5', '00000000-0000-0000-0000-000000000010', '7101', 'paid', 370.0, '2026-05-03 18:51:12', '2026-05-03 18:51:12', '1');
INSERT INTO order_items (order_id, product_id, product_name, product_price, quantity)
VALUES ('56e44443-8040-fb8a-365e-0ef07e0d45f5', '7a291d79-c795-0f76-118b-25d10a078238', 'product_191', 370.0, 1);
INSERT INTO payments (order_id, venue_id, method, amount)
VALUES ('56e44443-8040-fb8a-365e-0ef07e0d45f5', '00000000-0000-0000-0000-000000000010', 'card', 370.0);
INSERT INTO orders (id, venue_id, number, status, total_amount, opened_at, closed_at, table_number)
VALUES ('b089c4ec-1415-08a0-06bb-564bb5ba4043', '00000000-0000-0000-0000-000000000010', '7098', 'paid', 370.0, '2026-05-03 16:01:38', '2026-05-03 16:01:38', '7');
INSERT INTO order_items (order_id, product_id, product_name, product_price, quantity)
VALUES ('b089c4ec-1415-08a0-06bb-564bb5ba4043', '09d404dd-f87b-b319-4eda-9ce7c697868d', 'product_32', 370.0, 1);
INSERT INTO payments (order_id, venue_id, method, amount)
VALUES ('b089c4ec-1415-08a0-06bb-564bb5ba4043', '00000000-0000-0000-0000-000000000010', 'card', 370.0);
INSERT INTO orders (id, venue_id, number, status, total_amount, opened_at, closed_at, table_number)
VALUES ('239e3705-f418-1ad0-2559-5d8284039613', '00000000-0000-0000-0000-000000000010', '7095', 'paid', 5310.0, '2026-05-03 15:53:02', '2026-05-03 15:53:02', '1');
INSERT INTO order_items (order_id, product_id, product_name, product_price, quantity)
VALUES ('239e3705-f418-1ad0-2559-5d8284039613', 'c0fb869e-f434-07cb-f666-b9f7e55d4032', 'product_113', 770.0, 2);
INSERT INTO order_items (order_id, product_id, product_name, product_price, quantity)
VALUES ('239e3705-f418-1ad0-2559-5d8284039613', 'badf5f45-b516-78fa-fbe7-ff32ed526953', 'product_226', 720.0, 2);
INSERT INTO order_items (order_id, product_id, product_name, product_price, quantity)
VALUES ('239e3705-f418-1ad0-2559-5d8284039613', '951f4bf6-be55-0e75-59a9-7e580a0d07c4', 'product_14', 640.0, 1);
INSERT INTO order_items (order_id, product_id, product_name, product_price, quantity)
VALUES ('239e3705-f418-1ad0-2559-5d8284039613', '0caff6fe-c574-8665-33ca-5f2cee71ebb2', 'product_35', 190.0, 1);
INSERT INTO order_items (order_id, product_id, product_name, product_price, quantity)
VALUES ('239e3705-f418-1ad0-2559-5d8284039613', 'a2b39819-292c-0b80-799d-c77d7020fc9d', 'product_34', 190.0, 2);
INSERT INTO order_items (order_id, product_id, product_name, product_price, quantity)
VALUES ('239e3705-f418-1ad0-2559-5d8284039613', 'f35a1ebf-94b4-c196-4fdb-5698a8e21330', 'product_170', 820.0, 1);
INSERT INTO order_items (order_id, product_id, product_name, product_price, quantity)
VALUES ('239e3705-f418-1ad0-2559-5d8284039613', 'b627abd9-fb00-28f4-a09b-09fcb24019c0', 'product_132', 150.0, 2);
INSERT INTO payments (order_id, venue_id, method, amount)
VALUES ('239e3705-f418-1ad0-2559-5d8284039613', '00000000-0000-0000-0000-000000000010', 'card', 5310.0);
INSERT INTO orders (id, venue_id, number, status, total_amount, opened_at, closed_at, table_number)
VALUES ('7a411ea4-fa69-96bd-6fd6-f2e876b028c0', '00000000-0000-0000-0000-000000000010', '7096', 'paid', 1730.0, '2026-05-03 15:00:57', '2026-05-03 15:00:57', '2');
INSERT INTO order_items (order_id, product_id, product_name, product_price, quantity)
VALUES ('7a411ea4-fa69-96bd-6fd6-f2e876b028c0', 'c0fb869e-f434-07cb-f666-b9f7e55d4032', 'product_113', 770.0, 2);
INSERT INTO order_items (order_id, product_id, product_name, product_price, quantity)
VALUES ('7a411ea4-fa69-96bd-6fd6-f2e876b028c0', '0caff6fe-c574-8665-33ca-5f2cee71ebb2', 'product_35', 190.0, 1);
INSERT INTO payments (order_id, venue_id, method, amount)
VALUES ('7a411ea4-fa69-96bd-6fd6-f2e876b028c0', '00000000-0000-0000-0000-000000000010', 'card', 1730.0);
INSERT INTO orders (id, venue_id, number, status, total_amount, opened_at, closed_at, table_number)
VALUES ('f4076c76-1ea6-3f12-fea6-7d229c7715e1', '00000000-0000-0000-0000-000000000010', '7094', 'paid', 6110.0, '2026-05-03 13:21:46', '2026-05-03 13:21:46', '7');
INSERT INTO order_items (order_id, product_id, product_name, product_price, quantity)
VALUES ('f4076c76-1ea6-3f12-fea6-7d229c7715e1', '81b3193a-f1f9-6ba6-5630-5c911f0c4a69', 'product_48', 220.0, 1);
INSERT INTO order_items (order_id, product_id, product_name, product_price, quantity)
VALUES ('f4076c76-1ea6-3f12-fea6-7d229c7715e1', '8b7920ef-e954-d760-2a69-99cafc830c2e', 'product_171', 270.0, 1);
INSERT INTO order_items (order_id, product_id, product_name, product_price, quantity)
VALUES ('f4076c76-1ea6-3f12-fea6-7d229c7715e1', 'c0fb869e-f434-07cb-f666-b9f7e55d4032', 'product_113', 770.0, 2);
INSERT INTO order_items (order_id, product_id, product_name, product_price, quantity)
VALUES ('f4076c76-1ea6-3f12-fea6-7d229c7715e1', '0f7cfc79-3a3f-41ac-1aa4-b27431de9236', 'product_29', 620.0, 1);
INSERT INTO order_items (order_id, product_id, product_name, product_price, quantity)
VALUES ('f4076c76-1ea6-3f12-fea6-7d229c7715e1', '7f688518-4003-c783-7333-b947a8856b49', 'product_28', 470.0, 1);
INSERT INTO order_items (order_id, product_id, product_name, product_price, quantity)
VALUES ('f4076c76-1ea6-3f12-fea6-7d229c7715e1', '951f4bf6-be55-0e75-59a9-7e580a0d07c4', 'product_14', 640.0, 1);
INSERT INTO order_items (order_id, product_id, product_name, product_price, quantity)
VALUES ('f4076c76-1ea6-3f12-fea6-7d229c7715e1', '6e00b5a0-6b62-d942-73e4-86982bcae389', 'product_21', 1370.0, 1);
INSERT INTO order_items (order_id, product_id, product_name, product_price, quantity)
VALUES ('f4076c76-1ea6-3f12-fea6-7d229c7715e1', '0caff6fe-c574-8665-33ca-5f2cee71ebb2', 'product_35', 190.0, 2);
INSERT INTO order_items (order_id, product_id, product_name, product_price, quantity)
VALUES ('f4076c76-1ea6-3f12-fea6-7d229c7715e1', '7c7c305a-92ed-bc40-0bb5-1155fc4e313f', 'product_99', 220.0, 1);
INSERT INTO order_items (order_id, product_id, product_name, product_price, quantity)
VALUES ('f4076c76-1ea6-3f12-fea6-7d229c7715e1', '260b99e2-59bd-a3dc-c313-434aff0daf54', 'product_144', 190.0, 2);
INSERT INTO payments (order_id, venue_id, method, amount)
VALUES ('f4076c76-1ea6-3f12-fea6-7d229c7715e1', '00000000-0000-0000-0000-000000000010', 'card', 6110.0);
INSERT INTO orders (id, venue_id, number, status, total_amount, opened_at, closed_at, table_number)
VALUES ('ea0558bc-5135-e463-70ff-790bb16521ba', '00000000-0000-0000-0000-000000000010', '7090', 'paid', 1020.0, '2026-05-03 12:15:13', '2026-05-03 12:15:13', '13');
INSERT INTO order_items (order_id, product_id, product_name, product_price, quantity)
VALUES ('ea0558bc-5135-e463-70ff-790bb16521ba', '38432f7f-ba41-eaa0-7e46-d791008e4b02', 'product_6', 510.0, 1);
INSERT INTO order_items (order_id, product_id, product_name, product_price, quantity)
VALUES ('ea0558bc-5135-e463-70ff-790bb16521ba', 'b9bdca4d-a423-6c36-2351-10cf52ff0eec', 'product_230', 0.0, 1);
INSERT INTO order_items (order_id, product_id, product_name, product_price, quantity)
VALUES ('ea0558bc-5135-e463-70ff-790bb16521ba', '021231f4-e9fa-ecbb-5f2a-ad1321ca42ea', 'product_59', 230.0, 1);
INSERT INTO order_items (order_id, product_id, product_name, product_price, quantity)
VALUES ('ea0558bc-5135-e463-70ff-790bb16521ba', 'd46f67a1-e1dd-e079-0b5c-329f6422c4d4', 'product_60', 280.0, 1);
INSERT INTO orders (id, venue_id, number, status, total_amount, opened_at, closed_at, table_number)
VALUES ('5629dbd6-11b2-7ef2-ccab-f8fdfdf68655', '00000000-0000-0000-0000-000000000010', '7086', 'paid', 1130.0, '2026-05-03 12:15:08', '2026-05-03 12:15:08', '10');
INSERT INTO order_items (order_id, product_id, product_name, product_price, quantity)
VALUES ('5629dbd6-11b2-7ef2-ccab-f8fdfdf68655', '38432f7f-ba41-eaa0-7e46-d791008e4b02', 'product_6', 510.0, 1);
INSERT INTO order_items (order_id, product_id, product_name, product_price, quantity)
VALUES ('5629dbd6-11b2-7ef2-ccab-f8fdfdf68655', '2836be19-8d27-0aa1-68ed-3bbc6cf94fb8', 'product_13', 270.0, 1);
INSERT INTO order_items (order_id, product_id, product_name, product_price, quantity)
VALUES ('5629dbd6-11b2-7ef2-ccab-f8fdfdf68655', 'ec61223f-a380-dd08-f9eb-461b3c2f80e6', 'product_163', 120.0, 1);
INSERT INTO order_items (order_id, product_id, product_name, product_price, quantity)
VALUES ('5629dbd6-11b2-7ef2-ccab-f8fdfdf68655', '021231f4-e9fa-ecbb-5f2a-ad1321ca42ea', 'product_59', 230.0, 1);
INSERT INTO orders (id, venue_id, number, status, total_amount, opened_at, closed_at, table_number)
VALUES ('256d5ef5-357b-d5a1-419a-afa50012b440', '00000000-0000-0000-0000-000000000010', '7093', 'paid', 1200.0, '2026-05-03 12:03:57', '2026-05-03 12:03:57', '7');
INSERT INTO order_items (order_id, product_id, product_name, product_price, quantity)
VALUES ('256d5ef5-357b-d5a1-419a-afa50012b440', '021231f4-e9fa-ecbb-5f2a-ad1321ca42ea', 'product_59', 230.0, 1);
INSERT INTO order_items (order_id, product_id, product_name, product_price, quantity)
VALUES ('256d5ef5-357b-d5a1-419a-afa50012b440', '38432f7f-ba41-eaa0-7e46-d791008e4b02', 'product_6', 510.0, 1);
INSERT INTO order_items (order_id, product_id, product_name, product_price, quantity)
VALUES ('256d5ef5-357b-d5a1-419a-afa50012b440', '7b0b5f60-47be-c07e-9585-af9a20b6d773', 'product_9', 460.0, 1);
INSERT INTO payments (order_id, venue_id, method, amount)
VALUES ('256d5ef5-357b-d5a1-419a-afa50012b440', '00000000-0000-0000-0000-000000000010', 'cash', 1200.0);
INSERT INTO orders (id, venue_id, number, status, total_amount, opened_at, closed_at, table_number)
VALUES ('5226bf59-f02f-e434-1b58-01d96ed1d5e3', '00000000-0000-0000-0000-000000000010', '7092', 'paid', 1010.0, '2026-05-03 11:27:15', '2026-05-03 11:27:15', '1');
INSERT INTO order_items (order_id, product_id, product_name, product_price, quantity)
VALUES ('5226bf59-f02f-e434-1b58-01d96ed1d5e3', 'd46f67a1-e1dd-e079-0b5c-329f6422c4d4', 'product_60', 280.0, 1);
INSERT INTO order_items (order_id, product_id, product_name, product_price, quantity)
VALUES ('5226bf59-f02f-e434-1b58-01d96ed1d5e3', '021231f4-e9fa-ecbb-5f2a-ad1321ca42ea', 'product_59', 230.0, 1);
INSERT INTO order_items (order_id, product_id, product_name, product_price, quantity)
VALUES ('5226bf59-f02f-e434-1b58-01d96ed1d5e3', '1b4182a4-6b08-de8c-21f6-c0a2236991f0', 'product_185', 500.0, 1);
INSERT INTO payments (order_id, venue_id, method, amount)
VALUES ('5226bf59-f02f-e434-1b58-01d96ed1d5e3', '00000000-0000-0000-0000-000000000010', 'card', 1010.0);
INSERT INTO orders (id, venue_id, number, status, total_amount, opened_at, closed_at, table_number)
VALUES ('7b7269bd-ee80-fe7c-9d44-e6a5d068379b', '00000000-0000-0000-0000-000000000010', '7083', 'paid', 4800.0, '2026-05-03 10:13:50', '2026-05-03 10:13:50', '10');
INSERT INTO order_items (order_id, product_id, product_name, product_price, quantity)
VALUES ('7b7269bd-ee80-fe7c-9d44-e6a5d068379b', '951f4bf6-be55-0e75-59a9-7e580a0d07c4', 'product_14', 640.0, 1);
INSERT INTO order_items (order_id, product_id, product_name, product_price, quantity)
VALUES ('7b7269bd-ee80-fe7c-9d44-e6a5d068379b', '6e00b5a0-6b62-d942-73e4-86982bcae389', 'product_21', 1370.0, 2);
INSERT INTO order_items (order_id, product_id, product_name, product_price, quantity)
VALUES ('7b7269bd-ee80-fe7c-9d44-e6a5d068379b', '9a06fa1f-d2b5-1b6f-d6c5-37c2ffa3adfd', 'product_168', 640.0, 1);
INSERT INTO order_items (order_id, product_id, product_name, product_price, quantity)
VALUES ('7b7269bd-ee80-fe7c-9d44-e6a5d068379b', '5c3938ac-271e-5674-37aa-116c20435202', 'product_234', 370.0, 1);
INSERT INTO order_items (order_id, product_id, product_name, product_price, quantity)
VALUES ('7b7269bd-ee80-fe7c-9d44-e6a5d068379b', '0caff6fe-c574-8665-33ca-5f2cee71ebb2', 'product_35', 190.0, 1);
INSERT INTO order_items (order_id, product_id, product_name, product_price, quantity)
VALUES ('7b7269bd-ee80-fe7c-9d44-e6a5d068379b', '7c7c305a-92ed-bc40-0bb5-1155fc4e313f', 'product_99', 220.0, 1);
INSERT INTO payments (order_id, venue_id, method, amount)
VALUES ('7b7269bd-ee80-fe7c-9d44-e6a5d068379b', '00000000-0000-0000-0000-000000000010', 'card', 4800.0);
INSERT INTO orders (id, venue_id, number, status, total_amount, opened_at, closed_at, table_number)
VALUES ('acb7e61c-25ba-0261-7b41-43a5cc717faf', '00000000-0000-0000-0000-000000000010', '7088', 'paid', 2930.0, '2026-05-03 10:04:59', '2026-05-03 10:04:59', '12');
INSERT INTO order_items (order_id, product_id, product_name, product_price, quantity)
VALUES ('acb7e61c-25ba-0261-7b41-43a5cc717faf', '94d2bddc-c99f-2985-f8eb-9d8a4a995ad3', 'product_10', 300.0, 3);
INSERT INTO order_items (order_id, product_id, product_name, product_price, quantity)
VALUES ('acb7e61c-25ba-0261-7b41-43a5cc717faf', '021231f4-e9fa-ecbb-5f2a-ad1321ca42ea', 'product_59', 230.0, 1);
INSERT INTO order_items (order_id, product_id, product_name, product_price, quantity)
VALUES ('acb7e61c-25ba-0261-7b41-43a5cc717faf', 'a2b39819-292c-0b80-799d-c77d7020fc9d', 'product_34', 190.0, 1);
INSERT INTO order_items (order_id, product_id, product_name, product_price, quantity)
VALUES ('acb7e61c-25ba-0261-7b41-43a5cc717faf', '2836be19-8d27-0aa1-68ed-3bbc6cf94fb8', 'product_13', 270.0, 3);
INSERT INTO order_items (order_id, product_id, product_name, product_price, quantity)
VALUES ('acb7e61c-25ba-0261-7b41-43a5cc717faf', '5c3938ac-271e-5674-37aa-116c20435202', 'product_234', 370.0, 1);
INSERT INTO order_items (order_id, product_id, product_name, product_price, quantity)
VALUES ('acb7e61c-25ba-0261-7b41-43a5cc717faf', 'f17e6b93-235c-e217-e8bb-314b22b364b3', 'product_206', 430.0, 1);
INSERT INTO payments (order_id, venue_id, method, amount)
VALUES ('acb7e61c-25ba-0261-7b41-43a5cc717faf', '00000000-0000-0000-0000-000000000010', 'card', 1610.0);
INSERT INTO orders (id, venue_id, number, status, total_amount, opened_at, closed_at, table_number)
VALUES ('ca50601e-0831-7d6a-946b-c040edb6f112', '00000000-0000-0000-0000-000000000010', '7085', 'paid', 1010.0, '2026-05-02 22:00:19', '2026-05-02 22:00:19', '7');
INSERT INTO order_items (order_id, product_id, product_name, product_price, quantity)
VALUES ('ca50601e-0831-7d6a-946b-c040edb6f112', '5c3938ac-271e-5674-37aa-116c20435202', 'product_234', 370.0, 1);
INSERT INTO order_items (order_id, product_id, product_name, product_price, quantity)
VALUES ('ca50601e-0831-7d6a-946b-c040edb6f112', '9a06fa1f-d2b5-1b6f-d6c5-37c2ffa3adfd', 'product_168', 640.0, 1);
INSERT INTO payments (order_id, venue_id, method, amount)
VALUES ('ca50601e-0831-7d6a-946b-c040edb6f112', '00000000-0000-0000-0000-000000000010', 'card', 1010.0);
INSERT INTO orders (id, venue_id, number, status, total_amount, opened_at, closed_at, table_number)
VALUES ('6b11ac6b-61fc-8352-f2ce-bf5244ed43e6', '00000000-0000-0000-0000-000000000010', '7087', 'paid', 0.0, '2026-05-02 21:57:33', '2026-05-02 21:57:33', '9');
INSERT INTO order_items (order_id, product_id, product_name, product_price, quantity)
VALUES ('6b11ac6b-61fc-8352-f2ce-bf5244ed43e6', '12dd0c72-4671-5cd8-b7da-98389426555c', 'product_228', 0.0, 1);
INSERT INTO order_items (order_id, product_id, product_name, product_price, quantity)
VALUES ('6b11ac6b-61fc-8352-f2ce-bf5244ed43e6', '82c55340-bd07-2a9a-a6cc-6ce377f958f2', 'product_148', 0.0, 1);
INSERT INTO orders (id, venue_id, number, status, total_amount, opened_at, closed_at, table_number)
VALUES ('cea16374-308f-908b-5c46-12386764a663', '00000000-0000-0000-0000-000000000010', '7081', 'paid', 3440.0, '2026-05-02 20:57:51', '2026-05-02 20:57:51', '12');
INSERT INTO order_items (order_id, product_id, product_name, product_price, quantity)
VALUES ('cea16374-308f-908b-5c46-12386764a663', '1649694a-a1df-1a36-ccd0-08ba48ab2fd1', 'product_36', 550.0, 1);
INSERT INTO order_items (order_id, product_id, product_name, product_price, quantity)
VALUES ('cea16374-308f-908b-5c46-12386764a663', 'e81dc667-2a7e-c5f0-b886-e7a3451b0fd2', 'product_219', 570.0, 3);
INSERT INTO order_items (order_id, product_id, product_name, product_price, quantity)
VALUES ('cea16374-308f-908b-5c46-12386764a663', 'fdb6f575-fe3f-282e-93d0-1dad56530fa5', 'product_15', 640.0, 1);
INSERT INTO order_items (order_id, product_id, product_name, product_price, quantity)
VALUES ('cea16374-308f-908b-5c46-12386764a663', '81b3193a-f1f9-6ba6-5630-5c911f0c4a69', 'product_48', 220.0, 1);
INSERT INTO order_items (order_id, product_id, product_name, product_price, quantity)
VALUES ('cea16374-308f-908b-5c46-12386764a663', '09d9bcce-e54b-d518-c5bf-1c5d4b683d38', 'product_50', 200.0, 1);
INSERT INTO order_items (order_id, product_id, product_name, product_price, quantity)
VALUES ('cea16374-308f-908b-5c46-12386764a663', 'ec61223f-a380-dd08-f9eb-461b3c2f80e6', 'product_163', 120.0, 1);
INSERT INTO payments (order_id, venue_id, method, amount)
VALUES ('cea16374-308f-908b-5c46-12386764a663', '00000000-0000-0000-0000-000000000010', 'card', 3440.0);
INSERT INTO orders (id, venue_id, number, status, total_amount, opened_at, closed_at, table_number)
VALUES ('aa3ddeca-9a86-90c2-731a-16b5e74c763b', '00000000-0000-0000-0000-000000000010', '7074', 'paid', 4090.0, '2026-05-02 20:11:00', '2026-05-02 20:11:00', '15');
INSERT INTO order_items (order_id, product_id, product_name, product_price, quantity)
VALUES ('aa3ddeca-9a86-90c2-731a-16b5e74c763b', '7ddbed72-7deb-5ee4-0634-41d52192bad1', 'product_23', 1750.0, 1);
INSERT INTO order_items (order_id, product_id, product_name, product_price, quantity)
VALUES ('aa3ddeca-9a86-90c2-731a-16b5e74c763b', 'f5e07166-faf7-d429-5419-891577dc4984', 'product_180', 1750.0, 1);
INSERT INTO order_items (order_id, product_id, product_name, product_price, quantity)
VALUES ('aa3ddeca-9a86-90c2-731a-16b5e74c763b', '5c3938ac-271e-5674-37aa-116c20435202', 'product_234', 370.0, 1);
INSERT INTO order_items (order_id, product_id, product_name, product_price, quantity)
VALUES ('aa3ddeca-9a86-90c2-731a-16b5e74c763b', '7c7c305a-92ed-bc40-0bb5-1155fc4e313f', 'product_99', 220.0, 1);
INSERT INTO payments (order_id, venue_id, method, amount)
VALUES ('aa3ddeca-9a86-90c2-731a-16b5e74c763b', '00000000-0000-0000-0000-000000000010', 'cash', 4090.0);
INSERT INTO orders (id, venue_id, number, status, total_amount, opened_at, closed_at, table_number)
VALUES ('cefad5ad-5524-6983-2311-0fca43934cd4', '00000000-0000-0000-0000-000000000010', '7080', 'paid', 830.0, '2026-05-02 20:05:04', '2026-05-02 20:05:04', '2');
INSERT INTO order_items (order_id, product_id, product_name, product_price, quantity)
VALUES ('cefad5ad-5524-6983-2311-0fca43934cd4', '0caff6fe-c574-8665-33ca-5f2cee71ebb2', 'product_35', 190.0, 1);
INSERT INTO order_items (order_id, product_id, product_name, product_price, quantity)
VALUES ('cefad5ad-5524-6983-2311-0fca43934cd4', 'fdb6f575-fe3f-282e-93d0-1dad56530fa5', 'product_15', 640.0, 1);
INSERT INTO payments (order_id, venue_id, method, amount)
VALUES ('cefad5ad-5524-6983-2311-0fca43934cd4', '00000000-0000-0000-0000-000000000010', 'card', 830.0);
INSERT INTO orders (id, venue_id, number, status, total_amount, opened_at, closed_at, table_number)
VALUES ('f65ac5bc-e86a-f27c-5eb5-689a732db076', '00000000-0000-0000-0000-000000000010', '7082', 'paid', 420.0, '2026-05-02 19:53:01', '2026-05-02 19:53:01', '9');
INSERT INTO order_items (order_id, product_id, product_name, product_price, quantity)
VALUES ('f65ac5bc-e86a-f27c-5eb5-689a732db076', '1d55740b-7a2f-ce7c-d33a-454fb2de27dc', 'product_155', 420.0, 1);
INSERT INTO payments (order_id, venue_id, method, amount)
VALUES ('f65ac5bc-e86a-f27c-5eb5-689a732db076', '00000000-0000-0000-0000-000000000010', 'cash', 420.0);
INSERT INTO orders (id, venue_id, number, status, total_amount, opened_at, closed_at, table_number)
VALUES ('1eb058c5-a3a8-b3ff-8d66-c1806d2198a1', '00000000-0000-0000-0000-000000000010', '7079', 'paid', 560.0, '2026-05-02 19:18:34', '2026-05-02 19:18:34', '9');
INSERT INTO order_items (order_id, product_id, product_name, product_price, quantity)
VALUES ('1eb058c5-a3a8-b3ff-8d66-c1806d2198a1', 'd46f67a1-e1dd-e079-0b5c-329f6422c4d4', 'product_60', 280.0, 2);
INSERT INTO payments (order_id, venue_id, method, amount)
VALUES ('1eb058c5-a3a8-b3ff-8d66-c1806d2198a1', '00000000-0000-0000-0000-000000000010', 'card', 560.0);
INSERT INTO orders (id, venue_id, number, status, total_amount, opened_at, closed_at, table_number)
VALUES ('6772d5f6-152a-5d69-1d1b-fc8dcc869fc9', '00000000-0000-0000-0000-000000000010', '7078', 'paid', 380.0, '2026-05-02 19:06:17', '2026-05-02 19:06:17', '9');
INSERT INTO order_items (order_id, product_id, product_name, product_price, quantity)
VALUES ('6772d5f6-152a-5d69-1d1b-fc8dcc869fc9', '260b99e2-59bd-a3dc-c313-434aff0daf54', 'product_144', 190.0, 2);
INSERT INTO payments (order_id, venue_id, method, amount)
VALUES ('6772d5f6-152a-5d69-1d1b-fc8dcc869fc9', '00000000-0000-0000-0000-000000000010', 'card', 380.0);
INSERT INTO orders (id, venue_id, number, status, total_amount, opened_at, closed_at, table_number)
VALUES ('534c3ecd-6c68-8918-e0b7-5ebc331e1982', '00000000-0000-0000-0000-000000000010', '7077', 'paid', 3070.0, '2026-05-02 18:29:23', '2026-05-02 18:29:23', '8');
INSERT INTO order_items (order_id, product_id, product_name, product_price, quantity)
VALUES ('534c3ecd-6c68-8918-e0b7-5ebc331e1982', 'c0fb869e-f434-07cb-f666-b9f7e55d4032', 'product_113', 770.0, 3);
INSERT INTO order_items (order_id, product_id, product_name, product_price, quantity)
VALUES ('534c3ecd-6c68-8918-e0b7-5ebc331e1982', '260b99e2-59bd-a3dc-c313-434aff0daf54', 'product_144', 190.0, 3);
INSERT INTO order_items (order_id, product_id, product_name, product_price, quantity)
VALUES ('534c3ecd-6c68-8918-e0b7-5ebc331e1982', '0caff6fe-c574-8665-33ca-5f2cee71ebb2', 'product_35', 190.0, 1);
INSERT INTO payments (order_id, venue_id, method, amount)
VALUES ('534c3ecd-6c68-8918-e0b7-5ebc331e1982', '00000000-0000-0000-0000-000000000010', 'card', 3070.0);
INSERT INTO orders (id, venue_id, number, status, total_amount, opened_at, closed_at, table_number)
VALUES ('0fc0ccab-07df-d04d-a585-1531d435bc5d', '00000000-0000-0000-0000-000000000010', '7076', 'paid', 750.0, '2026-05-02 17:35:09', '2026-05-02 17:35:09', '9');
INSERT INTO order_items (order_id, product_id, product_name, product_price, quantity)
VALUES ('0fc0ccab-07df-d04d-a585-1531d435bc5d', 'b627abd9-fb00-28f4-a09b-09fcb24019c0', 'product_132', 150.0, 5);
INSERT INTO payments (order_id, venue_id, method, amount)
VALUES ('0fc0ccab-07df-d04d-a585-1531d435bc5d', '00000000-0000-0000-0000-000000000010', 'card', 750.0);
INSERT INTO orders (id, venue_id, number, status, total_amount, opened_at, closed_at, table_number)
VALUES ('7d84c156-dca2-fabd-7b9e-cce6452bca1d', '00000000-0000-0000-0000-000000000010', '7075', 'paid', 200.0, '2026-05-02 17:09:26', '2026-05-02 17:09:26', '1');
INSERT INTO order_items (order_id, product_id, product_name, product_price, quantity)
VALUES ('7d84c156-dca2-fabd-7b9e-cce6452bca1d', 'bb41c67e-d584-f041-47ad-12499e38aab2', 'product_241', 200.0, 1);
INSERT INTO payments (order_id, venue_id, method, amount)
VALUES ('7d84c156-dca2-fabd-7b9e-cce6452bca1d', '00000000-0000-0000-0000-000000000010', 'card', 200.0);
INSERT INTO orders (id, venue_id, number, status, total_amount, opened_at, closed_at, table_number)
VALUES ('abd78f7e-5fa3-7ac4-4ae1-fc0c573e17cc', '00000000-0000-0000-0000-000000000010', '7071', 'paid', 1260.0, '2026-05-02 16:50:29', '2026-05-02 16:50:29', '1');
INSERT INTO order_items (order_id, product_id, product_name, product_price, quantity)
VALUES ('abd78f7e-5fa3-7ac4-4ae1-fc0c573e17cc', 'ce90a2e4-a08b-570d-aca7-50bb5d2d0ab2', 'product_112', 440.0, 1);
INSERT INTO order_items (order_id, product_id, product_name, product_price, quantity)
VALUES ('abd78f7e-5fa3-7ac4-4ae1-fc0c573e17cc', 'f35a1ebf-94b4-c196-4fdb-5698a8e21330', 'product_170', 820.0, 1);
INSERT INTO payments (order_id, venue_id, method, amount)
VALUES ('abd78f7e-5fa3-7ac4-4ae1-fc0c573e17cc', '00000000-0000-0000-0000-000000000010', 'card', 1260.0);
INSERT INTO orders (id, venue_id, number, status, total_amount, opened_at, closed_at, table_number)
VALUES ('bd395eed-87fe-845b-bc16-b4aea4f40cf4', '00000000-0000-0000-0000-000000000010', '7070', 'paid', 2700.0, '2026-05-02 16:43:38', '2026-05-02 16:43:38', '6');
INSERT INTO order_items (order_id, product_id, product_name, product_price, quantity)
VALUES ('bd395eed-87fe-845b-bc16-b4aea4f40cf4', 'bc75aa2b-4910-21bf-56ff-d9769b039d8e', 'product_47', 220.0, 2);
INSERT INTO order_items (order_id, product_id, product_name, product_price, quantity)
VALUES ('bd395eed-87fe-845b-bc16-b4aea4f40cf4', 'ce90a2e4-a08b-570d-aca7-50bb5d2d0ab2', 'product_112', 440.0, 1);
INSERT INTO order_items (order_id, product_id, product_name, product_price, quantity)
VALUES ('bd395eed-87fe-845b-bc16-b4aea4f40cf4', '4f62358e-97a1-94f3-88a7-2af7ee5afc60', 'product_182', 320.0, 1);
INSERT INTO order_items (order_id, product_id, product_name, product_price, quantity)
VALUES ('bd395eed-87fe-845b-bc16-b4aea4f40cf4', 'fdb6f575-fe3f-282e-93d0-1dad56530fa5', 'product_15', 640.0, 1);
INSERT INTO order_items (order_id, product_id, product_name, product_price, quantity)
VALUES ('bd395eed-87fe-845b-bc16-b4aea4f40cf4', '0caff6fe-c574-8665-33ca-5f2cee71ebb2', 'product_35', 190.0, 1);
INSERT INTO order_items (order_id, product_id, product_name, product_price, quantity)
VALUES ('bd395eed-87fe-845b-bc16-b4aea4f40cf4', '1a9038b5-12c1-4b41-756a-ce6d8bb0fac8', 'product_114', 670.0, 1);
INSERT INTO payments (order_id, venue_id, method, amount)
VALUES ('bd395eed-87fe-845b-bc16-b4aea4f40cf4', '00000000-0000-0000-0000-000000000010', 'card', 2700.0);
INSERT INTO orders (id, venue_id, number, status, total_amount, opened_at, closed_at, table_number)
VALUES ('3b2391e5-fb70-d3d7-7446-f15fabe06d4e', '00000000-0000-0000-0000-000000000010', '7069', 'paid', 2300.0, '2026-05-02 16:39:30', '2026-05-02 16:39:30', '7');
INSERT INTO order_items (order_id, product_id, product_name, product_price, quantity)
VALUES ('3b2391e5-fb70-d3d7-7446-f15fabe06d4e', 'c0fb869e-f434-07cb-f666-b9f7e55d4032', 'product_113', 770.0, 2);
INSERT INTO order_items (order_id, product_id, product_name, product_price, quantity)
VALUES ('3b2391e5-fb70-d3d7-7446-f15fabe06d4e', '6599a59a-6cf7-70c9-0971-07a0078ce7cf', 'product_128', 380.0, 2);
INSERT INTO payments (order_id, venue_id, method, amount)
VALUES ('3b2391e5-fb70-d3d7-7446-f15fabe06d4e', '00000000-0000-0000-0000-000000000010', 'cash', 2300.0);
INSERT INTO orders (id, venue_id, number, status, total_amount, opened_at, closed_at, table_number)
VALUES ('45c89ffd-d9ef-6fa0-3c00-f8787e8f1a06', '00000000-0000-0000-0000-000000000010', '7067', 'paid', 2460.0, '2026-05-02 16:35:29', '2026-05-02 16:35:29', '7');
INSERT INTO order_items (order_id, product_id, product_name, product_price, quantity)
VALUES ('45c89ffd-d9ef-6fa0-3c00-f8787e8f1a06', 'c0fb869e-f434-07cb-f666-b9f7e55d4032', 'product_113', 770.0, 1);
INSERT INTO order_items (order_id, product_id, product_name, product_price, quantity)
VALUES ('45c89ffd-d9ef-6fa0-3c00-f8787e8f1a06', '1a9038b5-12c1-4b41-756a-ce6d8bb0fac8', 'product_114', 670.0, 1);
INSERT INTO order_items (order_id, product_id, product_name, product_price, quantity)
VALUES ('45c89ffd-d9ef-6fa0-3c00-f8787e8f1a06', '021231f4-e9fa-ecbb-5f2a-ad1321ca42ea', 'product_59', 230.0, 1);
INSERT INTO order_items (order_id, product_id, product_name, product_price, quantity)
VALUES ('45c89ffd-d9ef-6fa0-3c00-f8787e8f1a06', 'f35ae6ee-40da-7479-c64b-612bff507023', 'product_31', 370.0, 1);
INSERT INTO order_items (order_id, product_id, product_name, product_price, quantity)
VALUES ('45c89ffd-d9ef-6fa0-3c00-f8787e8f1a06', '1d55740b-7a2f-ce7c-d33a-454fb2de27dc', 'product_155', 420.0, 1);
INSERT INTO payments (order_id, venue_id, method, amount)
VALUES ('45c89ffd-d9ef-6fa0-3c00-f8787e8f1a06', '00000000-0000-0000-0000-000000000010', 'card', 2460.0);
INSERT INTO orders (id, venue_id, number, status, total_amount, opened_at, closed_at, table_number)
VALUES ('037f22cd-6d26-fdb2-383a-eee864128393', '00000000-0000-0000-0000-000000000010', '7064', 'paid', 2890.0, '2026-05-02 16:09:08', '2026-05-02 16:09:08', '13');
INSERT INTO order_items (order_id, product_id, product_name, product_price, quantity)
VALUES ('037f22cd-6d26-fdb2-383a-eee864128393', 'c0fb869e-f434-07cb-f666-b9f7e55d4032', 'product_113', 770.0, 1);
INSERT INTO order_items (order_id, product_id, product_name, product_price, quantity)
VALUES ('037f22cd-6d26-fdb2-383a-eee864128393', 'bc75aa2b-4910-21bf-56ff-d9769b039d8e', 'product_47', 220.0, 1);
INSERT INTO order_items (order_id, product_id, product_name, product_price, quantity)
VALUES ('037f22cd-6d26-fdb2-383a-eee864128393', 'ba729be8-36f6-fb9a-7e2c-4b99753cb652', 'product_217', 600.0, 1);
INSERT INTO order_items (order_id, product_id, product_name, product_price, quantity)
VALUES ('037f22cd-6d26-fdb2-383a-eee864128393', '951f4bf6-be55-0e75-59a9-7e580a0d07c4', 'product_14', 640.0, 1);
INSERT INTO order_items (order_id, product_id, product_name, product_price, quantity)
VALUES ('037f22cd-6d26-fdb2-383a-eee864128393', 'd46f67a1-e1dd-e079-0b5c-329f6422c4d4', 'product_60', 280.0, 1);
INSERT INTO order_items (order_id, product_id, product_name, product_price, quantity)
VALUES ('037f22cd-6d26-fdb2-383a-eee864128393', '260b99e2-59bd-a3dc-c313-434aff0daf54', 'product_144', 190.0, 2);
INSERT INTO payments (order_id, venue_id, method, amount)
VALUES ('037f22cd-6d26-fdb2-383a-eee864128393', '00000000-0000-0000-0000-000000000010', 'card', 2890.0);
INSERT INTO orders (id, venue_id, number, status, total_amount, opened_at, closed_at, table_number)
VALUES ('eab59292-6cd1-8772-73d5-f1247cb6616c', '00000000-0000-0000-0000-000000000010', '7068', 'paid', 670.0, '2026-05-02 16:04:28', '2026-05-02 16:04:28', '9');
INSERT INTO order_items (order_id, product_id, product_name, product_price, quantity)
VALUES ('eab59292-6cd1-8772-73d5-f1247cb6616c', '021231f4-e9fa-ecbb-5f2a-ad1321ca42ea', 'product_59', 230.0, 1);
INSERT INTO order_items (order_id, product_id, product_name, product_price, quantity)
VALUES ('eab59292-6cd1-8772-73d5-f1247cb6616c', 'ce90a2e4-a08b-570d-aca7-50bb5d2d0ab2', 'product_112', 440.0, 1);
INSERT INTO payments (order_id, venue_id, method, amount)
VALUES ('eab59292-6cd1-8772-73d5-f1247cb6616c', '00000000-0000-0000-0000-000000000010', 'card', 670.0);
INSERT INTO orders (id, venue_id, number, status, total_amount, opened_at, closed_at, table_number)
VALUES ('38853080-34f4-bdfd-a423-579393b6c9e0', '00000000-0000-0000-0000-000000000010', '7063', 'paid', 1440.0, '2026-05-02 16:00:44', '2026-05-02 16:00:44', '9');
INSERT INTO order_items (order_id, product_id, product_name, product_price, quantity)
VALUES ('38853080-34f4-bdfd-a423-579393b6c9e0', '7a291d79-c795-0f76-118b-25d10a078238', 'product_191', 370.0, 1);
INSERT INTO order_items (order_id, product_id, product_name, product_price, quantity)
VALUES ('38853080-34f4-bdfd-a423-579393b6c9e0', '951f4bf6-be55-0e75-59a9-7e580a0d07c4', 'product_14', 640.0, 1);
INSERT INTO order_items (order_id, product_id, product_name, product_price, quantity)
VALUES ('38853080-34f4-bdfd-a423-579393b6c9e0', 'c6df6494-4f53-4174-6660-06fb0dc02db5', 'product_199', 430.0, 1);
INSERT INTO payments (order_id, venue_id, method, amount)
VALUES ('38853080-34f4-bdfd-a423-579393b6c9e0', '00000000-0000-0000-0000-000000000010', 'card', 1440.0);
INSERT INTO orders (id, venue_id, number, status, total_amount, opened_at, closed_at, table_number)
VALUES ('69803071-4b8d-129c-580d-4fa8d1252a68', '00000000-0000-0000-0000-000000000010', '7072', 'paid', 260.0, '2026-05-02 15:48:46', '2026-05-02 15:48:46', '9');
INSERT INTO order_items (order_id, product_id, product_name, product_price, quantity)
VALUES ('69803071-4b8d-129c-580d-4fa8d1252a68', '338bdc4d-fbd5-43ad-a7a7-3951ceca3a16', 'product_97', 260.0, 1);
INSERT INTO payments (order_id, venue_id, method, amount)
VALUES ('69803071-4b8d-129c-580d-4fa8d1252a68', '00000000-0000-0000-0000-000000000010', 'card', 260.0);
INSERT INTO orders (id, venue_id, number, status, total_amount, opened_at, closed_at, table_number)
VALUES ('677fcba4-e4aa-c5ff-65f2-026a3467732c', '00000000-0000-0000-0000-000000000010', '7066', 'paid', 420.0, '2026-05-02 15:20:18', '2026-05-02 15:20:18', '1');
INSERT INTO order_items (order_id, product_id, product_name, product_price, quantity)
VALUES ('677fcba4-e4aa-c5ff-65f2-026a3467732c', '1d55740b-7a2f-ce7c-d33a-454fb2de27dc', 'product_155', 420.0, 1);
INSERT INTO payments (order_id, venue_id, method, amount)
VALUES ('677fcba4-e4aa-c5ff-65f2-026a3467732c', '00000000-0000-0000-0000-000000000010', 'card', 420.0);
INSERT INTO orders (id, venue_id, number, status, total_amount, opened_at, closed_at, table_number)
VALUES ('05ae4826-da42-6c24-8f71-0cea4a11e57b', '00000000-0000-0000-0000-000000000010', '7065', 'paid', 1520.0, '2026-05-02 15:18:58', '2026-05-02 15:18:58', '1');
INSERT INTO order_items (order_id, product_id, product_name, product_price, quantity)
VALUES ('05ae4826-da42-6c24-8f71-0cea4a11e57b', '6599a59a-6cf7-70c9-0971-07a0078ce7cf', 'product_128', 380.0, 4);
INSERT INTO payments (order_id, venue_id, method, amount)
VALUES ('05ae4826-da42-6c24-8f71-0cea4a11e57b', '00000000-0000-0000-0000-000000000010', 'card', 1520.0);
INSERT INTO orders (id, venue_id, number, status, total_amount, opened_at, closed_at, table_number)
VALUES ('cf7970af-9e31-e864-6480-2fa0b80ac883', '00000000-0000-0000-0000-000000000010', '7056', 'paid', 1240.0, '2026-05-02 15:09:17', '2026-05-02 15:09:17', '15');
INSERT INTO order_items (order_id, product_id, product_name, product_price, quantity)
VALUES ('cf7970af-9e31-e864-6480-2fa0b80ac883', '38432f7f-ba41-eaa0-7e46-d791008e4b02', 'product_6', 510.0, 1);
INSERT INTO order_items (order_id, product_id, product_name, product_price, quantity)
VALUES ('cf7970af-9e31-e864-6480-2fa0b80ac883', 'b9bdca4d-a423-6c36-2351-10cf52ff0eec', 'product_230', 0.0, 1);
INSERT INTO order_items (order_id, product_id, product_name, product_price, quantity)
VALUES ('cf7970af-9e31-e864-6480-2fa0b80ac883', '021231f4-e9fa-ecbb-5f2a-ad1321ca42ea', 'product_59', 230.0, 2);
INSERT INTO order_items (order_id, product_id, product_name, product_price, quantity)
VALUES ('cf7970af-9e31-e864-6480-2fa0b80ac883', '8d266d35-f6a4-b267-e097-564510f7f857', 'product_12', 270.0, 1);
INSERT INTO orders (id, venue_id, number, status, total_amount, opened_at, closed_at, table_number)
VALUES ('f4941b78-9258-c691-9e26-b5de3df0a0d6', '00000000-0000-0000-0000-000000000010', '7059', 'paid', 190.0, '2026-05-02 15:09:03', '2026-05-02 15:09:03', '13');
INSERT INTO order_items (order_id, product_id, product_name, product_price, quantity)
VALUES ('f4941b78-9258-c691-9e26-b5de3df0a0d6', 'b9bdca4d-a423-6c36-2351-10cf52ff0eec', 'product_230', 0.0, 2);
INSERT INTO order_items (order_id, product_id, product_name, product_price, quantity)
VALUES ('f4941b78-9258-c691-9e26-b5de3df0a0d6', '0caff6fe-c574-8665-33ca-5f2cee71ebb2', 'product_35', 190.0, 1);
INSERT INTO orders (id, venue_id, number, status, total_amount, opened_at, closed_at, table_number)
VALUES ('b850ca92-453a-0212-4f6f-4d883a556c18', '00000000-0000-0000-0000-000000000010', '7058', 'paid', 1670.0, '2026-05-02 15:08:59', '2026-05-02 15:08:59', '12');
INSERT INTO order_items (order_id, product_id, product_name, product_price, quantity)
VALUES ('b850ca92-453a-0212-4f6f-4d883a556c18', '38432f7f-ba41-eaa0-7e46-d791008e4b02', 'product_6', 510.0, 2);
INSERT INTO order_items (order_id, product_id, product_name, product_price, quantity)
VALUES ('b850ca92-453a-0212-4f6f-4d883a556c18', '7b0b5f60-47be-c07e-9585-af9a20b6d773', 'product_9', 460.0, 1);
INSERT INTO order_items (order_id, product_id, product_name, product_price, quantity)
VALUES ('b850ca92-453a-0212-4f6f-4d883a556c18', 'a2b39819-292c-0b80-799d-c77d7020fc9d', 'product_34', 190.0, 1);
INSERT INTO orders (id, venue_id, number, status, total_amount, opened_at, closed_at, table_number)
VALUES ('3dc18e2c-604b-5370-07d3-03a8fd66bd8b', '00000000-0000-0000-0000-000000000010', '7057', 'paid', 1180.0, '2026-05-02 15:08:55', '2026-05-02 15:08:55', '10');
INSERT INTO order_items (order_id, product_id, product_name, product_price, quantity)
VALUES ('3dc18e2c-604b-5370-07d3-03a8fd66bd8b', '94d2bddc-c99f-2985-f8eb-9d8a4a995ad3', 'product_10', 300.0, 1);
INSERT INTO order_items (order_id, product_id, product_name, product_price, quantity)
VALUES ('3dc18e2c-604b-5370-07d3-03a8fd66bd8b', '38432f7f-ba41-eaa0-7e46-d791008e4b02', 'product_6', 510.0, 1);
INSERT INTO order_items (order_id, product_id, product_name, product_price, quantity)
VALUES ('3dc18e2c-604b-5370-07d3-03a8fd66bd8b', 'da98da7c-a663-0228-294e-97c1fae50fd1', 'product_54', 180.0, 1);
INSERT INTO order_items (order_id, product_id, product_name, product_price, quantity)
VALUES ('3dc18e2c-604b-5370-07d3-03a8fd66bd8b', 'a2b39819-292c-0b80-799d-c77d7020fc9d', 'product_34', 190.0, 1);
INSERT INTO orders (id, venue_id, number, status, total_amount, opened_at, closed_at, table_number)
VALUES ('236f67d0-005c-487c-9e85-f0e73042b9d8', '00000000-0000-0000-0000-000000000010', '7062', 'paid', 130.0, '2026-05-02 14:52:36', '2026-05-02 14:52:36', '9');
INSERT INTO order_items (order_id, product_id, product_name, product_price, quantity)
VALUES ('236f67d0-005c-487c-9e85-f0e73042b9d8', '966437e8-b784-92e7-0afa-ff8bde6f1e53', 'product_145', 130.0, 1);
INSERT INTO payments (order_id, venue_id, method, amount)
VALUES ('236f67d0-005c-487c-9e85-f0e73042b9d8', '00000000-0000-0000-0000-000000000010', 'card', 130.0);
INSERT INTO orders (id, venue_id, number, status, total_amount, opened_at, closed_at, table_number)
VALUES ('bd46f08b-ee5c-5fb2-a0bc-dbd7d76173bd', '00000000-0000-0000-0000-000000000010', '7048', 'paid', 0.0, '2026-05-02 11:22:49', '2026-05-02 11:22:49', '14');
INSERT INTO orders (id, venue_id, number, status, total_amount, opened_at, closed_at, table_number)
VALUES ('17d46389-1adf-13c4-cbd9-689e3f127266', '00000000-0000-0000-0000-000000000010', '6857', 'paid', 0.0, '2026-05-02 11:22:42', '2026-05-02 11:22:42', '14');
INSERT INTO orders (id, venue_id, number, status, total_amount, opened_at, closed_at, table_number)
VALUES ('440a1b00-d703-3d33-d655-8369490036bc', '00000000-0000-0000-0000-000000000010', '6991', 'paid', 0.0, '2026-05-02 11:22:32', '2026-05-02 11:22:32', '14');
INSERT INTO orders (id, venue_id, number, status, total_amount, opened_at, closed_at, table_number)
VALUES ('1e7ad631-5f18-7c55-89f9-be236fa46720', '00000000-0000-0000-0000-000000000010', '7060', 'paid', 0.0, '2026-05-02 11:21:31', '2026-05-02 11:21:31', '9');
INSERT INTO order_items (order_id, product_id, product_name, product_price, quantity)
VALUES ('1e7ad631-5f18-7c55-89f9-be236fa46720', '82c55340-bd07-2a9a-a6cc-6ce377f958f2', 'product_148', 0.0, 1);
INSERT INTO orders (id, venue_id, number, status, total_amount, opened_at, closed_at, table_number)
VALUES ('4fd44e9c-daf9-f0d2-887d-a9dd72ba620d', '00000000-0000-0000-0000-000000000010', '7055', 'paid', 220.0, '2026-05-01 22:03:16', '2026-05-01 22:03:16', '11');
INSERT INTO order_items (order_id, product_id, product_name, product_price, quantity)
VALUES ('4fd44e9c-daf9-f0d2-887d-a9dd72ba620d', '7c7c305a-92ed-bc40-0bb5-1155fc4e313f', 'product_99', 220.0, 1);
INSERT INTO payments (order_id, venue_id, method, amount)
VALUES ('4fd44e9c-daf9-f0d2-887d-a9dd72ba620d', '00000000-0000-0000-0000-000000000010', 'card', 220.0);
INSERT INTO orders (id, venue_id, number, status, total_amount, opened_at, closed_at, table_number)
VALUES ('5c3979ce-a728-cc85-7f20-afd18409b7d0', '00000000-0000-0000-0000-000000000010', '7052', 'paid', 370.0, '2026-05-01 21:59:43', '2026-05-01 21:59:43', '9');
INSERT INTO order_items (order_id, product_id, product_name, product_price, quantity)
VALUES ('5c3979ce-a728-cc85-7f20-afd18409b7d0', '5c3938ac-271e-5674-37aa-116c20435202', 'product_234', 370.0, 1);
INSERT INTO payments (order_id, venue_id, method, amount)
VALUES ('5c3979ce-a728-cc85-7f20-afd18409b7d0', '00000000-0000-0000-0000-000000000010', 'card', 370.0);
INSERT INTO orders (id, venue_id, number, status, total_amount, opened_at, closed_at, table_number)
VALUES ('9076e7d7-c0f8-397f-7e00-2f65337f3c3d', '00000000-0000-0000-0000-000000000010', '7054', 'paid', 1000.0, '2026-05-01 21:59:30', '2026-05-01 21:59:30', '4');
INSERT INTO order_items (order_id, product_id, product_name, product_price, quantity)
VALUES ('9076e7d7-c0f8-397f-7e00-2f65337f3c3d', '86712b3a-562c-f614-e8fa-56c456824301', 'product_134', 500.0, 2);
INSERT INTO payments (order_id, venue_id, method, amount)
VALUES ('9076e7d7-c0f8-397f-7e00-2f65337f3c3d', '00000000-0000-0000-0000-000000000010', 'card', 1000.0);
INSERT INTO orders (id, venue_id, number, status, total_amount, opened_at, closed_at, table_number)
VALUES ('6eb72862-c04a-42c3-8010-27b7b915cdf2', '00000000-0000-0000-0000-000000000010', '7053', 'paid', 470.0, '2026-05-01 21:57:25', '2026-05-01 21:57:25', '4');
INSERT INTO order_items (order_id, product_id, product_name, product_price, quantity)
VALUES ('6eb72862-c04a-42c3-8010-27b7b915cdf2', '30d3c4b2-8d8b-4d91-9c67-b3d72ab218cc', 'product_129', 470.0, 1);
INSERT INTO payments (order_id, venue_id, method, amount)
VALUES ('6eb72862-c04a-42c3-8010-27b7b915cdf2', '00000000-0000-0000-0000-000000000010', 'card', 470.0);
INSERT INTO orders (id, venue_id, number, status, total_amount, opened_at, closed_at, table_number)
VALUES ('1ed33466-281a-2dad-390b-31eb6d09d8d3', '00000000-0000-0000-0000-000000000010', '7046', 'paid', 3460.0, '2026-05-01 21:42:04', '2026-05-01 21:42:04', '13');
INSERT INTO order_items (order_id, product_id, product_name, product_price, quantity)
VALUES ('1ed33466-281a-2dad-390b-31eb6d09d8d3', '7ddbed72-7deb-5ee4-0634-41d52192bad1', 'product_23', 1750.0, 1);
INSERT INTO order_items (order_id, product_id, product_name, product_price, quantity)
VALUES ('1ed33466-281a-2dad-390b-31eb6d09d8d3', 'ce90a2e4-a08b-570d-aca7-50bb5d2d0ab2', 'product_112', 440.0, 1);
INSERT INTO order_items (order_id, product_id, product_name, product_price, quantity)
VALUES ('1ed33466-281a-2dad-390b-31eb6d09d8d3', '1a9038b5-12c1-4b41-756a-ce6d8bb0fac8', 'product_114', 670.0, 1);
INSERT INTO order_items (order_id, product_id, product_name, product_price, quantity)
VALUES ('1ed33466-281a-2dad-390b-31eb6d09d8d3', '62cdaaca-f6e8-fe1a-af41-d7fc95a79021', 'product_167', 40.0, 1);
INSERT INTO order_items (order_id, product_id, product_name, product_price, quantity)
VALUES ('1ed33466-281a-2dad-390b-31eb6d09d8d3', 'd6248727-8d48-1513-14ba-2abe0e9b6abf', 'product_39', 370.0, 1);
INSERT INTO order_items (order_id, product_id, product_name, product_price, quantity)
VALUES ('1ed33466-281a-2dad-390b-31eb6d09d8d3', 'a2b39819-292c-0b80-799d-c77d7020fc9d', 'product_34', 190.0, 1);
INSERT INTO payments (order_id, venue_id, method, amount)
VALUES ('1ed33466-281a-2dad-390b-31eb6d09d8d3', '00000000-0000-0000-0000-000000000010', 'card', 3460.0);
INSERT INTO orders (id, venue_id, number, status, total_amount, opened_at, closed_at, table_number)
VALUES ('06adcbd1-4e09-1818-88df-4f934df13d49', '00000000-0000-0000-0000-000000000010', '7051', 'paid', 1050.0, '2026-05-01 21:10:17', '2026-05-01 21:10:17', '15');
INSERT INTO order_items (order_id, product_id, product_name, product_price, quantity)
VALUES ('06adcbd1-4e09-1818-88df-4f934df13d49', 'd158543d-e9dc-0b2a-7902-b665a39db719', 'product_126', 410.0, 1);
INSERT INTO order_items (order_id, product_id, product_name, product_price, quantity)
VALUES ('06adcbd1-4e09-1818-88df-4f934df13d49', '1d55740b-7a2f-ce7c-d33a-454fb2de27dc', 'product_155', 420.0, 1);
INSERT INTO order_items (order_id, product_id, product_name, product_price, quantity)
VALUES ('06adcbd1-4e09-1818-88df-4f934df13d49', '81b3193a-f1f9-6ba6-5630-5c911f0c4a69', 'product_48', 220.0, 1);
INSERT INTO payments (order_id, venue_id, method, amount)
VALUES ('06adcbd1-4e09-1818-88df-4f934df13d49', '00000000-0000-0000-0000-000000000010', 'card', 1050.0);
INSERT INTO orders (id, venue_id, number, status, total_amount, opened_at, closed_at, table_number)
VALUES ('3e432ba1-de0e-0e26-9c8b-b24713aa09cd', '00000000-0000-0000-0000-000000000010', '7050', 'paid', 3800.0, '2026-05-01 21:03:40', '2026-05-01 21:03:40', '9');
INSERT INTO order_items (order_id, product_id, product_name, product_price, quantity)
VALUES ('3e432ba1-de0e-0e26-9c8b-b24713aa09cd', 'cc796b1e-8e6d-d182-c491-dfcab55bc50e', 'product_117', 3800.0, 1);
INSERT INTO payments (order_id, venue_id, method, amount)
VALUES ('3e432ba1-de0e-0e26-9c8b-b24713aa09cd', '00000000-0000-0000-0000-000000000010', 'cash', 3800.0);
INSERT INTO orders (id, venue_id, number, status, total_amount, opened_at, closed_at, table_number)
VALUES ('77d87ba0-64ed-69d5-ebf3-e3441d29b9da', '00000000-0000-0000-0000-000000000010', '7049', 'paid', 730.0, '2026-05-01 20:53:59', '2026-05-01 20:53:59', '2');
INSERT INTO order_items (order_id, product_id, product_name, product_price, quantity)
VALUES ('77d87ba0-64ed-69d5-ebf3-e3441d29b9da', 'b627abd9-fb00-28f4-a09b-09fcb24019c0', 'product_132', 150.0, 2);
INSERT INTO order_items (order_id, product_id, product_name, product_price, quantity)
VALUES ('77d87ba0-64ed-69d5-ebf3-e3441d29b9da', 'd56291c3-0b81-82df-41d8-2bffd8869d31', 'product_140', 430.0, 1);
INSERT INTO payments (order_id, venue_id, method, amount)
VALUES ('77d87ba0-64ed-69d5-ebf3-e3441d29b9da', '00000000-0000-0000-0000-000000000010', 'card', 730.0);
INSERT INTO orders (id, venue_id, number, status, total_amount, opened_at, closed_at, table_number)
VALUES ('3debb1cd-50c0-b10b-fcc7-8038bcb4b031', '00000000-0000-0000-0000-000000000010', '7039', 'paid', 2830.0, '2026-05-01 20:05:41', '2026-05-01 20:05:41', '4');
INSERT INTO order_items (order_id, product_id, product_name, product_price, quantity)
VALUES ('3debb1cd-50c0-b10b-fcc7-8038bcb4b031', '9a06fa1f-d2b5-1b6f-d6c5-37c2ffa3adfd', 'product_168', 640.0, 1);
INSERT INTO order_items (order_id, product_id, product_name, product_price, quantity)
VALUES ('3debb1cd-50c0-b10b-fcc7-8038bcb4b031', '7f688518-4003-c783-7333-b947a8856b49', 'product_28', 470.0, 2);
INSERT INTO order_items (order_id, product_id, product_name, product_price, quantity)
VALUES ('3debb1cd-50c0-b10b-fcc7-8038bcb4b031', 'd56291c3-0b81-82df-41d8-2bffd8869d31', 'product_140', 430.0, 1);
INSERT INTO order_items (order_id, product_id, product_name, product_price, quantity)
VALUES ('3debb1cd-50c0-b10b-fcc7-8038bcb4b031', 'b627abd9-fb00-28f4-a09b-09fcb24019c0', 'product_132', 150.0, 4);
INSERT INTO order_items (order_id, product_id, product_name, product_price, quantity)
VALUES ('3debb1cd-50c0-b10b-fcc7-8038bcb4b031', '81b3193a-f1f9-6ba6-5630-5c911f0c4a69', 'product_48', 220.0, 1);
INSERT INTO payments (order_id, venue_id, method, amount)
VALUES ('3debb1cd-50c0-b10b-fcc7-8038bcb4b031', '00000000-0000-0000-0000-000000000010', 'card', 2830.0);
INSERT INTO orders (id, venue_id, number, status, total_amount, opened_at, closed_at, table_number)
VALUES ('255ebe19-cfd8-aaaa-15a0-c158174d0361', '00000000-0000-0000-0000-000000000010', '7045', 'paid', 280.0, '2026-05-01 19:56:58', '2026-05-01 19:56:58', '9');
INSERT INTO order_items (order_id, product_id, product_name, product_price, quantity)
VALUES ('255ebe19-cfd8-aaaa-15a0-c158174d0361', 'd46f67a1-e1dd-e079-0b5c-329f6422c4d4', 'product_60', 280.0, 1);
INSERT INTO payments (order_id, venue_id, method, amount)
VALUES ('255ebe19-cfd8-aaaa-15a0-c158174d0361', '00000000-0000-0000-0000-000000000010', 'cash', 280.0);
INSERT INTO orders (id, venue_id, number, status, total_amount, opened_at, closed_at, table_number)
VALUES ('14968f3b-9f68-6612-e040-03b9b923ed79', '00000000-0000-0000-0000-000000000010', '7043', 'paid', 370.0, '2026-05-01 19:34:00', '2026-05-01 19:34:00', '9');
INSERT INTO order_items (order_id, product_id, product_name, product_price, quantity)
VALUES ('14968f3b-9f68-6612-e040-03b9b923ed79', '5c3938ac-271e-5674-37aa-116c20435202', 'product_234', 370.0, 1);
INSERT INTO payments (order_id, venue_id, method, amount)
VALUES ('14968f3b-9f68-6612-e040-03b9b923ed79', '00000000-0000-0000-0000-000000000010', 'card', 370.0);
INSERT INTO orders (id, venue_id, number, status, total_amount, opened_at, closed_at, table_number)
VALUES ('fb92c8c2-24e9-7069-7791-1fdb4edb68ca', '00000000-0000-0000-0000-000000000010', '7042', 'paid', 1270.0, '2026-05-01 19:13:11', '2026-05-01 19:13:11', '7');
INSERT INTO order_items (order_id, product_id, product_name, product_price, quantity)
VALUES ('fb92c8c2-24e9-7069-7791-1fdb4edb68ca', 'c0fb869e-f434-07cb-f666-b9f7e55d4032', 'product_113', 770.0, 1);
INSERT INTO order_items (order_id, product_id, product_name, product_price, quantity)
VALUES ('fb92c8c2-24e9-7069-7791-1fdb4edb68ca', '966437e8-b784-92e7-0afa-ff8bde6f1e53', 'product_145', 130.0, 1);
INSERT INTO order_items (order_id, product_id, product_name, product_price, quantity)
VALUES ('fb92c8c2-24e9-7069-7791-1fdb4edb68ca', '5c3938ac-271e-5674-37aa-116c20435202', 'product_234', 370.0, 1);
INSERT INTO payments (order_id, venue_id, method, amount)
VALUES ('fb92c8c2-24e9-7069-7791-1fdb4edb68ca', '00000000-0000-0000-0000-000000000010', 'card', 1270.0);
INSERT INTO orders (id, venue_id, number, status, total_amount, opened_at, closed_at, table_number)
VALUES ('9dffaa50-f4f2-d5c6-3d1d-7daf5f4bad7f', '00000000-0000-0000-0000-000000000010', '7044', 'paid', 430.0, '2026-05-01 18:57:08', '2026-05-01 18:57:08', '3');
INSERT INTO order_items (order_id, product_id, product_name, product_price, quantity)
VALUES ('9dffaa50-f4f2-d5c6-3d1d-7daf5f4bad7f', 'c6df6494-4f53-4174-6660-06fb0dc02db5', 'product_199', 430.0, 1);
INSERT INTO payments (order_id, venue_id, method, amount)
VALUES ('9dffaa50-f4f2-d5c6-3d1d-7daf5f4bad7f', '00000000-0000-0000-0000-000000000010', 'cash', 430.0);
INSERT INTO orders (id, venue_id, number, status, total_amount, opened_at, closed_at, table_number)
VALUES ('7469f485-a1a4-6805-342a-358d4511c307', '00000000-0000-0000-0000-000000000010', '7041', 'paid', 280.0, '2026-05-01 18:29:49', '2026-05-01 18:29:49', '9');
INSERT INTO order_items (order_id, product_id, product_name, product_price, quantity)
VALUES ('7469f485-a1a4-6805-342a-358d4511c307', 'd46f67a1-e1dd-e079-0b5c-329f6422c4d4', 'product_60', 280.0, 1);
INSERT INTO payments (order_id, venue_id, method, amount)
VALUES ('7469f485-a1a4-6805-342a-358d4511c307', '00000000-0000-0000-0000-000000000010', 'card', 280.0);
INSERT INTO orders (id, venue_id, number, status, total_amount, opened_at, closed_at, table_number)
VALUES ('c782d1e1-a938-af58-707b-723874e4c58b', '00000000-0000-0000-0000-000000000010', '7038', 'paid', 3400.0, '2026-05-01 18:06:30', '2026-05-01 18:06:30', '7');
INSERT INTO order_items (order_id, product_id, product_name, product_price, quantity)
VALUES ('c782d1e1-a938-af58-707b-723874e4c58b', '0caff6fe-c574-8665-33ca-5f2cee71ebb2', 'product_35', 190.0, 2);
INSERT INTO order_items (order_id, product_id, product_name, product_price, quantity)
VALUES ('c782d1e1-a938-af58-707b-723874e4c58b', 'fdb6f575-fe3f-282e-93d0-1dad56530fa5', 'product_15', 640.0, 1);
INSERT INTO order_items (order_id, product_id, product_name, product_price, quantity)
VALUES ('c782d1e1-a938-af58-707b-723874e4c58b', '9a06fa1f-d2b5-1b6f-d6c5-37c2ffa3adfd', 'product_168', 640.0, 1);
INSERT INTO order_items (order_id, product_id, product_name, product_price, quantity)
VALUES ('c782d1e1-a938-af58-707b-723874e4c58b', 'f35a1ebf-94b4-c196-4fdb-5698a8e21330', 'product_170', 820.0, 1);
INSERT INTO order_items (order_id, product_id, product_name, product_price, quantity)
VALUES ('c782d1e1-a938-af58-707b-723874e4c58b', '8b7920ef-e954-d760-2a69-99cafc830c2e', 'product_171', 270.0, 1);
INSERT INTO order_items (order_id, product_id, product_name, product_price, quantity)
VALUES ('c782d1e1-a938-af58-707b-723874e4c58b', '81b3193a-f1f9-6ba6-5630-5c911f0c4a69', 'product_48', 220.0, 1);
INSERT INTO order_items (order_id, product_id, product_name, product_price, quantity)
VALUES ('c782d1e1-a938-af58-707b-723874e4c58b', 'c6df6494-4f53-4174-6660-06fb0dc02db5', 'product_199', 430.0, 1);
INSERT INTO payments (order_id, venue_id, method, amount)
VALUES ('c782d1e1-a938-af58-707b-723874e4c58b', '00000000-0000-0000-0000-000000000010', 'cash', 3400.0);
INSERT INTO orders (id, venue_id, number, status, total_amount, opened_at, closed_at, table_number)
VALUES ('fb9bb690-53e3-b529-d64b-7d1d48a394e9', '00000000-0000-0000-0000-000000000010', '7040', 'paid', 510.0, '2026-05-01 18:01:08', '2026-05-01 18:01:08', '9');
INSERT INTO order_items (order_id, product_id, product_name, product_price, quantity)
VALUES ('fb9bb690-53e3-b529-d64b-7d1d48a394e9', '021231f4-e9fa-ecbb-5f2a-ad1321ca42ea', 'product_59', 230.0, 1);
INSERT INTO order_items (order_id, product_id, product_name, product_price, quantity)
VALUES ('fb9bb690-53e3-b529-d64b-7d1d48a394e9', 'd46f67a1-e1dd-e079-0b5c-329f6422c4d4', 'product_60', 280.0, 1);
INSERT INTO payments (order_id, venue_id, method, amount)
VALUES ('fb9bb690-53e3-b529-d64b-7d1d48a394e9', '00000000-0000-0000-0000-000000000010', 'card', 510.0);
INSERT INTO orders (id, venue_id, number, status, total_amount, opened_at, closed_at, table_number)
VALUES ('67eaae7b-f786-8f70-5ace-7dd7c90797c4', '00000000-0000-0000-0000-000000000010', '7037', 'paid', 2760.0, '2026-05-01 17:45:15', '2026-05-01 17:45:15', '11');
INSERT INTO order_items (order_id, product_id, product_name, product_price, quantity)
VALUES ('67eaae7b-f786-8f70-5ace-7dd7c90797c4', 'f35ae6ee-40da-7479-c64b-612bff507023', 'product_31', 370.0, 1);
INSERT INTO order_items (order_id, product_id, product_name, product_price, quantity)
VALUES ('67eaae7b-f786-8f70-5ace-7dd7c90797c4', '260b99e2-59bd-a3dc-c313-434aff0daf54', 'product_144', 190.0, 1);
INSERT INTO order_items (order_id, product_id, product_name, product_price, quantity)
VALUES ('67eaae7b-f786-8f70-5ace-7dd7c90797c4', 'badf5f45-b516-78fa-fbe7-ff32ed526953', 'product_226', 720.0, 1);
INSERT INTO order_items (order_id, product_id, product_name, product_price, quantity)
VALUES ('67eaae7b-f786-8f70-5ace-7dd7c90797c4', '7c7c305a-92ed-bc40-0bb5-1155fc4e313f', 'product_99', 220.0, 1);
INSERT INTO order_items (order_id, product_id, product_name, product_price, quantity)
VALUES ('67eaae7b-f786-8f70-5ace-7dd7c90797c4', '9a06fa1f-d2b5-1b6f-d6c5-37c2ffa3adfd', 'product_168', 640.0, 1);
INSERT INTO order_items (order_id, product_id, product_name, product_price, quantity)
VALUES ('67eaae7b-f786-8f70-5ace-7dd7c90797c4', '0f7cfc79-3a3f-41ac-1aa4-b27431de9236', 'product_29', 620.0, 1);
INSERT INTO payments (order_id, venue_id, method, amount)
VALUES ('67eaae7b-f786-8f70-5ace-7dd7c90797c4', '00000000-0000-0000-0000-000000000010', 'card', 2760.0);
INSERT INTO orders (id, venue_id, number, status, total_amount, opened_at, closed_at, table_number)
VALUES ('14681864-06ba-dbc2-41ea-d5bede7d67f5', '00000000-0000-0000-0000-000000000010', '7036', 'paid', 370.0, '2026-05-01 17:32:54', '2026-05-01 17:32:54', '9');
INSERT INTO order_items (order_id, product_id, product_name, product_price, quantity)
VALUES ('14681864-06ba-dbc2-41ea-d5bede7d67f5', '5c3938ac-271e-5674-37aa-116c20435202', 'product_234', 370.0, 1);
INSERT INTO payments (order_id, venue_id, method, amount)
VALUES ('14681864-06ba-dbc2-41ea-d5bede7d67f5', '00000000-0000-0000-0000-000000000010', 'card', 370.0);
INSERT INTO orders (id, venue_id, number, status, total_amount, opened_at, closed_at, table_number)
VALUES ('178aecfa-0c0b-5175-9ee4-4214e1f449da', '00000000-0000-0000-0000-000000000010', '7035', 'paid', 2270.0, '2026-05-01 17:25:57', '2026-05-01 17:25:57', '8');
INSERT INTO order_items (order_id, product_id, product_name, product_price, quantity)
VALUES ('178aecfa-0c0b-5175-9ee4-4214e1f449da', '021231f4-e9fa-ecbb-5f2a-ad1321ca42ea', 'product_59', 230.0, 1);
INSERT INTO order_items (order_id, product_id, product_name, product_price, quantity)
VALUES ('178aecfa-0c0b-5175-9ee4-4214e1f449da', 'd46f67a1-e1dd-e079-0b5c-329f6422c4d4', 'product_60', 280.0, 1);
INSERT INTO order_items (order_id, product_id, product_name, product_price, quantity)
VALUES ('178aecfa-0c0b-5175-9ee4-4214e1f449da', 'c0fb869e-f434-07cb-f666-b9f7e55d4032', 'product_113', 770.0, 1);
INSERT INTO order_items (order_id, product_id, product_name, product_price, quantity)
VALUES ('178aecfa-0c0b-5175-9ee4-4214e1f449da', '09d404dd-f87b-b319-4eda-9ce7c697868d', 'product_32', 370.0, 1);
INSERT INTO order_items (order_id, product_id, product_name, product_price, quantity)
VALUES ('178aecfa-0c0b-5175-9ee4-4214e1f449da', '0f7cfc79-3a3f-41ac-1aa4-b27431de9236', 'product_29', 620.0, 1);
INSERT INTO payments (order_id, venue_id, method, amount)
VALUES ('178aecfa-0c0b-5175-9ee4-4214e1f449da', '00000000-0000-0000-0000-000000000010', 'cash', 2270.0);
INSERT INTO orders (id, venue_id, number, status, total_amount, opened_at, closed_at, table_number)
VALUES ('3dcc04e1-e30a-6fa0-cfdd-aeffb5d8fd62', '00000000-0000-0000-0000-000000000010', '7032', 'paid', 920.0, '2026-05-01 11:56:29', '2026-05-01 11:56:29', '13');
INSERT INTO order_items (order_id, product_id, product_name, product_price, quantity)
VALUES ('3dcc04e1-e30a-6fa0-cfdd-aeffb5d8fd62', '021231f4-e9fa-ecbb-5f2a-ad1321ca42ea', 'product_59', 230.0, 1);
INSERT INTO order_items (order_id, product_id, product_name, product_price, quantity)
VALUES ('3dcc04e1-e30a-6fa0-cfdd-aeffb5d8fd62', 'da98da7c-a663-0228-294e-97c1fae50fd1', 'product_54', 180.0, 1);
INSERT INTO order_items (order_id, product_id, product_name, product_price, quantity)
VALUES ('3dcc04e1-e30a-6fa0-cfdd-aeffb5d8fd62', 'b9bdca4d-a423-6c36-2351-10cf52ff0eec', 'product_230', 0.0, 1);
INSERT INTO order_items (order_id, product_id, product_name, product_price, quantity)
VALUES ('3dcc04e1-e30a-6fa0-cfdd-aeffb5d8fd62', '38432f7f-ba41-eaa0-7e46-d791008e4b02', 'product_6', 510.0, 1);
INSERT INTO orders (id, venue_id, number, status, total_amount, opened_at, closed_at, table_number)
VALUES ('cff20337-6d8f-32a8-9c07-c2d00a36781a', '00000000-0000-0000-0000-000000000010', '7030', 'paid', 540.0, '2026-05-01 11:56:25', '2026-05-01 11:56:25', '12');
INSERT INTO order_items (order_id, product_id, product_name, product_price, quantity)
VALUES ('cff20337-6d8f-32a8-9c07-c2d00a36781a', 'b9bdca4d-a423-6c36-2351-10cf52ff0eec', 'product_230', 0.0, 2);
INSERT INTO order_items (order_id, product_id, product_name, product_price, quantity)
VALUES ('cff20337-6d8f-32a8-9c07-c2d00a36781a', 'da98da7c-a663-0228-294e-97c1fae50fd1', 'product_54', 180.0, 3);
INSERT INTO orders (id, venue_id, number, status, total_amount, opened_at, closed_at, table_number)
VALUES ('ad07d1be-ae63-a528-8edf-72f5534e3ff9', '00000000-0000-0000-0000-000000000010', '7033', 'paid', 1480.0, '2026-05-01 11:56:12', '2026-05-01 11:56:12', '10');
INSERT INTO order_items (order_id, product_id, product_name, product_price, quantity)
VALUES ('ad07d1be-ae63-a528-8edf-72f5534e3ff9', '38432f7f-ba41-eaa0-7e46-d791008e4b02', 'product_6', 510.0, 1);
INSERT INTO order_items (order_id, product_id, product_name, product_price, quantity)
VALUES ('ad07d1be-ae63-a528-8edf-72f5534e3ff9', '497d0040-b877-bebf-95b7-582bf7a5e783', 'product_174', 250.0, 1);
INSERT INTO order_items (order_id, product_id, product_name, product_price, quantity)
VALUES ('ad07d1be-ae63-a528-8edf-72f5534e3ff9', '0caff6fe-c574-8665-33ca-5f2cee71ebb2', 'product_35', 190.0, 1);
INSERT INTO order_items (order_id, product_id, product_name, product_price, quantity)
VALUES ('ad07d1be-ae63-a528-8edf-72f5534e3ff9', '94d2bddc-c99f-2985-f8eb-9d8a4a995ad3', 'product_10', 300.0, 1);
INSERT INTO order_items (order_id, product_id, product_name, product_price, quantity)
VALUES ('ad07d1be-ae63-a528-8edf-72f5534e3ff9', '021231f4-e9fa-ecbb-5f2a-ad1321ca42ea', 'product_59', 230.0, 1);
INSERT INTO orders (id, venue_id, number, status, total_amount, opened_at, closed_at, table_number)
VALUES ('db18beba-4a1c-cef3-f0f1-56ca6a50e147', '00000000-0000-0000-0000-000000000010', '7034', 'paid', 230.0, '2026-05-01 11:56:08', '2026-05-01 11:56:08', '1');
INSERT INTO order_items (order_id, product_id, product_name, product_price, quantity)
VALUES ('db18beba-4a1c-cef3-f0f1-56ca6a50e147', 'b9bdca4d-a423-6c36-2351-10cf52ff0eec', 'product_230', 0.0, 1);
INSERT INTO order_items (order_id, product_id, product_name, product_price, quantity)
VALUES ('db18beba-4a1c-cef3-f0f1-56ca6a50e147', '021231f4-e9fa-ecbb-5f2a-ad1321ca42ea', 'product_59', 230.0, 1);
INSERT INTO orders (id, venue_id, number, status, total_amount, opened_at, closed_at, table_number)
VALUES ('ca41506a-48e5-53e8-915d-d0dd20477681', '00000000-0000-0000-0000-000000000010', '7022', 'paid', 1800.0, '2026-05-01 11:54:31', '2026-05-01 11:54:31', '11');
INSERT INTO order_items (order_id, product_id, product_name, product_price, quantity)
VALUES ('ca41506a-48e5-53e8-915d-d0dd20477681', 'ba729be8-36f6-fb9a-7e2c-4b99753cb652', 'product_217', 600.0, 1);
INSERT INTO order_items (order_id, product_id, product_name, product_price, quantity)
VALUES ('ca41506a-48e5-53e8-915d-d0dd20477681', 'ce90a2e4-a08b-570d-aca7-50bb5d2d0ab2', 'product_112', 440.0, 1);
INSERT INTO order_items (order_id, product_id, product_name, product_price, quantity)
VALUES ('ca41506a-48e5-53e8-915d-d0dd20477681', '4f62358e-97a1-94f3-88a7-2af7ee5afc60', 'product_182', 320.0, 1);
INSERT INTO order_items (order_id, product_id, product_name, product_price, quantity)
VALUES ('ca41506a-48e5-53e8-915d-d0dd20477681', 'ca58c9ff-fe24-427b-5955-2cd4feccec48', 'product_116', 310.0, 1);
INSERT INTO order_items (order_id, product_id, product_name, product_price, quantity)
VALUES ('ca41506a-48e5-53e8-915d-d0dd20477681', 'eed148a6-7f8f-38d6-85f9-602481bbc846', 'product_146', 130.0, 1);
INSERT INTO payments (order_id, venue_id, method, amount)
VALUES ('ca41506a-48e5-53e8-915d-d0dd20477681', '00000000-0000-0000-0000-000000000010', 'card', 1800.0);
INSERT INTO orders (id, venue_id, number, status, total_amount, opened_at, closed_at, table_number)
VALUES ('d7fc15bb-68b6-0d29-5db8-77254fd81f53', '00000000-0000-0000-0000-000000000010', '7031', 'paid', 840.0, '2026-04-30 22:30:29', '2026-04-30 22:30:29', '10');
INSERT INTO order_items (order_id, product_id, product_name, product_price, quantity)
VALUES ('d7fc15bb-68b6-0d29-5db8-77254fd81f53', '1d55740b-7a2f-ce7c-d33a-454fb2de27dc', 'product_155', 420.0, 2);
INSERT INTO payments (order_id, venue_id, method, amount)
VALUES ('d7fc15bb-68b6-0d29-5db8-77254fd81f53', '00000000-0000-0000-0000-000000000010', 'card', 840.0);
INSERT INTO orders (id, venue_id, number, status, total_amount, opened_at, closed_at, table_number)
VALUES ('bea83fa9-bbf5-70ce-a0d8-3e618738b829', '00000000-0000-0000-0000-000000000010', '7029', 'paid', 2210.0, '2026-04-30 21:28:14', '2026-04-30 21:28:14', '2');
INSERT INTO order_items (order_id, product_id, product_name, product_price, quantity)
VALUES ('bea83fa9-bbf5-70ce-a0d8-3e618738b829', '1a9038b5-12c1-4b41-756a-ce6d8bb0fac8', 'product_114', 670.0, 2);
INSERT INTO order_items (order_id, product_id, product_name, product_price, quantity)
VALUES ('bea83fa9-bbf5-70ce-a0d8-3e618738b829', '3e9ef73d-3da6-3a82-456a-d27d4a1c4254', 'product_49', 220.0, 1);
INSERT INTO order_items (order_id, product_id, product_name, product_price, quantity)
VALUES ('bea83fa9-bbf5-70ce-a0d8-3e618738b829', '81b3193a-f1f9-6ba6-5630-5c911f0c4a69', 'product_48', 220.0, 1);
INSERT INTO order_items (order_id, product_id, product_name, product_price, quantity)
VALUES ('bea83fa9-bbf5-70ce-a0d8-3e618738b829', 'd56291c3-0b81-82df-41d8-2bffd8869d31', 'product_140', 430.0, 1);
INSERT INTO payments (order_id, venue_id, method, amount)
VALUES ('bea83fa9-bbf5-70ce-a0d8-3e618738b829', '00000000-0000-0000-0000-000000000010', 'card', 2210.0);
INSERT INTO orders (id, venue_id, number, status, total_amount, opened_at, closed_at, table_number)
VALUES ('60910aed-1ef7-4e5a-35bc-5f386a7a83e6', '00000000-0000-0000-0000-000000000010', '7023', 'paid', 4120.0, '2026-04-30 21:25:20', '2026-04-30 21:25:20', '12');
INSERT INTO order_items (order_id, product_id, product_name, product_price, quantity)
VALUES ('60910aed-1ef7-4e5a-35bc-5f386a7a83e6', 'ce90a2e4-a08b-570d-aca7-50bb5d2d0ab2', 'product_112', 440.0, 1);
INSERT INTO order_items (order_id, product_id, product_name, product_price, quantity)
VALUES ('60910aed-1ef7-4e5a-35bc-5f386a7a83e6', '951f4bf6-be55-0e75-59a9-7e580a0d07c4', 'product_14', 640.0, 1);
INSERT INTO order_items (order_id, product_id, product_name, product_price, quantity)
VALUES ('60910aed-1ef7-4e5a-35bc-5f386a7a83e6', 'd56291c3-0b81-82df-41d8-2bffd8869d31', 'product_140', 430.0, 1);
INSERT INTO order_items (order_id, product_id, product_name, product_price, quantity)
VALUES ('60910aed-1ef7-4e5a-35bc-5f386a7a83e6', 'eb1260af-ca5f-c811-fd1c-bf1664229477', 'product_115', 310.0, 2);
INSERT INTO order_items (order_id, product_id, product_name, product_price, quantity)
VALUES ('60910aed-1ef7-4e5a-35bc-5f386a7a83e6', 'e81dc667-2a7e-c5f0-b886-e7a3451b0fd2', 'product_219', 570.0, 1);
INSERT INTO order_items (order_id, product_id, product_name, product_price, quantity)
VALUES ('60910aed-1ef7-4e5a-35bc-5f386a7a83e6', 'ba729be8-36f6-fb9a-7e2c-4b99753cb652', 'product_217', 600.0, 2);
INSERT INTO order_items (order_id, product_id, product_name, product_price, quantity)
VALUES ('60910aed-1ef7-4e5a-35bc-5f386a7a83e6', '81b3193a-f1f9-6ba6-5630-5c911f0c4a69', 'product_48', 220.0, 1);
INSERT INTO payments (order_id, venue_id, method, amount)
VALUES ('60910aed-1ef7-4e5a-35bc-5f386a7a83e6', '00000000-0000-0000-0000-000000000010', 'card', 4120.0);
INSERT INTO orders (id, venue_id, number, status, total_amount, opened_at, closed_at, table_number)
VALUES ('dc7fd526-3456-2f8c-3dd0-7c1988f43823', '00000000-0000-0000-0000-000000000010', '7028', 'paid', 1240.0, '2026-04-30 21:13:46', '2026-04-30 21:13:46', '7');
INSERT INTO order_items (order_id, product_id, product_name, product_price, quantity)
VALUES ('dc7fd526-3456-2f8c-3dd0-7c1988f43823', '8b7920ef-e954-d760-2a69-99cafc830c2e', 'product_171', 270.0, 1);
INSERT INTO order_items (order_id, product_id, product_name, product_price, quantity)
VALUES ('dc7fd526-3456-2f8c-3dd0-7c1988f43823', '5c3938ac-271e-5674-37aa-116c20435202', 'product_234', 370.0, 1);
INSERT INTO order_items (order_id, product_id, product_name, product_price, quantity)
VALUES ('dc7fd526-3456-2f8c-3dd0-7c1988f43823', 'ba729be8-36f6-fb9a-7e2c-4b99753cb652', 'product_217', 600.0, 1);
INSERT INTO payments (order_id, venue_id, method, amount)
VALUES ('dc7fd526-3456-2f8c-3dd0-7c1988f43823', '00000000-0000-0000-0000-000000000010', 'cash', 1240.0);
INSERT INTO orders (id, venue_id, number, status, total_amount, opened_at, closed_at, table_number)
VALUES ('a19cf8c4-e169-1848-950c-857694735528', '00000000-0000-0000-0000-000000000010', '7027', 'paid', 380.0, '2026-04-30 20:27:25', '2026-04-30 20:27:25', '9');
INSERT INTO order_items (order_id, product_id, product_name, product_price, quantity)
VALUES ('a19cf8c4-e169-1848-950c-857694735528', '0caff6fe-c574-8665-33ca-5f2cee71ebb2', 'product_35', 190.0, 2);
INSERT INTO payments (order_id, venue_id, method, amount)
VALUES ('a19cf8c4-e169-1848-950c-857694735528', '00000000-0000-0000-0000-000000000010', 'card', 380.0);
INSERT INTO orders (id, venue_id, number, status, total_amount, opened_at, closed_at, table_number)
VALUES ('65b1ee7f-aba0-45cb-61af-6a320a0187ec', '00000000-0000-0000-0000-000000000010', '7024', 'paid', 2380.0, '2026-04-30 20:27:19', '2026-04-30 20:27:19', '2');
INSERT INTO order_items (order_id, product_id, product_name, product_price, quantity)
VALUES ('65b1ee7f-aba0-45cb-61af-6a320a0187ec', 'a2b39819-292c-0b80-799d-c77d7020fc9d', 'product_34', 190.0, 1);
INSERT INTO order_items (order_id, product_id, product_name, product_price, quantity)
VALUES ('65b1ee7f-aba0-45cb-61af-6a320a0187ec', 'ba729be8-36f6-fb9a-7e2c-4b99753cb652', 'product_217', 600.0, 1);
INSERT INTO order_items (order_id, product_id, product_name, product_price, quantity)
VALUES ('65b1ee7f-aba0-45cb-61af-6a320a0187ec', '81b3193a-f1f9-6ba6-5630-5c911f0c4a69', 'product_48', 220.0, 1);
INSERT INTO order_items (order_id, product_id, product_name, product_price, quantity)
VALUES ('65b1ee7f-aba0-45cb-61af-6a320a0187ec', '6e00b5a0-6b62-d942-73e4-86982bcae389', 'product_21', 1370.0, 1);
INSERT INTO payments (order_id, venue_id, method, amount)
VALUES ('65b1ee7f-aba0-45cb-61af-6a320a0187ec', '00000000-0000-0000-0000-000000000010', 'card', 2380.0);
INSERT INTO orders (id, venue_id, number, status, total_amount, opened_at, closed_at, table_number)
VALUES ('e04e9cda-fc58-12c9-c891-6a445cba1aeb', '00000000-0000-0000-0000-000000000010', '7026', 'paid', 370.0, '2026-04-30 20:10:25', '2026-04-30 20:10:25', '3');
INSERT INTO order_items (order_id, product_id, product_name, product_price, quantity)
VALUES ('e04e9cda-fc58-12c9-c891-6a445cba1aeb', '5c3938ac-271e-5674-37aa-116c20435202', 'product_234', 370.0, 1);
INSERT INTO payments (order_id, venue_id, method, amount)
VALUES ('e04e9cda-fc58-12c9-c891-6a445cba1aeb', '00000000-0000-0000-0000-000000000010', 'card', 370.0);
INSERT INTO orders (id, venue_id, number, status, total_amount, opened_at, closed_at, table_number)
VALUES ('e983420f-faef-aee1-66d6-d8523c8f3daf', '00000000-0000-0000-0000-000000000010', '7025', 'paid', 510.0, '2026-04-30 19:48:29', '2026-04-30 19:48:29', '14');
INSERT INTO order_items (order_id, product_id, product_name, product_price, quantity)
VALUES ('e983420f-faef-aee1-66d6-d8523c8f3daf', '021231f4-e9fa-ecbb-5f2a-ad1321ca42ea', 'product_59', 230.0, 1);
INSERT INTO order_items (order_id, product_id, product_name, product_price, quantity)
VALUES ('e983420f-faef-aee1-66d6-d8523c8f3daf', 'd46f67a1-e1dd-e079-0b5c-329f6422c4d4', 'product_60', 280.0, 1);
INSERT INTO payments (order_id, venue_id, method, amount)
VALUES ('e983420f-faef-aee1-66d6-d8523c8f3daf', '00000000-0000-0000-0000-000000000010', 'cash', 510.0);
INSERT INTO orders (id, venue_id, number, status, total_amount, opened_at, closed_at, table_number)
VALUES ('66fd31f6-84a3-4c3d-4c08-7c272041a502', '00000000-0000-0000-0000-000000000010', '7019', 'paid', 0.0, '2026-04-30 19:31:06', '2026-04-30 19:31:06', '9');
INSERT INTO order_items (order_id, product_id, product_name, product_price, quantity)
VALUES ('66fd31f6-84a3-4c3d-4c08-7c272041a502', '1afe238c-a186-0e67-9e9d-d39b8c4abe8a', 'product_229', 0.0, 1);
INSERT INTO order_items (order_id, product_id, product_name, product_price, quantity)
VALUES ('66fd31f6-84a3-4c3d-4c08-7c272041a502', '82c55340-bd07-2a9a-a6cc-6ce377f958f2', 'product_148', 0.0, 1);
INSERT INTO order_items (order_id, product_id, product_name, product_price, quantity)
VALUES ('66fd31f6-84a3-4c3d-4c08-7c272041a502', '82c55340-bd07-2a9a-a6cc-6ce377f958f2', 'product_148', 0.0, 1);
INSERT INTO order_items (order_id, product_id, product_name, product_price, quantity)
VALUES ('66fd31f6-84a3-4c3d-4c08-7c272041a502', '12dd0c72-4671-5cd8-b7da-98389426555c', 'product_228', 0.0, 1);
INSERT INTO orders (id, venue_id, number, status, total_amount, opened_at, closed_at, table_number)
VALUES ('3002a68f-22c4-bd7a-218b-a36dc1ae3bb9', '00000000-0000-0000-0000-000000000010', '7021', 'paid', 650.0, '2026-04-30 18:04:59', '2026-04-30 18:04:59', '14');
INSERT INTO order_items (order_id, product_id, product_name, product_price, quantity)
VALUES ('3002a68f-22c4-bd7a-218b-a36dc1ae3bb9', '966437e8-b784-92e7-0afa-ff8bde6f1e53', 'product_145', 130.0, 5);
INSERT INTO payments (order_id, venue_id, method, amount)
VALUES ('3002a68f-22c4-bd7a-218b-a36dc1ae3bb9', '00000000-0000-0000-0000-000000000010', 'card', 650.0);
INSERT INTO orders (id, venue_id, number, status, total_amount, opened_at, closed_at, table_number)
VALUES ('7dee1838-8560-52c1-0ace-6d49962b8712', '00000000-0000-0000-0000-000000000010', '7017', 'paid', 700.0, '2026-04-30 14:02:30', '2026-04-30 14:02:30', '11');
INSERT INTO order_items (order_id, product_id, product_name, product_price, quantity)
VALUES ('7dee1838-8560-52c1-0ace-6d49962b8712', '38432f7f-ba41-eaa0-7e46-d791008e4b02', 'product_6', 510.0, 1);
INSERT INTO order_items (order_id, product_id, product_name, product_price, quantity)
VALUES ('7dee1838-8560-52c1-0ace-6d49962b8712', 'b9bdca4d-a423-6c36-2351-10cf52ff0eec', 'product_230', 0.0, 1);
INSERT INTO order_items (order_id, product_id, product_name, product_price, quantity)
VALUES ('7dee1838-8560-52c1-0ace-6d49962b8712', 'a2b39819-292c-0b80-799d-c77d7020fc9d', 'product_34', 190.0, 1);
INSERT INTO orders (id, venue_id, number, status, total_amount, opened_at, closed_at, table_number)
VALUES ('218e2b6c-2609-a387-4296-925d7f064a3f', '00000000-0000-0000-0000-000000000010', '7018', 'paid', 1370.0, '2026-04-30 14:01:23', '2026-04-30 14:01:23', '1');
INSERT INTO order_items (order_id, product_id, product_name, product_price, quantity)
VALUES ('218e2b6c-2609-a387-4296-925d7f064a3f', '260b99e2-59bd-a3dc-c313-434aff0daf54', 'product_144', 190.0, 2);
INSERT INTO order_items (order_id, product_id, product_name, product_price, quantity)
VALUES ('218e2b6c-2609-a387-4296-925d7f064a3f', 'eed148a6-7f8f-38d6-85f9-602481bbc846', 'product_146', 130.0, 1);
INSERT INTO order_items (order_id, product_id, product_name, product_price, quantity)
VALUES ('218e2b6c-2609-a387-4296-925d7f064a3f', 'fdb6f575-fe3f-282e-93d0-1dad56530fa5', 'product_15', 640.0, 1);
INSERT INTO order_items (order_id, product_id, product_name, product_price, quantity)
VALUES ('218e2b6c-2609-a387-4296-925d7f064a3f', '81b3193a-f1f9-6ba6-5630-5c911f0c4a69', 'product_48', 220.0, 1);
INSERT INTO payments (order_id, venue_id, method, amount)
VALUES ('218e2b6c-2609-a387-4296-925d7f064a3f', '00000000-0000-0000-0000-000000000010', 'cash', 1370.0);
INSERT INTO orders (id, venue_id, number, status, total_amount, opened_at, closed_at, table_number)
VALUES ('5ec0ccf3-c476-5f2b-2ddb-70fdc87d80ca', '00000000-0000-0000-0000-000000000010', '7020', 'paid', 260.0, '2026-04-30 13:05:11', '2026-04-30 13:05:11', '14');
INSERT INTO order_items (order_id, product_id, product_name, product_price, quantity)
VALUES ('5ec0ccf3-c476-5f2b-2ddb-70fdc87d80ca', '966437e8-b784-92e7-0afa-ff8bde6f1e53', 'product_145', 130.0, 2);
INSERT INTO payments (order_id, venue_id, method, amount)
VALUES ('5ec0ccf3-c476-5f2b-2ddb-70fdc87d80ca', '00000000-0000-0000-0000-000000000010', 'card', 260.0);
INSERT INTO orders (id, venue_id, number, status, total_amount, opened_at, closed_at, table_number)
VALUES ('a4927e67-598b-c48e-093b-b4c4da8288ec', '00000000-0000-0000-0000-000000000010', '7016', 'paid', 0.0, '2026-04-29 20:44:26', '2026-04-29 20:44:26', '9');
INSERT INTO order_items (order_id, product_id, product_name, product_price, quantity)
VALUES ('a4927e67-598b-c48e-093b-b4c4da8288ec', '82c55340-bd07-2a9a-a6cc-6ce377f958f2', 'product_148', 0.0, 1);
INSERT INTO order_items (order_id, product_id, product_name, product_price, quantity)
VALUES ('a4927e67-598b-c48e-093b-b4c4da8288ec', '1afe238c-a186-0e67-9e9d-d39b8c4abe8a', 'product_229', 0.0, 1);
INSERT INTO orders (id, venue_id, number, status, total_amount, opened_at, closed_at, table_number)
VALUES ('15cca3e5-5792-0dfd-d01d-5cab64e0ec73', '00000000-0000-0000-0000-000000000010', '7015', 'paid', 420.0, '2026-04-29 20:36:09', '2026-04-29 20:36:09', '9');
INSERT INTO order_items (order_id, product_id, product_name, product_price, quantity)
VALUES ('15cca3e5-5792-0dfd-d01d-5cab64e0ec73', '1d55740b-7a2f-ce7c-d33a-454fb2de27dc', 'product_155', 420.0, 1);
INSERT INTO payments (order_id, venue_id, method, amount)
VALUES ('15cca3e5-5792-0dfd-d01d-5cab64e0ec73', '00000000-0000-0000-0000-000000000010', 'card', 420.0);
INSERT INTO orders (id, venue_id, number, status, total_amount, opened_at, closed_at, table_number)
VALUES ('7b359d61-30ef-99ea-ff75-063cbd6c2498', '00000000-0000-0000-0000-000000000010', '7014', 'paid', 220.0, '2026-04-29 20:34:29', '2026-04-29 20:34:29', '1');
INSERT INTO order_items (order_id, product_id, product_name, product_price, quantity)
VALUES ('7b359d61-30ef-99ea-ff75-063cbd6c2498', '7c7c305a-92ed-bc40-0bb5-1155fc4e313f', 'product_99', 220.0, 1);
INSERT INTO payments (order_id, venue_id, method, amount)
VALUES ('7b359d61-30ef-99ea-ff75-063cbd6c2498', '00000000-0000-0000-0000-000000000010', 'card', 220.0);
INSERT INTO orders (id, venue_id, number, status, total_amount, opened_at, closed_at, table_number)
VALUES ('af6349db-3877-35c6-3cd5-818ba99da19b', '00000000-0000-0000-0000-000000000010', '7013', 'paid', 3620.0, '2026-04-29 19:01:06', '2026-04-29 19:01:06', '12');
INSERT INTO order_items (order_id, product_id, product_name, product_price, quantity)
VALUES ('af6349db-3877-35c6-3cd5-818ba99da19b', '0caff6fe-c574-8665-33ca-5f2cee71ebb2', 'product_35', 190.0, 1);
INSERT INTO order_items (order_id, product_id, product_name, product_price, quantity)
VALUES ('af6349db-3877-35c6-3cd5-818ba99da19b', '951f4bf6-be55-0e75-59a9-7e580a0d07c4', 'product_14', 640.0, 1);
INSERT INTO order_items (order_id, product_id, product_name, product_price, quantity)
VALUES ('af6349db-3877-35c6-3cd5-818ba99da19b', '6e00b5a0-6b62-d942-73e4-86982bcae389', 'product_21', 1370.0, 1);
INSERT INTO order_items (order_id, product_id, product_name, product_price, quantity)
VALUES ('af6349db-3877-35c6-3cd5-818ba99da19b', 'c0fb869e-f434-07cb-f666-b9f7e55d4032', 'product_113', 770.0, 1);
INSERT INTO order_items (order_id, product_id, product_name, product_price, quantity)
VALUES ('af6349db-3877-35c6-3cd5-818ba99da19b', '5f05b996-99f5-dfcb-e4b9-79078ca1f540', 'product_100', 460.0, 1);
INSERT INTO order_items (order_id, product_id, product_name, product_price, quantity)
VALUES ('af6349db-3877-35c6-3cd5-818ba99da19b', '260b99e2-59bd-a3dc-c313-434aff0daf54', 'product_144', 190.0, 1);
INSERT INTO payments (order_id, venue_id, method, amount)
VALUES ('af6349db-3877-35c6-3cd5-818ba99da19b', '00000000-0000-0000-0000-000000000010', 'card', 3620.0);
INSERT INTO orders (id, venue_id, number, status, total_amount, opened_at, closed_at, table_number)
VALUES ('09785a1a-4a71-fc57-85d3-c9931a2642e5', '00000000-0000-0000-0000-000000000010', '7012', 'paid', 1710.0, '2026-04-29 18:18:24', '2026-04-29 18:18:24', '11');
INSERT INTO order_items (order_id, product_id, product_name, product_price, quantity)
VALUES ('09785a1a-4a71-fc57-85d3-c9931a2642e5', '1a9038b5-12c1-4b41-756a-ce6d8bb0fac8', 'product_114', 670.0, 2);
INSERT INTO order_items (order_id, product_id, product_name, product_price, quantity)
VALUES ('09785a1a-4a71-fc57-85d3-c9931a2642e5', '7a291d79-c795-0f76-118b-25d10a078238', 'product_191', 370.0, 1);
INSERT INTO payments (order_id, venue_id, method, amount)
VALUES ('09785a1a-4a71-fc57-85d3-c9931a2642e5', '00000000-0000-0000-0000-000000000010', 'card', 1710.0);
INSERT INTO orders (id, venue_id, number, status, total_amount, opened_at, closed_at, table_number)
VALUES ('2d9c16d5-a8dc-49e8-893e-e8e321c4b8ce', '00000000-0000-0000-0000-000000000010', '7008', 'paid', 960.0, '2026-04-29 17:42:26', '2026-04-29 17:42:26', '10');
INSERT INTO order_items (order_id, product_id, product_name, product_price, quantity)
VALUES ('2d9c16d5-a8dc-49e8-893e-e8e321c4b8ce', '12dd0c72-4671-5cd8-b7da-98389426555c', 'product_228', 0.0, 2);
INSERT INTO order_items (order_id, product_id, product_name, product_price, quantity)
VALUES ('2d9c16d5-a8dc-49e8-893e-e8e321c4b8ce', '94d2bddc-c99f-2985-f8eb-9d8a4a995ad3', 'product_10', 300.0, 2);
INSERT INTO order_items (order_id, product_id, product_name, product_price, quantity)
VALUES ('2d9c16d5-a8dc-49e8-893e-e8e321c4b8ce', 'da98da7c-a663-0228-294e-97c1fae50fd1', 'product_54', 180.0, 2);
INSERT INTO orders (id, venue_id, number, status, total_amount, opened_at, closed_at, table_number)
VALUES ('cb2a23ce-3309-da5d-4925-7fb6a1f422d3', '00000000-0000-0000-0000-000000000010', '7011', 'paid', 220.0, '2026-04-29 14:34:41', '2026-04-29 14:34:41', '9');
INSERT INTO order_items (order_id, product_id, product_name, product_price, quantity)
VALUES ('cb2a23ce-3309-da5d-4925-7fb6a1f422d3', '4f5dfe3a-4ba6-edc6-1a39-a54a344ea46a', 'product_159', 220.0, 1);
INSERT INTO payments (order_id, venue_id, method, amount)
VALUES ('cb2a23ce-3309-da5d-4925-7fb6a1f422d3', '00000000-0000-0000-0000-000000000010', 'card', 220.0);
INSERT INTO orders (id, venue_id, number, status, total_amount, opened_at, closed_at, table_number)
VALUES ('01744f6e-ad8c-b6e6-fe68-c36ae8fded22', '00000000-0000-0000-0000-000000000010', '7010', 'paid', 220.0, '2026-04-29 14:26:06', '2026-04-29 14:26:06', '9');
INSERT INTO order_items (order_id, product_id, product_name, product_price, quantity)
VALUES ('01744f6e-ad8c-b6e6-fe68-c36ae8fded22', '4f5dfe3a-4ba6-edc6-1a39-a54a344ea46a', 'product_159', 220.0, 1);
INSERT INTO payments (order_id, venue_id, method, amount)
VALUES ('01744f6e-ad8c-b6e6-fe68-c36ae8fded22', '00000000-0000-0000-0000-000000000010', 'card', 220.0);
INSERT INTO orders (id, venue_id, number, status, total_amount, opened_at, closed_at, table_number)
VALUES ('09989250-ccfe-5319-e9d5-9e779b3db898', '00000000-0000-0000-0000-000000000010', '7009', 'paid', 1020.0, '2026-04-29 14:12:31', '2026-04-29 14:12:31', '9');
INSERT INTO order_items (order_id, product_id, product_name, product_price, quantity)
VALUES ('09989250-ccfe-5319-e9d5-9e779b3db898', '021231f4-e9fa-ecbb-5f2a-ad1321ca42ea', 'product_59', 230.0, 2);
INSERT INTO order_items (order_id, product_id, product_name, product_price, quantity)
VALUES ('09989250-ccfe-5319-e9d5-9e779b3db898', '09d404dd-f87b-b319-4eda-9ce7c697868d', 'product_32', 370.0, 1);
INSERT INTO order_items (order_id, product_id, product_name, product_price, quantity)
VALUES ('09989250-ccfe-5319-e9d5-9e779b3db898', '260b99e2-59bd-a3dc-c313-434aff0daf54', 'product_144', 190.0, 1);
INSERT INTO payments (order_id, venue_id, method, amount)
VALUES ('09989250-ccfe-5319-e9d5-9e779b3db898', '00000000-0000-0000-0000-000000000010', 'card', 1020.0);
INSERT INTO orders (id, venue_id, number, status, total_amount, opened_at, closed_at, table_number)
VALUES ('2710c42c-5cdf-7bfa-8d82-a2b9c90b20ee', '00000000-0000-0000-0000-000000000010', '7005', 'paid', 370.0, '2026-04-28 22:27:55', '2026-04-28 22:27:55', '7');
INSERT INTO order_items (order_id, product_id, product_name, product_price, quantity)
VALUES ('2710c42c-5cdf-7bfa-8d82-a2b9c90b20ee', '7a291d79-c795-0f76-118b-25d10a078238', 'product_191', 370.0, 1);
INSERT INTO payments (order_id, venue_id, method, amount)
VALUES ('2710c42c-5cdf-7bfa-8d82-a2b9c90b20ee', '00000000-0000-0000-0000-000000000010', 'card', 370.0);
INSERT INTO orders (id, venue_id, number, status, total_amount, opened_at, closed_at, table_number)
VALUES ('d59fc07c-a7c1-9b18-562b-468fdfc7b9ef', '00000000-0000-0000-0000-000000000010', '7007', 'paid', 370.0, '2026-04-28 22:09:33', '2026-04-28 22:09:33', '9');
INSERT INTO order_items (order_id, product_id, product_name, product_price, quantity)
VALUES ('d59fc07c-a7c1-9b18-562b-468fdfc7b9ef', '7a291d79-c795-0f76-118b-25d10a078238', 'product_191', 370.0, 1);
INSERT INTO payments (order_id, venue_id, method, amount)
VALUES ('d59fc07c-a7c1-9b18-562b-468fdfc7b9ef', '00000000-0000-0000-0000-000000000010', 'card', 370.0);
INSERT INTO orders (id, venue_id, number, status, total_amount, opened_at, closed_at, table_number)
VALUES ('afb2666d-2e2b-fcb9-2142-55b589cd6626', '00000000-0000-0000-0000-000000000010', '7004', 'paid', 2520.0, '2026-04-28 21:32:54', '2026-04-28 21:32:54', '2');
INSERT INTO order_items (order_id, product_id, product_name, product_price, quantity)
VALUES ('afb2666d-2e2b-fcb9-2142-55b589cd6626', '1a9038b5-12c1-4b41-756a-ce6d8bb0fac8', 'product_114', 670.0, 1);
INSERT INTO order_items (order_id, product_id, product_name, product_price, quantity)
VALUES ('afb2666d-2e2b-fcb9-2142-55b589cd6626', 'fdb6f575-fe3f-282e-93d0-1dad56530fa5', 'product_15', 640.0, 1);
INSERT INTO order_items (order_id, product_id, product_name, product_price, quantity)
VALUES ('afb2666d-2e2b-fcb9-2142-55b589cd6626', '5f05b996-99f5-dfcb-e4b9-79078ca1f540', 'product_100', 460.0, 1);
INSERT INTO order_items (order_id, product_id, product_name, product_price, quantity)
VALUES ('afb2666d-2e2b-fcb9-2142-55b589cd6626', '260b99e2-59bd-a3dc-c313-434aff0daf54', 'product_144', 190.0, 2);
INSERT INTO order_items (order_id, product_id, product_name, product_price, quantity)
VALUES ('afb2666d-2e2b-fcb9-2142-55b589cd6626', '5c3938ac-271e-5674-37aa-116c20435202', 'product_234', 370.0, 1);
INSERT INTO payments (order_id, venue_id, method, amount)
VALUES ('afb2666d-2e2b-fcb9-2142-55b589cd6626', '00000000-0000-0000-0000-000000000010', 'card', 2520.0);
INSERT INTO orders (id, venue_id, number, status, total_amount, opened_at, closed_at, table_number)
VALUES ('f456ed11-4e51-97fc-5aa1-5c548baedff8', '00000000-0000-0000-0000-000000000010', '7006', 'paid', 490.0, '2026-04-28 21:26:51', '2026-04-28 21:26:51', '9');
INSERT INTO order_items (order_id, product_id, product_name, product_price, quantity)
VALUES ('f456ed11-4e51-97fc-5aa1-5c548baedff8', '260b99e2-59bd-a3dc-c313-434aff0daf54', 'product_144', 190.0, 1);
INSERT INTO order_items (order_id, product_id, product_name, product_price, quantity)
VALUES ('f456ed11-4e51-97fc-5aa1-5c548baedff8', 'b627abd9-fb00-28f4-a09b-09fcb24019c0', 'product_132', 150.0, 2);
INSERT INTO payments (order_id, venue_id, method, amount)
VALUES ('f456ed11-4e51-97fc-5aa1-5c548baedff8', '00000000-0000-0000-0000-000000000010', 'card', 490.0);
INSERT INTO orders (id, venue_id, number, status, total_amount, opened_at, closed_at, table_number)
VALUES ('2c775e9f-a92b-b2fe-e519-90e1e13faaef', '00000000-0000-0000-0000-000000000010', '7003', 'paid', 4310.0, '2026-04-28 20:07:48', '2026-04-28 20:07:48', '10');
INSERT INTO order_items (order_id, product_id, product_name, product_price, quantity)
VALUES ('2c775e9f-a92b-b2fe-e519-90e1e13faaef', 'ce90a2e4-a08b-570d-aca7-50bb5d2d0ab2', 'product_112', 440.0, 1);
INSERT INTO order_items (order_id, product_id, product_name, product_price, quantity)
VALUES ('2c775e9f-a92b-b2fe-e519-90e1e13faaef', '5f05b996-99f5-dfcb-e4b9-79078ca1f540', 'product_100', 460.0, 1);
INSERT INTO order_items (order_id, product_id, product_name, product_price, quantity)
VALUES ('2c775e9f-a92b-b2fe-e519-90e1e13faaef', '7ddbed72-7deb-5ee4-0634-41d52192bad1', 'product_23', 1750.0, 1);
INSERT INTO order_items (order_id, product_id, product_name, product_price, quantity)
VALUES ('2c775e9f-a92b-b2fe-e519-90e1e13faaef', 'f35ae6ee-40da-7479-c64b-612bff507023', 'product_31', 370.0, 1);
INSERT INTO order_items (order_id, product_id, product_name, product_price, quantity)
VALUES ('2c775e9f-a92b-b2fe-e519-90e1e13faaef', 'bc75aa2b-4910-21bf-56ff-d9769b039d8e', 'product_47', 220.0, 1);
INSERT INTO order_items (order_id, product_id, product_name, product_price, quantity)
VALUES ('2c775e9f-a92b-b2fe-e519-90e1e13faaef', '6599a59a-6cf7-70c9-0971-07a0078ce7cf', 'product_128', 380.0, 2);
INSERT INTO order_items (order_id, product_id, product_name, product_price, quantity)
VALUES ('2c775e9f-a92b-b2fe-e519-90e1e13faaef', 'eb1260af-ca5f-c811-fd1c-bf1664229477', 'product_115', 310.0, 1);
INSERT INTO payments (order_id, venue_id, method, amount)
VALUES ('2c775e9f-a92b-b2fe-e519-90e1e13faaef', '00000000-0000-0000-0000-000000000010', 'card', 4310.0);
INSERT INTO orders (id, venue_id, number, status, total_amount, opened_at, closed_at, table_number)
VALUES ('5b5d54bc-c9a9-7457-15b5-abd9c5187f34', '00000000-0000-0000-0000-000000000010', '7000', 'paid', 940.0, '2026-04-28 16:59:24', '2026-04-28 16:59:24', '10');
INSERT INTO order_items (order_id, product_id, product_name, product_price, quantity)
VALUES ('5b5d54bc-c9a9-7457-15b5-abd9c5187f34', '7b0b5f60-47be-c07e-9585-af9a20b6d773', 'product_9', 460.0, 1);
INSERT INTO order_items (order_id, product_id, product_name, product_price, quantity)
VALUES ('5b5d54bc-c9a9-7457-15b5-abd9c5187f34', 'ec61223f-a380-dd08-f9eb-461b3c2f80e6', 'product_163', 120.0, 1);
INSERT INTO order_items (order_id, product_id, product_name, product_price, quantity)
VALUES ('5b5d54bc-c9a9-7457-15b5-abd9c5187f34', 'da98da7c-a663-0228-294e-97c1fae50fd1', 'product_54', 180.0, 2);
INSERT INTO orders (id, venue_id, number, status, total_amount, opened_at, closed_at, table_number)
VALUES ('d1279edd-985f-2d92-fe6b-10d8e27e03da', '00000000-0000-0000-0000-000000000010', '7002', 'paid', 0.0, '2026-04-28 16:59:19', '2026-04-28 16:59:19', '9');
INSERT INTO order_items (order_id, product_id, product_name, product_price, quantity)
VALUES ('d1279edd-985f-2d92-fe6b-10d8e27e03da', '12dd0c72-4671-5cd8-b7da-98389426555c', 'product_228', 0.0, 1);
INSERT INTO order_items (order_id, product_id, product_name, product_price, quantity)
VALUES ('d1279edd-985f-2d92-fe6b-10d8e27e03da', '82c55340-bd07-2a9a-a6cc-6ce377f958f2', 'product_148', 0.0, 1);
INSERT INTO order_items (order_id, product_id, product_name, product_price, quantity)
VALUES ('d1279edd-985f-2d92-fe6b-10d8e27e03da', '1afe238c-a186-0e67-9e9d-d39b8c4abe8a', 'product_229', 0.0, 1);
INSERT INTO orders (id, venue_id, number, status, total_amount, opened_at, closed_at, table_number)
VALUES ('1d470465-b685-f547-0eda-0c18c86b16a6', '00000000-0000-0000-0000-000000000010', '7001', 'paid', 1460.0, '2026-04-28 16:22:37', '2026-04-28 16:22:37', '8');
INSERT INTO order_items (order_id, product_id, product_name, product_price, quantity)
VALUES ('1d470465-b685-f547-0eda-0c18c86b16a6', '7a291d79-c795-0f76-118b-25d10a078238', 'product_191', 370.0, 1);
INSERT INTO order_items (order_id, product_id, product_name, product_price, quantity)
VALUES ('1d470465-b685-f547-0eda-0c18c86b16a6', '09d404dd-f87b-b319-4eda-9ce7c697868d', 'product_32', 370.0, 1);
INSERT INTO order_items (order_id, product_id, product_name, product_price, quantity)
VALUES ('1d470465-b685-f547-0eda-0c18c86b16a6', 'badf5f45-b516-78fa-fbe7-ff32ed526953', 'product_226', 720.0, 1);
INSERT INTO payments (order_id, venue_id, method, amount)
VALUES ('1d470465-b685-f547-0eda-0c18c86b16a6', '00000000-0000-0000-0000-000000000010', 'card', 1460.0);
INSERT INTO orders (id, venue_id, number, status, total_amount, opened_at, closed_at, table_number)
VALUES ('7510ae7c-a88e-b6a1-6452-c15db81ca683', '00000000-0000-0000-0000-000000000010', '6999', 'paid', 2510.0, '2026-04-28 10:26:12', '2026-04-28 10:26:12', '4');
INSERT INTO order_items (order_id, product_id, product_name, product_price, quantity)
VALUES ('7510ae7c-a88e-b6a1-6452-c15db81ca683', '497d0040-b877-bebf-95b7-582bf7a5e783', 'product_174', 250.0, 2);
INSERT INTO order_items (order_id, product_id, product_name, product_price, quantity)
VALUES ('7510ae7c-a88e-b6a1-6452-c15db81ca683', 'ec61223f-a380-dd08-f9eb-461b3c2f80e6', 'product_163', 120.0, 1);
INSERT INTO order_items (order_id, product_id, product_name, product_price, quantity)
VALUES ('7510ae7c-a88e-b6a1-6452-c15db81ca683', '2836be19-8d27-0aa1-68ed-3bbc6cf94fb8', 'product_13', 270.0, 1);
INSERT INTO order_items (order_id, product_id, product_name, product_price, quantity)
VALUES ('7510ae7c-a88e-b6a1-6452-c15db81ca683', '021231f4-e9fa-ecbb-5f2a-ad1321ca42ea', 'product_59', 230.0, 2);
INSERT INTO order_items (order_id, product_id, product_name, product_price, quantity)
VALUES ('7510ae7c-a88e-b6a1-6452-c15db81ca683', '0caff6fe-c574-8665-33ca-5f2cee71ebb2', 'product_35', 190.0, 1);
INSERT INTO order_items (order_id, product_id, product_name, product_price, quantity)
VALUES ('7510ae7c-a88e-b6a1-6452-c15db81ca683', '38432f7f-ba41-eaa0-7e46-d791008e4b02', 'product_6', 510.0, 1);
INSERT INTO order_items (order_id, product_id, product_name, product_price, quantity)
VALUES ('7510ae7c-a88e-b6a1-6452-c15db81ca683', '7b0b5f60-47be-c07e-9585-af9a20b6d773', 'product_9', 460.0, 1);
INSERT INTO payments (order_id, venue_id, method, amount)
VALUES ('7510ae7c-a88e-b6a1-6452-c15db81ca683', '00000000-0000-0000-0000-000000000010', 'card', 970.0);
INSERT INTO orders (id, venue_id, number, status, total_amount, opened_at, closed_at, table_number)
VALUES ('937a267f-bf3e-8dc8-7a7c-14507997f566', '00000000-0000-0000-0000-000000000010', '6987', 'paid', 1840.0, '2026-04-28 10:26:07', '2026-04-28 10:26:07', '4');
INSERT INTO order_items (order_id, product_id, product_name, product_price, quantity)
VALUES ('937a267f-bf3e-8dc8-7a7c-14507997f566', '966437e8-b784-92e7-0afa-ff8bde6f1e53', 'product_145', 130.0, 1);
INSERT INTO order_items (order_id, product_id, product_name, product_price, quantity)
VALUES ('937a267f-bf3e-8dc8-7a7c-14507997f566', '2aea4c79-36dc-7b25-0bb9-c98c36e577c7', 'product_58', 200.0, 3);
INSERT INTO order_items (order_id, product_id, product_name, product_price, quantity)
VALUES ('937a267f-bf3e-8dc8-7a7c-14507997f566', '134318a5-b3ba-8433-c9f4-446b46b10995', 'product_37', 370.0, 2);
INSERT INTO order_items (order_id, product_id, product_name, product_price, quantity)
VALUES ('937a267f-bf3e-8dc8-7a7c-14507997f566', '3b80474c-9414-a513-7578-5a4d84e49583', 'product_38', 370.0, 1);
INSERT INTO payments (order_id, venue_id, method, amount)
VALUES ('937a267f-bf3e-8dc8-7a7c-14507997f566', '00000000-0000-0000-0000-000000000010', 'card', 1840.0);
INSERT INTO orders (id, venue_id, number, status, total_amount, opened_at, closed_at, table_number)
VALUES ('17497e05-b88c-9ebe-ee96-7ad88d9eb935', '00000000-0000-0000-0000-000000000010', '6998', 'paid', 1200.0, '2026-04-28 09:42:53', '2026-04-28 09:42:53', '2');
INSERT INTO order_items (order_id, product_id, product_name, product_price, quantity)
VALUES ('17497e05-b88c-9ebe-ee96-7ad88d9eb935', '94d2bddc-c99f-2985-f8eb-9d8a4a995ad3', 'product_10', 300.0, 1);
INSERT INTO order_items (order_id, product_id, product_name, product_price, quantity)
VALUES ('17497e05-b88c-9ebe-ee96-7ad88d9eb935', '2836be19-8d27-0aa1-68ed-3bbc6cf94fb8', 'product_13', 270.0, 1);
INSERT INTO order_items (order_id, product_id, product_name, product_price, quantity)
VALUES ('17497e05-b88c-9ebe-ee96-7ad88d9eb935', 'ec61223f-a380-dd08-f9eb-461b3c2f80e6', 'product_163', 120.0, 1);
INSERT INTO order_items (order_id, product_id, product_name, product_price, quantity)
VALUES ('17497e05-b88c-9ebe-ee96-7ad88d9eb935', 'da98da7c-a663-0228-294e-97c1fae50fd1', 'product_54', 180.0, 1);
INSERT INTO order_items (order_id, product_id, product_name, product_price, quantity)
VALUES ('17497e05-b88c-9ebe-ee96-7ad88d9eb935', '9d00fee6-5b1a-acb8-1114-e668525ce1a6', 'product_200', 330.0, 1);
INSERT INTO orders (id, venue_id, number, status, total_amount, opened_at, closed_at, table_number)
VALUES ('f3e28166-df0b-1662-5ef0-acd1b33c6b05', '00000000-0000-0000-0000-000000000010', '6894', 'paid', 9750.0, '2026-04-27 23:01:15', '2026-04-27 23:01:15', '14');
INSERT INTO order_items (order_id, product_id, product_name, product_price, quantity)
VALUES ('f3e28166-df0b-1662-5ef0-acd1b33c6b05', '8b7920ef-e954-d760-2a69-99cafc830c2e', 'product_171', 270.0, 2);
INSERT INTO order_items (order_id, product_id, product_name, product_price, quantity)
VALUES ('f3e28166-df0b-1662-5ef0-acd1b33c6b05', '5f05b996-99f5-dfcb-e4b9-79078ca1f540', 'product_100', 460.0, 1);
INSERT INTO order_items (order_id, product_id, product_name, product_price, quantity)
VALUES ('f3e28166-df0b-1662-5ef0-acd1b33c6b05', '0f7cfc79-3a3f-41ac-1aa4-b27431de9236', 'product_29', 620.0, 4);
INSERT INTO order_items (order_id, product_id, product_name, product_price, quantity)
VALUES ('f3e28166-df0b-1662-5ef0-acd1b33c6b05', '1a9038b5-12c1-4b41-756a-ce6d8bb0fac8', 'product_114', 670.0, 2);
INSERT INTO order_items (order_id, product_id, product_name, product_price, quantity)
VALUES ('f3e28166-df0b-1662-5ef0-acd1b33c6b05', '9a06fa1f-d2b5-1b6f-d6c5-37c2ffa3adfd', 'product_168', 640.0, 1);
INSERT INTO order_items (order_id, product_id, product_name, product_price, quantity)
VALUES ('f3e28166-df0b-1662-5ef0-acd1b33c6b05', 'b627abd9-fb00-28f4-a09b-09fcb24019c0', 'product_132', 150.0, 1);
INSERT INTO order_items (order_id, product_id, product_name, product_price, quantity)
VALUES ('f3e28166-df0b-1662-5ef0-acd1b33c6b05', '7ddbed72-7deb-5ee4-0634-41d52192bad1', 'product_23', 1750.0, 1);
INSERT INTO order_items (order_id, product_id, product_name, product_price, quantity)
VALUES ('f3e28166-df0b-1662-5ef0-acd1b33c6b05', '7ddbed72-7deb-5ee4-0634-41d52192bad1', 'product_23', 1750.0, 1);
INSERT INTO order_items (order_id, product_id, product_name, product_price, quantity)
VALUES ('f3e28166-df0b-1662-5ef0-acd1b33c6b05', '951f4bf6-be55-0e75-59a9-7e580a0d07c4', 'product_14', 640.0, 1);
INSERT INTO payments (order_id, venue_id, method, amount)
VALUES ('f3e28166-df0b-1662-5ef0-acd1b33c6b05', '00000000-0000-0000-0000-000000000010', 'card', 7800.0);
INSERT INTO orders (id, venue_id, number, status, total_amount, opened_at, closed_at, table_number)
VALUES ('d6b205ca-bc6a-4e5b-693d-4bcee8e1b571', '00000000-0000-0000-0000-000000000010', '6997', 'paid', 0.0, '2026-04-27 22:58:45', '2026-04-27 22:58:45', '9');
INSERT INTO order_items (order_id, product_id, product_name, product_price, quantity)
VALUES ('d6b205ca-bc6a-4e5b-693d-4bcee8e1b571', '1afe238c-a186-0e67-9e9d-d39b8c4abe8a', 'product_229', 0.0, 1);
INSERT INTO order_items (order_id, product_id, product_name, product_price, quantity)
VALUES ('d6b205ca-bc6a-4e5b-693d-4bcee8e1b571', '82c55340-bd07-2a9a-a6cc-6ce377f958f2', 'product_148', 0.0, 1);
INSERT INTO orders (id, venue_id, number, status, total_amount, opened_at, closed_at, table_number)
VALUES ('d1d1e5b0-b9ec-ac24-9fc6-85133b2dae8b', '00000000-0000-0000-0000-000000000010', '6985', 'paid', 0.0, '2026-04-27 22:57:42', '2026-04-27 22:57:42', '14');
INSERT INTO orders (id, venue_id, number, status, total_amount, opened_at, closed_at, table_number)
VALUES ('029ce64c-2c3e-0c17-3c89-220c6e0bbb54', '00000000-0000-0000-0000-000000000010', '6996', 'paid', 720.0, '2026-04-27 22:00:46', '2026-04-27 22:00:46', '9');
INSERT INTO order_items (order_id, product_id, product_name, product_price, quantity)
VALUES ('029ce64c-2c3e-0c17-3c89-220c6e0bbb54', '3b80474c-9414-a513-7578-5a4d84e49583', 'product_38', 370.0, 1);
INSERT INTO order_items (order_id, product_id, product_name, product_price, quantity)
VALUES ('029ce64c-2c3e-0c17-3c89-220c6e0bbb54', '5b7828a6-fad3-dc3f-06c7-979905efbff1', 'product_61', 350.0, 1);
INSERT INTO payments (order_id, venue_id, method, amount)
VALUES ('029ce64c-2c3e-0c17-3c89-220c6e0bbb54', '00000000-0000-0000-0000-000000000010', 'card', 720.0);
INSERT INTO orders (id, venue_id, number, status, total_amount, opened_at, closed_at, table_number)
VALUES ('d2d89eb1-ba5a-3b27-8473-07e83981bf8f', '00000000-0000-0000-0000-000000000010', '6984', 'paid', 5230.0, '2026-04-27 22:00:04', '2026-04-27 22:00:04', '7');
INSERT INTO order_items (order_id, product_id, product_name, product_price, quantity)
VALUES ('d2d89eb1-ba5a-3b27-8473-07e83981bf8f', 'fdb6f575-fe3f-282e-93d0-1dad56530fa5', 'product_15', 640.0, 2);
INSERT INTO order_items (order_id, product_id, product_name, product_price, quantity)
VALUES ('d2d89eb1-ba5a-3b27-8473-07e83981bf8f', '1a9038b5-12c1-4b41-756a-ce6d8bb0fac8', 'product_114', 670.0, 2);
INSERT INTO order_items (order_id, product_id, product_name, product_price, quantity)
VALUES ('d2d89eb1-ba5a-3b27-8473-07e83981bf8f', '0f7cfc79-3a3f-41ac-1aa4-b27431de9236', 'product_29', 620.0, 3);
INSERT INTO order_items (order_id, product_id, product_name, product_price, quantity)
VALUES ('d2d89eb1-ba5a-3b27-8473-07e83981bf8f', '0caff6fe-c574-8665-33ca-5f2cee71ebb2', 'product_35', 190.0, 2);
INSERT INTO order_items (order_id, product_id, product_name, product_price, quantity)
VALUES ('d2d89eb1-ba5a-3b27-8473-07e83981bf8f', '5c3938ac-271e-5674-37aa-116c20435202', 'product_234', 370.0, 1);
INSERT INTO payments (order_id, venue_id, method, amount)
VALUES ('d2d89eb1-ba5a-3b27-8473-07e83981bf8f', '00000000-0000-0000-0000-000000000010', 'card', 5230.0);
INSERT INTO orders (id, venue_id, number, status, total_amount, opened_at, closed_at, table_number)
VALUES ('41071072-29ad-92b1-bd34-bc18f0451881', '00000000-0000-0000-0000-000000000010', '6995', 'paid', 0.0, '2026-04-27 21:54:26', '2026-04-27 21:54:26', '9');
INSERT INTO order_items (order_id, product_id, product_name, product_price, quantity)
VALUES ('41071072-29ad-92b1-bd34-bc18f0451881', '82c55340-bd07-2a9a-a6cc-6ce377f958f2', 'product_148', 0.0, 1);
INSERT INTO order_items (order_id, product_id, product_name, product_price, quantity)
VALUES ('41071072-29ad-92b1-bd34-bc18f0451881', '1afe238c-a186-0e67-9e9d-d39b8c4abe8a', 'product_229', 0.0, 1);
INSERT INTO order_items (order_id, product_id, product_name, product_price, quantity)
VALUES ('41071072-29ad-92b1-bd34-bc18f0451881', '12dd0c72-4671-5cd8-b7da-98389426555c', 'product_228', 0.0, 1);
INSERT INTO orders (id, venue_id, number, status, total_amount, opened_at, closed_at, table_number)
VALUES ('36591617-b350-7799-c16d-70c8166e3ed3', '00000000-0000-0000-0000-000000000010', '6989', 'paid', 4730.0, '2026-04-27 21:47:40', '2026-04-27 21:47:40', '13');
INSERT INTO order_items (order_id, product_id, product_name, product_price, quantity)
VALUES ('36591617-b350-7799-c16d-70c8166e3ed3', '89f7c252-16f5-61cd-3e79-006400fd853a', 'product_208', 1750.0, 1);
INSERT INTO order_items (order_id, product_id, product_name, product_price, quantity)
VALUES ('36591617-b350-7799-c16d-70c8166e3ed3', '1a9038b5-12c1-4b41-756a-ce6d8bb0fac8', 'product_114', 670.0, 1);
INSERT INTO order_items (order_id, product_id, product_name, product_price, quantity)
VALUES ('36591617-b350-7799-c16d-70c8166e3ed3', '9a06fa1f-d2b5-1b6f-d6c5-37c2ffa3adfd', 'product_168', 640.0, 1);
INSERT INTO order_items (order_id, product_id, product_name, product_price, quantity)
VALUES ('36591617-b350-7799-c16d-70c8166e3ed3', 'badf5f45-b516-78fa-fbe7-ff32ed526953', 'product_226', 720.0, 1);
INSERT INTO order_items (order_id, product_id, product_name, product_price, quantity)
VALUES ('36591617-b350-7799-c16d-70c8166e3ed3', 'f35a1ebf-94b4-c196-4fdb-5698a8e21330', 'product_170', 820.0, 1);
INSERT INTO order_items (order_id, product_id, product_name, product_price, quantity)
VALUES ('36591617-b350-7799-c16d-70c8166e3ed3', 'eed148a6-7f8f-38d6-85f9-602481bbc846', 'product_146', 130.0, 1);
INSERT INTO payments (order_id, venue_id, method, amount)
VALUES ('36591617-b350-7799-c16d-70c8166e3ed3', '00000000-0000-0000-0000-000000000010', 'card', 4730.0);
INSERT INTO orders (id, venue_id, number, status, total_amount, opened_at, closed_at, table_number)
VALUES ('67ed055e-9a8f-8813-abb3-fe99ab8ba2d1', '00000000-0000-0000-0000-000000000010', '6994', 'paid', 1470.0, '2026-04-27 21:26:47', '2026-04-27 21:26:47', '3');
INSERT INTO order_items (order_id, product_id, product_name, product_price, quantity)
VALUES ('67ed055e-9a8f-8813-abb3-fe99ab8ba2d1', 'ba729be8-36f6-fb9a-7e2c-4b99753cb652', 'product_217', 600.0, 1);
INSERT INTO order_items (order_id, product_id, product_name, product_price, quantity)
VALUES ('67ed055e-9a8f-8813-abb3-fe99ab8ba2d1', '5f05b996-99f5-dfcb-e4b9-79078ca1f540', 'product_100', 460.0, 1);
INSERT INTO order_items (order_id, product_id, product_name, product_price, quantity)
VALUES ('67ed055e-9a8f-8813-abb3-fe99ab8ba2d1', 'a2b39819-292c-0b80-799d-c77d7020fc9d', 'product_34', 190.0, 1);
INSERT INTO order_items (order_id, product_id, product_name, product_price, quantity)
VALUES ('67ed055e-9a8f-8813-abb3-fe99ab8ba2d1', '7c7c305a-92ed-bc40-0bb5-1155fc4e313f', 'product_99', 220.0, 1);
INSERT INTO payments (order_id, venue_id, method, amount)
VALUES ('67ed055e-9a8f-8813-abb3-fe99ab8ba2d1', '00000000-0000-0000-0000-000000000010', 'cash', 1470.0);
INSERT INTO orders (id, venue_id, number, status, total_amount, opened_at, closed_at, table_number)
VALUES ('c68fa249-2429-ca63-0b19-ed59348e945e', '00000000-0000-0000-0000-000000000010', '6993', 'paid', 920.0, '2026-04-27 21:26:35', '2026-04-27 21:26:35', '1');
INSERT INTO order_items (order_id, product_id, product_name, product_price, quantity)
VALUES ('c68fa249-2429-ca63-0b19-ed59348e945e', '021231f4-e9fa-ecbb-5f2a-ad1321ca42ea', 'product_59', 230.0, 4);
INSERT INTO payments (order_id, venue_id, method, amount)
VALUES ('c68fa249-2429-ca63-0b19-ed59348e945e', '00000000-0000-0000-0000-000000000010', 'cash', 920.0);
INSERT INTO orders (id, venue_id, number, status, total_amount, opened_at, closed_at, table_number)
VALUES ('081d56d1-7792-dee4-fea4-49da140fb092', '00000000-0000-0000-0000-000000000010', '6992', 'paid', 1720.0, '2026-04-27 19:50:34', '2026-04-27 19:50:34', '1');
INSERT INTO order_items (order_id, product_id, product_name, product_price, quantity)
VALUES ('081d56d1-7792-dee4-fea4-49da140fb092', '1a9038b5-12c1-4b41-756a-ce6d8bb0fac8', 'product_114', 670.0, 2);
INSERT INTO order_items (order_id, product_id, product_name, product_price, quantity)
VALUES ('081d56d1-7792-dee4-fea4-49da140fb092', '260b99e2-59bd-a3dc-c313-434aff0daf54', 'product_144', 190.0, 2);
INSERT INTO payments (order_id, venue_id, method, amount)
VALUES ('081d56d1-7792-dee4-fea4-49da140fb092', '00000000-0000-0000-0000-000000000010', 'card', 1720.0);
INSERT INTO orders (id, venue_id, number, status, total_amount, opened_at, closed_at, table_number)
VALUES ('181ac139-03ea-f17b-e983-1916580f0eb6', '00000000-0000-0000-0000-000000000010', '6988', 'paid', 7960.0, '2026-04-27 19:48:39', '2026-04-27 19:48:39', '10');
INSERT INTO order_items (order_id, product_id, product_name, product_price, quantity)
VALUES ('181ac139-03ea-f17b-e983-1916580f0eb6', '260b99e2-59bd-a3dc-c313-434aff0daf54', 'product_144', 190.0, 1);
INSERT INTO order_items (order_id, product_id, product_name, product_price, quantity)
VALUES ('181ac139-03ea-f17b-e983-1916580f0eb6', '09d404dd-f87b-b319-4eda-9ce7c697868d', 'product_32', 370.0, 1);
INSERT INTO order_items (order_id, product_id, product_name, product_price, quantity)
VALUES ('181ac139-03ea-f17b-e983-1916580f0eb6', '7ddbed72-7deb-5ee4-0634-41d52192bad1', 'product_23', 1750.0, 1);
INSERT INTO order_items (order_id, product_id, product_name, product_price, quantity)
VALUES ('181ac139-03ea-f17b-e983-1916580f0eb6', '1a9038b5-12c1-4b41-756a-ce6d8bb0fac8', 'product_114', 670.0, 1);
INSERT INTO order_items (order_id, product_id, product_name, product_price, quantity)
VALUES ('181ac139-03ea-f17b-e983-1916580f0eb6', 'eed148a6-7f8f-38d6-85f9-602481bbc846', 'product_146', 130.0, 1);
INSERT INTO order_items (order_id, product_id, product_name, product_price, quantity)
VALUES ('181ac139-03ea-f17b-e983-1916580f0eb6', 'd158543d-e9dc-0b2a-7902-b665a39db719', 'product_126', 410.0, 1);
INSERT INTO order_items (order_id, product_id, product_name, product_price, quantity)
VALUES ('181ac139-03ea-f17b-e983-1916580f0eb6', '891fbb64-0a53-e6d6-f1bf-27e191c4de93', 'product_121', 4220.0, 1);
INSERT INTO order_items (order_id, product_id, product_name, product_price, quantity)
VALUES ('181ac139-03ea-f17b-e983-1916580f0eb6', '81b3193a-f1f9-6ba6-5630-5c911f0c4a69', 'product_48', 220.0, 1);
INSERT INTO payments (order_id, venue_id, method, amount)
VALUES ('181ac139-03ea-f17b-e983-1916580f0eb6', '00000000-0000-0000-0000-000000000010', 'card', 7960.0);
INSERT INTO orders (id, venue_id, number, status, total_amount, opened_at, closed_at, table_number)
VALUES ('40823060-0cec-ebec-5e2f-dec75857e58b', '00000000-0000-0000-0000-000000000010', '6990', 'paid', 190.0, '2026-04-27 19:18:17', '2026-04-27 19:18:17', '6');
INSERT INTO order_items (order_id, product_id, product_name, product_price, quantity)
VALUES ('40823060-0cec-ebec-5e2f-dec75857e58b', '0caff6fe-c574-8665-33ca-5f2cee71ebb2', 'product_35', 190.0, 1);
INSERT INTO payments (order_id, venue_id, method, amount)
VALUES ('40823060-0cec-ebec-5e2f-dec75857e58b', '00000000-0000-0000-0000-000000000010', 'card', 190.0);
INSERT INTO orders (id, venue_id, number, status, total_amount, opened_at, closed_at, table_number)
VALUES ('c400e581-4a36-3049-2b60-8120ff29652e', '00000000-0000-0000-0000-000000000010', '6986', 'paid', 370.0, '2026-04-27 16:19:10', '2026-04-27 16:19:10', '1');
INSERT INTO order_items (order_id, product_id, product_name, product_price, quantity)
VALUES ('c400e581-4a36-3049-2b60-8120ff29652e', '7a291d79-c795-0f76-118b-25d10a078238', 'product_191', 370.0, 1);
INSERT INTO payments (order_id, venue_id, method, amount)
VALUES ('c400e581-4a36-3049-2b60-8120ff29652e', '00000000-0000-0000-0000-000000000010', 'card', 370.0);
INSERT INTO orders (id, venue_id, number, status, total_amount, opened_at, closed_at, table_number)
VALUES ('4e61d391-7eab-2c1a-a5c6-d4371da60103', '00000000-0000-0000-0000-000000000010', '6981', 'paid', 1470.0, '2026-04-27 15:01:29', '2026-04-27 15:01:29', '11');
INSERT INTO order_items (order_id, product_id, product_name, product_price, quantity)
VALUES ('4e61d391-7eab-2c1a-a5c6-d4371da60103', '38432f7f-ba41-eaa0-7e46-d791008e4b02', 'product_6', 510.0, 1);
INSERT INTO order_items (order_id, product_id, product_name, product_price, quantity)
VALUES ('4e61d391-7eab-2c1a-a5c6-d4371da60103', 'b9bdca4d-a423-6c36-2351-10cf52ff0eec', 'product_230', 0.0, 1);
INSERT INTO order_items (order_id, product_id, product_name, product_price, quantity)
VALUES ('4e61d391-7eab-2c1a-a5c6-d4371da60103', '497d0040-b877-bebf-95b7-582bf7a5e783', 'product_174', 250.0, 2);
INSERT INTO order_items (order_id, product_id, product_name, product_price, quantity)
VALUES ('4e61d391-7eab-2c1a-a5c6-d4371da60103', '021231f4-e9fa-ecbb-5f2a-ad1321ca42ea', 'product_59', 230.0, 2);
INSERT INTO orders (id, venue_id, number, status, total_amount, opened_at, closed_at, table_number)
VALUES ('1f217d58-bdb3-e799-ce8e-f3783c38d8bb', '00000000-0000-0000-0000-000000000010', '6954', 'paid', 1550.0, '2026-04-27 11:07:02', '2026-04-27 11:07:02', '11');
INSERT INTO order_items (order_id, product_id, product_name, product_price, quantity)
VALUES ('1f217d58-bdb3-e799-ce8e-f3783c38d8bb', '81b3193a-f1f9-6ba6-5630-5c911f0c4a69', 'product_48', 220.0, 2);
INSERT INTO order_items (order_id, product_id, product_name, product_price, quantity)
VALUES ('1f217d58-bdb3-e799-ce8e-f3783c38d8bb', '8b7920ef-e954-d760-2a69-99cafc830c2e', 'product_171', 270.0, 2);
INSERT INTO order_items (order_id, product_id, product_name, product_price, quantity)
VALUES ('1f217d58-bdb3-e799-ce8e-f3783c38d8bb', '0caff6fe-c574-8665-33ca-5f2cee71ebb2', 'product_35', 190.0, 1);
INSERT INTO order_items (order_id, product_id, product_name, product_price, quantity)
VALUES ('1f217d58-bdb3-e799-ce8e-f3783c38d8bb', '260b99e2-59bd-a3dc-c313-434aff0daf54', 'product_144', 190.0, 2);
INSERT INTO payments (order_id, venue_id, method, amount)
VALUES ('1f217d58-bdb3-e799-ce8e-f3783c38d8bb', '00000000-0000-0000-0000-000000000010', 'card', 1550.0);
INSERT INTO orders (id, venue_id, number, status, total_amount, opened_at, closed_at, table_number)
VALUES ('e3f5d927-302c-8d47-3583-b0095f8643ad', '00000000-0000-0000-0000-000000000010', '6983', 'paid', 470.0, '2026-04-26 22:32:49', '2026-04-26 22:32:49', '1');
INSERT INTO order_items (order_id, product_id, product_name, product_price, quantity)
VALUES ('e3f5d927-302c-8d47-3583-b0095f8643ad', '30d3c4b2-8d8b-4d91-9c67-b3d72ab218cc', 'product_129', 470.0, 1);
INSERT INTO payments (order_id, venue_id, method, amount)
VALUES ('e3f5d927-302c-8d47-3583-b0095f8643ad', '00000000-0000-0000-0000-000000000010', 'card', 470.0);
INSERT INTO orders (id, venue_id, number, status, total_amount, opened_at, closed_at, table_number)
VALUES ('bc9a7b08-12b7-c557-c3a8-d2908db26435', '00000000-0000-0000-0000-000000000010', '6970', 'paid', 3540.0, '2026-04-26 22:23:21', '2026-04-26 22:23:21', '7');
INSERT INTO order_items (order_id, product_id, product_name, product_price, quantity)
VALUES ('bc9a7b08-12b7-c557-c3a8-d2908db26435', '0caff6fe-c574-8665-33ca-5f2cee71ebb2', 'product_35', 190.0, 1);
INSERT INTO order_items (order_id, product_id, product_name, product_price, quantity)
VALUES ('bc9a7b08-12b7-c557-c3a8-d2908db26435', '1a9038b5-12c1-4b41-756a-ce6d8bb0fac8', 'product_114', 670.0, 5);
INSERT INTO payments (order_id, venue_id, method, amount)
VALUES ('bc9a7b08-12b7-c557-c3a8-d2908db26435', '00000000-0000-0000-0000-000000000010', 'cash', 3540.0);
INSERT INTO orders (id, venue_id, number, status, total_amount, opened_at, closed_at, table_number)
VALUES ('21ab11f0-13c5-9753-a3c0-c27d982a7e7f', '00000000-0000-0000-0000-000000000010', '6982', 'paid', 3820.0, '2026-04-26 22:23:06', '2026-04-26 22:23:06', '9');
INSERT INTO order_items (order_id, product_id, product_name, product_price, quantity)
VALUES ('21ab11f0-13c5-9753-a3c0-c27d982a7e7f', '120437cb-67b8-9406-9251-d8a348262f65', 'product_135', 480.0, 6);
INSERT INTO order_items (order_id, product_id, product_name, product_price, quantity)
VALUES ('21ab11f0-13c5-9753-a3c0-c27d982a7e7f', '30d3c4b2-8d8b-4d91-9c67-b3d72ab218cc', 'product_129', 470.0, 2);
INSERT INTO payments (order_id, venue_id, method, amount)
VALUES ('21ab11f0-13c5-9753-a3c0-c27d982a7e7f', '00000000-0000-0000-0000-000000000010', 'card', 3820.0);
INSERT INTO orders (id, venue_id, number, status, total_amount, opened_at, closed_at, table_number)
VALUES ('1c925b51-1dcb-8a41-a57a-bf283294a6fe', '00000000-0000-0000-0000-000000000010', '6973', 'paid', 1640.0, '2026-04-26 22:02:21', '2026-04-26 22:02:21', '5');
INSERT INTO order_items (order_id, product_id, product_name, product_price, quantity)
VALUES ('1c925b51-1dcb-8a41-a57a-bf283294a6fe', '1a9038b5-12c1-4b41-756a-ce6d8bb0fac8', 'product_114', 670.0, 1);
INSERT INTO order_items (order_id, product_id, product_name, product_price, quantity)
VALUES ('1c925b51-1dcb-8a41-a57a-bf283294a6fe', 'ba729be8-36f6-fb9a-7e2c-4b99753cb652', 'product_217', 600.0, 1);
INSERT INTO order_items (order_id, product_id, product_name, product_price, quantity)
VALUES ('1c925b51-1dcb-8a41-a57a-bf283294a6fe', '09d404dd-f87b-b319-4eda-9ce7c697868d', 'product_32', 370.0, 1);
INSERT INTO payments (order_id, venue_id, method, amount)
VALUES ('1c925b51-1dcb-8a41-a57a-bf283294a6fe', '00000000-0000-0000-0000-000000000010', 'card', 1640.0);
INSERT INTO orders (id, venue_id, number, status, total_amount, opened_at, closed_at, table_number)
VALUES ('f5f750ba-0f02-a1f9-cb01-035751993e8c', '00000000-0000-0000-0000-000000000010', '6978', 'paid', 1960.0, '2026-04-26 21:41:15', '2026-04-26 21:41:15', '6');
INSERT INTO order_items (order_id, product_id, product_name, product_price, quantity)
VALUES ('f5f750ba-0f02-a1f9-cb01-035751993e8c', '81b3193a-f1f9-6ba6-5630-5c911f0c4a69', 'product_48', 220.0, 3);
INSERT INTO order_items (order_id, product_id, product_name, product_price, quantity)
VALUES ('f5f750ba-0f02-a1f9-cb01-035751993e8c', '8b7920ef-e954-d760-2a69-99cafc830c2e', 'product_171', 270.0, 2);
INSERT INTO order_items (order_id, product_id, product_name, product_price, quantity)
VALUES ('f5f750ba-0f02-a1f9-cb01-035751993e8c', '260b99e2-59bd-a3dc-c313-434aff0daf54', 'product_144', 190.0, 4);
INSERT INTO payments (order_id, venue_id, method, amount)
VALUES ('f5f750ba-0f02-a1f9-cb01-035751993e8c', '00000000-0000-0000-0000-000000000010', 'card', 1960.0);
INSERT INTO orders (id, venue_id, number, status, total_amount, opened_at, closed_at, table_number)
VALUES ('8b046947-b122-2173-9a20-1739508673c9', '00000000-0000-0000-0000-000000000010', '6977', 'paid', 370.0, '2026-04-26 21:24:09', '2026-04-26 21:24:09', '1');
INSERT INTO order_items (order_id, product_id, product_name, product_price, quantity)
VALUES ('8b046947-b122-2173-9a20-1739508673c9', '5c3938ac-271e-5674-37aa-116c20435202', 'product_234', 370.0, 1);
INSERT INTO payments (order_id, venue_id, method, amount)
VALUES ('8b046947-b122-2173-9a20-1739508673c9', '00000000-0000-0000-0000-000000000010', 'cash', 370.0);
INSERT INTO orders (id, venue_id, number, status, total_amount, opened_at, closed_at, table_number)
VALUES ('75ff6baf-ab43-66ec-a456-1ec98a46148a', '00000000-0000-0000-0000-000000000010', '6975', 'paid', 2720.0, '2026-04-26 21:22:51', '2026-04-26 21:22:51', '2');
INSERT INTO order_items (order_id, product_id, product_name, product_price, quantity)
VALUES ('75ff6baf-ab43-66ec-a456-1ec98a46148a', 'c0fb869e-f434-07cb-f666-b9f7e55d4032', 'product_113', 770.0, 3);
INSERT INTO order_items (order_id, product_id, product_name, product_price, quantity)
VALUES ('75ff6baf-ab43-66ec-a456-1ec98a46148a', '0caff6fe-c574-8665-33ca-5f2cee71ebb2', 'product_35', 190.0, 1);
INSERT INTO order_items (order_id, product_id, product_name, product_price, quantity)
VALUES ('75ff6baf-ab43-66ec-a456-1ec98a46148a', '81b3193a-f1f9-6ba6-5630-5c911f0c4a69', 'product_48', 220.0, 1);
INSERT INTO payments (order_id, venue_id, method, amount)
VALUES ('75ff6baf-ab43-66ec-a456-1ec98a46148a', '00000000-0000-0000-0000-000000000010', 'card', 2720.0);
INSERT INTO orders (id, venue_id, number, status, total_amount, opened_at, closed_at, table_number)
VALUES ('4438bbc7-df7d-22dd-5092-cf9498d18a44', '00000000-0000-0000-0000-000000000010', '6980', 'paid', 380.0, '2026-04-26 21:12:37', '2026-04-26 21:12:37', '3');
INSERT INTO order_items (order_id, product_id, product_name, product_price, quantity)
VALUES ('4438bbc7-df7d-22dd-5092-cf9498d18a44', '260b99e2-59bd-a3dc-c313-434aff0daf54', 'product_144', 190.0, 2);
INSERT INTO payments (order_id, venue_id, method, amount)
VALUES ('4438bbc7-df7d-22dd-5092-cf9498d18a44', '00000000-0000-0000-0000-000000000010', 'card', 380.0);
INSERT INTO orders (id, venue_id, number, status, total_amount, opened_at, closed_at, table_number)
VALUES ('197de269-dc1b-8a63-5c6f-260a426ade5d', '00000000-0000-0000-0000-000000000010', '6979', 'paid', 130.0, '2026-04-26 21:04:36', '2026-04-26 21:04:36', '14');
INSERT INTO order_items (order_id, product_id, product_name, product_price, quantity)
VALUES ('197de269-dc1b-8a63-5c6f-260a426ade5d', '966437e8-b784-92e7-0afa-ff8bde6f1e53', 'product_145', 130.0, 1);
INSERT INTO payments (order_id, venue_id, method, amount)
VALUES ('197de269-dc1b-8a63-5c6f-260a426ade5d', '00000000-0000-0000-0000-000000000010', 'cash', 130.0);
INSERT INTO orders (id, venue_id, number, status, total_amount, opened_at, closed_at, table_number)
VALUES ('f997deef-bc70-6c48-a362-4e189eb1455e', '00000000-0000-0000-0000-000000000010', '6974', 'paid', 370.0, '2026-04-26 20:58:21', '2026-04-26 20:58:21', '3');
INSERT INTO order_items (order_id, product_id, product_name, product_price, quantity)
VALUES ('f997deef-bc70-6c48-a362-4e189eb1455e', '5c3938ac-271e-5674-37aa-116c20435202', 'product_234', 370.0, 1);
INSERT INTO payments (order_id, venue_id, method, amount)
VALUES ('f997deef-bc70-6c48-a362-4e189eb1455e', '00000000-0000-0000-0000-000000000010', 'card', 370.0);
INSERT INTO orders (id, venue_id, number, status, total_amount, opened_at, closed_at, table_number)
VALUES ('134de02d-ff82-b380-be3f-fab35d5cdead', '00000000-0000-0000-0000-000000000010', '6976', 'paid', 2100.0, '2026-04-26 20:19:05', '2026-04-26 20:19:05', '9');
INSERT INTO order_items (order_id, product_id, product_name, product_price, quantity)
VALUES ('134de02d-ff82-b380-be3f-fab35d5cdead', 'b627abd9-fb00-28f4-a09b-09fcb24019c0', 'product_132', 150.0, 14);
INSERT INTO payments (order_id, venue_id, method, amount)
VALUES ('134de02d-ff82-b380-be3f-fab35d5cdead', '00000000-0000-0000-0000-000000000010', 'card', 2100.0);
INSERT INTO orders (id, venue_id, number, status, total_amount, opened_at, closed_at, table_number)
VALUES ('f2c16716-1a3e-e695-f892-b481cd402cc2', '00000000-0000-0000-0000-000000000010', '6971', 'paid', 740.0, '2026-04-26 20:15:23', '2026-04-26 20:15:23', '1');
INSERT INTO order_items (order_id, product_id, product_name, product_price, quantity)
VALUES ('f2c16716-1a3e-e695-f892-b481cd402cc2', '09d404dd-f87b-b319-4eda-9ce7c697868d', 'product_32', 370.0, 1);
INSERT INTO order_items (order_id, product_id, product_name, product_price, quantity)
VALUES ('f2c16716-1a3e-e695-f892-b481cd402cc2', '7a291d79-c795-0f76-118b-25d10a078238', 'product_191', 370.0, 1);
INSERT INTO payments (order_id, venue_id, method, amount)
VALUES ('f2c16716-1a3e-e695-f892-b481cd402cc2', '00000000-0000-0000-0000-000000000010', 'card', 740.0);
INSERT INTO orders (id, venue_id, number, status, total_amount, opened_at, closed_at, table_number)
VALUES ('651e50a0-7802-95ac-daa8-52590174eecc', '00000000-0000-0000-0000-000000000010', '6972', 'paid', 1840.0, '2026-04-26 20:11:46', '2026-04-26 20:11:46', '6');
INSERT INTO order_items (order_id, product_id, product_name, product_price, quantity)
VALUES ('651e50a0-7802-95ac-daa8-52590174eecc', '81b3193a-f1f9-6ba6-5630-5c911f0c4a69', 'product_48', 220.0, 5);
INSERT INTO order_items (order_id, product_id, product_name, product_price, quantity)
VALUES ('651e50a0-7802-95ac-daa8-52590174eecc', '5c3938ac-271e-5674-37aa-116c20435202', 'product_234', 370.0, 1);
INSERT INTO order_items (order_id, product_id, product_name, product_price, quantity)
VALUES ('651e50a0-7802-95ac-daa8-52590174eecc', '3b80474c-9414-a513-7578-5a4d84e49583', 'product_38', 370.0, 1);
INSERT INTO payments (order_id, venue_id, method, amount)
VALUES ('651e50a0-7802-95ac-daa8-52590174eecc', '00000000-0000-0000-0000-000000000010', 'card', 1840.0);
INSERT INTO orders (id, venue_id, number, status, total_amount, opened_at, closed_at, table_number)
VALUES ('da514e92-77bc-22b9-8bc5-ac9440bc3d5d', '00000000-0000-0000-0000-000000000010', '6966', 'paid', 2070.0, '2026-04-26 20:01:58', '2026-04-26 20:01:58', '2');
INSERT INTO order_items (order_id, product_id, product_name, product_price, quantity)
VALUES ('da514e92-77bc-22b9-8bc5-ac9440bc3d5d', '0d07baf4-74fe-e6af-ddf9-5304e58f2192', 'product_221', 850.0, 2);
INSERT INTO order_items (order_id, product_id, product_name, product_price, quantity)
VALUES ('da514e92-77bc-22b9-8bc5-ac9440bc3d5d', '7a291d79-c795-0f76-118b-25d10a078238', 'product_191', 370.0, 1);
INSERT INTO payments (order_id, venue_id, method, amount)
VALUES ('da514e92-77bc-22b9-8bc5-ac9440bc3d5d', '00000000-0000-0000-0000-000000000010', 'card', 2070.0);
INSERT INTO orders (id, venue_id, number, status, total_amount, opened_at, closed_at, table_number)
VALUES ('b7a87432-d47f-b377-4baa-8a5cc62f6530', '00000000-0000-0000-0000-000000000010', '6968', 'paid', 1670.0, '2026-04-26 19:34:10', '2026-04-26 19:34:10', '3');
INSERT INTO order_items (order_id, product_id, product_name, product_price, quantity)
VALUES ('b7a87432-d47f-b377-4baa-8a5cc62f6530', '0f7cfc79-3a3f-41ac-1aa4-b27431de9236', 'product_29', 620.0, 2);
INSERT INTO order_items (order_id, product_id, product_name, product_price, quantity)
VALUES ('b7a87432-d47f-b377-4baa-8a5cc62f6530', 'd56291c3-0b81-82df-41d8-2bffd8869d31', 'product_140', 430.0, 1);
INSERT INTO payments (order_id, venue_id, method, amount)
VALUES ('b7a87432-d47f-b377-4baa-8a5cc62f6530', '00000000-0000-0000-0000-000000000010', 'card', 1670.0);
INSERT INTO orders (id, venue_id, number, status, total_amount, opened_at, closed_at, table_number)
VALUES ('8b94d900-72e6-142d-1740-a8c6081962e6', '00000000-0000-0000-0000-000000000010', '6969', 'paid', 380.0, '2026-04-26 18:53:36', '2026-04-26 18:53:36', '14');
INSERT INTO order_items (order_id, product_id, product_name, product_price, quantity)
VALUES ('8b94d900-72e6-142d-1740-a8c6081962e6', '260b99e2-59bd-a3dc-c313-434aff0daf54', 'product_144', 190.0, 2);
INSERT INTO payments (order_id, venue_id, method, amount)
VALUES ('8b94d900-72e6-142d-1740-a8c6081962e6', '00000000-0000-0000-0000-000000000010', 'card', 380.0);
INSERT INTO orders (id, venue_id, number, status, total_amount, opened_at, closed_at, table_number)
VALUES ('d6f6ccd0-1602-df6c-6076-f8bd12ec0879', '00000000-0000-0000-0000-000000000010', '6967', 'paid', 2580.0, '2026-04-26 18:46:57', '2026-04-26 18:46:57', '1');
INSERT INTO order_items (order_id, product_id, product_name, product_price, quantity)
VALUES ('d6f6ccd0-1602-df6c-6076-f8bd12ec0879', '86a31dd0-97f1-eb78-7de1-45e29021b34e', 'product_119', 2580.0, 1);
INSERT INTO payments (order_id, venue_id, method, amount)
VALUES ('d6f6ccd0-1602-df6c-6076-f8bd12ec0879', '00000000-0000-0000-0000-000000000010', 'cash', 2580.0);
INSERT INTO orders (id, venue_id, number, status, total_amount, opened_at, closed_at, table_number)
VALUES ('c41cf4e9-98da-321f-07d4-25343f2b46e5', '00000000-0000-0000-0000-000000000010', '6965', 'paid', 460.0, '2026-04-26 18:38:40', '2026-04-26 18:38:40', '9');
INSERT INTO order_items (order_id, product_id, product_name, product_price, quantity)
VALUES ('c41cf4e9-98da-321f-07d4-25343f2b46e5', '021231f4-e9fa-ecbb-5f2a-ad1321ca42ea', 'product_59', 230.0, 2);
INSERT INTO payments (order_id, venue_id, method, amount)
VALUES ('c41cf4e9-98da-321f-07d4-25343f2b46e5', '00000000-0000-0000-0000-000000000010', 'card', 460.0);
INSERT INTO orders (id, venue_id, number, status, total_amount, opened_at, closed_at, table_number)
VALUES ('00b53cc6-7795-564a-a72b-8fa6a45e3e67', '00000000-0000-0000-0000-000000000010', '6964', 'paid', 510.0, '2026-04-26 18:31:42', '2026-04-26 18:31:42', '14');
INSERT INTO order_items (order_id, product_id, product_name, product_price, quantity)
VALUES ('00b53cc6-7795-564a-a72b-8fa6a45e3e67', '021231f4-e9fa-ecbb-5f2a-ad1321ca42ea', 'product_59', 230.0, 1);
INSERT INTO order_items (order_id, product_id, product_name, product_price, quantity)
VALUES ('00b53cc6-7795-564a-a72b-8fa6a45e3e67', 'd46f67a1-e1dd-e079-0b5c-329f6422c4d4', 'product_60', 280.0, 1);
INSERT INTO payments (order_id, venue_id, method, amount)
VALUES ('00b53cc6-7795-564a-a72b-8fa6a45e3e67', '00000000-0000-0000-0000-000000000010', 'cash', 510.0);
INSERT INTO orders (id, venue_id, number, status, total_amount, opened_at, closed_at, table_number)
VALUES ('cae37402-3923-888f-a0d1-a20ce926369c', '00000000-0000-0000-0000-000000000010', '6963', 'paid', 2680.0, '2026-04-26 18:27:35', '2026-04-26 18:27:35', '14');
INSERT INTO order_items (order_id, product_id, product_name, product_price, quantity)
VALUES ('cae37402-3923-888f-a0d1-a20ce926369c', '1a9038b5-12c1-4b41-756a-ce6d8bb0fac8', 'product_114', 670.0, 4);
INSERT INTO payments (order_id, venue_id, method, amount)
VALUES ('cae37402-3923-888f-a0d1-a20ce926369c', '00000000-0000-0000-0000-000000000010', 'card', 2680.0);
INSERT INTO orders (id, venue_id, number, status, total_amount, opened_at, closed_at, table_number)
VALUES ('3e62f42b-df10-9067-eea0-37149c6b7d4d', '00000000-0000-0000-0000-000000000010', '6962', 'paid', 1050.0, '2026-04-26 18:21:17', '2026-04-26 18:21:17', '2');
INSERT INTO order_items (order_id, product_id, product_name, product_price, quantity)
VALUES ('3e62f42b-df10-9067-eea0-37149c6b7d4d', '1a9038b5-12c1-4b41-756a-ce6d8bb0fac8', 'product_114', 670.0, 1);
INSERT INTO order_items (order_id, product_id, product_name, product_price, quantity)
VALUES ('3e62f42b-df10-9067-eea0-37149c6b7d4d', '260b99e2-59bd-a3dc-c313-434aff0daf54', 'product_144', 190.0, 2);
INSERT INTO payments (order_id, venue_id, method, amount)
VALUES ('3e62f42b-df10-9067-eea0-37149c6b7d4d', '00000000-0000-0000-0000-000000000010', 'card', 1050.0);
INSERT INTO orders (id, venue_id, number, status, total_amount, opened_at, closed_at, table_number)
VALUES ('4c38501d-85d7-833a-cba7-b75408a03bf1', '00000000-0000-0000-0000-000000000010', '6960', 'paid', 2550.0, '2026-04-26 18:20:17', '2026-04-26 18:20:17', '1');
INSERT INTO order_items (order_id, product_id, product_name, product_price, quantity)
VALUES ('4c38501d-85d7-833a-cba7-b75408a03bf1', 'c0fb869e-f434-07cb-f666-b9f7e55d4032', 'product_113', 770.0, 1);
INSERT INTO order_items (order_id, product_id, product_name, product_price, quantity)
VALUES ('4c38501d-85d7-833a-cba7-b75408a03bf1', '1a9038b5-12c1-4b41-756a-ce6d8bb0fac8', 'product_114', 670.0, 1);
INSERT INTO order_items (order_id, product_id, product_name, product_price, quantity)
VALUES ('4c38501d-85d7-833a-cba7-b75408a03bf1', '7f688518-4003-c783-7333-b947a8856b49', 'product_28', 470.0, 1);
INSERT INTO order_items (order_id, product_id, product_name, product_price, quantity)
VALUES ('4c38501d-85d7-833a-cba7-b75408a03bf1', 'eed148a6-7f8f-38d6-85f9-602481bbc846', 'product_146', 130.0, 1);
INSERT INTO order_items (order_id, product_id, product_name, product_price, quantity)
VALUES ('4c38501d-85d7-833a-cba7-b75408a03bf1', 'ba6fbcf2-1f2b-909a-e5f9-b9c5fe635c92', 'product_187', 50.0, 1);
INSERT INTO order_items (order_id, product_id, product_name, product_price, quantity)
VALUES ('4c38501d-85d7-833a-cba7-b75408a03bf1', '5f05b996-99f5-dfcb-e4b9-79078ca1f540', 'product_100', 460.0, 1);
INSERT INTO payments (order_id, venue_id, method, amount)
VALUES ('4c38501d-85d7-833a-cba7-b75408a03bf1', '00000000-0000-0000-0000-000000000010', 'card', 2550.0);
INSERT INTO orders (id, venue_id, number, status, total_amount, opened_at, closed_at, table_number)
VALUES ('e92a4691-2eb2-f322-0b4a-256db0048db1', '00000000-0000-0000-0000-000000000010', '6961', 'paid', 260.0, '2026-04-26 17:49:03', '2026-04-26 17:49:03', '2');
INSERT INTO order_items (order_id, product_id, product_name, product_price, quantity)
VALUES ('e92a4691-2eb2-f322-0b4a-256db0048db1', '966437e8-b784-92e7-0afa-ff8bde6f1e53', 'product_145', 130.0, 2);
INSERT INTO payments (order_id, venue_id, method, amount)
VALUES ('e92a4691-2eb2-f322-0b4a-256db0048db1', '00000000-0000-0000-0000-000000000010', 'cash', 260.0);
INSERT INTO orders (id, venue_id, number, status, total_amount, opened_at, closed_at, table_number)
VALUES ('1055467a-51e2-e224-fe2f-5118ea61ac0e', '00000000-0000-0000-0000-000000000010', '6952', 'paid', 1430.0, '2026-04-26 17:37:45', '2026-04-26 17:37:45', '13');
INSERT INTO order_items (order_id, product_id, product_name, product_price, quantity)
VALUES ('1055467a-51e2-e224-fe2f-5118ea61ac0e', '7b0b5f60-47be-c07e-9585-af9a20b6d773', 'product_9', 460.0, 2);
INSERT INTO order_items (order_id, product_id, product_name, product_price, quantity)
VALUES ('1055467a-51e2-e224-fe2f-5118ea61ac0e', '021231f4-e9fa-ecbb-5f2a-ad1321ca42ea', 'product_59', 230.0, 1);
INSERT INTO order_items (order_id, product_id, product_name, product_price, quantity)
VALUES ('1055467a-51e2-e224-fe2f-5118ea61ac0e', 'd46f67a1-e1dd-e079-0b5c-329f6422c4d4', 'product_60', 280.0, 1);
INSERT INTO orders (id, venue_id, number, status, total_amount, opened_at, closed_at, table_number)
VALUES ('e645d1ff-4a13-cc9b-d97e-ae56e0641070', '00000000-0000-0000-0000-000000000010', '6948', 'paid', 970.0, '2026-04-26 17:37:42', '2026-04-26 17:37:42', '11');
INSERT INTO order_items (order_id, product_id, product_name, product_price, quantity)
VALUES ('e645d1ff-4a13-cc9b-d97e-ae56e0641070', '38432f7f-ba41-eaa0-7e46-d791008e4b02', 'product_6', 510.0, 1);
INSERT INTO order_items (order_id, product_id, product_name, product_price, quantity)
VALUES ('e645d1ff-4a13-cc9b-d97e-ae56e0641070', 'b9bdca4d-a423-6c36-2351-10cf52ff0eec', 'product_230', 0.0, 1);
INSERT INTO order_items (order_id, product_id, product_name, product_price, quantity)
VALUES ('e645d1ff-4a13-cc9b-d97e-ae56e0641070', '021231f4-e9fa-ecbb-5f2a-ad1321ca42ea', 'product_59', 230.0, 2);
INSERT INTO orders (id, venue_id, number, status, total_amount, opened_at, closed_at, table_number)
VALUES ('503d6cf7-865b-07a9-43fd-888a80eb9a47', '00000000-0000-0000-0000-000000000010', '6953', 'paid', 830.0, '2026-04-26 17:25:46', '2026-04-26 17:25:46', '1');
INSERT INTO order_items (order_id, product_id, product_name, product_price, quantity)
VALUES ('503d6cf7-865b-07a9-43fd-888a80eb9a47', '12dd0c72-4671-5cd8-b7da-98389426555c', 'product_228', 0.0, 1);
INSERT INTO order_items (order_id, product_id, product_name, product_price, quantity)
VALUES ('503d6cf7-865b-07a9-43fd-888a80eb9a47', '2836be19-8d27-0aa1-68ed-3bbc6cf94fb8', 'product_13', 270.0, 1);
INSERT INTO order_items (order_id, product_id, product_name, product_price, quantity)
VALUES ('503d6cf7-865b-07a9-43fd-888a80eb9a47', 'b9bdca4d-a423-6c36-2351-10cf52ff0eec', 'product_230', 0.0, 1);
INSERT INTO order_items (order_id, product_id, product_name, product_price, quantity)
VALUES ('503d6cf7-865b-07a9-43fd-888a80eb9a47', 'd46f67a1-e1dd-e079-0b5c-329f6422c4d4', 'product_60', 280.0, 2);
INSERT INTO orders (id, venue_id, number, status, total_amount, opened_at, closed_at, table_number)
VALUES ('06e5b40b-1de7-10ca-b373-27f7c4e84216', '00000000-0000-0000-0000-000000000010', '6959', 'paid', 1110.0, '2026-04-26 17:14:23', '2026-04-26 17:14:23', '7');
INSERT INTO order_items (order_id, product_id, product_name, product_price, quantity)
VALUES ('06e5b40b-1de7-10ca-b373-27f7c4e84216', '3b80474c-9414-a513-7578-5a4d84e49583', 'product_38', 370.0, 2);
INSERT INTO order_items (order_id, product_id, product_name, product_price, quantity)
VALUES ('06e5b40b-1de7-10ca-b373-27f7c4e84216', '134318a5-b3ba-8433-c9f4-446b46b10995', 'product_37', 370.0, 1);
INSERT INTO payments (order_id, venue_id, method, amount)
VALUES ('06e5b40b-1de7-10ca-b373-27f7c4e84216', '00000000-0000-0000-0000-000000000010', 'card', 1110.0);
INSERT INTO orders (id, venue_id, number, status, total_amount, opened_at, closed_at, table_number)
VALUES ('df075fb9-4fbf-6734-47b4-6a880faa231c', '00000000-0000-0000-0000-000000000010', '6958', 'paid', 130.0, '2026-04-26 17:12:55', '2026-04-26 17:12:55', '14');
INSERT INTO order_items (order_id, product_id, product_name, product_price, quantity)
VALUES ('df075fb9-4fbf-6734-47b4-6a880faa231c', '966437e8-b784-92e7-0afa-ff8bde6f1e53', 'product_145', 130.0, 1);
INSERT INTO payments (order_id, venue_id, method, amount)
VALUES ('df075fb9-4fbf-6734-47b4-6a880faa231c', '00000000-0000-0000-0000-000000000010', 'card', 130.0);
INSERT INTO orders (id, venue_id, number, status, total_amount, opened_at, closed_at, table_number)
VALUES ('07ccd181-fcb0-3569-11a7-0a0d2b9bf1d9', '00000000-0000-0000-0000-000000000010', '6956', 'paid', 2000.0, '2026-04-26 17:05:29', '2026-04-26 17:05:29', '12');
INSERT INTO order_items (order_id, product_id, product_name, product_price, quantity)
VALUES ('07ccd181-fcb0-3569-11a7-0a0d2b9bf1d9', 'fdb6f575-fe3f-282e-93d0-1dad56530fa5', 'product_15', 640.0, 1);
INSERT INTO order_items (order_id, product_id, product_name, product_price, quantity)
VALUES ('07ccd181-fcb0-3569-11a7-0a0d2b9bf1d9', '0f7cfc79-3a3f-41ac-1aa4-b27431de9236', 'product_29', 620.0, 1);
INSERT INTO order_items (order_id, product_id, product_name, product_price, quantity)
VALUES ('07ccd181-fcb0-3569-11a7-0a0d2b9bf1d9', '3b80474c-9414-a513-7578-5a4d84e49583', 'product_38', 370.0, 1);
INSERT INTO order_items (order_id, product_id, product_name, product_price, quantity)
VALUES ('07ccd181-fcb0-3569-11a7-0a0d2b9bf1d9', 'd6248727-8d48-1513-14ba-2abe0e9b6abf', 'product_39', 370.0, 1);
INSERT INTO payments (order_id, venue_id, method, amount)
VALUES ('07ccd181-fcb0-3569-11a7-0a0d2b9bf1d9', '00000000-0000-0000-0000-000000000010', 'card', 2000.0);
INSERT INTO orders (id, venue_id, number, status, total_amount, opened_at, closed_at, table_number)
VALUES ('717af076-afeb-45ca-f409-975c6bc417b2', '00000000-0000-0000-0000-000000000010', '6957', 'paid', 3060.0, '2026-04-26 16:58:00', '2026-04-26 16:58:00', '2');
INSERT INTO order_items (order_id, product_id, product_name, product_price, quantity)
VALUES ('717af076-afeb-45ca-f409-975c6bc417b2', '1a9038b5-12c1-4b41-756a-ce6d8bb0fac8', 'product_114', 670.0, 4);
INSERT INTO order_items (order_id, product_id, product_name, product_price, quantity)
VALUES ('717af076-afeb-45ca-f409-975c6bc417b2', '260b99e2-59bd-a3dc-c313-434aff0daf54', 'product_144', 190.0, 2);
INSERT INTO payments (order_id, venue_id, method, amount)
VALUES ('717af076-afeb-45ca-f409-975c6bc417b2', '00000000-0000-0000-0000-000000000010', 'card', 3060.0);
INSERT INTO orders (id, venue_id, number, status, total_amount, opened_at, closed_at, table_number)
VALUES ('055e6faf-2f78-7321-48c8-e5f81a6cad78', '00000000-0000-0000-0000-000000000010', '6950', 'paid', 1270.0, '2026-04-26 16:34:33', '2026-04-26 16:34:33', '12');
INSERT INTO order_items (order_id, product_id, product_name, product_price, quantity)
VALUES ('055e6faf-2f78-7321-48c8-e5f81a6cad78', '2836be19-8d27-0aa1-68ed-3bbc6cf94fb8', 'product_13', 270.0, 3);
INSERT INTO order_items (order_id, product_id, product_name, product_price, quantity)
VALUES ('055e6faf-2f78-7321-48c8-e5f81a6cad78', '8d266d35-f6a4-b267-e097-564510f7f857', 'product_12', 270.0, 1);
INSERT INTO order_items (order_id, product_id, product_name, product_price, quantity)
VALUES ('055e6faf-2f78-7321-48c8-e5f81a6cad78', 'a2b39819-292c-0b80-799d-c77d7020fc9d', 'product_34', 190.0, 1);
INSERT INTO orders (id, venue_id, number, status, total_amount, opened_at, closed_at, table_number)
VALUES ('3a00b52b-b5da-be5c-1606-be0a7d42f65d', '00000000-0000-0000-0000-000000000010', '6955', 'paid', 1870.0, '2026-04-26 15:00:13', '2026-04-26 15:00:13', '2');
INSERT INTO order_items (order_id, product_id, product_name, product_price, quantity)
VALUES ('3a00b52b-b5da-be5c-1606-be0a7d42f65d', 'c0fb869e-f434-07cb-f666-b9f7e55d4032', 'product_113', 770.0, 1);
INSERT INTO order_items (order_id, product_id, product_name, product_price, quantity)
VALUES ('3a00b52b-b5da-be5c-1606-be0a7d42f65d', 'badf5f45-b516-78fa-fbe7-ff32ed526953', 'product_226', 720.0, 1);
INSERT INTO order_items (order_id, product_id, product_name, product_price, quantity)
VALUES ('3a00b52b-b5da-be5c-1606-be0a7d42f65d', '260b99e2-59bd-a3dc-c313-434aff0daf54', 'product_144', 190.0, 1);
INSERT INTO order_items (order_id, product_id, product_name, product_price, quantity)
VALUES ('3a00b52b-b5da-be5c-1606-be0a7d42f65d', '0caff6fe-c574-8665-33ca-5f2cee71ebb2', 'product_35', 190.0, 1);
INSERT INTO payments (order_id, venue_id, method, amount)
VALUES ('3a00b52b-b5da-be5c-1606-be0a7d42f65d', '00000000-0000-0000-0000-000000000010', 'card', 1870.0);
INSERT INTO orders (id, venue_id, number, status, total_amount, opened_at, closed_at, table_number)
VALUES ('6c2b68a5-1603-aea5-dfc3-fbdb0a0f1d48', '00000000-0000-0000-0000-000000000010', '6942', 'paid', 470.0, '2026-04-26 13:12:17', '2026-04-26 13:12:17', '10');
INSERT INTO order_items (order_id, product_id, product_name, product_price, quantity)
VALUES ('6c2b68a5-1603-aea5-dfc3-fbdb0a0f1d48', '30d3c4b2-8d8b-4d91-9c67-b3d72ab218cc', 'product_129', 470.0, 1);
INSERT INTO payments (order_id, venue_id, method, amount)
VALUES ('6c2b68a5-1603-aea5-dfc3-fbdb0a0f1d48', '00000000-0000-0000-0000-000000000010', 'card', 470.0);
INSERT INTO orders (id, venue_id, number, status, total_amount, opened_at, closed_at, table_number)
VALUES ('b80b63bc-16a9-2efd-b70a-4952c429fc81', '00000000-0000-0000-0000-000000000010', '6935', 'paid', 1260.0, '2026-04-26 11:37:28', '2026-04-26 11:37:28', '11');
INSERT INTO order_items (order_id, product_id, product_name, product_price, quantity)
VALUES ('b80b63bc-16a9-2efd-b70a-4952c429fc81', '0f7cfc79-3a3f-41ac-1aa4-b27431de9236', 'product_29', 620.0, 1);
INSERT INTO order_items (order_id, product_id, product_name, product_price, quantity)
VALUES ('b80b63bc-16a9-2efd-b70a-4952c429fc81', '9a06fa1f-d2b5-1b6f-d6c5-37c2ffa3adfd', 'product_168', 640.0, 1);
INSERT INTO orders (id, venue_id, number, status, total_amount, opened_at, closed_at, table_number)
VALUES ('03892c4f-11ea-0038-2c94-27407b45333c', '00000000-0000-0000-0000-000000000010', '6946', 'paid', 690.0, '2026-04-26 11:22:41', '2026-04-26 11:22:41', '3');
INSERT INTO order_items (order_id, product_id, product_name, product_price, quantity)
VALUES ('03892c4f-11ea-0038-2c94-27407b45333c', '021231f4-e9fa-ecbb-5f2a-ad1321ca42ea', 'product_59', 230.0, 1);
INSERT INTO order_items (order_id, product_id, product_name, product_price, quantity)
VALUES ('03892c4f-11ea-0038-2c94-27407b45333c', '7b0b5f60-47be-c07e-9585-af9a20b6d773', 'product_9', 460.0, 1);
INSERT INTO payments (order_id, venue_id, method, amount)
VALUES ('03892c4f-11ea-0038-2c94-27407b45333c', '00000000-0000-0000-0000-000000000010', 'card', 690.0);
INSERT INTO orders (id, venue_id, number, status, total_amount, opened_at, closed_at, table_number)
VALUES ('a36fb94f-1713-a55f-e00c-5035aac186c2', '00000000-0000-0000-0000-000000000010', '6949', 'paid', 370.0, '2026-04-26 11:22:24', '2026-04-26 11:22:24', '4');
INSERT INTO order_items (order_id, product_id, product_name, product_price, quantity)
VALUES ('a36fb94f-1713-a55f-e00c-5035aac186c2', '5c3938ac-271e-5674-37aa-116c20435202', 'product_234', 370.0, 1);
INSERT INTO payments (order_id, venue_id, method, amount)
VALUES ('a36fb94f-1713-a55f-e00c-5035aac186c2', '00000000-0000-0000-0000-000000000010', 'card', 370.0);
INSERT INTO orders (id, venue_id, number, status, total_amount, opened_at, closed_at, table_number)
VALUES ('ea28f47d-70d0-16cc-45bd-4d33597f5159', '00000000-0000-0000-0000-000000000010', '6947', 'paid', 500.0, '2026-04-26 11:22:00', '2026-04-26 11:22:00', '2');
INSERT INTO order_items (order_id, product_id, product_name, product_price, quantity)
VALUES ('ea28f47d-70d0-16cc-45bd-4d33597f5159', '021231f4-e9fa-ecbb-5f2a-ad1321ca42ea', 'product_59', 230.0, 1);
INSERT INTO order_items (order_id, product_id, product_name, product_price, quantity)
VALUES ('ea28f47d-70d0-16cc-45bd-4d33597f5159', '2836be19-8d27-0aa1-68ed-3bbc6cf94fb8', 'product_13', 270.0, 1);
INSERT INTO payments (order_id, venue_id, method, amount)
VALUES ('ea28f47d-70d0-16cc-45bd-4d33597f5159', '00000000-0000-0000-0000-000000000010', 'card', 500.0);
INSERT INTO orders (id, venue_id, number, status, total_amount, opened_at, closed_at, table_number)
VALUES ('27d4483f-a5bb-89ce-4111-16386fec9984', '00000000-0000-0000-0000-000000000010', '6945', 'paid', 1060.0, '2026-04-26 11:19:48', '2026-04-26 11:19:48', '1');
INSERT INTO order_items (order_id, product_id, product_name, product_price, quantity)
VALUES ('27d4483f-a5bb-89ce-4111-16386fec9984', 'da98da7c-a663-0228-294e-97c1fae50fd1', 'product_54', 180.0, 1);
INSERT INTO order_items (order_id, product_id, product_name, product_price, quantity)
VALUES ('27d4483f-a5bb-89ce-4111-16386fec9984', '966437e8-b784-92e7-0afa-ff8bde6f1e53', 'product_145', 130.0, 1);
INSERT INTO order_items (order_id, product_id, product_name, product_price, quantity)
VALUES ('27d4483f-a5bb-89ce-4111-16386fec9984', 'ec61223f-a380-dd08-f9eb-461b3c2f80e6', 'product_163', 120.0, 2);
INSERT INTO order_items (order_id, product_id, product_name, product_price, quantity)
VALUES ('27d4483f-a5bb-89ce-4111-16386fec9984', '38432f7f-ba41-eaa0-7e46-d791008e4b02', 'product_6', 510.0, 1);
INSERT INTO payments (order_id, venue_id, method, amount)
VALUES ('27d4483f-a5bb-89ce-4111-16386fec9984', '00000000-0000-0000-0000-000000000010', 'card', 1060.0);
INSERT INTO orders (id, venue_id, number, status, total_amount, opened_at, closed_at, table_number)
VALUES ('b8c035eb-0b1a-eaf4-8ccf-e9c497e3048e', '00000000-0000-0000-0000-000000000010', '6951', 'paid', 460.0, '2026-04-26 10:24:50', '2026-04-26 10:24:50', '5');
INSERT INTO order_items (order_id, product_id, product_name, product_price, quantity)
VALUES ('b8c035eb-0b1a-eaf4-8ccf-e9c497e3048e', '021231f4-e9fa-ecbb-5f2a-ad1321ca42ea', 'product_59', 230.0, 2);
INSERT INTO payments (order_id, venue_id, method, amount)
VALUES ('b8c035eb-0b1a-eaf4-8ccf-e9c497e3048e', '00000000-0000-0000-0000-000000000010', 'card', 460.0);
INSERT INTO orders (id, venue_id, number, status, total_amount, opened_at, closed_at, table_number)
VALUES ('2956d71f-dace-2de5-2179-faf22933a513', '00000000-0000-0000-0000-000000000010', '6944', 'paid', 590.0, '2026-04-26 09:21:54', '2026-04-26 09:21:54', '14');
INSERT INTO order_items (order_id, product_id, product_name, product_price, quantity)
VALUES ('2956d71f-dace-2de5-2179-faf22933a513', '021231f4-e9fa-ecbb-5f2a-ad1321ca42ea', 'product_59', 230.0, 2);
INSERT INTO order_items (order_id, product_id, product_name, product_price, quantity)
VALUES ('2956d71f-dace-2de5-2179-faf22933a513', '966437e8-b784-92e7-0afa-ff8bde6f1e53', 'product_145', 130.0, 1);
INSERT INTO payments (order_id, venue_id, method, amount)
VALUES ('2956d71f-dace-2de5-2179-faf22933a513', '00000000-0000-0000-0000-000000000010', 'card', 590.0);
INSERT INTO orders (id, venue_id, number, status, total_amount, opened_at, closed_at, table_number)
VALUES ('124e5340-2f99-9193-8caa-e0892d558dc6', '00000000-0000-0000-0000-000000000010', '6943', 'paid', 0.0, '2026-04-25 23:41:12', '2026-04-25 23:41:12', '9');
INSERT INTO order_items (order_id, product_id, product_name, product_price, quantity)
VALUES ('124e5340-2f99-9193-8caa-e0892d558dc6', '82c55340-bd07-2a9a-a6cc-6ce377f958f2', 'product_148', 0.0, 1);
INSERT INTO orders (id, venue_id, number, status, total_amount, opened_at, closed_at, table_number)
VALUES ('f35faf18-701d-0b31-70e3-83f11d198385', '00000000-0000-0000-0000-000000000010', '6941', 'paid', 1070.0, '2026-04-25 22:55:17', '2026-04-25 22:55:17', '10');
INSERT INTO order_items (order_id, product_id, product_name, product_price, quantity)
VALUES ('f35faf18-701d-0b31-70e3-83f11d198385', '021231f4-e9fa-ecbb-5f2a-ad1321ca42ea', 'product_59', 230.0, 1);
INSERT INTO order_items (order_id, product_id, product_name, product_price, quantity)
VALUES ('f35faf18-701d-0b31-70e3-83f11d198385', 'd46f67a1-e1dd-e079-0b5c-329f6422c4d4', 'product_60', 280.0, 3);
INSERT INTO payments (order_id, venue_id, method, amount)
VALUES ('f35faf18-701d-0b31-70e3-83f11d198385', '00000000-0000-0000-0000-000000000010', 'card', 1070.0);
INSERT INTO orders (id, venue_id, number, status, total_amount, opened_at, closed_at, table_number)
VALUES ('c36c4d57-15b1-c11e-4a3f-f107928a7423', '00000000-0000-0000-0000-000000000010', '6927', 'paid', 0.0, '2026-04-25 22:38:46', '2026-04-25 22:38:46', '1');
INSERT INTO orders (id, venue_id, number, status, total_amount, opened_at, closed_at, table_number)
VALUES ('77f64993-8d9f-99e1-371b-886a33589e01', '00000000-0000-0000-0000-000000000010', '6931', 'paid', 3710.0, '2026-04-25 22:23:59', '2026-04-25 22:23:59', '10');
INSERT INTO order_items (order_id, product_id, product_name, product_price, quantity)
VALUES ('77f64993-8d9f-99e1-371b-886a33589e01', '86a31dd0-97f1-eb78-7de1-45e29021b34e', 'product_119', 2580.0, 1);
INSERT INTO order_items (order_id, product_id, product_name, product_price, quantity)
VALUES ('77f64993-8d9f-99e1-371b-886a33589e01', '30d3c4b2-8d8b-4d91-9c67-b3d72ab218cc', 'product_129', 470.0, 2);
INSERT INTO order_items (order_id, product_id, product_name, product_price, quantity)
VALUES ('77f64993-8d9f-99e1-371b-886a33589e01', '0caff6fe-c574-8665-33ca-5f2cee71ebb2', 'product_35', 190.0, 1);
INSERT INTO payments (order_id, venue_id, method, amount)
VALUES ('77f64993-8d9f-99e1-371b-886a33589e01', '00000000-0000-0000-0000-000000000010', 'card', 3710.0);
INSERT INTO orders (id, venue_id, number, status, total_amount, opened_at, closed_at, table_number)
VALUES ('7b018147-6ddc-94e4-dd8b-086334d281f9', '00000000-0000-0000-0000-000000000010', '6913', 'paid', 25770.0, '2026-04-25 22:04:38', '2026-04-25 22:04:38', '14');
INSERT INTO order_items (order_id, product_id, product_name, product_price, quantity)
VALUES ('7b018147-6ddc-94e4-dd8b-086334d281f9', '951f4bf6-be55-0e75-59a9-7e580a0d07c4', 'product_14', 640.0, 4);
INSERT INTO order_items (order_id, product_id, product_name, product_price, quantity)
VALUES ('7b018147-6ddc-94e4-dd8b-086334d281f9', 'fdb6f575-fe3f-282e-93d0-1dad56530fa5', 'product_15', 640.0, 4);
INSERT INTO order_items (order_id, product_id, product_name, product_price, quantity)
VALUES ('7b018147-6ddc-94e4-dd8b-086334d281f9', '9a06fa1f-d2b5-1b6f-d6c5-37c2ffa3adfd', 'product_168', 640.0, 4);
INSERT INTO order_items (order_id, product_id, product_name, product_price, quantity)
VALUES ('7b018147-6ddc-94e4-dd8b-086334d281f9', 'c0fb869e-f434-07cb-f666-b9f7e55d4032', 'product_113', 770.0, 18);
INSERT INTO order_items (order_id, product_id, product_name, product_price, quantity)
VALUES ('7b018147-6ddc-94e4-dd8b-086334d281f9', 'f35a1ebf-94b4-c196-4fdb-5698a8e21330', 'product_170', 820.0, 4);
INSERT INTO order_items (order_id, product_id, product_name, product_price, quantity)
VALUES ('7b018147-6ddc-94e4-dd8b-086334d281f9', '0caff6fe-c574-8665-33ca-5f2cee71ebb2', 'product_35', 190.0, 4);
INSERT INTO order_items (order_id, product_id, product_name, product_price, quantity)
VALUES ('7b018147-6ddc-94e4-dd8b-086334d281f9', 'a2b39819-292c-0b80-799d-c77d7020fc9d', 'product_34', 190.0, 1);
INSERT INTO payments (order_id, venue_id, method, amount)
VALUES ('7b018147-6ddc-94e4-dd8b-086334d281f9', '00000000-0000-0000-0000-000000000010', 'card', 25770.0);
INSERT INTO orders (id, venue_id, number, status, total_amount, opened_at, closed_at, table_number)
VALUES ('10612624-24d1-565a-99d0-492634957f6c', '00000000-0000-0000-0000-000000000010', '6936', 'paid', 380.0, '2026-04-25 21:58:55', '2026-04-25 21:58:55', '7');
INSERT INTO order_items (order_id, product_id, product_name, product_price, quantity)
VALUES ('10612624-24d1-565a-99d0-492634957f6c', 'a2b39819-292c-0b80-799d-c77d7020fc9d', 'product_34', 190.0, 1);
INSERT INTO order_items (order_id, product_id, product_name, product_price, quantity)
VALUES ('10612624-24d1-565a-99d0-492634957f6c', '0caff6fe-c574-8665-33ca-5f2cee71ebb2', 'product_35', 190.0, 1);
INSERT INTO payments (order_id, venue_id, method, amount)
VALUES ('10612624-24d1-565a-99d0-492634957f6c', '00000000-0000-0000-0000-000000000010', 'cash', 380.0);
INSERT INTO orders (id, venue_id, number, status, total_amount, opened_at, closed_at, table_number)
VALUES ('4fc2efcc-425b-85c7-6796-c632e92105b9', '00000000-0000-0000-0000-000000000010', '6930', 'paid', 3350.0, '2026-04-25 21:52:03', '2026-04-25 21:52:03', '13');
INSERT INTO order_items (order_id, product_id, product_name, product_price, quantity)
VALUES ('4fc2efcc-425b-85c7-6796-c632e92105b9', '7ddbed72-7deb-5ee4-0634-41d52192bad1', 'product_23', 1750.0, 1);
INSERT INTO order_items (order_id, product_id, product_name, product_price, quantity)
VALUES ('4fc2efcc-425b-85c7-6796-c632e92105b9', 'c0fb869e-f434-07cb-f666-b9f7e55d4032', 'product_113', 770.0, 1);
INSERT INTO order_items (order_id, product_id, product_name, product_price, quantity)
VALUES ('4fc2efcc-425b-85c7-6796-c632e92105b9', '951f4bf6-be55-0e75-59a9-7e580a0d07c4', 'product_14', 640.0, 1);
INSERT INTO order_items (order_id, product_id, product_name, product_price, quantity)
VALUES ('4fc2efcc-425b-85c7-6796-c632e92105b9', '0caff6fe-c574-8665-33ca-5f2cee71ebb2', 'product_35', 190.0, 1);
INSERT INTO payments (order_id, venue_id, method, amount)
VALUES ('4fc2efcc-425b-85c7-6796-c632e92105b9', '00000000-0000-0000-0000-000000000010', 'cash', 3350.0);
INSERT INTO orders (id, venue_id, number, status, total_amount, opened_at, closed_at, table_number)
VALUES ('a7bf1f11-6572-3410-b947-e028052e9e8f', '00000000-0000-0000-0000-000000000010', '6940', 'paid', 3140.0, '2026-04-25 21:42:31', '2026-04-25 21:42:31', '2');
INSERT INTO order_items (order_id, product_id, product_name, product_price, quantity)
VALUES ('a7bf1f11-6572-3410-b947-e028052e9e8f', '7ddbed72-7deb-5ee4-0634-41d52192bad1', 'product_23', 1750.0, 1);
INSERT INTO order_items (order_id, product_id, product_name, product_price, quantity)
VALUES ('a7bf1f11-6572-3410-b947-e028052e9e8f', 'c0fb869e-f434-07cb-f666-b9f7e55d4032', 'product_113', 770.0, 1);
INSERT INTO order_items (order_id, product_id, product_name, product_price, quantity)
VALUES ('a7bf1f11-6572-3410-b947-e028052e9e8f', '0f7cfc79-3a3f-41ac-1aa4-b27431de9236', 'product_29', 620.0, 1);
INSERT INTO payments (order_id, venue_id, method, amount)
VALUES ('a7bf1f11-6572-3410-b947-e028052e9e8f', '00000000-0000-0000-0000-000000000010', 'card', 3140.0);
INSERT INTO orders (id, venue_id, number, status, total_amount, opened_at, closed_at, table_number)
VALUES ('c033fd8c-b644-adb3-abcd-3a0cd2ca8e9b', '00000000-0000-0000-0000-000000000010', '6937', 'paid', 1840.0, '2026-04-25 21:41:39', '2026-04-25 21:41:39', '12');
INSERT INTO order_items (order_id, product_id, product_name, product_price, quantity)
VALUES ('c033fd8c-b644-adb3-abcd-3a0cd2ca8e9b', 'fdb6f575-fe3f-282e-93d0-1dad56530fa5', 'product_15', 640.0, 1);
INSERT INTO order_items (order_id, product_id, product_name, product_price, quantity)
VALUES ('c033fd8c-b644-adb3-abcd-3a0cd2ca8e9b', '951f4bf6-be55-0e75-59a9-7e580a0d07c4', 'product_14', 640.0, 1);
INSERT INTO order_items (order_id, product_id, product_name, product_price, quantity)
VALUES ('c033fd8c-b644-adb3-abcd-3a0cd2ca8e9b', 'a2b39819-292c-0b80-799d-c77d7020fc9d', 'product_34', 190.0, 1);
INSERT INTO order_items (order_id, product_id, product_name, product_price, quantity)
VALUES ('c033fd8c-b644-adb3-abcd-3a0cd2ca8e9b', '09d404dd-f87b-b319-4eda-9ce7c697868d', 'product_32', 370.0, 1);
INSERT INTO payments (order_id, venue_id, method, amount)
VALUES ('c033fd8c-b644-adb3-abcd-3a0cd2ca8e9b', '00000000-0000-0000-0000-000000000010', 'cash', 1840.0);
INSERT INTO orders (id, venue_id, number, status, total_amount, opened_at, closed_at, table_number)
VALUES ('4d9bcd77-e50e-24b8-6fb7-86e398601354', '00000000-0000-0000-0000-000000000010', '6939', 'paid', 950.0, '2026-04-25 21:40:10', '2026-04-25 21:40:10', '9');
INSERT INTO order_items (order_id, product_id, product_name, product_price, quantity)
VALUES ('4d9bcd77-e50e-24b8-6fb7-86e398601354', '0caff6fe-c574-8665-33ca-5f2cee71ebb2', 'product_35', 190.0, 1);
INSERT INTO order_items (order_id, product_id, product_name, product_price, quantity)
VALUES ('4d9bcd77-e50e-24b8-6fb7-86e398601354', '6599a59a-6cf7-70c9-0971-07a0078ce7cf', 'product_128', 380.0, 2);
INSERT INTO payments (order_id, venue_id, method, amount)
VALUES ('4d9bcd77-e50e-24b8-6fb7-86e398601354', '00000000-0000-0000-0000-000000000010', 'cash', 950.0);
INSERT INTO orders (id, venue_id, number, status, total_amount, opened_at, closed_at, table_number)
VALUES ('a56b7450-db6d-37fb-c86a-3f94c07071eb', '00000000-0000-0000-0000-000000000010', '6938', 'paid', 940.0, '2026-04-25 21:12:51', '2026-04-25 21:12:51', '9');
INSERT INTO order_items (order_id, product_id, product_name, product_price, quantity)
VALUES ('a56b7450-db6d-37fb-c86a-3f94c07071eb', '30d3c4b2-8d8b-4d91-9c67-b3d72ab218cc', 'product_129', 470.0, 2);
INSERT INTO payments (order_id, venue_id, method, amount)
VALUES ('a56b7450-db6d-37fb-c86a-3f94c07071eb', '00000000-0000-0000-0000-000000000010', 'card', 940.0);
INSERT INTO orders (id, venue_id, number, status, total_amount, opened_at, closed_at, table_number)
VALUES ('d2a6044a-715d-b9df-7757-d0f49dc9c5f2', '00000000-0000-0000-0000-000000000010', '6920', 'paid', 0.0, '2026-04-25 20:47:19', '2026-04-25 20:47:19', '14');
INSERT INTO orders (id, venue_id, number, status, total_amount, opened_at, closed_at, table_number)
VALUES ('d29b3f3c-0706-1863-9ca2-e0d25a8a48ea', '00000000-0000-0000-0000-000000000010', '6934', 'paid', 130.0, '2026-04-25 20:32:34', '2026-04-25 20:32:34', '2');
INSERT INTO order_items (order_id, product_id, product_name, product_price, quantity)
VALUES ('d29b3f3c-0706-1863-9ca2-e0d25a8a48ea', '966437e8-b784-92e7-0afa-ff8bde6f1e53', 'product_145', 130.0, 1);
INSERT INTO payments (order_id, venue_id, method, amount)
VALUES ('d29b3f3c-0706-1863-9ca2-e0d25a8a48ea', '00000000-0000-0000-0000-000000000010', 'card', 130.0);
INSERT INTO orders (id, venue_id, number, status, total_amount, opened_at, closed_at, table_number)
VALUES ('80faf5ca-7008-88b7-f66a-72c3573f5377', '00000000-0000-0000-0000-000000000010', '6922', 'paid', 1400.0, '2026-04-25 20:17:04', '2026-04-25 20:17:04', '9');
INSERT INTO order_items (order_id, product_id, product_name, product_price, quantity)
VALUES ('80faf5ca-7008-88b7-f66a-72c3573f5377', '12dd0c72-4671-5cd8-b7da-98389426555c', 'product_228', 0.0, 1);
INSERT INTO order_items (order_id, product_id, product_name, product_price, quantity)
VALUES ('80faf5ca-7008-88b7-f66a-72c3573f5377', '12dd0c72-4671-5cd8-b7da-98389426555c', 'product_228', 0.0, 1);
INSERT INTO order_items (order_id, product_id, product_name, product_price, quantity)
VALUES ('80faf5ca-7008-88b7-f66a-72c3573f5377', 'e532fcb4-dc6d-4091-b3da-fd41b40bb06e', 'product_136', 200.0, 7);
INSERT INTO payments (order_id, venue_id, method, amount)
VALUES ('80faf5ca-7008-88b7-f66a-72c3573f5377', '00000000-0000-0000-0000-000000000010', 'card', 1400.0);
INSERT INTO orders (id, venue_id, number, status, total_amount, opened_at, closed_at, table_number)
VALUES ('3f662646-3d41-18be-93a1-c44f7f166663', '00000000-0000-0000-0000-000000000010', '6933', 'paid', 220.0, '2026-04-25 19:23:13', '2026-04-25 19:23:13', '2');
INSERT INTO order_items (order_id, product_id, product_name, product_price, quantity)
VALUES ('3f662646-3d41-18be-93a1-c44f7f166663', '4f5dfe3a-4ba6-edc6-1a39-a54a344ea46a', 'product_159', 220.0, 1);
INSERT INTO payments (order_id, venue_id, method, amount)
VALUES ('3f662646-3d41-18be-93a1-c44f7f166663', '00000000-0000-0000-0000-000000000010', 'card', 220.0);
INSERT INTO orders (id, venue_id, number, status, total_amount, opened_at, closed_at, table_number)
VALUES ('98d22e4b-966a-51e8-02cb-424b7fd36e29', '00000000-0000-0000-0000-000000000010', '6932', 'paid', 360.0, '2026-04-25 17:45:43', '2026-04-25 17:45:43', '2');
INSERT INTO order_items (order_id, product_id, product_name, product_price, quantity)
VALUES ('98d22e4b-966a-51e8-02cb-424b7fd36e29', '021231f4-e9fa-ecbb-5f2a-ad1321ca42ea', 'product_59', 230.0, 1);
INSERT INTO order_items (order_id, product_id, product_name, product_price, quantity)
VALUES ('98d22e4b-966a-51e8-02cb-424b7fd36e29', '966437e8-b784-92e7-0afa-ff8bde6f1e53', 'product_145', 130.0, 1);
INSERT INTO payments (order_id, venue_id, method, amount)
VALUES ('98d22e4b-966a-51e8-02cb-424b7fd36e29', '00000000-0000-0000-0000-000000000010', 'cash', 360.0);
INSERT INTO orders (id, venue_id, number, status, total_amount, opened_at, closed_at, table_number)
VALUES ('fcc375bf-9380-e0a5-5587-645806f43a25', '00000000-0000-0000-0000-000000000010', '6929', 'paid', 320.0, '2026-04-25 16:36:45', '2026-04-25 16:36:45', '2');
INSERT INTO order_items (order_id, product_id, product_name, product_price, quantity)
VALUES ('fcc375bf-9380-e0a5-5587-645806f43a25', '260b99e2-59bd-a3dc-c313-434aff0daf54', 'product_144', 190.0, 1);
INSERT INTO order_items (order_id, product_id, product_name, product_price, quantity)
VALUES ('fcc375bf-9380-e0a5-5587-645806f43a25', '966437e8-b784-92e7-0afa-ff8bde6f1e53', 'product_145', 130.0, 1);
INSERT INTO payments (order_id, venue_id, method, amount)
VALUES ('fcc375bf-9380-e0a5-5587-645806f43a25', '00000000-0000-0000-0000-000000000010', 'card', 320.0);
INSERT INTO orders (id, venue_id, number, status, total_amount, opened_at, closed_at, table_number)
VALUES ('e83ef364-5a39-dcc5-5c95-6f4b1a5f9f4f', '00000000-0000-0000-0000-000000000010', '6928', 'paid', 130.0, '2026-04-25 15:54:38', '2026-04-25 15:54:38', '2');
INSERT INTO order_items (order_id, product_id, product_name, product_price, quantity)
VALUES ('e83ef364-5a39-dcc5-5c95-6f4b1a5f9f4f', 'eed148a6-7f8f-38d6-85f9-602481bbc846', 'product_146', 130.0, 1);
INSERT INTO payments (order_id, venue_id, method, amount)
VALUES ('e83ef364-5a39-dcc5-5c95-6f4b1a5f9f4f', '00000000-0000-0000-0000-000000000010', 'card', 130.0);
INSERT INTO orders (id, venue_id, number, status, total_amount, opened_at, closed_at, table_number)
VALUES ('69c37dbf-e07c-afb3-6e4a-e3e7aee542c1', '00000000-0000-0000-0000-000000000010', '6925', 'paid', 560.0, '2026-04-25 13:58:59', '2026-04-25 13:58:59', '1');
INSERT INTO order_items (order_id, product_id, product_name, product_price, quantity)
VALUES ('69c37dbf-e07c-afb3-6e4a-e3e7aee542c1', '966437e8-b784-92e7-0afa-ff8bde6f1e53', 'product_145', 130.0, 1);
INSERT INTO order_items (order_id, product_id, product_name, product_price, quantity)
VALUES ('69c37dbf-e07c-afb3-6e4a-e3e7aee542c1', 'f17e6b93-235c-e217-e8bb-314b22b364b3', 'product_206', 430.0, 1);
INSERT INTO payments (order_id, venue_id, method, amount)
VALUES ('69c37dbf-e07c-afb3-6e4a-e3e7aee542c1', '00000000-0000-0000-0000-000000000010', 'card', 560.0);
INSERT INTO orders (id, venue_id, number, status, total_amount, opened_at, closed_at, table_number)
VALUES ('fdc9ba55-0c51-68fa-ddd2-f1575ec65684', '00000000-0000-0000-0000-000000000010', '6924', 'paid', 2100.0, '2026-04-25 13:57:06', '2026-04-25 13:57:06', '14');
INSERT INTO order_items (order_id, product_id, product_name, product_price, quantity)
VALUES ('fdc9ba55-0c51-68fa-ddd2-f1575ec65684', 'b627abd9-fb00-28f4-a09b-09fcb24019c0', 'product_132', 150.0, 14);
INSERT INTO payments (order_id, venue_id, method, amount)
VALUES ('fdc9ba55-0c51-68fa-ddd2-f1575ec65684', '00000000-0000-0000-0000-000000000010', 'card', 2100.0);
INSERT INTO orders (id, venue_id, number, status, total_amount, opened_at, closed_at, table_number)
VALUES ('885c8af7-c781-bf00-c803-8d6ac0ac5aa4', '00000000-0000-0000-0000-000000000010', '6923', 'paid', 570.0, '2026-04-25 13:47:53', '2026-04-25 13:47:53', '7');
INSERT INTO order_items (order_id, product_id, product_name, product_price, quantity)
VALUES ('885c8af7-c781-bf00-c803-8d6ac0ac5aa4', '260b99e2-59bd-a3dc-c313-434aff0daf54', 'product_144', 190.0, 3);
INSERT INTO payments (order_id, venue_id, method, amount)
VALUES ('885c8af7-c781-bf00-c803-8d6ac0ac5aa4', '00000000-0000-0000-0000-000000000010', 'cash', 570.0);
INSERT INTO orders (id, venue_id, number, status, total_amount, opened_at, closed_at, table_number)
VALUES ('1894a36a-1988-3a00-221d-de55a3d2ac03', '00000000-0000-0000-0000-000000000010', '6919', 'paid', 1550.0, '2026-04-25 12:39:35', '2026-04-25 12:39:35', '1');
INSERT INTO order_items (order_id, product_id, product_name, product_price, quantity)
VALUES ('1894a36a-1988-3a00-221d-de55a3d2ac03', '38432f7f-ba41-eaa0-7e46-d791008e4b02', 'product_6', 510.0, 1);
INSERT INTO order_items (order_id, product_id, product_name, product_price, quantity)
VALUES ('1894a36a-1988-3a00-221d-de55a3d2ac03', 'b9bdca4d-a423-6c36-2351-10cf52ff0eec', 'product_230', 0.0, 1);
INSERT INTO order_items (order_id, product_id, product_name, product_price, quantity)
VALUES ('1894a36a-1988-3a00-221d-de55a3d2ac03', '94d2bddc-c99f-2985-f8eb-9d8a4a995ad3', 'product_10', 300.0, 1);
INSERT INTO order_items (order_id, product_id, product_name, product_price, quantity)
VALUES ('1894a36a-1988-3a00-221d-de55a3d2ac03', '12dd0c72-4671-5cd8-b7da-98389426555c', 'product_228', 0.0, 1);
INSERT INTO order_items (order_id, product_id, product_name, product_price, quantity)
VALUES ('1894a36a-1988-3a00-221d-de55a3d2ac03', '021231f4-e9fa-ecbb-5f2a-ad1321ca42ea', 'product_59', 230.0, 2);
INSERT INTO order_items (order_id, product_id, product_name, product_price, quantity)
VALUES ('1894a36a-1988-3a00-221d-de55a3d2ac03', 'd46f67a1-e1dd-e079-0b5c-329f6422c4d4', 'product_60', 280.0, 1);
INSERT INTO order_items (order_id, product_id, product_name, product_price, quantity)
VALUES ('1894a36a-1988-3a00-221d-de55a3d2ac03', 'b9bdca4d-a423-6c36-2351-10cf52ff0eec', 'product_230', 0.0, 1);
INSERT INTO orders (id, venue_id, number, status, total_amount, opened_at, closed_at, table_number)
VALUES ('9c9d2b3c-3d5e-9320-192d-bb08c6d1caee', '00000000-0000-0000-0000-000000000010', '6921', 'paid', 0.0, '2026-04-25 12:14:26', '2026-04-25 12:14:26', '9');
INSERT INTO order_items (order_id, product_id, product_name, product_price, quantity)
VALUES ('9c9d2b3c-3d5e-9320-192d-bb08c6d1caee', '82c55340-bd07-2a9a-a6cc-6ce377f958f2', 'product_148', 0.0, 1);
INSERT INTO order_items (order_id, product_id, product_name, product_price, quantity)
VALUES ('9c9d2b3c-3d5e-9320-192d-bb08c6d1caee', '1afe238c-a186-0e67-9e9d-d39b8c4abe8a', 'product_229', 0.0, 1);
INSERT INTO orders (id, venue_id, number, status, total_amount, opened_at, closed_at, table_number)
VALUES ('43a1b54f-19a5-6853-ee92-e4e69a890d5a', '00000000-0000-0000-0000-000000000010', '6918', 'paid', 6270.0, '2026-04-25 10:40:46', '2026-04-25 10:40:46', '10');
INSERT INTO order_items (order_id, product_id, product_name, product_price, quantity)
VALUES ('43a1b54f-19a5-6853-ee92-e4e69a890d5a', 'a0be9126-1b9b-666d-c68e-fd66161cff95', 'product_131', 320.0, 10);
INSERT INTO order_items (order_id, product_id, product_name, product_price, quantity)
VALUES ('43a1b54f-19a5-6853-ee92-e4e69a890d5a', '1d55740b-7a2f-ce7c-d33a-454fb2de27dc', 'product_155', 420.0, 6);
INSERT INTO order_items (order_id, product_id, product_name, product_price, quantity)
VALUES ('43a1b54f-19a5-6853-ee92-e4e69a890d5a', '1649694a-a1df-1a36-ccd0-08ba48ab2fd1', 'product_36', 550.0, 1);
INSERT INTO payments (order_id, venue_id, method, amount)
VALUES ('43a1b54f-19a5-6853-ee92-e4e69a890d5a', '00000000-0000-0000-0000-000000000010', 'card', 6270.0);
INSERT INTO orders (id, venue_id, number, status, total_amount, opened_at, closed_at, table_number)
VALUES ('1679bc3c-f288-45de-59e5-38bcbb1ebe93', '00000000-0000-0000-0000-000000000010', '6917', 'paid', 2300.0, '2026-04-24 21:44:18', '2026-04-24 21:44:18', '8');
INSERT INTO order_items (order_id, product_id, product_name, product_price, quantity)
VALUES ('1679bc3c-f288-45de-59e5-38bcbb1ebe93', '1d55740b-7a2f-ce7c-d33a-454fb2de27dc', 'product_155', 420.0, 4);
INSERT INTO order_items (order_id, product_id, product_name, product_price, quantity)
VALUES ('1679bc3c-f288-45de-59e5-38bcbb1ebe93', 'eb1260af-ca5f-c811-fd1c-bf1664229477', 'product_115', 310.0, 2);
INSERT INTO payments (order_id, venue_id, method, amount)
VALUES ('1679bc3c-f288-45de-59e5-38bcbb1ebe93', '00000000-0000-0000-0000-000000000010', 'cash', 2300.0);
INSERT INTO orders (id, venue_id, number, status, total_amount, opened_at, closed_at, table_number)
VALUES ('07917470-f212-d3c1-f8b8-b62062aa5fa8', '00000000-0000-0000-0000-000000000010', '6916', 'paid', 7870.0, '2026-04-24 19:03:14', '2026-04-24 19:03:14', '7');
INSERT INTO order_items (order_id, product_id, product_name, product_price, quantity)
VALUES ('07917470-f212-d3c1-f8b8-b62062aa5fa8', 'f35a1ebf-94b4-c196-4fdb-5698a8e21330', 'product_170', 820.0, 1);
INSERT INTO order_items (order_id, product_id, product_name, product_price, quantity)
VALUES ('07917470-f212-d3c1-f8b8-b62062aa5fa8', 'ef5a0fd9-15a0-6dc1-a208-29c4a17eb52f', 'product_222', 710.0, 1);
INSERT INTO order_items (order_id, product_id, product_name, product_price, quantity)
VALUES ('07917470-f212-d3c1-f8b8-b62062aa5fa8', '6e00b5a0-6b62-d942-73e4-86982bcae389', 'product_21', 1370.0, 1);
INSERT INTO order_items (order_id, product_id, product_name, product_price, quantity)
VALUES ('07917470-f212-d3c1-f8b8-b62062aa5fa8', '0d07baf4-74fe-e6af-ddf9-5304e58f2192', 'product_221', 850.0, 2);
INSERT INTO order_items (order_id, product_id, product_name, product_price, quantity)
VALUES ('07917470-f212-d3c1-f8b8-b62062aa5fa8', '951f4bf6-be55-0e75-59a9-7e580a0d07c4', 'product_14', 640.0, 1);
INSERT INTO order_items (order_id, product_id, product_name, product_price, quantity)
VALUES ('07917470-f212-d3c1-f8b8-b62062aa5fa8', '3d7e22b7-98eb-25da-ac3b-90e987e6829c', 'product_143', 430.0, 2);
INSERT INTO order_items (order_id, product_id, product_name, product_price, quantity)
VALUES ('07917470-f212-d3c1-f8b8-b62062aa5fa8', '0caff6fe-c574-8665-33ca-5f2cee71ebb2', 'product_35', 190.0, 1);
INSERT INTO order_items (order_id, product_id, product_name, product_price, quantity)
VALUES ('07917470-f212-d3c1-f8b8-b62062aa5fa8', '260b99e2-59bd-a3dc-c313-434aff0daf54', 'product_144', 190.0, 2);
INSERT INTO order_items (order_id, product_id, product_name, product_price, quantity)
VALUES ('07917470-f212-d3c1-f8b8-b62062aa5fa8', '81b3193a-f1f9-6ba6-5630-5c911f0c4a69', 'product_48', 220.0, 3);
INSERT INTO order_items (order_id, product_id, product_name, product_price, quantity)
VALUES ('07917470-f212-d3c1-f8b8-b62062aa5fa8', '8b7920ef-e954-d760-2a69-99cafc830c2e', 'product_171', 270.0, 2);
INSERT INTO payments (order_id, venue_id, method, amount)
VALUES ('07917470-f212-d3c1-f8b8-b62062aa5fa8', '00000000-0000-0000-0000-000000000010', 'card', 7870.0);
INSERT INTO orders (id, venue_id, number, status, total_amount, opened_at, closed_at, table_number)
VALUES ('c2a723c9-524e-6227-3435-c434b2312ee8', '00000000-0000-0000-0000-000000000010', '6915', 'paid', 960.0, '2026-04-24 11:14:50', '2026-04-24 11:14:50', '1');
INSERT INTO order_items (order_id, product_id, product_name, product_price, quantity)
VALUES ('c2a723c9-524e-6227-3435-c434b2312ee8', 'b9bdca4d-a423-6c36-2351-10cf52ff0eec', 'product_230', 0.0, 1);
INSERT INTO order_items (order_id, product_id, product_name, product_price, quantity)
VALUES ('c2a723c9-524e-6227-3435-c434b2312ee8', '94d2bddc-c99f-2985-f8eb-9d8a4a995ad3', 'product_10', 300.0, 1);
INSERT INTO order_items (order_id, product_id, product_name, product_price, quantity)
VALUES ('c2a723c9-524e-6227-3435-c434b2312ee8', '9d00fee6-5b1a-acb8-1114-e668525ce1a6', 'product_200', 330.0, 2);
INSERT INTO orders (id, venue_id, number, status, total_amount, opened_at, closed_at, table_number)
VALUES ('e9f92be9-cdcb-4efe-2750-cce44efd26cc', '00000000-0000-0000-0000-000000000010', '6914', 'paid', 1400.0, '2026-04-24 11:14:46', '2026-04-24 11:14:46', '12');
INSERT INTO order_items (order_id, product_id, product_name, product_price, quantity)
VALUES ('e9f92be9-cdcb-4efe-2750-cce44efd26cc', '94d2bddc-c99f-2985-f8eb-9d8a4a995ad3', 'product_10', 300.0, 1);
INSERT INTO order_items (order_id, product_id, product_name, product_price, quantity)
VALUES ('e9f92be9-cdcb-4efe-2750-cce44efd26cc', '8d266d35-f6a4-b267-e097-564510f7f857', 'product_12', 270.0, 2);
INSERT INTO order_items (order_id, product_id, product_name, product_price, quantity)
VALUES ('e9f92be9-cdcb-4efe-2750-cce44efd26cc', 'd46f67a1-e1dd-e079-0b5c-329f6422c4d4', 'product_60', 280.0, 2);
INSERT INTO orders (id, venue_id, number, status, total_amount, opened_at, closed_at, table_number)
VALUES ('f0926fbf-83cc-f7ca-5098-9fc6ad2172e0', '00000000-0000-0000-0000-000000000010', '6912', 'paid', 1480.0, '2026-04-24 11:13:51', '2026-04-24 11:13:51', '11');
INSERT INTO order_items (order_id, product_id, product_name, product_price, quantity)
VALUES ('f0926fbf-83cc-f7ca-5098-9fc6ad2172e0', '7f688518-4003-c783-7333-b947a8856b49', 'product_28', 470.0, 1);
INSERT INTO order_items (order_id, product_id, product_name, product_price, quantity)
VALUES ('f0926fbf-83cc-f7ca-5098-9fc6ad2172e0', '951f4bf6-be55-0e75-59a9-7e580a0d07c4', 'product_14', 640.0, 1);
INSERT INTO order_items (order_id, product_id, product_name, product_price, quantity)
VALUES ('f0926fbf-83cc-f7ca-5098-9fc6ad2172e0', '5c3938ac-271e-5674-37aa-116c20435202', 'product_234', 370.0, 1);
INSERT INTO payments (order_id, venue_id, method, amount)
VALUES ('f0926fbf-83cc-f7ca-5098-9fc6ad2172e0', '00000000-0000-0000-0000-000000000010', 'card', 1480.0);
INSERT INTO orders (id, venue_id, number, status, total_amount, opened_at, closed_at, table_number)
VALUES ('bb291f20-fd39-3a39-b535-5bb8e2ca9f08', '00000000-0000-0000-0000-000000000010', '6908', 'paid', 0.0, '2026-04-24 08:57:37', '2026-04-24 08:57:37', '9');
INSERT INTO order_items (order_id, product_id, product_name, product_price, quantity)
VALUES ('bb291f20-fd39-3a39-b535-5bb8e2ca9f08', '1afe238c-a186-0e67-9e9d-d39b8c4abe8a', 'product_229', 0.0, 1);
INSERT INTO order_items (order_id, product_id, product_name, product_price, quantity)
VALUES ('bb291f20-fd39-3a39-b535-5bb8e2ca9f08', '82c55340-bd07-2a9a-a6cc-6ce377f958f2', 'product_148', 0.0, 1);
INSERT INTO order_items (order_id, product_id, product_name, product_price, quantity)
VALUES ('bb291f20-fd39-3a39-b535-5bb8e2ca9f08', '82c55340-bd07-2a9a-a6cc-6ce377f958f2', 'product_148', 0.0, 1);
INSERT INTO order_items (order_id, product_id, product_name, product_price, quantity)
VALUES ('bb291f20-fd39-3a39-b535-5bb8e2ca9f08', '12dd0c72-4671-5cd8-b7da-98389426555c', 'product_228', 0.0, 1);
INSERT INTO orders (id, venue_id, number, status, total_amount, opened_at, closed_at, table_number)
VALUES ('30fb68cb-4f89-7a6d-745d-7a4bf3f03583', '00000000-0000-0000-0000-000000000010', '6909', 'paid', 5340.0, '2026-04-23 21:38:36', '2026-04-23 21:38:36', '8');
INSERT INTO order_items (order_id, product_id, product_name, product_price, quantity)
VALUES ('30fb68cb-4f89-7a6d-745d-7a4bf3f03583', '1d55740b-7a2f-ce7c-d33a-454fb2de27dc', 'product_155', 420.0, 9);
INSERT INTO order_items (order_id, product_id, product_name, product_price, quantity)
VALUES ('30fb68cb-4f89-7a6d-745d-7a4bf3f03583', 'eb1260af-ca5f-c811-fd1c-bf1664229477', 'product_115', 310.0, 3);
INSERT INTO order_items (order_id, product_id, product_name, product_price, quantity)
VALUES ('30fb68cb-4f89-7a6d-745d-7a4bf3f03583', 'd158543d-e9dc-0b2a-7902-b665a39db719', 'product_126', 410.0, 1);
INSERT INTO order_items (order_id, product_id, product_name, product_price, quantity)
VALUES ('30fb68cb-4f89-7a6d-745d-7a4bf3f03583', '81b3193a-f1f9-6ba6-5630-5c911f0c4a69', 'product_48', 220.0, 1);
INSERT INTO payments (order_id, venue_id, method, amount)
VALUES ('30fb68cb-4f89-7a6d-745d-7a4bf3f03583', '00000000-0000-0000-0000-000000000010', 'cash', 5340.0);
INSERT INTO orders (id, venue_id, number, status, total_amount, opened_at, closed_at, table_number)
VALUES ('c8490fa8-b84b-db87-13ee-afe031c362f0', '00000000-0000-0000-0000-000000000010', '6911', 'paid', 370.0, '2026-04-23 20:02:04', '2026-04-23 20:02:04', '1');
INSERT INTO order_items (order_id, product_id, product_name, product_price, quantity)
VALUES ('c8490fa8-b84b-db87-13ee-afe031c362f0', 'f35ae6ee-40da-7479-c64b-612bff507023', 'product_31', 370.0, 1);
INSERT INTO payments (order_id, venue_id, method, amount)
VALUES ('c8490fa8-b84b-db87-13ee-afe031c362f0', '00000000-0000-0000-0000-000000000010', 'card', 370.0);
INSERT INTO orders (id, venue_id, number, status, total_amount, opened_at, closed_at, table_number)
VALUES ('2d8cc346-eaf2-cb13-5214-db6c5d997ba1', '00000000-0000-0000-0000-000000000010', '6910', 'paid', 560.0, '2026-04-23 18:42:09', '2026-04-23 18:42:09', '2');
INSERT INTO order_items (order_id, product_id, product_name, product_price, quantity)
VALUES ('2d8cc346-eaf2-cb13-5214-db6c5d997ba1', 'a2b39819-292c-0b80-799d-c77d7020fc9d', 'product_34', 190.0, 1);
INSERT INTO order_items (order_id, product_id, product_name, product_price, quantity)
VALUES ('2d8cc346-eaf2-cb13-5214-db6c5d997ba1', '5c3938ac-271e-5674-37aa-116c20435202', 'product_234', 370.0, 1);
INSERT INTO payments (order_id, venue_id, method, amount)
VALUES ('2d8cc346-eaf2-cb13-5214-db6c5d997ba1', '00000000-0000-0000-0000-000000000010', 'cash', 560.0);
INSERT INTO orders (id, venue_id, number, status, total_amount, opened_at, closed_at, table_number)
VALUES ('8c96f51f-71f8-7a0f-9c5d-179263aa8102', '00000000-0000-0000-0000-000000000010', '6907', 'paid', 360.0, '2026-04-23 12:50:45', '2026-04-23 12:50:45', '1');
INSERT INTO order_items (order_id, product_id, product_name, product_price, quantity)
VALUES ('8c96f51f-71f8-7a0f-9c5d-179263aa8102', '2e331f2f-b6fd-7898-11b0-9b0e3a2e58be', 'product_57', 180.0, 2);
INSERT INTO orders (id, venue_id, number, status, total_amount, opened_at, closed_at, table_number)
VALUES ('17fdaab2-24da-7a8e-ac95-eafdd5fbbd71', '00000000-0000-0000-0000-000000000010', '6901', 'paid', 14140.0, '2026-04-23 11:55:22', '2026-04-23 11:55:22', '13');
INSERT INTO order_items (order_id, product_id, product_name, product_price, quantity)
VALUES ('17fdaab2-24da-7a8e-ac95-eafdd5fbbd71', '86712b3a-562c-f614-e8fa-56c456824301', 'product_134', 500.0, 10);
INSERT INTO order_items (order_id, product_id, product_name, product_price, quantity)
VALUES ('17fdaab2-24da-7a8e-ac95-eafdd5fbbd71', 'e2e0597c-8c7b-c017-0aeb-164d7e7401db', 'product_173', 1060.0, 1);
INSERT INTO order_items (order_id, product_id, product_name, product_price, quantity)
VALUES ('17fdaab2-24da-7a8e-ac95-eafdd5fbbd71', '951f4bf6-be55-0e75-59a9-7e580a0d07c4', 'product_14', 640.0, 1);
INSERT INTO order_items (order_id, product_id, product_name, product_price, quantity)
VALUES ('17fdaab2-24da-7a8e-ac95-eafdd5fbbd71', '0f7cfc79-3a3f-41ac-1aa4-b27431de9236', 'product_29', 620.0, 1);
INSERT INTO order_items (order_id, product_id, product_name, product_price, quantity)
VALUES ('17fdaab2-24da-7a8e-ac95-eafdd5fbbd71', '0d07baf4-74fe-e6af-ddf9-5304e58f2192', 'product_221', 850.0, 1);
INSERT INTO order_items (order_id, product_id, product_name, product_price, quantity)
VALUES ('17fdaab2-24da-7a8e-ac95-eafdd5fbbd71', '3d7e22b7-98eb-25da-ac3b-90e987e6829c', 'product_143', 430.0, 1);
INSERT INTO order_items (order_id, product_id, product_name, product_price, quantity)
VALUES ('17fdaab2-24da-7a8e-ac95-eafdd5fbbd71', 'd56291c3-0b81-82df-41d8-2bffd8869d31', 'product_140', 430.0, 1);
INSERT INTO order_items (order_id, product_id, product_name, product_price, quantity)
VALUES ('17fdaab2-24da-7a8e-ac95-eafdd5fbbd71', '1649694a-a1df-1a36-ccd0-08ba48ab2fd1', 'product_36', 550.0, 1);
INSERT INTO order_items (order_id, product_id, product_name, product_price, quantity)
VALUES ('17fdaab2-24da-7a8e-ac95-eafdd5fbbd71', '260b99e2-59bd-a3dc-c313-434aff0daf54', 'product_144', 190.0, 4);
INSERT INTO order_items (order_id, product_id, product_name, product_price, quantity)
VALUES ('17fdaab2-24da-7a8e-ac95-eafdd5fbbd71', 'cc796b1e-8e6d-d182-c491-dfcab55bc50e', 'product_117', 3800.0, 1);
INSERT INTO payments (order_id, venue_id, method, amount)
VALUES ('17fdaab2-24da-7a8e-ac95-eafdd5fbbd71', '00000000-0000-0000-0000-000000000010', 'card', 14140.0);
INSERT INTO orders (id, venue_id, number, status, total_amount, opened_at, closed_at, table_number)
VALUES ('7848ed5a-1b8f-bb8b-cb10-040741d130bb', '00000000-0000-0000-0000-000000000010', '6906', 'paid', 1070.0, '2026-04-23 11:21:02', '2026-04-23 11:21:02', '1');
INSERT INTO order_items (order_id, product_id, product_name, product_price, quantity)
VALUES ('7848ed5a-1b8f-bb8b-cb10-040741d130bb', 'b9bdca4d-a423-6c36-2351-10cf52ff0eec', 'product_230', 0.0, 1);
INSERT INTO order_items (order_id, product_id, product_name, product_price, quantity)
VALUES ('7848ed5a-1b8f-bb8b-cb10-040741d130bb', '38432f7f-ba41-eaa0-7e46-d791008e4b02', 'product_6', 510.0, 1);
INSERT INTO order_items (order_id, product_id, product_name, product_price, quantity)
VALUES ('7848ed5a-1b8f-bb8b-cb10-040741d130bb', '021231f4-e9fa-ecbb-5f2a-ad1321ca42ea', 'product_59', 230.0, 1);
INSERT INTO order_items (order_id, product_id, product_name, product_price, quantity)
VALUES ('7848ed5a-1b8f-bb8b-cb10-040741d130bb', '9d00fee6-5b1a-acb8-1114-e668525ce1a6', 'product_200', 330.0, 1);
INSERT INTO orders (id, venue_id, number, status, total_amount, opened_at, closed_at, table_number)
VALUES ('93b35a59-e930-6270-b32d-a115b5035cad', '00000000-0000-0000-0000-000000000010', '6887', 'paid', 9700.0, '2026-04-23 11:18:26', '2026-04-23 11:18:26', '10');
INSERT INTO order_items (order_id, product_id, product_name, product_price, quantity)
VALUES ('93b35a59-e930-6270-b32d-a115b5035cad', '1649694a-a1df-1a36-ccd0-08ba48ab2fd1', 'product_36', 550.0, 1);
INSERT INTO order_items (order_id, product_id, product_name, product_price, quantity)
VALUES ('93b35a59-e930-6270-b32d-a115b5035cad', '6599a59a-6cf7-70c9-0971-07a0078ce7cf', 'product_128', 380.0, 4);
INSERT INTO order_items (order_id, product_id, product_name, product_price, quantity)
VALUES ('93b35a59-e930-6270-b32d-a115b5035cad', '627b586a-57c8-d217-1549-c47bb32192ac', 'product_26', 460.0, 1);
INSERT INTO order_items (order_id, product_id, product_name, product_price, quantity)
VALUES ('93b35a59-e930-6270-b32d-a115b5035cad', '1a9038b5-12c1-4b41-756a-ce6d8bb0fac8', 'product_114', 670.0, 2);
INSERT INTO order_items (order_id, product_id, product_name, product_price, quantity)
VALUES ('93b35a59-e930-6270-b32d-a115b5035cad', 'fdb6f575-fe3f-282e-93d0-1dad56530fa5', 'product_15', 640.0, 1);
INSERT INTO order_items (order_id, product_id, product_name, product_price, quantity)
VALUES ('93b35a59-e930-6270-b32d-a115b5035cad', '81b3193a-f1f9-6ba6-5630-5c911f0c4a69', 'product_48', 220.0, 2);
INSERT INTO order_items (order_id, product_id, product_name, product_price, quantity)
VALUES ('93b35a59-e930-6270-b32d-a115b5035cad', 'ef5a0fd9-15a0-6dc1-a208-29c4a17eb52f', 'product_222', 710.0, 1);
INSERT INTO order_items (order_id, product_id, product_name, product_price, quantity)
VALUES ('93b35a59-e930-6270-b32d-a115b5035cad', '021231f4-e9fa-ecbb-5f2a-ad1321ca42ea', 'product_59', 230.0, 4);
INSERT INTO order_items (order_id, product_id, product_name, product_price, quantity)
VALUES ('93b35a59-e930-6270-b32d-a115b5035cad', '9d00fee6-5b1a-acb8-1114-e668525ce1a6', 'product_200', 330.0, 1);
INSERT INTO order_items (order_id, product_id, product_name, product_price, quantity)
VALUES ('93b35a59-e930-6270-b32d-a115b5035cad', '9d00fee6-5b1a-acb8-1114-e668525ce1a6', 'product_200', 330.0, 2);
INSERT INTO order_items (order_id, product_id, product_name, product_price, quantity)
VALUES ('93b35a59-e930-6270-b32d-a115b5035cad', '9d00fee6-5b1a-acb8-1114-e668525ce1a6', 'product_200', 330.0, 2);
INSERT INTO order_items (order_id, product_id, product_name, product_price, quantity)
VALUES ('93b35a59-e930-6270-b32d-a115b5035cad', '7a291d79-c795-0f76-118b-25d10a078238', 'product_191', 370.0, 1);
INSERT INTO order_items (order_id, product_id, product_name, product_price, quantity)
VALUES ('93b35a59-e930-6270-b32d-a115b5035cad', '8b7920ef-e954-d760-2a69-99cafc830c2e', 'product_171', 270.0, 1);
INSERT INTO order_items (order_id, product_id, product_name, product_price, quantity)
VALUES ('93b35a59-e930-6270-b32d-a115b5035cad', '73f062e8-2ade-a467-1943-fa856c717a43', 'product_51', 260.0, 1);
INSERT INTO order_items (order_id, product_id, product_name, product_price, quantity)
VALUES ('93b35a59-e930-6270-b32d-a115b5035cad', 'e81dc667-2a7e-c5f0-b886-e7a3451b0fd2', 'product_219', 570.0, 1);
INSERT INTO order_items (order_id, product_id, product_name, product_price, quantity)
VALUES ('93b35a59-e930-6270-b32d-a115b5035cad', '12dd0c72-4671-5cd8-b7da-98389426555c', 'product_228', 0.0, 1);
INSERT INTO payments (order_id, venue_id, method, amount)
VALUES ('93b35a59-e930-6270-b32d-a115b5035cad', '00000000-0000-0000-0000-000000000010', 'card', 9700.0);
INSERT INTO orders (id, venue_id, number, status, total_amount, opened_at, closed_at, table_number)
VALUES ('aacd2dac-4573-1afa-eb9a-716b31695b31', '00000000-0000-0000-0000-000000000010', '6905', 'paid', 1090.0, '2026-04-23 11:10:50', '2026-04-23 11:10:50', '1');
INSERT INTO order_items (order_id, product_id, product_name, product_price, quantity)
VALUES ('aacd2dac-4573-1afa-eb9a-716b31695b31', 'b9bdca4d-a423-6c36-2351-10cf52ff0eec', 'product_230', 0.0, 2);
INSERT INTO order_items (order_id, product_id, product_name, product_price, quantity)
VALUES ('aacd2dac-4573-1afa-eb9a-716b31695b31', '497d0040-b877-bebf-95b7-582bf7a5e783', 'product_174', 250.0, 1);
INSERT INTO order_items (order_id, product_id, product_name, product_price, quantity)
VALUES ('aacd2dac-4573-1afa-eb9a-716b31695b31', '021231f4-e9fa-ecbb-5f2a-ad1321ca42ea', 'product_59', 230.0, 1);
INSERT INTO order_items (order_id, product_id, product_name, product_price, quantity)
VALUES ('aacd2dac-4573-1afa-eb9a-716b31695b31', 'd46f67a1-e1dd-e079-0b5c-329f6422c4d4', 'product_60', 280.0, 1);
INSERT INTO order_items (order_id, product_id, product_name, product_price, quantity)
VALUES ('aacd2dac-4573-1afa-eb9a-716b31695b31', '9d00fee6-5b1a-acb8-1114-e668525ce1a6', 'product_200', 330.0, 1);
INSERT INTO orders (id, venue_id, number, status, total_amount, opened_at, closed_at, table_number)
VALUES ('9af2da12-5ace-28bf-c7d2-ac5c038d3bbd', '00000000-0000-0000-0000-000000000010', '6900', 'paid', 1260.0, '2026-04-23 11:10:40', '2026-04-23 11:10:40', '11');
INSERT INTO order_items (order_id, product_id, product_name, product_price, quantity)
VALUES ('9af2da12-5ace-28bf-c7d2-ac5c038d3bbd', '94d2bddc-c99f-2985-f8eb-9d8a4a995ad3', 'product_10', 300.0, 2);
INSERT INTO order_items (order_id, product_id, product_name, product_price, quantity)
VALUES ('9af2da12-5ace-28bf-c7d2-ac5c038d3bbd', '9d00fee6-5b1a-acb8-1114-e668525ce1a6', 'product_200', 330.0, 1);
INSERT INTO order_items (order_id, product_id, product_name, product_price, quantity)
VALUES ('9af2da12-5ace-28bf-c7d2-ac5c038d3bbd', '9d00fee6-5b1a-acb8-1114-e668525ce1a6', 'product_200', 330.0, 1);
INSERT INTO orders (id, venue_id, number, status, total_amount, opened_at, closed_at, table_number)
VALUES ('4b925c22-9c7f-226f-bc2d-c3252363437d', '00000000-0000-0000-0000-000000000010', '6904', 'paid', 1570.0, '2026-04-23 10:25:58', '2026-04-23 10:25:58', '1');
INSERT INTO order_items (order_id, product_id, product_name, product_price, quantity)
VALUES ('4b925c22-9c7f-226f-bc2d-c3252363437d', '38432f7f-ba41-eaa0-7e46-d791008e4b02', 'product_6', 510.0, 1);
INSERT INTO order_items (order_id, product_id, product_name, product_price, quantity)
VALUES ('4b925c22-9c7f-226f-bc2d-c3252363437d', '8d266d35-f6a4-b267-e097-564510f7f857', 'product_12', 270.0, 1);
INSERT INTO order_items (order_id, product_id, product_name, product_price, quantity)
VALUES ('4b925c22-9c7f-226f-bc2d-c3252363437d', '021231f4-e9fa-ecbb-5f2a-ad1321ca42ea', 'product_59', 230.0, 2);
INSERT INTO order_items (order_id, product_id, product_name, product_price, quantity)
VALUES ('4b925c22-9c7f-226f-bc2d-c3252363437d', '9d00fee6-5b1a-acb8-1114-e668525ce1a6', 'product_200', 330.0, 1);
INSERT INTO orders (id, venue_id, number, status, total_amount, opened_at, closed_at, table_number)
VALUES ('e58d30cf-db29-ac1b-692b-84ded4aab6b0', '00000000-0000-0000-0000-000000000010', '6903', 'paid', 2390.0, '2026-04-22 21:08:00', '2026-04-22 21:08:00', '2');
INSERT INTO order_items (order_id, product_id, product_name, product_price, quantity)
VALUES ('e58d30cf-db29-ac1b-692b-84ded4aab6b0', '1a9038b5-12c1-4b41-756a-ce6d8bb0fac8', 'product_114', 670.0, 1);
INSERT INTO order_items (order_id, product_id, product_name, product_price, quantity)
VALUES ('e58d30cf-db29-ac1b-692b-84ded4aab6b0', '0f7cfc79-3a3f-41ac-1aa4-b27431de9236', 'product_29', 620.0, 1);
INSERT INTO order_items (order_id, product_id, product_name, product_price, quantity)
VALUES ('e58d30cf-db29-ac1b-692b-84ded4aab6b0', '9a06fa1f-d2b5-1b6f-d6c5-37c2ffa3adfd', 'product_168', 640.0, 1);
INSERT INTO order_items (order_id, product_id, product_name, product_price, quantity)
VALUES ('e58d30cf-db29-ac1b-692b-84ded4aab6b0', '8b7920ef-e954-d760-2a69-99cafc830c2e', 'product_171', 270.0, 1);
INSERT INTO order_items (order_id, product_id, product_name, product_price, quantity)
VALUES ('e58d30cf-db29-ac1b-692b-84ded4aab6b0', '0caff6fe-c574-8665-33ca-5f2cee71ebb2', 'product_35', 190.0, 1);
INSERT INTO payments (order_id, venue_id, method, amount)
VALUES ('e58d30cf-db29-ac1b-692b-84ded4aab6b0', '00000000-0000-0000-0000-000000000010', 'card', 2390.0);
INSERT INTO orders (id, venue_id, number, status, total_amount, opened_at, closed_at, table_number)
VALUES ('94fd4c98-b685-8373-c358-ea49ceb0979e', '00000000-0000-0000-0000-000000000010', '6902', 'paid', 1470.0, '2026-04-22 20:43:09', '2026-04-22 20:43:09', '7');
INSERT INTO order_items (order_id, product_id, product_name, product_price, quantity)
VALUES ('94fd4c98-b685-8373-c358-ea49ceb0979e', '5f05b996-99f5-dfcb-e4b9-79078ca1f540', 'product_100', 460.0, 1);
INSERT INTO order_items (order_id, product_id, product_name, product_price, quantity)
VALUES ('94fd4c98-b685-8373-c358-ea49ceb0979e', '9a06fa1f-d2b5-1b6f-d6c5-37c2ffa3adfd', 'product_168', 640.0, 1);
INSERT INTO order_items (order_id, product_id, product_name, product_price, quantity)
VALUES ('94fd4c98-b685-8373-c358-ea49ceb0979e', '7a291d79-c795-0f76-118b-25d10a078238', 'product_191', 370.0, 1);
INSERT INTO payments (order_id, venue_id, method, amount)
VALUES ('94fd4c98-b685-8373-c358-ea49ceb0979e', '00000000-0000-0000-0000-000000000010', 'card', 1470.0);
INSERT INTO orders (id, venue_id, number, status, total_amount, opened_at, closed_at, table_number)
VALUES ('e85e7608-a300-3d72-fbf8-facbb3a2e44c', '00000000-0000-0000-0000-000000000010', '6899', 'paid', 1310.0, '2026-04-22 19:00:12', '2026-04-22 19:00:12', '11');
INSERT INTO order_items (order_id, product_id, product_name, product_price, quantity)
VALUES ('e85e7608-a300-3d72-fbf8-facbb3a2e44c', 'fdb6f575-fe3f-282e-93d0-1dad56530fa5', 'product_15', 640.0, 1);
INSERT INTO order_items (order_id, product_id, product_name, product_price, quantity)
VALUES ('e85e7608-a300-3d72-fbf8-facbb3a2e44c', '1a9038b5-12c1-4b41-756a-ce6d8bb0fac8', 'product_114', 670.0, 1);
INSERT INTO payments (order_id, venue_id, method, amount)
VALUES ('e85e7608-a300-3d72-fbf8-facbb3a2e44c', '00000000-0000-0000-0000-000000000010', 'card', 1310.0);
INSERT INTO orders (id, venue_id, number, status, total_amount, opened_at, closed_at, table_number)
VALUES ('bf0f7246-bab1-8ed6-c2b8-24c1712707ed', '00000000-0000-0000-0000-000000000010', '6892', 'paid', 0.0, '2026-04-22 16:59:35', '2026-04-22 16:59:35', '9');
INSERT INTO order_items (order_id, product_id, product_name, product_price, quantity)
VALUES ('bf0f7246-bab1-8ed6-c2b8-24c1712707ed', '1afe238c-a186-0e67-9e9d-d39b8c4abe8a', 'product_229', 0.0, 1);
INSERT INTO order_items (order_id, product_id, product_name, product_price, quantity)
VALUES ('bf0f7246-bab1-8ed6-c2b8-24c1712707ed', '82c55340-bd07-2a9a-a6cc-6ce377f958f2', 'product_148', 0.0, 1);
INSERT INTO order_items (order_id, product_id, product_name, product_price, quantity)
VALUES ('bf0f7246-bab1-8ed6-c2b8-24c1712707ed', '12dd0c72-4671-5cd8-b7da-98389426555c', 'product_228', 0.0, 1);
INSERT INTO orders (id, venue_id, number, status, total_amount, opened_at, closed_at, table_number)
VALUES ('f42801bb-c159-cadb-83da-25f354d5b219', '00000000-0000-0000-0000-000000000010', '6898', 'paid', 460.0, '2026-04-22 16:39:04', '2026-04-22 16:39:04', '2');
INSERT INTO order_items (order_id, product_id, product_name, product_price, quantity)
VALUES ('f42801bb-c159-cadb-83da-25f354d5b219', '5f05b996-99f5-dfcb-e4b9-79078ca1f540', 'product_100', 460.0, 1);
INSERT INTO payments (order_id, venue_id, method, amount)
VALUES ('f42801bb-c159-cadb-83da-25f354d5b219', '00000000-0000-0000-0000-000000000010', 'card', 460.0);
INSERT INTO orders (id, venue_id, number, status, total_amount, opened_at, closed_at, table_number)
VALUES ('7ae776b2-27ae-6ea6-f335-c6b4a95856fd', '00000000-0000-0000-0000-000000000010', '6897', 'paid', 430.0, '2026-04-22 15:41:04', '2026-04-22 15:41:04', '1');
INSERT INTO order_items (order_id, product_id, product_name, product_price, quantity)
VALUES ('7ae776b2-27ae-6ea6-f335-c6b4a95856fd', 'd56291c3-0b81-82df-41d8-2bffd8869d31', 'product_140', 430.0, 1);
INSERT INTO payments (order_id, venue_id, method, amount)
VALUES ('7ae776b2-27ae-6ea6-f335-c6b4a95856fd', '00000000-0000-0000-0000-000000000010', 'cash', 430.0);
INSERT INTO orders (id, venue_id, number, status, total_amount, opened_at, closed_at, table_number)
VALUES ('a2c74b8c-cd72-5700-9116-2f13556856de', '00000000-0000-0000-0000-000000000010', '6896', 'paid', 1630.0, '2026-04-22 14:59:03', '2026-04-22 14:59:03', '7');
INSERT INTO order_items (order_id, product_id, product_name, product_price, quantity)
VALUES ('a2c74b8c-cd72-5700-9116-2f13556856de', 'c0fb869e-f434-07cb-f666-b9f7e55d4032', 'product_113', 770.0, 1);
INSERT INTO order_items (order_id, product_id, product_name, product_price, quantity)
VALUES ('a2c74b8c-cd72-5700-9116-2f13556856de', '1a9038b5-12c1-4b41-756a-ce6d8bb0fac8', 'product_114', 670.0, 1);
INSERT INTO order_items (order_id, product_id, product_name, product_price, quantity)
VALUES ('a2c74b8c-cd72-5700-9116-2f13556856de', '0caff6fe-c574-8665-33ca-5f2cee71ebb2', 'product_35', 190.0, 1);
INSERT INTO payments (order_id, venue_id, method, amount)
VALUES ('a2c74b8c-cd72-5700-9116-2f13556856de', '00000000-0000-0000-0000-000000000010', 'card', 1630.0);
INSERT INTO orders (id, venue_id, number, status, total_amount, opened_at, closed_at, table_number)
VALUES ('24904df1-685a-ec0f-39a0-de8e3ac356b3', '00000000-0000-0000-0000-000000000010', '6893', 'paid', 970.0, '2026-04-22 14:23:32', '2026-04-22 14:23:32', '11');
INSERT INTO order_items (order_id, product_id, product_name, product_price, quantity)
VALUES ('24904df1-685a-ec0f-39a0-de8e3ac356b3', 'b9bdca4d-a423-6c36-2351-10cf52ff0eec', 'product_230', 0.0, 1);
INSERT INTO order_items (order_id, product_id, product_name, product_price, quantity)
VALUES ('24904df1-685a-ec0f-39a0-de8e3ac356b3', '38432f7f-ba41-eaa0-7e46-d791008e4b02', 'product_6', 510.0, 1);
INSERT INTO order_items (order_id, product_id, product_name, product_price, quantity)
VALUES ('24904df1-685a-ec0f-39a0-de8e3ac356b3', '021231f4-e9fa-ecbb-5f2a-ad1321ca42ea', 'product_59', 230.0, 2);
INSERT INTO orders (id, venue_id, number, status, total_amount, opened_at, closed_at, table_number)
VALUES ('50a44295-0362-2d3d-ad92-daad3761e3e3', '00000000-0000-0000-0000-000000000010', '6895', 'paid', 1720.0, '2026-04-22 14:23:27', '2026-04-22 14:23:27', '1');
INSERT INTO order_items (order_id, product_id, product_name, product_price, quantity)
VALUES ('50a44295-0362-2d3d-ad92-daad3761e3e3', 'b9bdca4d-a423-6c36-2351-10cf52ff0eec', 'product_230', 0.0, 1);
INSERT INTO order_items (order_id, product_id, product_name, product_price, quantity)
VALUES ('50a44295-0362-2d3d-ad92-daad3761e3e3', '38432f7f-ba41-eaa0-7e46-d791008e4b02', 'product_6', 510.0, 1);
INSERT INTO order_items (order_id, product_id, product_name, product_price, quantity)
VALUES ('50a44295-0362-2d3d-ad92-daad3761e3e3', '497d0040-b877-bebf-95b7-582bf7a5e783', 'product_174', 250.0, 1);
INSERT INTO order_items (order_id, product_id, product_name, product_price, quantity)
VALUES ('50a44295-0362-2d3d-ad92-daad3761e3e3', 'ec61223f-a380-dd08-f9eb-461b3c2f80e6', 'product_163', 120.0, 1);
INSERT INTO order_items (order_id, product_id, product_name, product_price, quantity)
VALUES ('50a44295-0362-2d3d-ad92-daad3761e3e3', 'd46f67a1-e1dd-e079-0b5c-329f6422c4d4', 'product_60', 280.0, 1);
INSERT INTO order_items (order_id, product_id, product_name, product_price, quantity)
VALUES ('50a44295-0362-2d3d-ad92-daad3761e3e3', '021231f4-e9fa-ecbb-5f2a-ad1321ca42ea', 'product_59', 230.0, 1);
INSERT INTO order_items (order_id, product_id, product_name, product_price, quantity)
VALUES ('50a44295-0362-2d3d-ad92-daad3761e3e3', '9d00fee6-5b1a-acb8-1114-e668525ce1a6', 'product_200', 330.0, 1);
INSERT INTO orders (id, venue_id, number, status, total_amount, opened_at, closed_at, table_number)
VALUES ('e24ff5b1-3c3b-3ea5-d19d-711511cb54bf', '00000000-0000-0000-0000-000000000010', '6891', 'paid', 1600.0, '2026-04-21 22:28:57', '2026-04-21 22:28:57', '3');
INSERT INTO order_items (order_id, product_id, product_name, product_price, quantity)
VALUES ('e24ff5b1-3c3b-3ea5-d19d-711511cb54bf', '627b586a-57c8-d217-1549-c47bb32192ac', 'product_26', 460.0, 1);
INSERT INTO order_items (order_id, product_id, product_name, product_price, quantity)
VALUES ('e24ff5b1-3c3b-3ea5-d19d-711511cb54bf', 'c0fb869e-f434-07cb-f666-b9f7e55d4032', 'product_113', 770.0, 1);
INSERT INTO order_items (order_id, product_id, product_name, product_price, quantity)
VALUES ('e24ff5b1-3c3b-3ea5-d19d-711511cb54bf', '5c3938ac-271e-5674-37aa-116c20435202', 'product_234', 370.0, 1);
INSERT INTO payments (order_id, venue_id, method, amount)
VALUES ('e24ff5b1-3c3b-3ea5-d19d-711511cb54bf', '00000000-0000-0000-0000-000000000010', 'cash', 1600.0);
INSERT INTO orders (id, venue_id, number, status, total_amount, opened_at, closed_at, table_number)
VALUES ('9dcb1c14-f84b-3fd2-5d77-96d749d1da9b', '00000000-0000-0000-0000-000000000010', '6886', 'paid', 0.0, '2026-04-21 21:48:05', '2026-04-21 21:48:05', '10');
INSERT INTO orders (id, venue_id, number, status, total_amount, opened_at, closed_at, table_number)
VALUES ('642c500e-a4bb-c43e-dc35-c6be70c5ce60', '00000000-0000-0000-0000-000000000010', '6888', 'paid', 5230.0, '2026-04-21 21:46:00', '2026-04-21 21:46:00', '7');
INSERT INTO order_items (order_id, product_id, product_name, product_price, quantity)
VALUES ('642c500e-a4bb-c43e-dc35-c6be70c5ce60', '4cb15d99-ad0e-d256-a257-afdad4bf887e', 'product_110', 1750.0, 1);
INSERT INTO order_items (order_id, product_id, product_name, product_price, quantity)
VALUES ('642c500e-a4bb-c43e-dc35-c6be70c5ce60', 'be5a3d23-0a5b-1ce3-2f38-ba9348e91024', 'product_207', 1750.0, 1);
INSERT INTO order_items (order_id, product_id, product_name, product_price, quantity)
VALUES ('642c500e-a4bb-c43e-dc35-c6be70c5ce60', 'fdb6f575-fe3f-282e-93d0-1dad56530fa5', 'product_15', 640.0, 1);
INSERT INTO order_items (order_id, product_id, product_name, product_price, quantity)
VALUES ('642c500e-a4bb-c43e-dc35-c6be70c5ce60', 'ef5a0fd9-15a0-6dc1-a208-29c4a17eb52f', 'product_222', 710.0, 1);
INSERT INTO order_items (order_id, product_id, product_name, product_price, quantity)
VALUES ('642c500e-a4bb-c43e-dc35-c6be70c5ce60', '260b99e2-59bd-a3dc-c313-434aff0daf54', 'product_144', 190.0, 2);
INSERT INTO payments (order_id, venue_id, method, amount)
VALUES ('642c500e-a4bb-c43e-dc35-c6be70c5ce60', '00000000-0000-0000-0000-000000000010', 'card', 5230.0);
INSERT INTO orders (id, venue_id, number, status, total_amount, opened_at, closed_at, table_number)
VALUES ('24c256d6-c317-6aec-f958-5eab5b463f3d', '00000000-0000-0000-0000-000000000010', '6889', 'paid', 1010.0, '2026-04-21 21:21:30', '2026-04-21 21:21:30', '2');
INSERT INTO order_items (order_id, product_id, product_name, product_price, quantity)
VALUES ('24c256d6-c317-6aec-f958-5eab5b463f3d', '5c3938ac-271e-5674-37aa-116c20435202', 'product_234', 370.0, 1);
INSERT INTO order_items (order_id, product_id, product_name, product_price, quantity)
VALUES ('24c256d6-c317-6aec-f958-5eab5b463f3d', 'fdb6f575-fe3f-282e-93d0-1dad56530fa5', 'product_15', 640.0, 1);
INSERT INTO payments (order_id, venue_id, method, amount)
VALUES ('24c256d6-c317-6aec-f958-5eab5b463f3d', '00000000-0000-0000-0000-000000000010', 'card', 1010.0);
INSERT INTO orders (id, venue_id, number, status, total_amount, opened_at, closed_at, table_number)
VALUES ('59315e6c-702b-526f-5da2-bddaac5968e2', '00000000-0000-0000-0000-000000000010', '6890', 'paid', 740.0, '2026-04-21 20:54:51', '2026-04-21 20:54:51', '14');
INSERT INTO order_items (order_id, product_id, product_name, product_price, quantity)
VALUES ('59315e6c-702b-526f-5da2-bddaac5968e2', '021231f4-e9fa-ecbb-5f2a-ad1321ca42ea', 'product_59', 230.0, 2);
INSERT INTO order_items (order_id, product_id, product_name, product_price, quantity)
VALUES ('59315e6c-702b-526f-5da2-bddaac5968e2', 'd46f67a1-e1dd-e079-0b5c-329f6422c4d4', 'product_60', 280.0, 1);
INSERT INTO payments (order_id, venue_id, method, amount)
VALUES ('59315e6c-702b-526f-5da2-bddaac5968e2', '00000000-0000-0000-0000-000000000010', 'card', 740.0);
INSERT INTO orders (id, venue_id, number, status, total_amount, opened_at, closed_at, table_number)
VALUES ('7bd2eb5f-6bb3-69af-88cf-d27b7511350c', '00000000-0000-0000-0000-000000000010', '6885', 'paid', 1370.0, '2026-04-21 19:31:28', '2026-04-21 19:31:28', '14');
INSERT INTO order_items (order_id, product_id, product_name, product_price, quantity)
VALUES ('7bd2eb5f-6bb3-69af-88cf-d27b7511350c', 'fa279504-c591-b5b8-70cb-6c4c299a37d8', 'product_22', 1370.0, 1);
INSERT INTO payments (order_id, venue_id, method, amount)
VALUES ('7bd2eb5f-6bb3-69af-88cf-d27b7511350c', '00000000-0000-0000-0000-000000000010', 'card', 1096.0);
INSERT INTO orders (id, venue_id, number, status, total_amount, opened_at, closed_at, table_number)
VALUES ('f7968fd2-fe2e-de70-ef41-bf17914f5a08', '00000000-0000-0000-0000-000000000010', '6884', 'paid', 1710.0, '2026-04-21 18:46:20', '2026-04-21 18:46:20', '11');
INSERT INTO order_items (order_id, product_id, product_name, product_price, quantity)
VALUES ('f7968fd2-fe2e-de70-ef41-bf17914f5a08', 'fdb6f575-fe3f-282e-93d0-1dad56530fa5', 'product_15', 640.0, 1);
INSERT INTO order_items (order_id, product_id, product_name, product_price, quantity)
VALUES ('f7968fd2-fe2e-de70-ef41-bf17914f5a08', 'c0fb869e-f434-07cb-f666-b9f7e55d4032', 'product_113', 770.0, 1);
INSERT INTO order_items (order_id, product_id, product_name, product_price, quantity)
VALUES ('f7968fd2-fe2e-de70-ef41-bf17914f5a08', '62cdaaca-f6e8-fe1a-af41-d7fc95a79021', 'product_167', 40.0, 2);
INSERT INTO order_items (order_id, product_id, product_name, product_price, quantity)
VALUES ('f7968fd2-fe2e-de70-ef41-bf17914f5a08', '81b3193a-f1f9-6ba6-5630-5c911f0c4a69', 'product_48', 220.0, 1);
INSERT INTO payments (order_id, venue_id, method, amount)
VALUES ('f7968fd2-fe2e-de70-ef41-bf17914f5a08', '00000000-0000-0000-0000-000000000010', 'card', 1710.0);
INSERT INTO orders (id, venue_id, number, status, total_amount, opened_at, closed_at, table_number)
VALUES ('cb0bfb84-1f98-7f99-c2b8-bccb7024ba55', '00000000-0000-0000-0000-000000000010', '6883', 'paid', 2880.0, '2026-04-21 18:10:32', '2026-04-21 18:10:32', '6');
INSERT INTO order_items (order_id, product_id, product_name, product_price, quantity)
VALUES ('cb0bfb84-1f98-7f99-c2b8-bccb7024ba55', '1a9038b5-12c1-4b41-756a-ce6d8bb0fac8', 'product_114', 670.0, 2);
INSERT INTO order_items (order_id, product_id, product_name, product_price, quantity)
VALUES ('cb0bfb84-1f98-7f99-c2b8-bccb7024ba55', '5c3938ac-271e-5674-37aa-116c20435202', 'product_234', 370.0, 1);
INSERT INTO order_items (order_id, product_id, product_name, product_price, quantity)
VALUES ('cb0bfb84-1f98-7f99-c2b8-bccb7024ba55', '0f7cfc79-3a3f-41ac-1aa4-b27431de9236', 'product_29', 620.0, 1);
INSERT INTO order_items (order_id, product_id, product_name, product_price, quantity)
VALUES ('cb0bfb84-1f98-7f99-c2b8-bccb7024ba55', '1649694a-a1df-1a36-ccd0-08ba48ab2fd1', 'product_36', 550.0, 1);
INSERT INTO payments (order_id, venue_id, method, amount)
VALUES ('cb0bfb84-1f98-7f99-c2b8-bccb7024ba55', '00000000-0000-0000-0000-000000000010', 'card', 2880.0);
INSERT INTO orders (id, venue_id, number, status, total_amount, opened_at, closed_at, table_number)
VALUES ('048befb5-3823-4309-cf95-3df7b5014959', '00000000-0000-0000-0000-000000000010', '6882', 'paid', 1840.0, '2026-04-21 18:10:28', '2026-04-21 18:10:28', '7');
INSERT INTO order_items (order_id, product_id, product_name, product_price, quantity)
VALUES ('048befb5-3823-4309-cf95-3df7b5014959', 'bc75aa2b-4910-21bf-56ff-d9769b039d8e', 'product_47', 220.0, 2);
INSERT INTO order_items (order_id, product_id, product_name, product_price, quantity)
VALUES ('048befb5-3823-4309-cf95-3df7b5014959', '81b3193a-f1f9-6ba6-5630-5c911f0c4a69', 'product_48', 220.0, 2);
INSERT INTO order_items (order_id, product_id, product_name, product_price, quantity)
VALUES ('048befb5-3823-4309-cf95-3df7b5014959', '7a291d79-c795-0f76-118b-25d10a078238', 'product_191', 370.0, 1);
INSERT INTO order_items (order_id, product_id, product_name, product_price, quantity)
VALUES ('048befb5-3823-4309-cf95-3df7b5014959', '5c3938ac-271e-5674-37aa-116c20435202', 'product_234', 370.0, 1);
INSERT INTO order_items (order_id, product_id, product_name, product_price, quantity)
VALUES ('048befb5-3823-4309-cf95-3df7b5014959', '4f5dfe3a-4ba6-edc6-1a39-a54a344ea46a', 'product_159', 220.0, 1);
INSERT INTO payments (order_id, venue_id, method, amount)
VALUES ('048befb5-3823-4309-cf95-3df7b5014959', '00000000-0000-0000-0000-000000000010', 'card', 1840.0);
INSERT INTO orders (id, venue_id, number, status, total_amount, opened_at, closed_at, table_number)
VALUES ('f9af3351-8fd3-3774-b1f9-cd2887cb2481', '00000000-0000-0000-0000-000000000010', '6881', 'paid', 130.0, '2026-04-21 16:02:07', '2026-04-21 16:02:07', '9');
INSERT INTO order_items (order_id, product_id, product_name, product_price, quantity)
VALUES ('f9af3351-8fd3-3774-b1f9-cd2887cb2481', '966437e8-b784-92e7-0afa-ff8bde6f1e53', 'product_145', 130.0, 1);
INSERT INTO payments (order_id, venue_id, method, amount)
VALUES ('f9af3351-8fd3-3774-b1f9-cd2887cb2481', '00000000-0000-0000-0000-000000000010', 'card', 130.0);
INSERT INTO orders (id, venue_id, number, status, total_amount, opened_at, closed_at, table_number)
VALUES ('8cc018f6-510d-cf11-542e-df42a6fb556f', '00000000-0000-0000-0000-000000000010', '6879', 'paid', 1510.0, '2026-04-21 10:13:01', '2026-04-21 10:13:01', '11');
INSERT INTO order_items (order_id, product_id, product_name, product_price, quantity)
VALUES ('8cc018f6-510d-cf11-542e-df42a6fb556f', '7b0b5f60-47be-c07e-9585-af9a20b6d773', 'product_9', 460.0, 2);
INSERT INTO order_items (order_id, product_id, product_name, product_price, quantity)
VALUES ('8cc018f6-510d-cf11-542e-df42a6fb556f', '338bdc4d-fbd5-43ad-a7a7-3951ceca3a16', 'product_97', 260.0, 1);
INSERT INTO order_items (order_id, product_id, product_name, product_price, quantity)
VALUES ('8cc018f6-510d-cf11-542e-df42a6fb556f', '9d00fee6-5b1a-acb8-1114-e668525ce1a6', 'product_200', 330.0, 1);
INSERT INTO orders (id, venue_id, number, status, total_amount, opened_at, closed_at, table_number)
VALUES ('41233672-0aaf-a2ef-ff94-818fb10b67b2', '00000000-0000-0000-0000-000000000010', '6880', 'paid', 0.0, '2026-04-21 10:12:54', '2026-04-21 10:12:54', '9');
INSERT INTO order_items (order_id, product_id, product_name, product_price, quantity)
VALUES ('41233672-0aaf-a2ef-ff94-818fb10b67b2', '1afe238c-a186-0e67-9e9d-d39b8c4abe8a', 'product_229', 0.0, 1);
INSERT INTO order_items (order_id, product_id, product_name, product_price, quantity)
VALUES ('41233672-0aaf-a2ef-ff94-818fb10b67b2', '12dd0c72-4671-5cd8-b7da-98389426555c', 'product_228', 0.0, 1);
INSERT INTO order_items (order_id, product_id, product_name, product_price, quantity)
VALUES ('41233672-0aaf-a2ef-ff94-818fb10b67b2', '82c55340-bd07-2a9a-a6cc-6ce377f958f2', 'product_148', 0.0, 1);
INSERT INTO orders (id, venue_id, number, status, total_amount, opened_at, closed_at, table_number)
VALUES ('b3c1afcb-ea1e-b607-f80c-3031996726c1', '00000000-0000-0000-0000-000000000010', '6878', 'paid', 130.0, '2026-04-20 21:46:37', '2026-04-20 21:46:37', '9');
INSERT INTO order_items (order_id, product_id, product_name, product_price, quantity)
VALUES ('b3c1afcb-ea1e-b607-f80c-3031996726c1', '966437e8-b784-92e7-0afa-ff8bde6f1e53', 'product_145', 130.0, 1);
INSERT INTO payments (order_id, venue_id, method, amount)
VALUES ('b3c1afcb-ea1e-b607-f80c-3031996726c1', '00000000-0000-0000-0000-000000000010', 'card', 130.0);
INSERT INTO orders (id, venue_id, number, status, total_amount, opened_at, closed_at, table_number)
VALUES ('9c19a48b-09e7-4872-06cb-4a7d433f7390', '00000000-0000-0000-0000-000000000010', '6877', 'paid', 720.0, '2026-04-20 21:30:11', '2026-04-20 21:30:11', '9');
INSERT INTO order_items (order_id, product_id, product_name, product_price, quantity)
VALUES ('9c19a48b-09e7-4872-06cb-4a7d433f7390', 'da98da7c-a663-0228-294e-97c1fae50fd1', 'product_54', 180.0, 4);
INSERT INTO payments (order_id, venue_id, method, amount)
VALUES ('9c19a48b-09e7-4872-06cb-4a7d433f7390', '00000000-0000-0000-0000-000000000010', 'card', 720.0);
INSERT INTO orders (id, venue_id, number, status, total_amount, opened_at, closed_at, table_number)
VALUES ('fd6f91c2-a520-2c25-7a0e-caa1a72c48a0', '00000000-0000-0000-0000-000000000010', '6876', 'paid', 2430.0, '2026-04-20 20:54:55', '2026-04-20 20:54:55', '7');
INSERT INTO order_items (order_id, product_id, product_name, product_price, quantity)
VALUES ('fd6f91c2-a520-2c25-7a0e-caa1a72c48a0', '0f7cfc79-3a3f-41ac-1aa4-b27431de9236', 'product_29', 620.0, 1);
INSERT INTO order_items (order_id, product_id, product_name, product_price, quantity)
VALUES ('fd6f91c2-a520-2c25-7a0e-caa1a72c48a0', '1a9038b5-12c1-4b41-756a-ce6d8bb0fac8', 'product_114', 670.0, 1);
INSERT INTO order_items (order_id, product_id, product_name, product_price, quantity)
VALUES ('fd6f91c2-a520-2c25-7a0e-caa1a72c48a0', '5c3938ac-271e-5674-37aa-116c20435202', 'product_234', 370.0, 1);
INSERT INTO order_items (order_id, product_id, product_name, product_price, quantity)
VALUES ('fd6f91c2-a520-2c25-7a0e-caa1a72c48a0', '81b3193a-f1f9-6ba6-5630-5c911f0c4a69', 'product_48', 220.0, 1);
INSERT INTO order_items (order_id, product_id, product_name, product_price, quantity)
VALUES ('fd6f91c2-a520-2c25-7a0e-caa1a72c48a0', '1649694a-a1df-1a36-ccd0-08ba48ab2fd1', 'product_36', 550.0, 1);
INSERT INTO payments (order_id, venue_id, method, amount)
VALUES ('fd6f91c2-a520-2c25-7a0e-caa1a72c48a0', '00000000-0000-0000-0000-000000000010', 'card', 2430.0);
INSERT INTO orders (id, venue_id, number, status, total_amount, opened_at, closed_at, table_number)
VALUES ('9e7dcd7a-5bdf-038f-bf6b-d06351041349', '00000000-0000-0000-0000-000000000010', '6875', 'paid', 250.0, '2026-04-20 15:54:25', '2026-04-20 15:54:25', '1');
INSERT INTO order_items (order_id, product_id, product_name, product_price, quantity)
VALUES ('9e7dcd7a-5bdf-038f-bf6b-d06351041349', '4695b67d-781a-20db-f80e-66824f8cfc13', 'product_55', 250.0, 1);
INSERT INTO payments (order_id, venue_id, method, amount)
VALUES ('9e7dcd7a-5bdf-038f-bf6b-d06351041349', '00000000-0000-0000-0000-000000000010', 'card', 250.0);
INSERT INTO orders (id, venue_id, number, status, total_amount, opened_at, closed_at, table_number)
VALUES ('3b8d4f8b-221a-3174-07dc-2c0158edc06d', '00000000-0000-0000-0000-000000000010', '6872', 'paid', 1590.0, '2026-04-19 21:50:02', '2026-04-19 21:50:02', '2');
INSERT INTO order_items (order_id, product_id, product_name, product_price, quantity)
VALUES ('3b8d4f8b-221a-3174-07dc-2c0158edc06d', 'badf5f45-b516-78fa-fbe7-ff32ed526953', 'product_226', 720.0, 1);
INSERT INTO order_items (order_id, product_id, product_name, product_price, quantity)
VALUES ('3b8d4f8b-221a-3174-07dc-2c0158edc06d', '0caff6fe-c574-8665-33ca-5f2cee71ebb2', 'product_35', 190.0, 1);
INSERT INTO order_items (order_id, product_id, product_name, product_price, quantity)
VALUES ('3b8d4f8b-221a-3174-07dc-2c0158edc06d', '5f05b996-99f5-dfcb-e4b9-79078ca1f540', 'product_100', 460.0, 1);
INSERT INTO order_items (order_id, product_id, product_name, product_price, quantity)
VALUES ('3b8d4f8b-221a-3174-07dc-2c0158edc06d', 'bc75aa2b-4910-21bf-56ff-d9769b039d8e', 'product_47', 220.0, 1);
INSERT INTO payments (order_id, venue_id, method, amount)
VALUES ('3b8d4f8b-221a-3174-07dc-2c0158edc06d', '00000000-0000-0000-0000-000000000010', 'cash', 1590.0);
INSERT INTO orders (id, venue_id, number, status, total_amount, opened_at, closed_at, table_number)
VALUES ('a80c2307-115a-fa1a-5640-ca402f0ef2bf', '00000000-0000-0000-0000-000000000010', '6874', 'paid', 510.0, '2026-04-19 21:49:23', '2026-04-19 21:49:23', '9');
INSERT INTO order_items (order_id, product_id, product_name, product_price, quantity)
VALUES ('a80c2307-115a-fa1a-5640-ca402f0ef2bf', '021231f4-e9fa-ecbb-5f2a-ad1321ca42ea', 'product_59', 230.0, 1);
INSERT INTO order_items (order_id, product_id, product_name, product_price, quantity)
VALUES ('a80c2307-115a-fa1a-5640-ca402f0ef2bf', 'd46f67a1-e1dd-e079-0b5c-329f6422c4d4', 'product_60', 280.0, 1);
INSERT INTO payments (order_id, venue_id, method, amount)
VALUES ('a80c2307-115a-fa1a-5640-ca402f0ef2bf', '00000000-0000-0000-0000-000000000010', 'card', 510.0);
INSERT INTO orders (id, venue_id, number, status, total_amount, opened_at, closed_at, table_number)
VALUES ('e5054a6d-1cfc-9e85-af48-01eda3bfc875', '00000000-0000-0000-0000-000000000010', '6873', 'paid', 1950.0, '2026-04-19 20:38:49', '2026-04-19 20:38:49', '9');
INSERT INTO order_items (order_id, product_id, product_name, product_price, quantity)
VALUES ('e5054a6d-1cfc-9e85-af48-01eda3bfc875', 'b627abd9-fb00-28f4-a09b-09fcb24019c0', 'product_132', 150.0, 13);
INSERT INTO payments (order_id, venue_id, method, amount)
VALUES ('e5054a6d-1cfc-9e85-af48-01eda3bfc875', '00000000-0000-0000-0000-000000000010', 'cash', 1950.0);
INSERT INTO orders (id, venue_id, number, status, total_amount, opened_at, closed_at, table_number)
VALUES ('3c4acb5f-fe67-9acc-535d-219989a0dfa5', '00000000-0000-0000-0000-000000000010', '6871', 'paid', 1890.0, '2026-04-19 20:35:02', '2026-04-19 20:35:02', '7');
INSERT INTO order_items (order_id, product_id, product_name, product_price, quantity)
VALUES ('3c4acb5f-fe67-9acc-535d-219989a0dfa5', '81b3193a-f1f9-6ba6-5630-5c911f0c4a69', 'product_48', 220.0, 1);
INSERT INTO order_items (order_id, product_id, product_name, product_price, quantity)
VALUES ('3c4acb5f-fe67-9acc-535d-219989a0dfa5', 'badf5f45-b516-78fa-fbe7-ff32ed526953', 'product_226', 720.0, 1);
INSERT INTO order_items (order_id, product_id, product_name, product_price, quantity)
VALUES ('3c4acb5f-fe67-9acc-535d-219989a0dfa5', '2334cdda-9fd8-40f0-0a18-b2cbad79aa33', 'product_225', 580.0, 1);
INSERT INTO order_items (order_id, product_id, product_name, product_price, quantity)
VALUES ('3c4acb5f-fe67-9acc-535d-219989a0dfa5', 'f35ae6ee-40da-7479-c64b-612bff507023', 'product_31', 370.0, 1);
INSERT INTO payments (order_id, venue_id, method, amount)
VALUES ('3c4acb5f-fe67-9acc-535d-219989a0dfa5', '00000000-0000-0000-0000-000000000010', 'card', 1890.0);
INSERT INTO orders (id, venue_id, number, status, total_amount, opened_at, closed_at, table_number)
VALUES ('b971233f-d2b4-caec-ba79-e67dfc7c1e0e', '00000000-0000-0000-0000-000000000010', '6870', 'paid', 1600.0, '2026-04-19 20:18:15', '2026-04-19 20:18:15', '9');
INSERT INTO order_items (order_id, product_id, product_name, product_price, quantity)
VALUES ('b971233f-d2b4-caec-ba79-e67dfc7c1e0e', 'e532fcb4-dc6d-4091-b3da-fd41b40bb06e', 'product_136', 200.0, 8);
INSERT INTO payments (order_id, venue_id, method, amount)
VALUES ('b971233f-d2b4-caec-ba79-e67dfc7c1e0e', '00000000-0000-0000-0000-000000000010', 'card', 1600.0);
INSERT INTO orders (id, venue_id, number, status, total_amount, opened_at, closed_at, table_number)
VALUES ('10cde92c-22b5-971b-e9bc-23640ca9ddb1', '00000000-0000-0000-0000-000000000010', '6869', 'paid', 4900.0, '2026-04-19 19:54:12', '2026-04-19 19:54:12', '2');
INSERT INTO order_items (order_id, product_id, product_name, product_price, quantity)
VALUES ('10cde92c-22b5-971b-e9bc-23640ca9ddb1', 'c0fb869e-f434-07cb-f666-b9f7e55d4032', 'product_113', 770.0, 3);
INSERT INTO order_items (order_id, product_id, product_name, product_price, quantity)
VALUES ('10cde92c-22b5-971b-e9bc-23640ca9ddb1', '2334cdda-9fd8-40f0-0a18-b2cbad79aa33', 'product_225', 580.0, 1);
INSERT INTO order_items (order_id, product_id, product_name, product_price, quantity)
VALUES ('10cde92c-22b5-971b-e9bc-23640ca9ddb1', 'eaa4a05e-8cb8-7629-ddfb-e23226f1c2ee', 'product_127', 300.0, 1);
INSERT INTO order_items (order_id, product_id, product_name, product_price, quantity)
VALUES ('10cde92c-22b5-971b-e9bc-23640ca9ddb1', '1649694a-a1df-1a36-ccd0-08ba48ab2fd1', 'product_36', 550.0, 1);
INSERT INTO order_items (order_id, product_id, product_name, product_price, quantity)
VALUES ('10cde92c-22b5-971b-e9bc-23640ca9ddb1', '0f7cfc79-3a3f-41ac-1aa4-b27431de9236', 'product_29', 620.0, 1);
INSERT INTO order_items (order_id, product_id, product_name, product_price, quantity)
VALUES ('10cde92c-22b5-971b-e9bc-23640ca9ddb1', '8b7920ef-e954-d760-2a69-99cafc830c2e', 'product_171', 270.0, 2);
INSERT INTO payments (order_id, venue_id, method, amount)
VALUES ('10cde92c-22b5-971b-e9bc-23640ca9ddb1', '00000000-0000-0000-0000-000000000010', 'cash', 4900.0);
INSERT INTO orders (id, venue_id, number, status, total_amount, opened_at, closed_at, table_number)
VALUES ('ecb5ff93-0b7a-8fb7-58d4-21540afbbb0e', '00000000-0000-0000-0000-000000000010', '6867', 'paid', 2620.0, '2026-04-19 19:31:58', '2026-04-19 19:31:58', '7');
INSERT INTO order_items (order_id, product_id, product_name, product_price, quantity)
VALUES ('ecb5ff93-0b7a-8fb7-58d4-21540afbbb0e', '951f4bf6-be55-0e75-59a9-7e580a0d07c4', 'product_14', 640.0, 1);
INSERT INTO order_items (order_id, product_id, product_name, product_price, quantity)
VALUES ('ecb5ff93-0b7a-8fb7-58d4-21540afbbb0e', '1a9038b5-12c1-4b41-756a-ce6d8bb0fac8', 'product_114', 670.0, 1);
INSERT INTO order_items (order_id, product_id, product_name, product_price, quantity)
VALUES ('ecb5ff93-0b7a-8fb7-58d4-21540afbbb0e', 'badf5f45-b516-78fa-fbe7-ff32ed526953', 'product_226', 720.0, 1);
INSERT INTO order_items (order_id, product_id, product_name, product_price, quantity)
VALUES ('ecb5ff93-0b7a-8fb7-58d4-21540afbbb0e', '09d404dd-f87b-b319-4eda-9ce7c697868d', 'product_32', 370.0, 1);
INSERT INTO order_items (order_id, product_id, product_name, product_price, quantity)
VALUES ('ecb5ff93-0b7a-8fb7-58d4-21540afbbb0e', '7c7c305a-92ed-bc40-0bb5-1155fc4e313f', 'product_99', 220.0, 1);
INSERT INTO payments (order_id, venue_id, method, amount)
VALUES ('ecb5ff93-0b7a-8fb7-58d4-21540afbbb0e', '00000000-0000-0000-0000-000000000010', 'card', 2620.0);
INSERT INTO orders (id, venue_id, number, status, total_amount, opened_at, closed_at, table_number)
VALUES ('27e41b95-9cd9-49d3-b854-0a78192415c8', '00000000-0000-0000-0000-000000000010', '6868', 'paid', 0.0, '2026-04-19 19:19:28', '2026-04-19 19:19:28', '6');
INSERT INTO orders (id, venue_id, number, status, total_amount, opened_at, closed_at, table_number)
VALUES ('4e6c3698-0b4b-7bd3-918d-bdc519f0560f', '00000000-0000-0000-0000-000000000010', '6861', 'paid', 0.0, '2026-04-19 18:26:26', '2026-04-19 18:26:26', '9');
INSERT INTO order_items (order_id, product_id, product_name, product_price, quantity)
VALUES ('4e6c3698-0b4b-7bd3-918d-bdc519f0560f', '1afe238c-a186-0e67-9e9d-d39b8c4abe8a', 'product_229', 0.0, 1);
INSERT INTO order_items (order_id, product_id, product_name, product_price, quantity)
VALUES ('4e6c3698-0b4b-7bd3-918d-bdc519f0560f', '82c55340-bd07-2a9a-a6cc-6ce377f958f2', 'product_148', 0.0, 1);
INSERT INTO orders (id, venue_id, number, status, total_amount, opened_at, closed_at, table_number)
VALUES ('6a212e89-69d3-1915-d821-d33848276387', '00000000-0000-0000-0000-000000000010', '6862', 'paid', 0.0, '2026-04-19 17:39:22', '2026-04-19 17:39:22', '14');
INSERT INTO orders (id, venue_id, number, status, total_amount, opened_at, closed_at, table_number)
VALUES ('f417c714-da76-ad9e-a48c-18f7a28460a3', '00000000-0000-0000-0000-000000000010', '6865', 'paid', 440.0, '2026-04-19 17:17:59', '2026-04-19 17:17:59', '1');
INSERT INTO order_items (order_id, product_id, product_name, product_price, quantity)
VALUES ('f417c714-da76-ad9e-a48c-18f7a28460a3', '7c7c305a-92ed-bc40-0bb5-1155fc4e313f', 'product_99', 220.0, 2);
INSERT INTO payments (order_id, venue_id, method, amount)
VALUES ('f417c714-da76-ad9e-a48c-18f7a28460a3', '00000000-0000-0000-0000-000000000010', 'card', 440.0);
INSERT INTO orders (id, venue_id, number, status, total_amount, opened_at, closed_at, table_number)
VALUES ('04924c83-8943-b648-15f9-e87c9bfc46d3', '00000000-0000-0000-0000-000000000010', '6864', 'paid', 370.0, '2026-04-19 17:07:11', '2026-04-19 17:07:11', '1');
INSERT INTO order_items (order_id, product_id, product_name, product_price, quantity)
VALUES ('04924c83-8943-b648-15f9-e87c9bfc46d3', '5c3938ac-271e-5674-37aa-116c20435202', 'product_234', 370.0, 1);
INSERT INTO payments (order_id, venue_id, method, amount)
VALUES ('04924c83-8943-b648-15f9-e87c9bfc46d3', '00000000-0000-0000-0000-000000000010', 'card', 370.0);
INSERT INTO orders (id, venue_id, number, status, total_amount, opened_at, closed_at, table_number)
VALUES ('74bac5f4-1f3a-bf36-49bb-0397792737df', '00000000-0000-0000-0000-000000000010', '6863', 'paid', 2000.0, '2026-04-19 16:45:41', '2026-04-19 16:45:41', '1');
INSERT INTO order_items (order_id, product_id, product_name, product_price, quantity)
VALUES ('74bac5f4-1f3a-bf36-49bb-0397792737df', 'c0fb869e-f434-07cb-f666-b9f7e55d4032', 'product_113', 770.0, 2);
INSERT INTO order_items (order_id, product_id, product_name, product_price, quantity)
VALUES ('74bac5f4-1f3a-bf36-49bb-0397792737df', '021231f4-e9fa-ecbb-5f2a-ad1321ca42ea', 'product_59', 230.0, 2);
INSERT INTO payments (order_id, venue_id, method, amount)
VALUES ('74bac5f4-1f3a-bf36-49bb-0397792737df', '00000000-0000-0000-0000-000000000010', 'card', 2000.0);
INSERT INTO orders (id, venue_id, number, status, total_amount, opened_at, closed_at, table_number)
VALUES ('9a89cfdc-ed1c-c0b5-858c-d727f48baef4', '00000000-0000-0000-0000-000000000010', '6860', 'paid', 0.0, '2026-04-19 15:48:03', '2026-04-19 15:48:03', '14');
INSERT INTO orders (id, venue_id, number, status, total_amount, opened_at, closed_at, table_number)
VALUES ('8da48d3b-3e87-af7c-066c-7e8bddd17538', '00000000-0000-0000-0000-000000000010', '6859', 'paid', 1200.0, '2026-04-19 15:43:41', '2026-04-19 15:43:41', '2');
INSERT INTO order_items (order_id, product_id, product_name, product_price, quantity)
VALUES ('8da48d3b-3e87-af7c-066c-7e8bddd17538', 'c0fb869e-f434-07cb-f666-b9f7e55d4032', 'product_113', 770.0, 1);
INSERT INTO order_items (order_id, product_id, product_name, product_price, quantity)
VALUES ('8da48d3b-3e87-af7c-066c-7e8bddd17538', 'd56291c3-0b81-82df-41d8-2bffd8869d31', 'product_140', 430.0, 1);
INSERT INTO payments (order_id, venue_id, method, amount)
VALUES ('8da48d3b-3e87-af7c-066c-7e8bddd17538', '00000000-0000-0000-0000-000000000010', 'card', 1200.0);
INSERT INTO orders (id, venue_id, number, status, total_amount, opened_at, closed_at, table_number)
VALUES ('84845a13-f01f-c07b-31bc-2ed1bf07a2f2', '00000000-0000-0000-0000-000000000010', '6853', 'paid', 0.0, '2026-04-19 14:25:48', '2026-04-19 14:25:48', '14');
INSERT INTO orders (id, venue_id, number, status, total_amount, opened_at, closed_at, table_number)
VALUES ('c3192226-d84e-ebd9-60fd-d48c1c741e7e', '00000000-0000-0000-0000-000000000010', '5524', 'paid', 0.0, '2026-04-19 14:25:30', '2026-04-19 14:25:30', '14');
INSERT INTO orders (id, venue_id, number, status, total_amount, opened_at, closed_at, table_number)
VALUES ('7c3c7348-3a64-881e-35a4-32f88ca96f93', '00000000-0000-0000-0000-000000000010', '6858', 'paid', 820.0, '2026-04-19 14:24:25', '2026-04-19 14:24:25', '1');
INSERT INTO order_items (order_id, product_id, product_name, product_price, quantity)
VALUES ('7c3c7348-3a64-881e-35a4-32f88ca96f93', 'f35a1ebf-94b4-c196-4fdb-5698a8e21330', 'product_170', 820.0, 1);
INSERT INTO payments (order_id, venue_id, method, amount)
VALUES ('7c3c7348-3a64-881e-35a4-32f88ca96f93', '00000000-0000-0000-0000-000000000010', 'cash', 820.0);
INSERT INTO orders (id, venue_id, number, status, total_amount, opened_at, closed_at, table_number)
VALUES ('99fa4fb7-c862-ef3e-0f00-17c8d3a656fe', '00000000-0000-0000-0000-000000000010', '6856', 'paid', 280.0, '2026-04-19 13:16:19', '2026-04-19 13:16:19', '14');
INSERT INTO order_items (order_id, product_id, product_name, product_price, quantity)
VALUES ('99fa4fb7-c862-ef3e-0f00-17c8d3a656fe', 'd46f67a1-e1dd-e079-0b5c-329f6422c4d4', 'product_60', 280.0, 1);
INSERT INTO payments (order_id, venue_id, method, amount)
VALUES ('99fa4fb7-c862-ef3e-0f00-17c8d3a656fe', '00000000-0000-0000-0000-000000000010', 'card', 280.0);
INSERT INTO orders (id, venue_id, number, status, total_amount, opened_at, closed_at, table_number)
VALUES ('fc913d6c-05c6-5e9b-fd79-233cf0890ae5', '00000000-0000-0000-0000-000000000010', '6855', 'paid', 510.0, '2026-04-19 12:21:44', '2026-04-19 12:21:44', '14');
INSERT INTO order_items (order_id, product_id, product_name, product_price, quantity)
VALUES ('fc913d6c-05c6-5e9b-fd79-233cf0890ae5', 'd46f67a1-e1dd-e079-0b5c-329f6422c4d4', 'product_60', 280.0, 1);
INSERT INTO order_items (order_id, product_id, product_name, product_price, quantity)
VALUES ('fc913d6c-05c6-5e9b-fd79-233cf0890ae5', '021231f4-e9fa-ecbb-5f2a-ad1321ca42ea', 'product_59', 230.0, 1);
INSERT INTO payments (order_id, venue_id, method, amount)
VALUES ('fc913d6c-05c6-5e9b-fd79-233cf0890ae5', '00000000-0000-0000-0000-000000000010', 'card', 510.0);
INSERT INTO orders (id, venue_id, number, status, total_amount, opened_at, closed_at, table_number)
VALUES ('c9d1f3ac-5c4c-9bd9-e5f7-3d4e85786e5a', '00000000-0000-0000-0000-000000000010', '6851', 'paid', 1350.0, '2026-04-19 11:59:07', '2026-04-19 11:59:07', '15');
INSERT INTO order_items (order_id, product_id, product_name, product_price, quantity)
VALUES ('c9d1f3ac-5c4c-9bd9-e5f7-3d4e85786e5a', 'b9bdca4d-a423-6c36-2351-10cf52ff0eec', 'product_230', 0.0, 3);
INSERT INTO order_items (order_id, product_id, product_name, product_price, quantity)
VALUES ('c9d1f3ac-5c4c-9bd9-e5f7-3d4e85786e5a', 'd46f67a1-e1dd-e079-0b5c-329f6422c4d4', 'product_60', 280.0, 2);
INSERT INTO order_items (order_id, product_id, product_name, product_price, quantity)
VALUES ('c9d1f3ac-5c4c-9bd9-e5f7-3d4e85786e5a', '9d00fee6-5b1a-acb8-1114-e668525ce1a6', 'product_200', 330.0, 1);
INSERT INTO order_items (order_id, product_id, product_name, product_price, quantity)
VALUES ('c9d1f3ac-5c4c-9bd9-e5f7-3d4e85786e5a', '7b0b5f60-47be-c07e-9585-af9a20b6d773', 'product_9', 460.0, 1);
INSERT INTO orders (id, venue_id, number, status, total_amount, opened_at, closed_at, table_number)
VALUES ('03cfefab-e0f7-e766-2113-d28329d22453', '00000000-0000-0000-0000-000000000010', '6850', 'paid', 1630.0, '2026-04-19 11:58:44', '2026-04-19 11:58:44', '13');
INSERT INTO order_items (order_id, product_id, product_name, product_price, quantity)
VALUES ('03cfefab-e0f7-e766-2113-d28329d22453', 'd46f67a1-e1dd-e079-0b5c-329f6422c4d4', 'product_60', 280.0, 1);
INSERT INTO order_items (order_id, product_id, product_name, product_price, quantity)
VALUES ('03cfefab-e0f7-e766-2113-d28329d22453', '38432f7f-ba41-eaa0-7e46-d791008e4b02', 'product_6', 510.0, 2);
INSERT INTO order_items (order_id, product_id, product_name, product_price, quantity)
VALUES ('03cfefab-e0f7-e766-2113-d28329d22453', '9d00fee6-5b1a-acb8-1114-e668525ce1a6', 'product_200', 330.0, 1);
INSERT INTO orders (id, venue_id, number, status, total_amount, opened_at, closed_at, table_number)
VALUES ('5610652b-1b38-8eac-78f3-3c306a251fd4', '00000000-0000-0000-0000-000000000010', '6849', 'paid', 860.0, '2026-04-19 11:58:36', '2026-04-19 11:58:36', '12');
INSERT INTO order_items (order_id, product_id, product_name, product_price, quantity)
VALUES ('5610652b-1b38-8eac-78f3-3c306a251fd4', '94d2bddc-c99f-2985-f8eb-9d8a4a995ad3', 'product_10', 300.0, 1);
INSERT INTO order_items (order_id, product_id, product_name, product_price, quantity)
VALUES ('5610652b-1b38-8eac-78f3-3c306a251fd4', 'b9bdca4d-a423-6c36-2351-10cf52ff0eec', 'product_230', 0.0, 1);
INSERT INTO order_items (order_id, product_id, product_name, product_price, quantity)
VALUES ('5610652b-1b38-8eac-78f3-3c306a251fd4', 'd46f67a1-e1dd-e079-0b5c-329f6422c4d4', 'product_60', 280.0, 2);
INSERT INTO orders (id, venue_id, number, status, total_amount, opened_at, closed_at, table_number)
VALUES ('da944d60-70e5-7359-1789-3abdc360b0d6', '00000000-0000-0000-0000-000000000010', '6848', 'paid', 560.0, '2026-04-19 11:58:29', '2026-04-19 11:58:29', '11');
INSERT INTO order_items (order_id, product_id, product_name, product_price, quantity)
VALUES ('da944d60-70e5-7359-1789-3abdc360b0d6', 'b9bdca4d-a423-6c36-2351-10cf52ff0eec', 'product_230', 0.0, 2);
INSERT INTO order_items (order_id, product_id, product_name, product_price, quantity)
VALUES ('da944d60-70e5-7359-1789-3abdc360b0d6', 'd46f67a1-e1dd-e079-0b5c-329f6422c4d4', 'product_60', 280.0, 2);
INSERT INTO orders (id, venue_id, number, status, total_amount, opened_at, closed_at, table_number)
VALUES ('a467a56f-2e78-cc9e-39e1-28f415bc75b2', '00000000-0000-0000-0000-000000000010', '6854', 'paid', 510.0, '2026-04-19 11:58:23', '2026-04-19 11:58:23', '10');
INSERT INTO order_items (order_id, product_id, product_name, product_price, quantity)
VALUES ('a467a56f-2e78-cc9e-39e1-28f415bc75b2', 'b9bdca4d-a423-6c36-2351-10cf52ff0eec', 'product_230', 0.0, 2);
INSERT INTO order_items (order_id, product_id, product_name, product_price, quantity)
VALUES ('a467a56f-2e78-cc9e-39e1-28f415bc75b2', '2e331f2f-b6fd-7898-11b0-9b0e3a2e58be', 'product_57', 180.0, 1);
INSERT INTO order_items (order_id, product_id, product_name, product_price, quantity)
VALUES ('a467a56f-2e78-cc9e-39e1-28f415bc75b2', '9d00fee6-5b1a-acb8-1114-e668525ce1a6', 'product_200', 330.0, 1);
INSERT INTO orders (id, venue_id, number, status, total_amount, opened_at, closed_at, table_number)
VALUES ('5bdffa78-3367-4ae6-5ca7-497728989617', '00000000-0000-0000-0000-000000000010', '6852', 'paid', 230.0, '2026-04-19 10:32:15', '2026-04-19 10:32:15', '10');
INSERT INTO order_items (order_id, product_id, product_name, product_price, quantity)
VALUES ('5bdffa78-3367-4ae6-5ca7-497728989617', '021231f4-e9fa-ecbb-5f2a-ad1321ca42ea', 'product_59', 230.0, 1);
INSERT INTO payments (order_id, venue_id, method, amount)
VALUES ('5bdffa78-3367-4ae6-5ca7-497728989617', '00000000-0000-0000-0000-000000000010', 'card', 230.0);
INSERT INTO orders (id, venue_id, number, status, total_amount, opened_at, closed_at, table_number)
VALUES ('c684da47-23f3-6314-abbc-e3a9110b3e18', '00000000-0000-0000-0000-000000000010', '6845', 'paid', 1650.0, '2026-04-18 21:31:52', '2026-04-18 21:31:52', '1');
INSERT INTO order_items (order_id, product_id, product_name, product_price, quantity)
VALUES ('c684da47-23f3-6314-abbc-e3a9110b3e18', '5c3938ac-271e-5674-37aa-116c20435202', 'product_234', 370.0, 1);
INSERT INTO order_items (order_id, product_id, product_name, product_price, quantity)
VALUES ('c684da47-23f3-6314-abbc-e3a9110b3e18', '951f4bf6-be55-0e75-59a9-7e580a0d07c4', 'product_14', 640.0, 1);
INSERT INTO order_items (order_id, product_id, product_name, product_price, quantity)
VALUES ('c684da47-23f3-6314-abbc-e3a9110b3e18', 'fdb6f575-fe3f-282e-93d0-1dad56530fa5', 'product_15', 640.0, 1);
INSERT INTO payments (order_id, venue_id, method, amount)
VALUES ('c684da47-23f3-6314-abbc-e3a9110b3e18', '00000000-0000-0000-0000-000000000010', 'cash', 1650.0);
INSERT INTO orders (id, venue_id, number, status, total_amount, opened_at, closed_at, table_number)
VALUES ('3c2d8fdd-8f28-a3b7-0fa6-f0b41b9f513c', '00000000-0000-0000-0000-000000000010', '6846', 'paid', 1610.0, '2026-04-18 21:29:21', '2026-04-18 21:29:21', '6');
INSERT INTO order_items (order_id, product_id, product_name, product_price, quantity)
VALUES ('3c2d8fdd-8f28-a3b7-0fa6-f0b41b9f513c', '0f7cfc79-3a3f-41ac-1aa4-b27431de9236', 'product_29', 620.0, 2);
INSERT INTO order_items (order_id, product_id, product_name, product_price, quantity)
VALUES ('3c2d8fdd-8f28-a3b7-0fa6-f0b41b9f513c', '5c3938ac-271e-5674-37aa-116c20435202', 'product_234', 370.0, 1);
INSERT INTO payments (order_id, venue_id, method, amount)
VALUES ('3c2d8fdd-8f28-a3b7-0fa6-f0b41b9f513c', '00000000-0000-0000-0000-000000000010', 'card', 1610.0);
INSERT INTO orders (id, venue_id, number, status, total_amount, opened_at, closed_at, table_number)
VALUES ('7b698b8e-a1e4-9212-8890-133ba7073d46', '00000000-0000-0000-0000-000000000010', '6844', 'paid', 3050.0, '2026-04-18 21:19:41', '2026-04-18 21:19:41', '2');
INSERT INTO order_items (order_id, product_id, product_name, product_price, quantity)
VALUES ('7b698b8e-a1e4-9212-8890-133ba7073d46', '951f4bf6-be55-0e75-59a9-7e580a0d07c4', 'product_14', 640.0, 1);
INSERT INTO order_items (order_id, product_id, product_name, product_price, quantity)
VALUES ('7b698b8e-a1e4-9212-8890-133ba7073d46', 'f35a1ebf-94b4-c196-4fdb-5698a8e21330', 'product_170', 820.0, 1);
INSERT INTO order_items (order_id, product_id, product_name, product_price, quantity)
VALUES ('7b698b8e-a1e4-9212-8890-133ba7073d46', '0f7cfc79-3a3f-41ac-1aa4-b27431de9236', 'product_29', 620.0, 1);
INSERT INTO order_items (order_id, product_id, product_name, product_price, quantity)
VALUES ('7b698b8e-a1e4-9212-8890-133ba7073d46', 'ba729be8-36f6-fb9a-7e2c-4b99753cb652', 'product_217', 600.0, 1);
INSERT INTO order_items (order_id, product_id, product_name, product_price, quantity)
VALUES ('7b698b8e-a1e4-9212-8890-133ba7073d46', '5c3938ac-271e-5674-37aa-116c20435202', 'product_234', 370.0, 1);
INSERT INTO payments (order_id, venue_id, method, amount)
VALUES ('7b698b8e-a1e4-9212-8890-133ba7073d46', '00000000-0000-0000-0000-000000000010', 'card', 3050.0);
INSERT INTO orders (id, venue_id, number, status, total_amount, opened_at, closed_at, table_number)
VALUES ('002df983-3f1e-523f-b64f-5720e03e81b9', '00000000-0000-0000-0000-000000000010', '6843', 'paid', 1590.0, '2026-04-18 21:15:12', '2026-04-18 21:15:12', '8');
INSERT INTO order_items (order_id, product_id, product_name, product_price, quantity)
VALUES ('002df983-3f1e-523f-b64f-5720e03e81b9', 'a2b39819-292c-0b80-799d-c77d7020fc9d', 'product_34', 190.0, 1);
INSERT INTO order_items (order_id, product_id, product_name, product_price, quantity)
VALUES ('002df983-3f1e-523f-b64f-5720e03e81b9', '5c3938ac-271e-5674-37aa-116c20435202', 'product_234', 370.0, 1);
INSERT INTO order_items (order_id, product_id, product_name, product_price, quantity)
VALUES ('002df983-3f1e-523f-b64f-5720e03e81b9', '7a291d79-c795-0f76-118b-25d10a078238', 'product_191', 370.0, 1);
INSERT INTO order_items (order_id, product_id, product_name, product_price, quantity)
VALUES ('002df983-3f1e-523f-b64f-5720e03e81b9', '81b3193a-f1f9-6ba6-5630-5c911f0c4a69', 'product_48', 220.0, 3);
INSERT INTO payments (order_id, venue_id, method, amount)
VALUES ('002df983-3f1e-523f-b64f-5720e03e81b9', '00000000-0000-0000-0000-000000000010', 'card', 1590.0);
INSERT INTO orders (id, venue_id, number, status, total_amount, opened_at, closed_at, table_number)
VALUES ('c2a13db8-2341-2c6f-ab19-b2865ed15f68', '00000000-0000-0000-0000-000000000010', '6847', 'paid', 0.0, '2026-04-18 20:57:05', '2026-04-18 20:57:05', '9');
INSERT INTO order_items (order_id, product_id, product_name, product_price, quantity)
VALUES ('c2a13db8-2341-2c6f-ab19-b2865ed15f68', '1afe238c-a186-0e67-9e9d-d39b8c4abe8a', 'product_229', 0.0, 1);
INSERT INTO order_items (order_id, product_id, product_name, product_price, quantity)
VALUES ('c2a13db8-2341-2c6f-ab19-b2865ed15f68', '82c55340-bd07-2a9a-a6cc-6ce377f958f2', 'product_148', 0.0, 1);
INSERT INTO order_items (order_id, product_id, product_name, product_price, quantity)
VALUES ('c2a13db8-2341-2c6f-ab19-b2865ed15f68', '12dd0c72-4671-5cd8-b7da-98389426555c', 'product_228', 0.0, 1);
INSERT INTO orders (id, venue_id, number, status, total_amount, opened_at, closed_at, table_number)
VALUES ('c1a78b60-e5d0-cee6-b102-f7327f1a9eb7', '00000000-0000-0000-0000-000000000010', '6842', 'paid', 3150.0, '2026-04-18 19:52:09', '2026-04-18 19:52:09', '12');
INSERT INTO order_items (order_id, product_id, product_name, product_price, quantity)
VALUES ('c1a78b60-e5d0-cee6-b102-f7327f1a9eb7', '6e00b5a0-6b62-d942-73e4-86982bcae389', 'product_21', 1370.0, 1);
INSERT INTO order_items (order_id, product_id, product_name, product_price, quantity)
VALUES ('c1a78b60-e5d0-cee6-b102-f7327f1a9eb7', '3e9ef73d-3da6-3a82-456a-d27d4a1c4254', 'product_49', 220.0, 1);
INSERT INTO order_items (order_id, product_id, product_name, product_price, quantity)
VALUES ('c1a78b60-e5d0-cee6-b102-f7327f1a9eb7', 'c0fb869e-f434-07cb-f666-b9f7e55d4032', 'product_113', 770.0, 1);
INSERT INTO order_items (order_id, product_id, product_name, product_price, quantity)
VALUES ('c1a78b60-e5d0-cee6-b102-f7327f1a9eb7', 'ba729be8-36f6-fb9a-7e2c-4b99753cb652', 'product_217', 600.0, 1);
INSERT INTO order_items (order_id, product_id, product_name, product_price, quantity)
VALUES ('c1a78b60-e5d0-cee6-b102-f7327f1a9eb7', '260b99e2-59bd-a3dc-c313-434aff0daf54', 'product_144', 190.0, 1);
INSERT INTO payments (order_id, venue_id, method, amount)
VALUES ('c1a78b60-e5d0-cee6-b102-f7327f1a9eb7', '00000000-0000-0000-0000-000000000010', 'card', 3150.0);
INSERT INTO orders (id, venue_id, number, status, total_amount, opened_at, closed_at, table_number)
VALUES ('4eabc04c-a22e-0a8a-a315-fdd68ae0fd6b', '00000000-0000-0000-0000-000000000010', '6837', 'paid', 20140.0, '2026-04-18 18:25:34', '2026-04-18 18:25:34', '10');
INSERT INTO order_items (order_id, product_id, product_name, product_price, quantity)
VALUES ('4eabc04c-a22e-0a8a-a315-fdd68ae0fd6b', '7ddbed72-7deb-5ee4-0634-41d52192bad1', 'product_23', 1750.0, 2);
INSERT INTO order_items (order_id, product_id, product_name, product_price, quantity)
VALUES ('4eabc04c-a22e-0a8a-a315-fdd68ae0fd6b', '4cb15d99-ad0e-d256-a257-afdad4bf887e', 'product_110', 1750.0, 3);
INSERT INTO order_items (order_id, product_id, product_name, product_price, quantity)
VALUES ('4eabc04c-a22e-0a8a-a315-fdd68ae0fd6b', '89f7c252-16f5-61cd-3e79-006400fd853a', 'product_208', 1750.0, 1);
INSERT INTO order_items (order_id, product_id, product_name, product_price, quantity)
VALUES ('4eabc04c-a22e-0a8a-a315-fdd68ae0fd6b', 'c0fb869e-f434-07cb-f666-b9f7e55d4032', 'product_113', 770.0, 3);
INSERT INTO order_items (order_id, product_id, product_name, product_price, quantity)
VALUES ('4eabc04c-a22e-0a8a-a315-fdd68ae0fd6b', 'be5a3d23-0a5b-1ce3-2f38-ba9348e91024', 'product_207', 1750.0, 1);
INSERT INTO order_items (order_id, product_id, product_name, product_price, quantity)
VALUES ('4eabc04c-a22e-0a8a-a315-fdd68ae0fd6b', 'd158543d-e9dc-0b2a-7902-b665a39db719', 'product_126', 410.0, 3);
INSERT INTO order_items (order_id, product_id, product_name, product_price, quantity)
VALUES ('4eabc04c-a22e-0a8a-a315-fdd68ae0fd6b', '81b3193a-f1f9-6ba6-5630-5c911f0c4a69', 'product_48', 220.0, 4);
INSERT INTO order_items (order_id, product_id, product_name, product_price, quantity)
VALUES ('4eabc04c-a22e-0a8a-a315-fdd68ae0fd6b', '3b80474c-9414-a513-7578-5a4d84e49583', 'product_38', 370.0, 1);
INSERT INTO order_items (order_id, product_id, product_name, product_price, quantity)
VALUES ('4eabc04c-a22e-0a8a-a315-fdd68ae0fd6b', '5b7828a6-fad3-dc3f-06c7-979905efbff1', 'product_61', 350.0, 1);
INSERT INTO order_items (order_id, product_id, product_name, product_price, quantity)
VALUES ('4eabc04c-a22e-0a8a-a315-fdd68ae0fd6b', 'fdb6f575-fe3f-282e-93d0-1dad56530fa5', 'product_15', 640.0, 1);
INSERT INTO order_items (order_id, product_id, product_name, product_price, quantity)
VALUES ('4eabc04c-a22e-0a8a-a315-fdd68ae0fd6b', '0d07baf4-74fe-e6af-ddf9-5304e58f2192', 'product_221', 850.0, 1);
INSERT INTO order_items (order_id, product_id, product_name, product_price, quantity)
VALUES ('4eabc04c-a22e-0a8a-a315-fdd68ae0fd6b', '09d404dd-f87b-b319-4eda-9ce7c697868d', 'product_32', 370.0, 2);
INSERT INTO order_items (order_id, product_id, product_name, product_price, quantity)
VALUES ('4eabc04c-a22e-0a8a-a315-fdd68ae0fd6b', '9d00fee6-5b1a-acb8-1114-e668525ce1a6', 'product_200', 330.0, 1);
INSERT INTO order_items (order_id, product_id, product_name, product_price, quantity)
VALUES ('4eabc04c-a22e-0a8a-a315-fdd68ae0fd6b', '260b99e2-59bd-a3dc-c313-434aff0daf54', 'product_144', 190.0, 1);
INSERT INTO payments (order_id, venue_id, method, amount)
VALUES ('4eabc04c-a22e-0a8a-a315-fdd68ae0fd6b', '00000000-0000-0000-0000-000000000010', 'card', 20140.0);
INSERT INTO orders (id, venue_id, number, status, total_amount, opened_at, closed_at, table_number)
VALUES ('5850d233-471c-ae3d-950b-1e6a993dddf5', '00000000-0000-0000-0000-000000000010', '6828', 'paid', 29810.0, '2026-04-18 17:53:27', '2026-04-18 17:53:27', '7');
INSERT INTO order_items (order_id, product_id, product_name, product_price, quantity)
VALUES ('5850d233-471c-ae3d-950b-1e6a993dddf5', '4cb15d99-ad0e-d256-a257-afdad4bf887e', 'product_110', 1750.0, 2);
INSERT INTO order_items (order_id, product_id, product_name, product_price, quantity)
VALUES ('5850d233-471c-ae3d-950b-1e6a993dddf5', '7ddbed72-7deb-5ee4-0634-41d52192bad1', 'product_23', 1750.0, 3);
INSERT INTO order_items (order_id, product_id, product_name, product_price, quantity)
VALUES ('5850d233-471c-ae3d-950b-1e6a993dddf5', '6e00b5a0-6b62-d942-73e4-86982bcae389', 'product_21', 1370.0, 2);
INSERT INTO order_items (order_id, product_id, product_name, product_price, quantity)
VALUES ('5850d233-471c-ae3d-950b-1e6a993dddf5', 'badf5f45-b516-78fa-fbe7-ff32ed526953', 'product_226', 720.0, 4);
INSERT INTO order_items (order_id, product_id, product_name, product_price, quantity)
VALUES ('5850d233-471c-ae3d-950b-1e6a993dddf5', '5f05b996-99f5-dfcb-e4b9-79078ca1f540', 'product_100', 460.0, 3);
INSERT INTO order_items (order_id, product_id, product_name, product_price, quantity)
VALUES ('5850d233-471c-ae3d-950b-1e6a993dddf5', 'ba729be8-36f6-fb9a-7e2c-4b99753cb652', 'product_217', 600.0, 1);
INSERT INTO order_items (order_id, product_id, product_name, product_price, quantity)
VALUES ('5850d233-471c-ae3d-950b-1e6a993dddf5', '9a06fa1f-d2b5-1b6f-d6c5-37c2ffa3adfd', 'product_168', 640.0, 1);
INSERT INTO order_items (order_id, product_id, product_name, product_price, quantity)
VALUES ('5850d233-471c-ae3d-950b-1e6a993dddf5', 'fdb6f575-fe3f-282e-93d0-1dad56530fa5', 'product_15', 640.0, 1);
INSERT INTO order_items (order_id, product_id, product_name, product_price, quantity)
VALUES ('5850d233-471c-ae3d-950b-1e6a993dddf5', '951f4bf6-be55-0e75-59a9-7e580a0d07c4', 'product_14', 640.0, 3);
INSERT INTO order_items (order_id, product_id, product_name, product_price, quantity)
VALUES ('5850d233-471c-ae3d-950b-1e6a993dddf5', 'bd63cdca-84b0-4bda-520e-13725e4b4e60', 'product_33', 370.0, 2);
INSERT INTO order_items (order_id, product_id, product_name, product_price, quantity)
VALUES ('5850d233-471c-ae3d-950b-1e6a993dddf5', '88c713d7-09a9-d70c-f6d9-2b28eb664bd5', 'product_138', 430.0, 1);
INSERT INTO order_items (order_id, product_id, product_name, product_price, quantity)
VALUES ('5850d233-471c-ae3d-950b-1e6a993dddf5', '260b99e2-59bd-a3dc-c313-434aff0daf54', 'product_144', 190.0, 12);
INSERT INTO order_items (order_id, product_id, product_name, product_price, quantity)
VALUES ('5850d233-471c-ae3d-950b-1e6a993dddf5', '2334cdda-9fd8-40f0-0a18-b2cbad79aa33', 'product_225', 580.0, 1);
INSERT INTO order_items (order_id, product_id, product_name, product_price, quantity)
VALUES ('5850d233-471c-ae3d-950b-1e6a993dddf5', '7c7c305a-92ed-bc40-0bb5-1155fc4e313f', 'product_99', 220.0, 1);
INSERT INTO order_items (order_id, product_id, product_name, product_price, quantity)
VALUES ('5850d233-471c-ae3d-950b-1e6a993dddf5', 'bc75aa2b-4910-21bf-56ff-d9769b039d8e', 'product_47', 220.0, 2);
INSERT INTO order_items (order_id, product_id, product_name, product_price, quantity)
VALUES ('5850d233-471c-ae3d-950b-1e6a993dddf5', '86712b3a-562c-f614-e8fa-56c456824301', 'product_134', 500.0, 7);
INSERT INTO order_items (order_id, product_id, product_name, product_price, quantity)
VALUES ('5850d233-471c-ae3d-950b-1e6a993dddf5', '5c3938ac-271e-5674-37aa-116c20435202', 'product_234', 370.0, 1);
INSERT INTO order_items (order_id, product_id, product_name, product_price, quantity)
VALUES ('5850d233-471c-ae3d-950b-1e6a993dddf5', '09d404dd-f87b-b319-4eda-9ce7c697868d', 'product_32', 370.0, 1);
INSERT INTO order_items (order_id, product_id, product_name, product_price, quantity)
VALUES ('5850d233-471c-ae3d-950b-1e6a993dddf5', 'ce90a2e4-a08b-570d-aca7-50bb5d2d0ab2', 'product_112', 440.0, 2);
INSERT INTO order_items (order_id, product_id, product_name, product_price, quantity)
VALUES ('5850d233-471c-ae3d-950b-1e6a993dddf5', 'eed148a6-7f8f-38d6-85f9-602481bbc846', 'product_146', 130.0, 1);
INSERT INTO order_items (order_id, product_id, product_name, product_price, quantity)
VALUES ('5850d233-471c-ae3d-950b-1e6a993dddf5', '966437e8-b784-92e7-0afa-ff8bde6f1e53', 'product_145', 130.0, 1);
INSERT INTO order_items (order_id, product_id, product_name, product_price, quantity)
VALUES ('5850d233-471c-ae3d-950b-1e6a993dddf5', '0caff6fe-c574-8665-33ca-5f2cee71ebb2', 'product_35', 190.0, 1);
INSERT INTO payments (order_id, venue_id, method, amount)
VALUES ('5850d233-471c-ae3d-950b-1e6a993dddf5', '00000000-0000-0000-0000-000000000010', 'cash', 29810.0);
INSERT INTO orders (id, venue_id, number, status, total_amount, opened_at, closed_at, table_number)
VALUES ('dc7ac424-a4df-6e51-ed83-16728447c9ce', '00000000-0000-0000-0000-000000000010', '6840', 'paid', 0.0, '2026-04-18 17:32:56', '2026-04-18 17:32:56', '6');
INSERT INTO orders (id, venue_id, number, status, total_amount, opened_at, closed_at, table_number)
VALUES ('b0fb5321-9e77-96c6-056a-aed04ca20594', '00000000-0000-0000-0000-000000000010', '6841', 'paid', 230.0, '2026-04-18 17:17:40', '2026-04-18 17:17:40', '5');
INSERT INTO order_items (order_id, product_id, product_name, product_price, quantity)
VALUES ('b0fb5321-9e77-96c6-056a-aed04ca20594', '021231f4-e9fa-ecbb-5f2a-ad1321ca42ea', 'product_59', 230.0, 1);
INSERT INTO payments (order_id, venue_id, method, amount)
VALUES ('b0fb5321-9e77-96c6-056a-aed04ca20594', '00000000-0000-0000-0000-000000000010', 'card', 230.0);
INSERT INTO orders (id, venue_id, number, status, total_amount, opened_at, closed_at, table_number)
VALUES ('99b79260-3fa3-7bce-90a4-65eaf6e6421f', '00000000-0000-0000-0000-000000000010', '6620', 'paid', 1710.0, '2026-04-18 17:06:26', '2026-04-18 17:06:26', '5');
INSERT INTO order_items (order_id, product_id, product_name, product_price, quantity)
VALUES ('99b79260-3fa3-7bce-90a4-65eaf6e6421f', 'c0fb869e-f434-07cb-f666-b9f7e55d4032', 'product_113', 770.0, 1);
INSERT INTO order_items (order_id, product_id, product_name, product_price, quantity)
VALUES ('99b79260-3fa3-7bce-90a4-65eaf6e6421f', '7a291d79-c795-0f76-118b-25d10a078238', 'product_191', 370.0, 1);
INSERT INTO order_items (order_id, product_id, product_name, product_price, quantity)
VALUES ('99b79260-3fa3-7bce-90a4-65eaf6e6421f', 'e81dc667-2a7e-c5f0-b886-e7a3451b0fd2', 'product_219', 570.0, 1);
INSERT INTO payments (order_id, venue_id, method, amount)
VALUES ('99b79260-3fa3-7bce-90a4-65eaf6e6421f', '00000000-0000-0000-0000-000000000010', 'card', 1710.0);
INSERT INTO orders (id, venue_id, number, status, total_amount, opened_at, closed_at, table_number)
VALUES ('0ab2b396-36ec-3deb-54f4-d340b9427ec9', '00000000-0000-0000-0000-000000000010', '6838', 'paid', 2520.0, '2026-04-18 17:06:21', '2026-04-18 17:06:21', '5');
INSERT INTO order_items (order_id, product_id, product_name, product_price, quantity)
VALUES ('0ab2b396-36ec-3deb-54f4-d340b9427ec9', '0f7cfc79-3a3f-41ac-1aa4-b27431de9236', 'product_29', 620.0, 1);
INSERT INTO order_items (order_id, product_id, product_name, product_price, quantity)
VALUES ('0ab2b396-36ec-3deb-54f4-d340b9427ec9', '7b0b5f60-47be-c07e-9585-af9a20b6d773', 'product_9', 460.0, 1);
INSERT INTO order_items (order_id, product_id, product_name, product_price, quantity)
VALUES ('0ab2b396-36ec-3deb-54f4-d340b9427ec9', '7f688518-4003-c783-7333-b947a8856b49', 'product_28', 470.0, 1);
INSERT INTO order_items (order_id, product_id, product_name, product_price, quantity)
VALUES ('0ab2b396-36ec-3deb-54f4-d340b9427ec9', '260b99e2-59bd-a3dc-c313-434aff0daf54', 'product_144', 190.0, 2);
INSERT INTO order_items (order_id, product_id, product_name, product_price, quantity)
VALUES ('0ab2b396-36ec-3deb-54f4-d340b9427ec9', '4f5dfe3a-4ba6-edc6-1a39-a54a344ea46a', 'product_159', 220.0, 1);
INSERT INTO order_items (order_id, product_id, product_name, product_price, quantity)
VALUES ('0ab2b396-36ec-3deb-54f4-d340b9427ec9', '7a291d79-c795-0f76-118b-25d10a078238', 'product_191', 370.0, 1);
INSERT INTO payments (order_id, venue_id, method, amount)
VALUES ('0ab2b396-36ec-3deb-54f4-d340b9427ec9', '00000000-0000-0000-0000-000000000010', 'card', 2520.0);
INSERT INTO orders (id, venue_id, number, status, total_amount, opened_at, closed_at, table_number)
VALUES ('79cf8d7e-e1ee-3839-b804-041d0868cac0', '00000000-0000-0000-0000-000000000010', '6839', 'paid', 460.0, '2026-04-18 16:25:12', '2026-04-18 16:25:12', '14');
INSERT INTO order_items (order_id, product_id, product_name, product_price, quantity)
VALUES ('79cf8d7e-e1ee-3839-b804-041d0868cac0', '021231f4-e9fa-ecbb-5f2a-ad1321ca42ea', 'product_59', 230.0, 2);
INSERT INTO payments (order_id, venue_id, method, amount)
VALUES ('79cf8d7e-e1ee-3839-b804-041d0868cac0', '00000000-0000-0000-0000-000000000010', 'card', 460.0);
INSERT INTO orders (id, venue_id, number, status, total_amount, opened_at, closed_at, table_number)
VALUES ('31472919-bcc1-7235-dcdd-b6b851cb9a59', '00000000-0000-0000-0000-000000000010', '6836', 'paid', 2710.0, '2026-04-18 15:55:37', '2026-04-18 15:55:37', '6');
INSERT INTO order_items (order_id, product_id, product_name, product_price, quantity)
VALUES ('31472919-bcc1-7235-dcdd-b6b851cb9a59', '7b0b5f60-47be-c07e-9585-af9a20b6d773', 'product_9', 460.0, 1);
INSERT INTO order_items (order_id, product_id, product_name, product_price, quantity)
VALUES ('31472919-bcc1-7235-dcdd-b6b851cb9a59', '0f7cfc79-3a3f-41ac-1aa4-b27431de9236', 'product_29', 620.0, 1);
INSERT INTO order_items (order_id, product_id, product_name, product_price, quantity)
VALUES ('31472919-bcc1-7235-dcdd-b6b851cb9a59', '0caff6fe-c574-8665-33ca-5f2cee71ebb2', 'product_35', 190.0, 1);
INSERT INTO order_items (order_id, product_id, product_name, product_price, quantity)
VALUES ('31472919-bcc1-7235-dcdd-b6b851cb9a59', 'badf5f45-b516-78fa-fbe7-ff32ed526953', 'product_226', 720.0, 2);
INSERT INTO payments (order_id, venue_id, method, amount)
VALUES ('31472919-bcc1-7235-dcdd-b6b851cb9a59', '00000000-0000-0000-0000-000000000010', 'card', 2710.0);
INSERT INTO orders (id, venue_id, number, status, total_amount, opened_at, closed_at, table_number)
VALUES ('4ef1d6c7-2fc5-f9f8-f546-d8646bdbec9f', '00000000-0000-0000-0000-000000000010', '6833', 'paid', 2940.0, '2026-04-18 15:04:10', '2026-04-18 15:04:10', '2');
INSERT INTO order_items (order_id, product_id, product_name, product_price, quantity)
VALUES ('4ef1d6c7-2fc5-f9f8-f546-d8646bdbec9f', '0f7cfc79-3a3f-41ac-1aa4-b27431de9236', 'product_29', 620.0, 3);
INSERT INTO order_items (order_id, product_id, product_name, product_price, quantity)
VALUES ('4ef1d6c7-2fc5-f9f8-f546-d8646bdbec9f', 'eaa4a05e-8cb8-7629-ddfb-e23226f1c2ee', 'product_127', 300.0, 1);
INSERT INTO order_items (order_id, product_id, product_name, product_price, quantity)
VALUES ('4ef1d6c7-2fc5-f9f8-f546-d8646bdbec9f', 'f35ae6ee-40da-7479-c64b-612bff507023', 'product_31', 370.0, 1);
INSERT INTO order_items (order_id, product_id, product_name, product_price, quantity)
VALUES ('4ef1d6c7-2fc5-f9f8-f546-d8646bdbec9f', 'd158543d-e9dc-0b2a-7902-b665a39db719', 'product_126', 410.0, 1);
INSERT INTO payments (order_id, venue_id, method, amount)
VALUES ('4ef1d6c7-2fc5-f9f8-f546-d8646bdbec9f', '00000000-0000-0000-0000-000000000010', 'card', 2940.0);
INSERT INTO orders (id, venue_id, number, status, total_amount, opened_at, closed_at, table_number)
VALUES ('f6f0ddd0-e06a-d4bf-9f89-474862d3869f', '00000000-0000-0000-0000-000000000010', '6835', 'paid', 0.0, '2026-04-18 14:35:36', '2026-04-18 14:35:36', '5');
INSERT INTO orders (id, venue_id, number, status, total_amount, opened_at, closed_at, table_number)
VALUES ('d5db9d4c-9328-b44a-fe13-40d001916731', '00000000-0000-0000-0000-000000000010', '6834', 'paid', 0.0, '2026-04-18 13:56:25', '2026-04-18 13:56:25', '10');
INSERT INTO orders (id, venue_id, number, status, total_amount, opened_at, closed_at, table_number)
VALUES ('c2242840-7a47-d4e1-7389-7de5847eb2e9', '00000000-0000-0000-0000-000000000010', '6831', 'paid', 2670.0, '2026-04-18 13:48:50', '2026-04-18 13:48:50', '11');
INSERT INTO order_items (order_id, product_id, product_name, product_price, quantity)
VALUES ('c2242840-7a47-d4e1-7389-7de5847eb2e9', '7b0b5f60-47be-c07e-9585-af9a20b6d773', 'product_9', 460.0, 1);
INSERT INTO order_items (order_id, product_id, product_name, product_price, quantity)
VALUES ('c2242840-7a47-d4e1-7389-7de5847eb2e9', '2836be19-8d27-0aa1-68ed-3bbc6cf94fb8', 'product_13', 270.0, 3);
INSERT INTO order_items (order_id, product_id, product_name, product_price, quantity)
VALUES ('c2242840-7a47-d4e1-7389-7de5847eb2e9', '38432f7f-ba41-eaa0-7e46-d791008e4b02', 'product_6', 510.0, 2);
INSERT INTO order_items (order_id, product_id, product_name, product_price, quantity)
VALUES ('c2242840-7a47-d4e1-7389-7de5847eb2e9', 'a2b39819-292c-0b80-799d-c77d7020fc9d', 'product_34', 190.0, 2);
INSERT INTO orders (id, venue_id, number, status, total_amount, opened_at, closed_at, table_number)
VALUES ('b157edb9-b3e7-e7f9-94ea-50601f53d56c', '00000000-0000-0000-0000-000000000010', '6832', 'paid', 510.0, '2026-04-18 13:48:36', '2026-04-18 13:48:36', '3');
INSERT INTO order_items (order_id, product_id, product_name, product_price, quantity)
VALUES ('b157edb9-b3e7-e7f9-94ea-50601f53d56c', '021231f4-e9fa-ecbb-5f2a-ad1321ca42ea', 'product_59', 230.0, 1);
INSERT INTO order_items (order_id, product_id, product_name, product_price, quantity)
VALUES ('b157edb9-b3e7-e7f9-94ea-50601f53d56c', 'd46f67a1-e1dd-e079-0b5c-329f6422c4d4', 'product_60', 280.0, 1);
INSERT INTO orders (id, venue_id, number, status, total_amount, opened_at, closed_at, table_number)
VALUES ('7951de21-b5d6-b0fd-4d14-039d2ecdf2f8', '00000000-0000-0000-0000-000000000010', '6824', 'paid', 1310.0, '2026-04-18 12:00:51', '2026-04-18 12:00:51', '12');
INSERT INTO order_items (order_id, product_id, product_name, product_price, quantity)
VALUES ('7951de21-b5d6-b0fd-4d14-039d2ecdf2f8', 'b9bdca4d-a423-6c36-2351-10cf52ff0eec', 'product_230', 0.0, 1);
INSERT INTO order_items (order_id, product_id, product_name, product_price, quantity)
VALUES ('7951de21-b5d6-b0fd-4d14-039d2ecdf2f8', '8d266d35-f6a4-b267-e097-564510f7f857', 'product_12', 270.0, 1);
INSERT INTO order_items (order_id, product_id, product_name, product_price, quantity)
VALUES ('7951de21-b5d6-b0fd-4d14-039d2ecdf2f8', '021231f4-e9fa-ecbb-5f2a-ad1321ca42ea', 'product_59', 230.0, 1);
INSERT INTO order_items (order_id, product_id, product_name, product_price, quantity)
VALUES ('7951de21-b5d6-b0fd-4d14-039d2ecdf2f8', '0caff6fe-c574-8665-33ca-5f2cee71ebb2', 'product_35', 190.0, 1);
INSERT INTO order_items (order_id, product_id, product_name, product_price, quantity)
VALUES ('7951de21-b5d6-b0fd-4d14-039d2ecdf2f8', '2836be19-8d27-0aa1-68ed-3bbc6cf94fb8', 'product_13', 270.0, 1);
INSERT INTO order_items (order_id, product_id, product_name, product_price, quantity)
VALUES ('7951de21-b5d6-b0fd-4d14-039d2ecdf2f8', '94d2bddc-c99f-2985-f8eb-9d8a4a995ad3', 'product_10', 300.0, 1);
INSERT INTO order_items (order_id, product_id, product_name, product_price, quantity)
VALUES ('7951de21-b5d6-b0fd-4d14-039d2ecdf2f8', 'ba6fbcf2-1f2b-909a-e5f9-b9c5fe635c92', 'product_187', 50.0, 1);
INSERT INTO payments (order_id, venue_id, method, amount)
VALUES ('7951de21-b5d6-b0fd-4d14-039d2ecdf2f8', '00000000-0000-0000-0000-000000000010', 'card', 620.0);
INSERT INTO orders (id, venue_id, number, status, total_amount, opened_at, closed_at, table_number)
VALUES ('a92c4d71-8792-0a88-34f7-5d2f737af05d', '00000000-0000-0000-0000-000000000010', '6826', 'paid', 1520.0, '2026-04-18 12:00:47', '2026-04-18 12:00:47', '12');
INSERT INTO order_items (order_id, product_id, product_name, product_price, quantity)
VALUES ('a92c4d71-8792-0a88-34f7-5d2f737af05d', 'ec61223f-a380-dd08-f9eb-461b3c2f80e6', 'product_163', 120.0, 1);
INSERT INTO order_items (order_id, product_id, product_name, product_price, quantity)
VALUES ('a92c4d71-8792-0a88-34f7-5d2f737af05d', '94d2bddc-c99f-2985-f8eb-9d8a4a995ad3', 'product_10', 300.0, 1);
INSERT INTO order_items (order_id, product_id, product_name, product_price, quantity)
VALUES ('a92c4d71-8792-0a88-34f7-5d2f737af05d', '021231f4-e9fa-ecbb-5f2a-ad1321ca42ea', 'product_59', 230.0, 1);
INSERT INTO order_items (order_id, product_id, product_name, product_price, quantity)
VALUES ('a92c4d71-8792-0a88-34f7-5d2f737af05d', 'd46f67a1-e1dd-e079-0b5c-329f6422c4d4', 'product_60', 280.0, 1);
INSERT INTO order_items (order_id, product_id, product_name, product_price, quantity)
VALUES ('a92c4d71-8792-0a88-34f7-5d2f737af05d', '8d266d35-f6a4-b267-e097-564510f7f857', 'product_12', 270.0, 1);
INSERT INTO order_items (order_id, product_id, product_name, product_price, quantity)
VALUES ('a92c4d71-8792-0a88-34f7-5d2f737af05d', '58e4c43b-44e0-70ce-99e7-6b0093966f41', 'product_176', 320.0, 1);
INSERT INTO payments (order_id, venue_id, method, amount)
VALUES ('a92c4d71-8792-0a88-34f7-5d2f737af05d', '00000000-0000-0000-0000-000000000010', 'card', 440.0);
INSERT INTO orders (id, venue_id, number, status, total_amount, opened_at, closed_at, table_number)
VALUES ('2b147786-e039-e4a7-0a62-401b79a98506', '00000000-0000-0000-0000-000000000010', '6830', 'paid', 3330.0, '2026-04-17 22:50:25', '2026-04-17 22:50:25', '9');
INSERT INTO order_items (order_id, product_id, product_name, product_price, quantity)
VALUES ('2b147786-e039-e4a7-0a62-401b79a98506', '1aa7f6ca-bf7a-15df-5273-b94f915b5aee', 'product_90', 370.0, 9);
INSERT INTO payments (order_id, venue_id, method, amount)
VALUES ('2b147786-e039-e4a7-0a62-401b79a98506', '00000000-0000-0000-0000-000000000010', 'cash', 3330.0);
INSERT INTO orders (id, venue_id, number, status, total_amount, opened_at, closed_at, table_number)
VALUES ('6b0259a6-0876-f4ca-0e93-0ae961bf44eb', '00000000-0000-0000-0000-000000000010', '6829', 'paid', 0.0, '2026-04-17 22:26:51', '2026-04-17 22:26:51', '9');
INSERT INTO order_items (order_id, product_id, product_name, product_price, quantity)
VALUES ('6b0259a6-0876-f4ca-0e93-0ae961bf44eb', '1afe238c-a186-0e67-9e9d-d39b8c4abe8a', 'product_229', 0.0, 1);
INSERT INTO order_items (order_id, product_id, product_name, product_price, quantity)
VALUES ('6b0259a6-0876-f4ca-0e93-0ae961bf44eb', '82c55340-bd07-2a9a-a6cc-6ce377f958f2', 'product_148', 0.0, 1);
INSERT INTO order_items (order_id, product_id, product_name, product_price, quantity)
VALUES ('6b0259a6-0876-f4ca-0e93-0ae961bf44eb', '12dd0c72-4671-5cd8-b7da-98389426555c', 'product_228', 0.0, 1);
INSERT INTO orders (id, venue_id, number, status, total_amount, opened_at, closed_at, table_number)
VALUES ('baea0b13-01aa-419d-50c5-c3f46f0c155d', '00000000-0000-0000-0000-000000000010', '6827', 'paid', 460.0, '2026-04-17 22:22:05', '2026-04-17 22:22:05', '10');
INSERT INTO order_items (order_id, product_id, product_name, product_price, quantity)
VALUES ('baea0b13-01aa-419d-50c5-c3f46f0c155d', '021231f4-e9fa-ecbb-5f2a-ad1321ca42ea', 'product_59', 230.0, 2);
INSERT INTO orders (id, venue_id, number, status, total_amount, opened_at, closed_at, table_number)
VALUES ('45bf142d-d5ba-0a72-5739-0f51ee27b39c', '00000000-0000-0000-0000-000000000010', '6823', 'paid', 0.0, '2026-04-16 22:41:11', '2026-04-16 22:41:11', '9');
INSERT INTO order_items (order_id, product_id, product_name, product_price, quantity)
VALUES ('45bf142d-d5ba-0a72-5739-0f51ee27b39c', '82c55340-bd07-2a9a-a6cc-6ce377f958f2', 'product_148', 0.0, 1);
INSERT INTO order_items (order_id, product_id, product_name, product_price, quantity)
VALUES ('45bf142d-d5ba-0a72-5739-0f51ee27b39c', '82c55340-bd07-2a9a-a6cc-6ce377f958f2', 'product_148', 0.0, 1);
INSERT INTO order_items (order_id, product_id, product_name, product_price, quantity)
VALUES ('45bf142d-d5ba-0a72-5739-0f51ee27b39c', '12dd0c72-4671-5cd8-b7da-98389426555c', 'product_228', 0.0, 1);
INSERT INTO order_items (order_id, product_id, product_name, product_price, quantity)
VALUES ('45bf142d-d5ba-0a72-5739-0f51ee27b39c', '82c55340-bd07-2a9a-a6cc-6ce377f958f2', 'product_148', 0.0, 1);
INSERT INTO orders (id, venue_id, number, status, total_amount, opened_at, closed_at, table_number)
VALUES ('d6744bd5-dec9-8b48-9075-6c180a9962a0', '00000000-0000-0000-0000-000000000010', '6825', 'paid', 370.0, '2026-04-16 17:24:14', '2026-04-16 17:24:14', '1');
INSERT INTO order_items (order_id, product_id, product_name, product_price, quantity)
VALUES ('d6744bd5-dec9-8b48-9075-6c180a9962a0', '5c3938ac-271e-5674-37aa-116c20435202', 'product_234', 370.0, 1);
INSERT INTO payments (order_id, venue_id, method, amount)
VALUES ('d6744bd5-dec9-8b48-9075-6c180a9962a0', '00000000-0000-0000-0000-000000000010', 'card', 370.0);
INSERT INTO orders (id, venue_id, number, status, total_amount, opened_at, closed_at, table_number)
VALUES ('a7ec8fe6-b80e-cba5-ec32-6e277f94e99b', '00000000-0000-0000-0000-000000000010', '6822', 'paid', 1200.0, '2026-04-16 14:15:34', '2026-04-16 14:15:34', '10');
INSERT INTO order_items (order_id, product_id, product_name, product_price, quantity)
VALUES ('a7ec8fe6-b80e-cba5-ec32-6e277f94e99b', '2836be19-8d27-0aa1-68ed-3bbc6cf94fb8', 'product_13', 270.0, 1);
INSERT INTO order_items (order_id, product_id, product_name, product_price, quantity)
VALUES ('a7ec8fe6-b80e-cba5-ec32-6e277f94e99b', '38432f7f-ba41-eaa0-7e46-d791008e4b02', 'product_6', 510.0, 1);
INSERT INTO order_items (order_id, product_id, product_name, product_price, quantity)
VALUES ('a7ec8fe6-b80e-cba5-ec32-6e277f94e99b', '021231f4-e9fa-ecbb-5f2a-ad1321ca42ea', 'product_59', 230.0, 1);
INSERT INTO order_items (order_id, product_id, product_name, product_price, quantity)
VALUES ('a7ec8fe6-b80e-cba5-ec32-6e277f94e99b', '0caff6fe-c574-8665-33ca-5f2cee71ebb2', 'product_35', 190.0, 1);
INSERT INTO orders (id, venue_id, number, status, total_amount, opened_at, closed_at, table_number)
VALUES ('71bd4669-dd21-7e61-f75e-ddacc5fcd597', '00000000-0000-0000-0000-000000000010', '6820', 'paid', 0.0, '2026-04-16 09:52:13', '2026-04-16 09:52:13', '9');
INSERT INTO order_items (order_id, product_id, product_name, product_price, quantity)
VALUES ('71bd4669-dd21-7e61-f75e-ddacc5fcd597', '82c55340-bd07-2a9a-a6cc-6ce377f958f2', 'product_148', 0.0, 1);
INSERT INTO order_items (order_id, product_id, product_name, product_price, quantity)
VALUES ('71bd4669-dd21-7e61-f75e-ddacc5fcd597', '12dd0c72-4671-5cd8-b7da-98389426555c', 'product_228', 0.0, 1);
INSERT INTO order_items (order_id, product_id, product_name, product_price, quantity)
VALUES ('71bd4669-dd21-7e61-f75e-ddacc5fcd597', '82c55340-bd07-2a9a-a6cc-6ce377f958f2', 'product_148', 0.0, 1);
INSERT INTO orders (id, venue_id, number, status, total_amount, opened_at, closed_at, table_number)
VALUES ('b48fff44-ae88-c361-3bea-a818bc642f5b', '00000000-0000-0000-0000-000000000010', '6821', 'paid', 2520.0, '2026-04-15 22:10:02', '2026-04-15 22:10:02', '8');
INSERT INTO order_items (order_id, product_id, product_name, product_price, quantity)
VALUES ('b48fff44-ae88-c361-3bea-a818bc642f5b', '1d55740b-7a2f-ce7c-d33a-454fb2de27dc', 'product_155', 420.0, 6);
INSERT INTO payments (order_id, venue_id, method, amount)
VALUES ('b48fff44-ae88-c361-3bea-a818bc642f5b', '00000000-0000-0000-0000-000000000010', 'card', 2520.0);
INSERT INTO orders (id, venue_id, number, status, total_amount, opened_at, closed_at, table_number)
VALUES ('0fca8572-18b9-fe6a-1120-959dbda9a6d0', '00000000-0000-0000-0000-000000000010', '6819', 'paid', 3390.0, '2026-04-15 22:05:28', '2026-04-15 22:05:28', '8');
INSERT INTO order_items (order_id, product_id, product_name, product_price, quantity)
VALUES ('0fca8572-18b9-fe6a-1120-959dbda9a6d0', 'b627abd9-fb00-28f4-a09b-09fcb24019c0', 'product_132', 150.0, 14);
INSERT INTO order_items (order_id, product_id, product_name, product_price, quantity)
VALUES ('0fca8572-18b9-fe6a-1120-959dbda9a6d0', 'c6df6494-4f53-4174-6660-06fb0dc02db5', 'product_199', 430.0, 2);
INSERT INTO order_items (order_id, product_id, product_name, product_price, quantity)
VALUES ('0fca8572-18b9-fe6a-1120-959dbda9a6d0', '6599a59a-6cf7-70c9-0971-07a0078ce7cf', 'product_128', 380.0, 1);
INSERT INTO order_items (order_id, product_id, product_name, product_price, quantity)
VALUES ('0fca8572-18b9-fe6a-1120-959dbda9a6d0', 'ba6fbcf2-1f2b-909a-e5f9-b9c5fe635c92', 'product_187', 50.0, 1);
INSERT INTO payments (order_id, venue_id, method, amount)
VALUES ('0fca8572-18b9-fe6a-1120-959dbda9a6d0', '00000000-0000-0000-0000-000000000010', 'card', 3390.0);
INSERT INTO orders (id, venue_id, number, status, total_amount, opened_at, closed_at, table_number)
VALUES ('1d48257d-5869-63f2-f886-3d40f8459631', '00000000-0000-0000-0000-000000000010', '6818', 'paid', 3200.0, '2026-04-15 21:38:34', '2026-04-15 21:38:34', '1');
INSERT INTO order_items (order_id, product_id, product_name, product_price, quantity)
VALUES ('1d48257d-5869-63f2-f886-3d40f8459631', '7ddbed72-7deb-5ee4-0634-41d52192bad1', 'product_23', 1750.0, 1);
INSERT INTO order_items (order_id, product_id, product_name, product_price, quantity)
VALUES ('1d48257d-5869-63f2-f886-3d40f8459631', '9a06fa1f-d2b5-1b6f-d6c5-37c2ffa3adfd', 'product_168', 640.0, 1);
INSERT INTO order_items (order_id, product_id, product_name, product_price, quantity)
VALUES ('1d48257d-5869-63f2-f886-3d40f8459631', '0f7cfc79-3a3f-41ac-1aa4-b27431de9236', 'product_29', 620.0, 1);
INSERT INTO order_items (order_id, product_id, product_name, product_price, quantity)
VALUES ('1d48257d-5869-63f2-f886-3d40f8459631', 'a2b39819-292c-0b80-799d-c77d7020fc9d', 'product_34', 190.0, 1);
INSERT INTO payments (order_id, venue_id, method, amount)
VALUES ('1d48257d-5869-63f2-f886-3d40f8459631', '00000000-0000-0000-0000-000000000010', 'card', 3200.0);
INSERT INTO orders (id, venue_id, number, status, total_amount, opened_at, closed_at, table_number)
VALUES ('92993dec-01e9-5ba8-2b03-9e5902cf624e', '00000000-0000-0000-0000-000000000010', '6817', 'paid', 2800.0, '2026-04-15 21:22:35', '2026-04-15 21:22:35', '7');
INSERT INTO order_items (order_id, product_id, product_name, product_price, quantity)
VALUES ('92993dec-01e9-5ba8-2b03-9e5902cf624e', '6e00b5a0-6b62-d942-73e4-86982bcae389', 'product_21', 1370.0, 1);
INSERT INTO order_items (order_id, product_id, product_name, product_price, quantity)
VALUES ('92993dec-01e9-5ba8-2b03-9e5902cf624e', '951f4bf6-be55-0e75-59a9-7e580a0d07c4', 'product_14', 640.0, 1);
INSERT INTO order_items (order_id, product_id, product_name, product_price, quantity)
VALUES ('92993dec-01e9-5ba8-2b03-9e5902cf624e', '09d9bcce-e54b-d518-c5bf-1c5d4b683d38', 'product_50', 200.0, 1);
INSERT INTO order_items (order_id, product_id, product_name, product_price, quantity)
VALUES ('92993dec-01e9-5ba8-2b03-9e5902cf624e', '09d404dd-f87b-b319-4eda-9ce7c697868d', 'product_32', 370.0, 1);
INSERT INTO order_items (order_id, product_id, product_name, product_price, quantity)
VALUES ('92993dec-01e9-5ba8-2b03-9e5902cf624e', '7c7c305a-92ed-bc40-0bb5-1155fc4e313f', 'product_99', 220.0, 1);
INSERT INTO payments (order_id, venue_id, method, amount)
VALUES ('92993dec-01e9-5ba8-2b03-9e5902cf624e', '00000000-0000-0000-0000-000000000010', 'card', 2800.0);
INSERT INTO orders (id, venue_id, number, status, total_amount, opened_at, closed_at, table_number)
VALUES ('3623e3a2-4064-48c2-30c4-82a72420b555', '00000000-0000-0000-0000-000000000010', '6815', 'paid', 340.0, '2026-04-15 19:49:06', '2026-04-15 19:49:06', '10');
INSERT INTO order_items (order_id, product_id, product_name, product_price, quantity)
VALUES ('3623e3a2-4064-48c2-30c4-82a72420b555', 'ec61223f-a380-dd08-f9eb-461b3c2f80e6', 'product_163', 120.0, 1);
INSERT INTO order_items (order_id, product_id, product_name, product_price, quantity)
VALUES ('3623e3a2-4064-48c2-30c4-82a72420b555', '81b3193a-f1f9-6ba6-5630-5c911f0c4a69', 'product_48', 220.0, 1);
INSERT INTO payments (order_id, venue_id, method, amount)
VALUES ('3623e3a2-4064-48c2-30c4-82a72420b555', '00000000-0000-0000-0000-000000000010', 'card', 340.0);
INSERT INTO orders (id, venue_id, number, status, total_amount, opened_at, closed_at, table_number)
VALUES ('9ad7339f-5da2-2602-194b-be7a88ebd723', '00000000-0000-0000-0000-000000000010', '6816', 'paid', 560.0, '2026-04-15 19:29:47', '2026-04-15 19:29:47', '1');
INSERT INTO order_items (order_id, product_id, product_name, product_price, quantity)
VALUES ('9ad7339f-5da2-2602-194b-be7a88ebd723', 'd46f67a1-e1dd-e079-0b5c-329f6422c4d4', 'product_60', 280.0, 2);
INSERT INTO payments (order_id, venue_id, method, amount)
VALUES ('9ad7339f-5da2-2602-194b-be7a88ebd723', '00000000-0000-0000-0000-000000000010', 'card', 560.0);
INSERT INTO orders (id, venue_id, number, status, total_amount, opened_at, closed_at, table_number)
VALUES ('960e5f19-0b3e-fd44-62e0-d7f3aaa0d6be', '00000000-0000-0000-0000-000000000010', '6814', 'paid', 420.0, '2026-04-15 18:24:04', '2026-04-15 18:24:04', '1');
INSERT INTO order_items (order_id, product_id, product_name, product_price, quantity)
VALUES ('960e5f19-0b3e-fd44-62e0-d7f3aaa0d6be', '0caff6fe-c574-8665-33ca-5f2cee71ebb2', 'product_35', 190.0, 1);
INSERT INTO order_items (order_id, product_id, product_name, product_price, quantity)
VALUES ('960e5f19-0b3e-fd44-62e0-d7f3aaa0d6be', '021231f4-e9fa-ecbb-5f2a-ad1321ca42ea', 'product_59', 230.0, 1);
INSERT INTO payments (order_id, venue_id, method, amount)
VALUES ('960e5f19-0b3e-fd44-62e0-d7f3aaa0d6be', '00000000-0000-0000-0000-000000000010', 'card', 420.0);
INSERT INTO orders (id, venue_id, number, status, total_amount, opened_at, closed_at, table_number)
VALUES ('97c61400-6d6f-db32-d05f-c896856a47d2', '00000000-0000-0000-0000-000000000010', '6813', 'paid', 230.0, '2026-04-15 16:16:01', '2026-04-15 16:16:01', '10');
INSERT INTO order_items (order_id, product_id, product_name, product_price, quantity)
VALUES ('97c61400-6d6f-db32-d05f-c896856a47d2', '021231f4-e9fa-ecbb-5f2a-ad1321ca42ea', 'product_59', 230.0, 1);
INSERT INTO payments (order_id, venue_id, method, amount)
VALUES ('97c61400-6d6f-db32-d05f-c896856a47d2', '00000000-0000-0000-0000-000000000010', 'card', 230.0);
INSERT INTO orders (id, venue_id, number, status, total_amount, opened_at, closed_at, table_number)
VALUES ('3de0de80-3fa2-f22a-b44c-2fe0ea6b94cf', '00000000-0000-0000-0000-000000000010', '6812', 'paid', 2750.0, '2026-04-14 17:56:05', '2026-04-14 17:56:05', '2');
INSERT INTO order_items (order_id, product_id, product_name, product_price, quantity)
VALUES ('3de0de80-3fa2-f22a-b44c-2fe0ea6b94cf', '1a9038b5-12c1-4b41-756a-ce6d8bb0fac8', 'product_114', 670.0, 2);
INSERT INTO order_items (order_id, product_id, product_name, product_price, quantity)
VALUES ('3de0de80-3fa2-f22a-b44c-2fe0ea6b94cf', '0caff6fe-c574-8665-33ca-5f2cee71ebb2', 'product_35', 190.0, 1);
INSERT INTO order_items (order_id, product_id, product_name, product_price, quantity)
VALUES ('3de0de80-3fa2-f22a-b44c-2fe0ea6b94cf', '5f05b996-99f5-dfcb-e4b9-79078ca1f540', 'product_100', 460.0, 1);
INSERT INTO order_items (order_id, product_id, product_name, product_price, quantity)
VALUES ('3de0de80-3fa2-f22a-b44c-2fe0ea6b94cf', '260b99e2-59bd-a3dc-c313-434aff0daf54', 'product_144', 190.0, 1);
INSERT INTO order_items (order_id, product_id, product_name, product_price, quantity)
VALUES ('3de0de80-3fa2-f22a-b44c-2fe0ea6b94cf', '966437e8-b784-92e7-0afa-ff8bde6f1e53', 'product_145', 130.0, 1);
INSERT INTO order_items (order_id, product_id, product_name, product_price, quantity)
VALUES ('3de0de80-3fa2-f22a-b44c-2fe0ea6b94cf', '81b3193a-f1f9-6ba6-5630-5c911f0c4a69', 'product_48', 220.0, 2);
INSERT INTO payments (order_id, venue_id, method, amount)
VALUES ('3de0de80-3fa2-f22a-b44c-2fe0ea6b94cf', '00000000-0000-0000-0000-000000000010', 'card', 2750.0);
INSERT INTO orders (id, venue_id, number, status, total_amount, opened_at, closed_at, table_number)
VALUES ('715ad5db-838c-8373-68e3-69caf958580f', '00000000-0000-0000-0000-000000000010', '6811', 'paid', 2880.0, '2026-04-14 15:30:30', '2026-04-14 15:30:30', '6');
INSERT INTO order_items (order_id, product_id, product_name, product_price, quantity)
VALUES ('715ad5db-838c-8373-68e3-69caf958580f', 'badf5f45-b516-78fa-fbe7-ff32ed526953', 'product_226', 720.0, 2);
INSERT INTO order_items (order_id, product_id, product_name, product_price, quantity)
VALUES ('715ad5db-838c-8373-68e3-69caf958580f', 'c0fb869e-f434-07cb-f666-b9f7e55d4032', 'product_113', 770.0, 1);
INSERT INTO order_items (order_id, product_id, product_name, product_price, quantity)
VALUES ('715ad5db-838c-8373-68e3-69caf958580f', '1a9038b5-12c1-4b41-756a-ce6d8bb0fac8', 'product_114', 670.0, 1);
INSERT INTO payments (order_id, venue_id, method, amount)
VALUES ('715ad5db-838c-8373-68e3-69caf958580f', '00000000-0000-0000-0000-000000000010', 'card', 2880.0);
INSERT INTO orders (id, venue_id, number, status, total_amount, opened_at, closed_at, table_number)
VALUES ('9ad41f8f-1b25-7d5e-1458-0299fec3637b', '00000000-0000-0000-0000-000000000010', '6810', 'paid', 0.0, '2026-04-14 10:36:43', '2026-04-14 10:36:43', '9');
INSERT INTO order_items (order_id, product_id, product_name, product_price, quantity)
VALUES ('9ad41f8f-1b25-7d5e-1458-0299fec3637b', '1afe238c-a186-0e67-9e9d-d39b8c4abe8a', 'product_229', 0.0, 1);
INSERT INTO order_items (order_id, product_id, product_name, product_price, quantity)
VALUES ('9ad41f8f-1b25-7d5e-1458-0299fec3637b', '82c55340-bd07-2a9a-a6cc-6ce377f958f2', 'product_148', 0.0, 1);
INSERT INTO orders (id, venue_id, number, status, total_amount, opened_at, closed_at, table_number)
VALUES ('a72c8b16-65ad-11a4-ce41-dfc44ec416ce', '00000000-0000-0000-0000-000000000010', '6809', 'paid', 130.0, '2026-04-13 21:12:57', '2026-04-13 21:12:57', '14');
INSERT INTO order_items (order_id, product_id, product_name, product_price, quantity)
VALUES ('a72c8b16-65ad-11a4-ce41-dfc44ec416ce', '966437e8-b784-92e7-0afa-ff8bde6f1e53', 'product_145', 130.0, 1);
INSERT INTO payments (order_id, venue_id, method, amount)
VALUES ('a72c8b16-65ad-11a4-ce41-dfc44ec416ce', '00000000-0000-0000-0000-000000000010', 'card', 130.0);
INSERT INTO orders (id, venue_id, number, status, total_amount, opened_at, closed_at, table_number)
VALUES ('5adc9123-32fb-7762-a431-46637ea1ef1c', '00000000-0000-0000-0000-000000000010', '6808', 'paid', 590.0, '2026-04-13 21:06:36', '2026-04-13 21:06:36', '1');
INSERT INTO order_items (order_id, product_id, product_name, product_price, quantity)
VALUES ('5adc9123-32fb-7762-a431-46637ea1ef1c', '81b3193a-f1f9-6ba6-5630-5c911f0c4a69', 'product_48', 220.0, 1);
INSERT INTO order_items (order_id, product_id, product_name, product_price, quantity)
VALUES ('5adc9123-32fb-7762-a431-46637ea1ef1c', '5c3938ac-271e-5674-37aa-116c20435202', 'product_234', 370.0, 1);
INSERT INTO payments (order_id, venue_id, method, amount)
VALUES ('5adc9123-32fb-7762-a431-46637ea1ef1c', '00000000-0000-0000-0000-000000000010', 'card', 590.0);
INSERT INTO orders (id, venue_id, number, status, total_amount, opened_at, closed_at, table_number)
VALUES ('1ca211e1-66b8-d62d-6788-03565380ba7c', '00000000-0000-0000-0000-000000000010', '6807', 'paid', 1370.0, '2026-04-13 20:29:43', '2026-04-13 20:29:43', '14');
INSERT INTO order_items (order_id, product_id, product_name, product_price, quantity)
VALUES ('1ca211e1-66b8-d62d-6788-03565380ba7c', '0f7cfc79-3a3f-41ac-1aa4-b27431de9236', 'product_29', 620.0, 2);
INSERT INTO order_items (order_id, product_id, product_name, product_price, quantity)
VALUES ('1ca211e1-66b8-d62d-6788-03565380ba7c', '966437e8-b784-92e7-0afa-ff8bde6f1e53', 'product_145', 130.0, 1);
INSERT INTO payments (order_id, venue_id, method, amount)
VALUES ('1ca211e1-66b8-d62d-6788-03565380ba7c', '00000000-0000-0000-0000-000000000010', 'card', 1370.0);
INSERT INTO orders (id, venue_id, number, status, total_amount, opened_at, closed_at, table_number)
VALUES ('ced5f03b-518c-8511-7d59-444c4693181c', '00000000-0000-0000-0000-000000000010', '6806', 'paid', 3950.0, '2026-04-13 20:13:08', '2026-04-13 20:13:08', '2');
INSERT INTO order_items (order_id, product_id, product_name, product_price, quantity)
VALUES ('ced5f03b-518c-8511-7d59-444c4693181c', '7ddbed72-7deb-5ee4-0634-41d52192bad1', 'product_23', 1750.0, 1);
INSERT INTO order_items (order_id, product_id, product_name, product_price, quantity)
VALUES ('ced5f03b-518c-8511-7d59-444c4693181c', '1a9038b5-12c1-4b41-756a-ce6d8bb0fac8', 'product_114', 670.0, 2);
INSERT INTO order_items (order_id, product_id, product_name, product_price, quantity)
VALUES ('ced5f03b-518c-8511-7d59-444c4693181c', '1649694a-a1df-1a36-ccd0-08ba48ab2fd1', 'product_36', 550.0, 1);
INSERT INTO order_items (order_id, product_id, product_name, product_price, quantity)
VALUES ('ced5f03b-518c-8511-7d59-444c4693181c', 'eb1260af-ca5f-c811-fd1c-bf1664229477', 'product_115', 310.0, 1);
INSERT INTO payments (order_id, venue_id, method, amount)
VALUES ('ced5f03b-518c-8511-7d59-444c4693181c', '00000000-0000-0000-0000-000000000010', 'card', 3950.0);
INSERT INTO orders (id, venue_id, number, status, total_amount, opened_at, closed_at, table_number)
VALUES ('2dcc3a12-02ed-6ac2-e2b8-254c79d2bc0c', '00000000-0000-0000-0000-000000000010', '6804', 'paid', 1890.0, '2026-04-13 17:35:41', '2026-04-13 17:35:41', '1');
INSERT INTO order_items (order_id, product_id, product_name, product_price, quantity)
VALUES ('2dcc3a12-02ed-6ac2-e2b8-254c79d2bc0c', '7f688518-4003-c783-7333-b947a8856b49', 'product_28', 470.0, 1);
INSERT INTO order_items (order_id, product_id, product_name, product_price, quantity)
VALUES ('2dcc3a12-02ed-6ac2-e2b8-254c79d2bc0c', 'fdb6f575-fe3f-282e-93d0-1dad56530fa5', 'product_15', 640.0, 1);
INSERT INTO order_items (order_id, product_id, product_name, product_price, quantity)
VALUES ('2dcc3a12-02ed-6ac2-e2b8-254c79d2bc0c', 'ba729be8-36f6-fb9a-7e2c-4b99753cb652', 'product_217', 600.0, 1);
INSERT INTO order_items (order_id, product_id, product_name, product_price, quantity)
VALUES ('2dcc3a12-02ed-6ac2-e2b8-254c79d2bc0c', 'da98da7c-a663-0228-294e-97c1fae50fd1', 'product_54', 180.0, 1);
INSERT INTO payments (order_id, venue_id, method, amount)
VALUES ('2dcc3a12-02ed-6ac2-e2b8-254c79d2bc0c', '00000000-0000-0000-0000-000000000010', 'card', 1890.0);
INSERT INTO orders (id, venue_id, number, status, total_amount, opened_at, closed_at, table_number)
VALUES ('78a1871d-e0b6-5008-5b9e-f09685bf1d97', '00000000-0000-0000-0000-000000000010', '6805', 'paid', 3670.0, '2026-04-13 16:58:00', '2026-04-13 16:58:00', '7');
INSERT INTO order_items (order_id, product_id, product_name, product_price, quantity)
VALUES ('78a1871d-e0b6-5008-5b9e-f09685bf1d97', '021231f4-e9fa-ecbb-5f2a-ad1321ca42ea', 'product_59', 230.0, 1);
INSERT INTO order_items (order_id, product_id, product_name, product_price, quantity)
VALUES ('78a1871d-e0b6-5008-5b9e-f09685bf1d97', '09d404dd-f87b-b319-4eda-9ce7c697868d', 'product_32', 370.0, 1);
INSERT INTO order_items (order_id, product_id, product_name, product_price, quantity)
VALUES ('78a1871d-e0b6-5008-5b9e-f09685bf1d97', 'c0fb869e-f434-07cb-f666-b9f7e55d4032', 'product_113', 770.0, 1);
INSERT INTO order_items (order_id, product_id, product_name, product_price, quantity)
VALUES ('78a1871d-e0b6-5008-5b9e-f09685bf1d97', '1a9038b5-12c1-4b41-756a-ce6d8bb0fac8', 'product_114', 670.0, 2);
INSERT INTO order_items (order_id, product_id, product_name, product_price, quantity)
VALUES ('78a1871d-e0b6-5008-5b9e-f09685bf1d97', '0f7cfc79-3a3f-41ac-1aa4-b27431de9236', 'product_29', 620.0, 1);
INSERT INTO order_items (order_id, product_id, product_name, product_price, quantity)
VALUES ('78a1871d-e0b6-5008-5b9e-f09685bf1d97', 'ec61223f-a380-dd08-f9eb-461b3c2f80e6', 'product_163', 120.0, 1);
INSERT INTO order_items (order_id, product_id, product_name, product_price, quantity)
VALUES ('78a1871d-e0b6-5008-5b9e-f09685bf1d97', '7c7c305a-92ed-bc40-0bb5-1155fc4e313f', 'product_99', 220.0, 1);
INSERT INTO payments (order_id, venue_id, method, amount)
VALUES ('78a1871d-e0b6-5008-5b9e-f09685bf1d97', '00000000-0000-0000-0000-000000000010', 'card', 3670.0);
INSERT INTO orders (id, venue_id, number, status, total_amount, opened_at, closed_at, table_number)
VALUES ('4f56622e-4ac8-208d-4e64-9ec784736317', '00000000-0000-0000-0000-000000000010', '6803', 'paid', 2210.0, '2026-04-13 14:37:38', '2026-04-13 14:37:38', '10');
INSERT INTO order_items (order_id, product_id, product_name, product_price, quantity)
VALUES ('4f56622e-4ac8-208d-4e64-9ec784736317', '12dd0c72-4671-5cd8-b7da-98389426555c', 'product_228', 0.0, 1);
INSERT INTO order_items (order_id, product_id, product_name, product_price, quantity)
VALUES ('4f56622e-4ac8-208d-4e64-9ec784736317', 'b9bdca4d-a423-6c36-2351-10cf52ff0eec', 'product_230', 0.0, 11);
INSERT INTO order_items (order_id, product_id, product_name, product_price, quantity)
VALUES ('4f56622e-4ac8-208d-4e64-9ec784736317', '338bdc4d-fbd5-43ad-a7a7-3951ceca3a16', 'product_97', 260.0, 1);
INSERT INTO order_items (order_id, product_id, product_name, product_price, quantity)
VALUES ('4f56622e-4ac8-208d-4e64-9ec784736317', '021231f4-e9fa-ecbb-5f2a-ad1321ca42ea', 'product_59', 230.0, 6);
INSERT INTO order_items (order_id, product_id, product_name, product_price, quantity)
VALUES ('4f56622e-4ac8-208d-4e64-9ec784736317', '0caff6fe-c574-8665-33ca-5f2cee71ebb2', 'product_35', 190.0, 3);
INSERT INTO orders (id, venue_id, number, status, total_amount, opened_at, closed_at, table_number)
VALUES ('c942329c-f67c-c680-94e9-455b9215d559', '00000000-0000-0000-0000-000000000010', '6800', 'paid', 1300.0, '2026-04-12 22:12:12', '2026-04-12 22:12:12', '7');
INSERT INTO order_items (order_id, product_id, product_name, product_price, quantity)
VALUES ('c942329c-f67c-c680-94e9-455b9215d559', '8b7920ef-e954-d760-2a69-99cafc830c2e', 'product_171', 270.0, 1);
INSERT INTO order_items (order_id, product_id, product_name, product_price, quantity)
VALUES ('c942329c-f67c-c680-94e9-455b9215d559', '81b3193a-f1f9-6ba6-5630-5c911f0c4a69', 'product_48', 220.0, 1);
INSERT INTO order_items (order_id, product_id, product_name, product_price, quantity)
VALUES ('c942329c-f67c-c680-94e9-455b9215d559', 'ce90a2e4-a08b-570d-aca7-50bb5d2d0ab2', 'product_112', 440.0, 1);
INSERT INTO order_items (order_id, product_id, product_name, product_price, quantity)
VALUES ('c942329c-f67c-c680-94e9-455b9215d559', '09d404dd-f87b-b319-4eda-9ce7c697868d', 'product_32', 370.0, 1);
INSERT INTO payments (order_id, venue_id, method, amount)
VALUES ('c942329c-f67c-c680-94e9-455b9215d559', '00000000-0000-0000-0000-000000000010', 'cash', 1300.0);
INSERT INTO orders (id, venue_id, number, status, total_amount, opened_at, closed_at, table_number)
VALUES ('f4399345-e0fb-a850-ef15-81ef05c5d044', '00000000-0000-0000-0000-000000000010', '6799', 'paid', 2990.0, '2026-04-12 21:23:04', '2026-04-12 21:23:04', '2');
INSERT INTO order_items (order_id, product_id, product_name, product_price, quantity)
VALUES ('f4399345-e0fb-a850-ef15-81ef05c5d044', '7ddbed72-7deb-5ee4-0634-41d52192bad1', 'product_23', 1750.0, 1);
INSERT INTO order_items (order_id, product_id, product_name, product_price, quantity)
VALUES ('f4399345-e0fb-a850-ef15-81ef05c5d044', 'ba729be8-36f6-fb9a-7e2c-4b99753cb652', 'product_217', 600.0, 1);
INSERT INTO order_items (order_id, product_id, product_name, product_price, quantity)
VALUES ('f4399345-e0fb-a850-ef15-81ef05c5d044', 'fdb6f575-fe3f-282e-93d0-1dad56530fa5', 'product_15', 640.0, 1);
INSERT INTO payments (order_id, venue_id, method, amount)
VALUES ('f4399345-e0fb-a850-ef15-81ef05c5d044', '00000000-0000-0000-0000-000000000010', 'cash', 2990.0);
INSERT INTO orders (id, venue_id, number, status, total_amount, opened_at, closed_at, table_number)
VALUES ('a159a674-2f8b-dceb-b627-dc2dd42b2271', '00000000-0000-0000-0000-000000000010', '6802', 'paid', 0.0, '2026-04-12 21:20:54', '2026-04-12 21:20:54', '9');
INSERT INTO order_items (order_id, product_id, product_name, product_price, quantity)
VALUES ('a159a674-2f8b-dceb-b627-dc2dd42b2271', '82c55340-bd07-2a9a-a6cc-6ce377f958f2', 'product_148', 0.0, 1);
INSERT INTO order_items (order_id, product_id, product_name, product_price, quantity)
VALUES ('a159a674-2f8b-dceb-b627-dc2dd42b2271', '12dd0c72-4671-5cd8-b7da-98389426555c', 'product_228', 0.0, 1);
INSERT INTO orders (id, venue_id, number, status, total_amount, opened_at, closed_at, table_number)
VALUES ('a1c70c30-bc6f-71c3-b323-5a1ee08c6102', '00000000-0000-0000-0000-000000000010', '6801', 'paid', 190.0, '2026-04-12 20:56:21', '2026-04-12 20:56:21', '1');
INSERT INTO order_items (order_id, product_id, product_name, product_price, quantity)
VALUES ('a1c70c30-bc6f-71c3-b323-5a1ee08c6102', '0caff6fe-c574-8665-33ca-5f2cee71ebb2', 'product_35', 190.0, 1);
INSERT INTO payments (order_id, venue_id, method, amount)
VALUES ('a1c70c30-bc6f-71c3-b323-5a1ee08c6102', '00000000-0000-0000-0000-000000000010', 'card', 190.0);
INSERT INTO orders (id, venue_id, number, status, total_amount, opened_at, closed_at, table_number)
VALUES ('2506b1b0-d2ca-6e99-15d6-3bf328603045', '00000000-0000-0000-0000-000000000010', '6798', 'paid', 2010.0, '2026-04-12 20:12:12', '2026-04-12 20:12:12', '1');
INSERT INTO order_items (order_id, product_id, product_name, product_price, quantity)
VALUES ('2506b1b0-d2ca-6e99-15d6-3bf328603045', '627b586a-57c8-d217-1549-c47bb32192ac', 'product_26', 460.0, 2);
INSERT INTO order_items (order_id, product_id, product_name, product_price, quantity)
VALUES ('2506b1b0-d2ca-6e99-15d6-3bf328603045', '5f05b996-99f5-dfcb-e4b9-79078ca1f540', 'product_100', 460.0, 1);
INSERT INTO order_items (order_id, product_id, product_name, product_price, quantity)
VALUES ('2506b1b0-d2ca-6e99-15d6-3bf328603045', '0caff6fe-c574-8665-33ca-5f2cee71ebb2', 'product_35', 190.0, 1);
INSERT INTO order_items (order_id, product_id, product_name, product_price, quantity)
VALUES ('2506b1b0-d2ca-6e99-15d6-3bf328603045', '7c7c305a-92ed-bc40-0bb5-1155fc4e313f', 'product_99', 220.0, 1);
INSERT INTO order_items (order_id, product_id, product_name, product_price, quantity)
VALUES ('2506b1b0-d2ca-6e99-15d6-3bf328603045', '81b3193a-f1f9-6ba6-5630-5c911f0c4a69', 'product_48', 220.0, 1);
INSERT INTO payments (order_id, venue_id, method, amount)
VALUES ('2506b1b0-d2ca-6e99-15d6-3bf328603045', '00000000-0000-0000-0000-000000000010', 'card', 2010.0);
INSERT INTO orders (id, venue_id, number, status, total_amount, opened_at, closed_at, table_number)
VALUES ('bd652bf1-de23-da0d-cf00-c4851378ba37', '00000000-0000-0000-0000-000000000010', '6797', 'paid', 130.0, '2026-04-12 19:58:47', '2026-04-12 19:58:47', '1');
INSERT INTO order_items (order_id, product_id, product_name, product_price, quantity)
VALUES ('bd652bf1-de23-da0d-cf00-c4851378ba37', '966437e8-b784-92e7-0afa-ff8bde6f1e53', 'product_145', 130.0, 1);
INSERT INTO payments (order_id, venue_id, method, amount)
VALUES ('bd652bf1-de23-da0d-cf00-c4851378ba37', '00000000-0000-0000-0000-000000000010', 'card', 130.0);
INSERT INTO orders (id, venue_id, number, status, total_amount, opened_at, closed_at, table_number)
VALUES ('2d9f98d9-546c-0c76-7450-e1779bc1b00a', '00000000-0000-0000-0000-000000000010', '6795', 'paid', 1320.0, '2026-04-12 19:47:32', '2026-04-12 19:47:32', '7');
INSERT INTO order_items (order_id, product_id, product_name, product_price, quantity)
VALUES ('2d9f98d9-546c-0c76-7450-e1779bc1b00a', '5f05b996-99f5-dfcb-e4b9-79078ca1f540', 'product_100', 460.0, 1);
INSERT INTO order_items (order_id, product_id, product_name, product_price, quantity)
VALUES ('2d9f98d9-546c-0c76-7450-e1779bc1b00a', '1a9038b5-12c1-4b41-756a-ce6d8bb0fac8', 'product_114', 670.0, 1);
INSERT INTO order_items (order_id, product_id, product_name, product_price, quantity)
VALUES ('2d9f98d9-546c-0c76-7450-e1779bc1b00a', '0caff6fe-c574-8665-33ca-5f2cee71ebb2', 'product_35', 190.0, 1);
INSERT INTO payments (order_id, venue_id, method, amount)
VALUES ('2d9f98d9-546c-0c76-7450-e1779bc1b00a', '00000000-0000-0000-0000-000000000010', 'card', 1320.0);
INSERT INTO orders (id, venue_id, number, status, total_amount, opened_at, closed_at, table_number)
VALUES ('b96fd615-9eb3-7c0f-3e23-57d3ff21f69b', '00000000-0000-0000-0000-000000000010', '6792', 'paid', 2210.0, '2026-04-12 19:39:50', '2026-04-12 19:39:50', '3');
INSERT INTO order_items (order_id, product_id, product_name, product_price, quantity)
VALUES ('b96fd615-9eb3-7c0f-3e23-57d3ff21f69b', 'c0fb869e-f434-07cb-f666-b9f7e55d4032', 'product_113', 770.0, 1);
INSERT INTO order_items (order_id, product_id, product_name, product_price, quantity)
VALUES ('b96fd615-9eb3-7c0f-3e23-57d3ff21f69b', 'bc75aa2b-4910-21bf-56ff-d9769b039d8e', 'product_47', 220.0, 1);
INSERT INTO order_items (order_id, product_id, product_name, product_price, quantity)
VALUES ('b96fd615-9eb3-7c0f-3e23-57d3ff21f69b', '260b99e2-59bd-a3dc-c313-434aff0daf54', 'product_144', 190.0, 2);
INSERT INTO order_items (order_id, product_id, product_name, product_price, quantity)
VALUES ('b96fd615-9eb3-7c0f-3e23-57d3ff21f69b', '5c3938ac-271e-5674-37aa-116c20435202', 'product_234', 370.0, 1);
INSERT INTO order_items (order_id, product_id, product_name, product_price, quantity)
VALUES ('b96fd615-9eb3-7c0f-3e23-57d3ff21f69b', '7f688518-4003-c783-7333-b947a8856b49', 'product_28', 470.0, 1);
INSERT INTO payments (order_id, venue_id, method, amount)
VALUES ('b96fd615-9eb3-7c0f-3e23-57d3ff21f69b', '00000000-0000-0000-0000-000000000010', 'card', 2210.0);
INSERT INTO orders (id, venue_id, number, status, total_amount, opened_at, closed_at, table_number)
VALUES ('0061cc9e-6c6e-1fa4-6d72-4cd795a7a6d5', '00000000-0000-0000-0000-000000000010', '6796', 'paid', 760.0, '2026-04-12 19:36:58', '2026-04-12 19:36:58', '1');
INSERT INTO order_items (order_id, product_id, product_name, product_price, quantity)
VALUES ('0061cc9e-6c6e-1fa4-6d72-4cd795a7a6d5', '8b7920ef-e954-d760-2a69-99cafc830c2e', 'product_171', 270.0, 2);
INSERT INTO order_items (order_id, product_id, product_name, product_price, quantity)
VALUES ('0061cc9e-6c6e-1fa4-6d72-4cd795a7a6d5', '81b3193a-f1f9-6ba6-5630-5c911f0c4a69', 'product_48', 220.0, 1);
INSERT INTO payments (order_id, venue_id, method, amount)
VALUES ('0061cc9e-6c6e-1fa4-6d72-4cd795a7a6d5', '00000000-0000-0000-0000-000000000010', 'card', 760.0);
INSERT INTO orders (id, venue_id, number, status, total_amount, opened_at, closed_at, table_number)
VALUES ('944a4141-864c-3d68-f67b-6daaa94643b2', '00000000-0000-0000-0000-000000000010', '6790', 'paid', 1140.0, '2026-04-12 19:21:22', '2026-04-12 19:21:22', '2');
INSERT INTO order_items (order_id, product_id, product_name, product_price, quantity)
VALUES ('944a4141-864c-3d68-f67b-6daaa94643b2', '7a291d79-c795-0f76-118b-25d10a078238', 'product_191', 370.0, 1);
INSERT INTO order_items (order_id, product_id, product_name, product_price, quantity)
VALUES ('944a4141-864c-3d68-f67b-6daaa94643b2', 'c0fb869e-f434-07cb-f666-b9f7e55d4032', 'product_113', 770.0, 1);
INSERT INTO payments (order_id, venue_id, method, amount)
VALUES ('944a4141-864c-3d68-f67b-6daaa94643b2', '00000000-0000-0000-0000-000000000010', 'cash', 1140.0);
INSERT INTO orders (id, venue_id, number, status, total_amount, opened_at, closed_at, table_number)
VALUES ('cebc6368-ea9f-5688-8c9d-0513fa2fcafc', '00000000-0000-0000-0000-000000000010', '6794', 'paid', 360.0, '2026-04-12 18:53:33', '2026-04-12 18:53:33', '9');
INSERT INTO order_items (order_id, product_id, product_name, product_price, quantity)
VALUES ('cebc6368-ea9f-5688-8c9d-0513fa2fcafc', '021231f4-e9fa-ecbb-5f2a-ad1321ca42ea', 'product_59', 230.0, 1);
INSERT INTO order_items (order_id, product_id, product_name, product_price, quantity)
VALUES ('cebc6368-ea9f-5688-8c9d-0513fa2fcafc', '966437e8-b784-92e7-0afa-ff8bde6f1e53', 'product_145', 130.0, 1);
INSERT INTO payments (order_id, venue_id, method, amount)
VALUES ('cebc6368-ea9f-5688-8c9d-0513fa2fcafc', '00000000-0000-0000-0000-000000000010', 'card', 360.0);
INSERT INTO orders (id, venue_id, number, status, total_amount, opened_at, closed_at, table_number)
VALUES ('c3329b9b-da33-51f1-08e6-fe6997269d1c', '00000000-0000-0000-0000-000000000010', '6793', 'paid', 1200.0, '2026-04-12 18:52:44', '2026-04-12 18:52:44', '9');
INSERT INTO order_items (order_id, product_id, product_name, product_price, quantity)
VALUES ('c3329b9b-da33-51f1-08e6-fe6997269d1c', '09d404dd-f87b-b319-4eda-9ce7c697868d', 'product_32', 370.0, 2);
INSERT INTO order_items (order_id, product_id, product_name, product_price, quantity)
VALUES ('c3329b9b-da33-51f1-08e6-fe6997269d1c', '021231f4-e9fa-ecbb-5f2a-ad1321ca42ea', 'product_59', 230.0, 2);
INSERT INTO payments (order_id, venue_id, method, amount)
VALUES ('c3329b9b-da33-51f1-08e6-fe6997269d1c', '00000000-0000-0000-0000-000000000010', 'card', 1200.0);
INSERT INTO orders (id, venue_id, number, status, total_amount, opened_at, closed_at, table_number)
VALUES ('8c9f19ee-666d-db14-b7e7-b557aba20df9', '00000000-0000-0000-0000-000000000010', '6791', 'paid', 1580.0, '2026-04-12 18:52:12', '2026-04-12 18:52:12', '8');
INSERT INTO order_items (order_id, product_id, product_name, product_price, quantity)
VALUES ('8c9f19ee-666d-db14-b7e7-b557aba20df9', 'c0fb869e-f434-07cb-f666-b9f7e55d4032', 'product_113', 770.0, 1);
INSERT INTO order_items (order_id, product_id, product_name, product_price, quantity)
VALUES ('8c9f19ee-666d-db14-b7e7-b557aba20df9', 'eb1260af-ca5f-c811-fd1c-bf1664229477', 'product_115', 310.0, 1);
INSERT INTO order_items (order_id, product_id, product_name, product_price, quantity)
VALUES ('8c9f19ee-666d-db14-b7e7-b557aba20df9', '021231f4-e9fa-ecbb-5f2a-ad1321ca42ea', 'product_59', 230.0, 1);
INSERT INTO order_items (order_id, product_id, product_name, product_price, quantity)
VALUES ('8c9f19ee-666d-db14-b7e7-b557aba20df9', '8b7920ef-e954-d760-2a69-99cafc830c2e', 'product_171', 270.0, 1);
INSERT INTO payments (order_id, venue_id, method, amount)
VALUES ('8c9f19ee-666d-db14-b7e7-b557aba20df9', '00000000-0000-0000-0000-000000000010', 'card', 1580.0);
INSERT INTO orders (id, venue_id, number, status, total_amount, opened_at, closed_at, table_number)
VALUES ('39a538f2-444b-dfb2-acbf-c8f36d56700e', '00000000-0000-0000-0000-000000000010', '6788', 'paid', 3010.0, '2026-04-12 18:35:45', '2026-04-12 18:35:45', '1');
INSERT INTO order_items (order_id, product_id, product_name, product_price, quantity)
VALUES ('39a538f2-444b-dfb2-acbf-c8f36d56700e', '81b3193a-f1f9-6ba6-5630-5c911f0c4a69', 'product_48', 220.0, 1);
INSERT INTO order_items (order_id, product_id, product_name, product_price, quantity)
VALUES ('39a538f2-444b-dfb2-acbf-c8f36d56700e', '0f7cfc79-3a3f-41ac-1aa4-b27431de9236', 'product_29', 620.0, 1);
INSERT INTO order_items (order_id, product_id, product_name, product_price, quantity)
VALUES ('39a538f2-444b-dfb2-acbf-c8f36d56700e', '0d07baf4-74fe-e6af-ddf9-5304e58f2192', 'product_221', 850.0, 1);
INSERT INTO order_items (order_id, product_id, product_name, product_price, quantity)
VALUES ('39a538f2-444b-dfb2-acbf-c8f36d56700e', 'fdb6f575-fe3f-282e-93d0-1dad56530fa5', 'product_15', 640.0, 1);
INSERT INTO order_items (order_id, product_id, product_name, product_price, quantity)
VALUES ('39a538f2-444b-dfb2-acbf-c8f36d56700e', '1649694a-a1df-1a36-ccd0-08ba48ab2fd1', 'product_36', 550.0, 1);
INSERT INTO order_items (order_id, product_id, product_name, product_price, quantity)
VALUES ('39a538f2-444b-dfb2-acbf-c8f36d56700e', 'eed148a6-7f8f-38d6-85f9-602481bbc846', 'product_146', 130.0, 1);
INSERT INTO payments (order_id, venue_id, method, amount)
VALUES ('39a538f2-444b-dfb2-acbf-c8f36d56700e', '00000000-0000-0000-0000-000000000010', 'card', 3010.0);
INSERT INTO orders (id, venue_id, number, status, total_amount, opened_at, closed_at, table_number)
VALUES ('9b1b4ad4-fd43-b490-83f8-fc6e552f0231', '00000000-0000-0000-0000-000000000010', '6789', 'paid', 3670.0, '2026-04-12 18:28:07', '2026-04-12 18:28:07', '7');
INSERT INTO order_items (order_id, product_id, product_name, product_price, quantity)
VALUES ('9b1b4ad4-fd43-b490-83f8-fc6e552f0231', 'c0fb869e-f434-07cb-f666-b9f7e55d4032', 'product_113', 770.0, 2);
INSERT INTO order_items (order_id, product_id, product_name, product_price, quantity)
VALUES ('9b1b4ad4-fd43-b490-83f8-fc6e552f0231', 'ce90a2e4-a08b-570d-aca7-50bb5d2d0ab2', 'product_112', 440.0, 1);
INSERT INTO order_items (order_id, product_id, product_name, product_price, quantity)
VALUES ('9b1b4ad4-fd43-b490-83f8-fc6e552f0231', 'f35a1ebf-94b4-c196-4fdb-5698a8e21330', 'product_170', 820.0, 1);
INSERT INTO order_items (order_id, product_id, product_name, product_price, quantity)
VALUES ('9b1b4ad4-fd43-b490-83f8-fc6e552f0231', '5f05b996-99f5-dfcb-e4b9-79078ca1f540', 'product_100', 460.0, 1);
INSERT INTO order_items (order_id, product_id, product_name, product_price, quantity)
VALUES ('9b1b4ad4-fd43-b490-83f8-fc6e552f0231', '0caff6fe-c574-8665-33ca-5f2cee71ebb2', 'product_35', 190.0, 1);
INSERT INTO order_items (order_id, product_id, product_name, product_price, quantity)
VALUES ('9b1b4ad4-fd43-b490-83f8-fc6e552f0231', '7c7c305a-92ed-bc40-0bb5-1155fc4e313f', 'product_99', 220.0, 1);
INSERT INTO payments (order_id, venue_id, method, amount)
VALUES ('9b1b4ad4-fd43-b490-83f8-fc6e552f0231', '00000000-0000-0000-0000-000000000010', 'card', 2936.0);
INSERT INTO orders (id, venue_id, number, status, total_amount, opened_at, closed_at, table_number)
VALUES ('1e01785b-078a-d461-4abc-09c6d220c19f', '00000000-0000-0000-0000-000000000010', '6787', 'paid', 190.0, '2026-04-12 17:20:01', '2026-04-12 17:20:01', '1');
INSERT INTO order_items (order_id, product_id, product_name, product_price, quantity)
VALUES ('1e01785b-078a-d461-4abc-09c6d220c19f', '260b99e2-59bd-a3dc-c313-434aff0daf54', 'product_144', 190.0, 1);
INSERT INTO payments (order_id, venue_id, method, amount)
VALUES ('1e01785b-078a-d461-4abc-09c6d220c19f', '00000000-0000-0000-0000-000000000010', 'cash', 190.0);
INSERT INTO orders (id, venue_id, number, status, total_amount, opened_at, closed_at, table_number)
VALUES ('3ebcb081-304c-36e8-c7b9-421cc9be62ad', '00000000-0000-0000-0000-000000000010', '6786', 'paid', 3130.0, '2026-04-12 15:42:16', '2026-04-12 15:42:16', '2');
INSERT INTO order_items (order_id, product_id, product_name, product_price, quantity)
VALUES ('3ebcb081-304c-36e8-c7b9-421cc9be62ad', 'c0fb869e-f434-07cb-f666-b9f7e55d4032', 'product_113', 770.0, 1);
INSERT INTO order_items (order_id, product_id, product_name, product_price, quantity)
VALUES ('3ebcb081-304c-36e8-c7b9-421cc9be62ad', '1a9038b5-12c1-4b41-756a-ce6d8bb0fac8', 'product_114', 670.0, 1);
INSERT INTO order_items (order_id, product_id, product_name, product_price, quantity)
VALUES ('3ebcb081-304c-36e8-c7b9-421cc9be62ad', 'fdb6f575-fe3f-282e-93d0-1dad56530fa5', 'product_15', 640.0, 1);
INSERT INTO order_items (order_id, product_id, product_name, product_price, quantity)
VALUES ('3ebcb081-304c-36e8-c7b9-421cc9be62ad', '3e9ef73d-3da6-3a82-456a-d27d4a1c4254', 'product_49', 220.0, 1);
INSERT INTO order_items (order_id, product_id, product_name, product_price, quantity)
VALUES ('3ebcb081-304c-36e8-c7b9-421cc9be62ad', '0caff6fe-c574-8665-33ca-5f2cee71ebb2', 'product_35', 190.0, 1);
INSERT INTO order_items (order_id, product_id, product_name, product_price, quantity)
VALUES ('3ebcb081-304c-36e8-c7b9-421cc9be62ad', '09d404dd-f87b-b319-4eda-9ce7c697868d', 'product_32', 370.0, 1);
INSERT INTO order_items (order_id, product_id, product_name, product_price, quantity)
VALUES ('3ebcb081-304c-36e8-c7b9-421cc9be62ad', '7c7c305a-92ed-bc40-0bb5-1155fc4e313f', 'product_99', 220.0, 1);
INSERT INTO order_items (order_id, product_id, product_name, product_price, quantity)
VALUES ('3ebcb081-304c-36e8-c7b9-421cc9be62ad', 'ba6fbcf2-1f2b-909a-e5f9-b9c5fe635c92', 'product_187', 50.0, 1);
INSERT INTO payments (order_id, venue_id, method, amount)
VALUES ('3ebcb081-304c-36e8-c7b9-421cc9be62ad', '00000000-0000-0000-0000-000000000010', 'cash', 3130.0);
INSERT INTO orders (id, venue_id, number, status, total_amount, opened_at, closed_at, table_number)
VALUES ('284e9c39-dbd4-41b9-2bcb-666cf6cc3c39', '00000000-0000-0000-0000-000000000010', '6783', 'paid', 550.0, '2026-04-12 15:38:49', '2026-04-12 15:38:49', '1');
INSERT INTO order_items (order_id, product_id, product_name, product_price, quantity)
VALUES ('284e9c39-dbd4-41b9-2bcb-666cf6cc3c39', '1649694a-a1df-1a36-ccd0-08ba48ab2fd1', 'product_36', 550.0, 1);
INSERT INTO payments (order_id, venue_id, method, amount)
VALUES ('284e9c39-dbd4-41b9-2bcb-666cf6cc3c39', '00000000-0000-0000-0000-000000000010', 'card', 550.0);
INSERT INTO orders (id, venue_id, number, status, total_amount, opened_at, closed_at, table_number)
VALUES ('ab4be52c-e40c-9f9a-f79a-10418df34570', '00000000-0000-0000-0000-000000000010', '6785', 'paid', 190.0, '2026-04-12 14:26:41', '2026-04-12 14:26:41', '2');
INSERT INTO order_items (order_id, product_id, product_name, product_price, quantity)
VALUES ('ab4be52c-e40c-9f9a-f79a-10418df34570', '260b99e2-59bd-a3dc-c313-434aff0daf54', 'product_144', 190.0, 1);
INSERT INTO payments (order_id, venue_id, method, amount)
VALUES ('ab4be52c-e40c-9f9a-f79a-10418df34570', '00000000-0000-0000-0000-000000000010', 'card', 190.0);
INSERT INTO orders (id, venue_id, number, status, total_amount, opened_at, closed_at, table_number)
VALUES ('cacac7be-e39a-8dd1-b244-987e7a0fb7cd', '00000000-0000-0000-0000-000000000010', '6784', 'paid', 360.0, '2026-04-12 14:24:58', '2026-04-12 14:24:58', '2');
INSERT INTO order_items (order_id, product_id, product_name, product_price, quantity)
VALUES ('cacac7be-e39a-8dd1-b244-987e7a0fb7cd', 'da98da7c-a663-0228-294e-97c1fae50fd1', 'product_54', 180.0, 2);
INSERT INTO payments (order_id, venue_id, method, amount)
VALUES ('cacac7be-e39a-8dd1-b244-987e7a0fb7cd', '00000000-0000-0000-0000-000000000010', 'card', 360.0);
INSERT INTO orders (id, venue_id, number, status, total_amount, opened_at, closed_at, table_number)
VALUES ('f76ca3bf-793b-8eb6-bfef-4e6b62a1e6f3', '00000000-0000-0000-0000-000000000010', '6782', 'paid', 570.0, '2026-04-12 13:31:05', '2026-04-12 13:31:05', '1');
INSERT INTO order_items (order_id, product_id, product_name, product_price, quantity)
VALUES ('f76ca3bf-793b-8eb6-bfef-4e6b62a1e6f3', '260b99e2-59bd-a3dc-c313-434aff0daf54', 'product_144', 190.0, 3);
INSERT INTO payments (order_id, venue_id, method, amount)
VALUES ('f76ca3bf-793b-8eb6-bfef-4e6b62a1e6f3', '00000000-0000-0000-0000-000000000010', 'card', 570.0);
INSERT INTO orders (id, venue_id, number, status, total_amount, opened_at, closed_at, table_number)
VALUES ('089ba9a8-fbfe-574b-25ec-4d525aaaea63', '00000000-0000-0000-0000-000000000010', '6781', 'paid', 0.0, '2026-04-12 12:49:06', '2026-04-12 12:49:06', '9');
INSERT INTO order_items (order_id, product_id, product_name, product_price, quantity)
VALUES ('089ba9a8-fbfe-574b-25ec-4d525aaaea63', '1afe238c-a186-0e67-9e9d-d39b8c4abe8a', 'product_229', 0.0, 1);
INSERT INTO orders (id, venue_id, number, status, total_amount, opened_at, closed_at, table_number)
VALUES ('afe3c530-6c35-0214-1d9b-6acdf0a9a39b', '00000000-0000-0000-0000-000000000010', '6778', 'paid', 970.0, '2026-04-12 12:39:26', '2026-04-12 12:39:26', '11');
INSERT INTO order_items (order_id, product_id, product_name, product_price, quantity)
VALUES ('afe3c530-6c35-0214-1d9b-6acdf0a9a39b', '38432f7f-ba41-eaa0-7e46-d791008e4b02', 'product_6', 510.0, 1);
INSERT INTO order_items (order_id, product_id, product_name, product_price, quantity)
VALUES ('afe3c530-6c35-0214-1d9b-6acdf0a9a39b', 'b9bdca4d-a423-6c36-2351-10cf52ff0eec', 'product_230', 0.0, 1);
INSERT INTO order_items (order_id, product_id, product_name, product_price, quantity)
VALUES ('afe3c530-6c35-0214-1d9b-6acdf0a9a39b', '021231f4-e9fa-ecbb-5f2a-ad1321ca42ea', 'product_59', 230.0, 2);
INSERT INTO orders (id, venue_id, number, status, total_amount, opened_at, closed_at, table_number)
VALUES ('2beccd36-0f88-62ff-ff85-3486a9450745', '00000000-0000-0000-0000-000000000010', '6779', 'paid', 1050.0, '2026-04-12 12:34:59', '2026-04-12 12:34:59', '13');
INSERT INTO order_items (order_id, product_id, product_name, product_price, quantity)
VALUES ('2beccd36-0f88-62ff-ff85-3486a9450745', 'b9bdca4d-a423-6c36-2351-10cf52ff0eec', 'product_230', 0.0, 1);
INSERT INTO order_items (order_id, product_id, product_name, product_price, quantity)
VALUES ('2beccd36-0f88-62ff-ff85-3486a9450745', '021231f4-e9fa-ecbb-5f2a-ad1321ca42ea', 'product_59', 230.0, 1);
INSERT INTO order_items (order_id, product_id, product_name, product_price, quantity)
VALUES ('2beccd36-0f88-62ff-ff85-3486a9450745', '7f688518-4003-c783-7333-b947a8856b49', 'product_28', 470.0, 1);
INSERT INTO order_items (order_id, product_id, product_name, product_price, quantity)
VALUES ('2beccd36-0f88-62ff-ff85-3486a9450745', '5b7828a6-fad3-dc3f-06c7-979905efbff1', 'product_61', 350.0, 1);
INSERT INTO payments (order_id, venue_id, method, amount)
VALUES ('2beccd36-0f88-62ff-ff85-3486a9450745', '00000000-0000-0000-0000-000000000010', 'card', 820.0);
INSERT INTO orders (id, venue_id, number, status, total_amount, opened_at, closed_at, table_number)
VALUES ('57cb64bc-1a49-669a-c436-b8bcc454a864', '00000000-0000-0000-0000-000000000010', '6776', 'paid', 2650.0, '2026-04-12 12:34:15', '2026-04-12 12:34:15', '10');
INSERT INTO order_items (order_id, product_id, product_name, product_price, quantity)
VALUES ('57cb64bc-1a49-669a-c436-b8bcc454a864', 'c0fb869e-f434-07cb-f666-b9f7e55d4032', 'product_113', 770.0, 1);
INSERT INTO order_items (order_id, product_id, product_name, product_price, quantity)
VALUES ('57cb64bc-1a49-669a-c436-b8bcc454a864', '1a9038b5-12c1-4b41-756a-ce6d8bb0fac8', 'product_114', 670.0, 1);
INSERT INTO order_items (order_id, product_id, product_name, product_price, quantity)
VALUES ('57cb64bc-1a49-669a-c436-b8bcc454a864', '0f7cfc79-3a3f-41ac-1aa4-b27431de9236', 'product_29', 620.0, 1);
INSERT INTO order_items (order_id, product_id, product_name, product_price, quantity)
VALUES ('57cb64bc-1a49-669a-c436-b8bcc454a864', 'bc75aa2b-4910-21bf-56ff-d9769b039d8e', 'product_47', 220.0, 1);
INSERT INTO order_items (order_id, product_id, product_name, product_price, quantity)
VALUES ('57cb64bc-1a49-669a-c436-b8bcc454a864', '5c3938ac-271e-5674-37aa-116c20435202', 'product_234', 370.0, 1);
INSERT INTO order_items (order_id, product_id, product_name, product_price, quantity)
VALUES ('57cb64bc-1a49-669a-c436-b8bcc454a864', '12dd0c72-4671-5cd8-b7da-98389426555c', 'product_228', 0.0, 1);
INSERT INTO order_items (order_id, product_id, product_name, product_price, quantity)
VALUES ('57cb64bc-1a49-669a-c436-b8bcc454a864', '1afe238c-a186-0e67-9e9d-d39b8c4abe8a', 'product_229', 0.0, 1);
INSERT INTO payments (order_id, venue_id, method, amount)
VALUES ('57cb64bc-1a49-669a-c436-b8bcc454a864', '00000000-0000-0000-0000-000000000010', 'card', 2650.0);
INSERT INTO orders (id, venue_id, number, status, total_amount, opened_at, closed_at, table_number)
VALUES ('f6eaf6a5-7e69-62dc-edf0-60e21910c1c6', '00000000-0000-0000-0000-000000000010', '6780', 'paid', 830.0, '2026-04-12 12:33:34', '2026-04-12 12:33:34', '1');
INSERT INTO order_items (order_id, product_id, product_name, product_price, quantity)
VALUES ('f6eaf6a5-7e69-62dc-edf0-60e21910c1c6', 'b9bdca4d-a423-6c36-2351-10cf52ff0eec', 'product_230', 0.0, 2);
INSERT INTO order_items (order_id, product_id, product_name, product_price, quantity)
VALUES ('f6eaf6a5-7e69-62dc-edf0-60e21910c1c6', 'd46f67a1-e1dd-e079-0b5c-329f6422c4d4', 'product_60', 280.0, 2);
INSERT INTO order_items (order_id, product_id, product_name, product_price, quantity)
VALUES ('f6eaf6a5-7e69-62dc-edf0-60e21910c1c6', '8b7920ef-e954-d760-2a69-99cafc830c2e', 'product_171', 270.0, 1);
INSERT INTO payments (order_id, venue_id, method, amount)
VALUES ('f6eaf6a5-7e69-62dc-edf0-60e21910c1c6', '00000000-0000-0000-0000-000000000010', 'card', 270.0);
INSERT INTO orders (id, venue_id, number, status, total_amount, opened_at, closed_at, table_number)
VALUES ('8b6ec6e0-c93e-e818-4df5-5c6f2fce7742', '00000000-0000-0000-0000-000000000010', '6777', 'paid', 2280.0, '2026-04-11 21:17:20', '2026-04-11 21:17:20', '9');
INSERT INTO order_items (order_id, product_id, product_name, product_price, quantity)
VALUES ('8b6ec6e0-c93e-e818-4df5-5c6f2fce7742', '6599a59a-6cf7-70c9-0971-07a0078ce7cf', 'product_128', 380.0, 6);
INSERT INTO payments (order_id, venue_id, method, amount)
VALUES ('8b6ec6e0-c93e-e818-4df5-5c6f2fce7742', '00000000-0000-0000-0000-000000000010', 'card', 2280.0);
INSERT INTO orders (id, venue_id, number, status, total_amount, opened_at, closed_at, table_number)
VALUES ('afcf1600-98f4-72bb-ef2f-169c36fe58ab', '00000000-0000-0000-0000-000000000010', '6765', 'paid', 0.0, '2026-04-11 21:09:18', '2026-04-11 21:09:18', '9');
INSERT INTO order_items (order_id, product_id, product_name, product_price, quantity)
VALUES ('afcf1600-98f4-72bb-ef2f-169c36fe58ab', '12dd0c72-4671-5cd8-b7da-98389426555c', 'product_228', 0.0, 1);
INSERT INTO order_items (order_id, product_id, product_name, product_price, quantity)
VALUES ('afcf1600-98f4-72bb-ef2f-169c36fe58ab', '82c55340-bd07-2a9a-a6cc-6ce377f958f2', 'product_148', 0.0, 1);
INSERT INTO order_items (order_id, product_id, product_name, product_price, quantity)
VALUES ('afcf1600-98f4-72bb-ef2f-169c36fe58ab', '82c55340-bd07-2a9a-a6cc-6ce377f958f2', 'product_148', 0.0, 1);
INSERT INTO orders (id, venue_id, number, status, total_amount, opened_at, closed_at, table_number)
VALUES ('337252a7-6ad4-a80c-3569-45723a1630a3', '00000000-0000-0000-0000-000000000010', '6775', 'paid', 2830.0, '2026-04-11 20:37:24', '2026-04-11 20:37:24', '11');
INSERT INTO order_items (order_id, product_id, product_name, product_price, quantity)
VALUES ('337252a7-6ad4-a80c-3569-45723a1630a3', 'fdb6f575-fe3f-282e-93d0-1dad56530fa5', 'product_15', 640.0, 1);
INSERT INTO order_items (order_id, product_id, product_name, product_price, quantity)
VALUES ('337252a7-6ad4-a80c-3569-45723a1630a3', '81b3193a-f1f9-6ba6-5630-5c911f0c4a69', 'product_48', 220.0, 2);
INSERT INTO order_items (order_id, product_id, product_name, product_price, quantity)
VALUES ('337252a7-6ad4-a80c-3569-45723a1630a3', 'f5e07166-faf7-d429-5419-891577dc4984', 'product_180', 1750.0, 1);
INSERT INTO payments (order_id, venue_id, method, amount)
VALUES ('337252a7-6ad4-a80c-3569-45723a1630a3', '00000000-0000-0000-0000-000000000010', 'card', 2830.0);
INSERT INTO orders (id, venue_id, number, status, total_amount, opened_at, closed_at, table_number)
VALUES ('fb782bfa-d7c6-455a-f696-5fb8e92d8ab1', '00000000-0000-0000-0000-000000000010', '6772', 'paid', 230.0, '2026-04-11 20:04:44', '2026-04-11 20:04:44', '2');
INSERT INTO order_items (order_id, product_id, product_name, product_price, quantity)
VALUES ('fb782bfa-d7c6-455a-f696-5fb8e92d8ab1', '021231f4-e9fa-ecbb-5f2a-ad1321ca42ea', 'product_59', 230.0, 1);
INSERT INTO payments (order_id, venue_id, method, amount)
VALUES ('fb782bfa-d7c6-455a-f696-5fb8e92d8ab1', '00000000-0000-0000-0000-000000000010', 'card', 230.0);
INSERT INTO orders (id, venue_id, number, status, total_amount, opened_at, closed_at, table_number)
VALUES ('0311e34f-09f5-7b43-2cc6-c9117a05c1b1', '00000000-0000-0000-0000-000000000010', '6773', 'paid', 920.0, '2026-04-11 20:03:33', '2026-04-11 20:03:33', '1');
INSERT INTO order_items (order_id, product_id, product_name, product_price, quantity)
VALUES ('0311e34f-09f5-7b43-2cc6-c9117a05c1b1', '021231f4-e9fa-ecbb-5f2a-ad1321ca42ea', 'product_59', 230.0, 4);
INSERT INTO payments (order_id, venue_id, method, amount)
VALUES ('0311e34f-09f5-7b43-2cc6-c9117a05c1b1', '00000000-0000-0000-0000-000000000010', 'card', 920.0);
INSERT INTO orders (id, venue_id, number, status, total_amount, opened_at, closed_at, table_number)
VALUES ('55a0f6da-5675-1c6e-999d-bbcb5e3464f5', '00000000-0000-0000-0000-000000000010', '6774', 'paid', 460.0, '2026-04-11 19:41:23', '2026-04-11 19:41:23', '3');
INSERT INTO order_items (order_id, product_id, product_name, product_price, quantity)
VALUES ('55a0f6da-5675-1c6e-999d-bbcb5e3464f5', '021231f4-e9fa-ecbb-5f2a-ad1321ca42ea', 'product_59', 230.0, 2);
INSERT INTO payments (order_id, venue_id, method, amount)
VALUES ('55a0f6da-5675-1c6e-999d-bbcb5e3464f5', '00000000-0000-0000-0000-000000000010', 'cash', 460.0);
INSERT INTO orders (id, venue_id, number, status, total_amount, opened_at, closed_at, table_number)
VALUES ('8b74ef01-29f7-f9d7-4913-43f5f621e231', '00000000-0000-0000-0000-000000000010', '6770', 'paid', 740.0, '2026-04-11 19:31:34', '2026-04-11 19:31:34', '1');
INSERT INTO order_items (order_id, product_id, product_name, product_price, quantity)
VALUES ('8b74ef01-29f7-f9d7-4913-43f5f621e231', '09d404dd-f87b-b319-4eda-9ce7c697868d', 'product_32', 370.0, 2);
INSERT INTO payments (order_id, venue_id, method, amount)
VALUES ('8b74ef01-29f7-f9d7-4913-43f5f621e231', '00000000-0000-0000-0000-000000000010', 'card', 592.0);
INSERT INTO orders (id, venue_id, number, status, total_amount, opened_at, closed_at, table_number)
VALUES ('29cec520-68f0-14f7-1e54-a67b18014000', '00000000-0000-0000-0000-000000000010', '6771', 'paid', 370.0, '2026-04-11 19:23:25', '2026-04-11 19:23:25', '2');
INSERT INTO order_items (order_id, product_id, product_name, product_price, quantity)
VALUES ('29cec520-68f0-14f7-1e54-a67b18014000', '5c3938ac-271e-5674-37aa-116c20435202', 'product_234', 370.0, 1);
INSERT INTO payments (order_id, venue_id, method, amount)
VALUES ('29cec520-68f0-14f7-1e54-a67b18014000', '00000000-0000-0000-0000-000000000010', 'card', 370.0);
INSERT INTO orders (id, venue_id, number, status, total_amount, opened_at, closed_at, table_number)
VALUES ('03d51884-dc20-c163-3fde-5bd1be91dd6e', '00000000-0000-0000-0000-000000000010', '6769', 'paid', 370.0, '2026-04-11 17:55:44', '2026-04-11 17:55:44', '1');
INSERT INTO order_items (order_id, product_id, product_name, product_price, quantity)
VALUES ('03d51884-dc20-c163-3fde-5bd1be91dd6e', '5c3938ac-271e-5674-37aa-116c20435202', 'product_234', 370.0, 1);
INSERT INTO payments (order_id, venue_id, method, amount)
VALUES ('03d51884-dc20-c163-3fde-5bd1be91dd6e', '00000000-0000-0000-0000-000000000010', 'card', 370.0);
INSERT INTO orders (id, venue_id, number, status, total_amount, opened_at, closed_at, table_number)
VALUES ('c8ee9dc8-3cf0-2a7b-78b5-d6c3f313aab2', '00000000-0000-0000-0000-000000000010', '6768', 'paid', 590.0, '2026-04-11 17:54:19', '2026-04-11 17:54:19', '2');
INSERT INTO order_items (order_id, product_id, product_name, product_price, quantity)
VALUES ('c8ee9dc8-3cf0-2a7b-78b5-d6c3f313aab2', 'bd63cdca-84b0-4bda-520e-13725e4b4e60', 'product_33', 370.0, 1);
INSERT INTO order_items (order_id, product_id, product_name, product_price, quantity)
VALUES ('c8ee9dc8-3cf0-2a7b-78b5-d6c3f313aab2', '81b3193a-f1f9-6ba6-5630-5c911f0c4a69', 'product_48', 220.0, 1);
INSERT INTO payments (order_id, venue_id, method, amount)
VALUES ('c8ee9dc8-3cf0-2a7b-78b5-d6c3f313aab2', '00000000-0000-0000-0000-000000000010', 'card', 590.0);
INSERT INTO orders (id, venue_id, number, status, total_amount, opened_at, closed_at, table_number)
VALUES ('9a769a8c-c893-8369-8e8a-66484f2f8885', '00000000-0000-0000-0000-000000000010', '6767', 'paid', 1570.0, '2026-04-11 17:51:48', '2026-04-11 17:51:48', '1');
INSERT INTO order_items (order_id, product_id, product_name, product_price, quantity)
VALUES ('9a769a8c-c893-8369-8e8a-66484f2f8885', '627b586a-57c8-d217-1549-c47bb32192ac', 'product_26', 460.0, 2);
INSERT INTO order_items (order_id, product_id, product_name, product_price, quantity)
VALUES ('9a769a8c-c893-8369-8e8a-66484f2f8885', '5f05b996-99f5-dfcb-e4b9-79078ca1f540', 'product_100', 460.0, 1);
INSERT INTO order_items (order_id, product_id, product_name, product_price, quantity)
VALUES ('9a769a8c-c893-8369-8e8a-66484f2f8885', '0caff6fe-c574-8665-33ca-5f2cee71ebb2', 'product_35', 190.0, 1);
INSERT INTO payments (order_id, venue_id, method, amount)
VALUES ('9a769a8c-c893-8369-8e8a-66484f2f8885', '00000000-0000-0000-0000-000000000010', 'cash', 1570.0);
INSERT INTO orders (id, venue_id, number, status, total_amount, opened_at, closed_at, table_number)
VALUES ('95809ac7-21e5-fbbc-ba45-9f2194478ab2', '00000000-0000-0000-0000-000000000010', '6766', 'paid', 2390.0, '2026-04-11 17:40:51', '2026-04-11 17:40:51', '13');
INSERT INTO order_items (order_id, product_id, product_name, product_price, quantity)
VALUES ('95809ac7-21e5-fbbc-ba45-9f2194478ab2', 'f5e07166-faf7-d429-5419-891577dc4984', 'product_180', 1750.0, 1);
INSERT INTO order_items (order_id, product_id, product_name, product_price, quantity)
VALUES ('95809ac7-21e5-fbbc-ba45-9f2194478ab2', 'fdb6f575-fe3f-282e-93d0-1dad56530fa5', 'product_15', 640.0, 1);
INSERT INTO payments (order_id, venue_id, method, amount)
VALUES ('95809ac7-21e5-fbbc-ba45-9f2194478ab2', '00000000-0000-0000-0000-000000000010', 'card', 2390.0);
INSERT INTO orders (id, venue_id, number, status, total_amount, opened_at, closed_at, table_number)
VALUES ('fb3fae75-87bf-76ae-727f-5f140f63777f', '00000000-0000-0000-0000-000000000010', '6760', 'paid', 2890.0, '2026-04-11 15:58:04', '2026-04-11 15:58:04', '2');
INSERT INTO order_items (order_id, product_id, product_name, product_price, quantity)
VALUES ('fb3fae75-87bf-76ae-727f-5f140f63777f', '0caff6fe-c574-8665-33ca-5f2cee71ebb2', 'product_35', 190.0, 1);
INSERT INTO order_items (order_id, product_id, product_name, product_price, quantity)
VALUES ('fb3fae75-87bf-76ae-727f-5f140f63777f', 'c0fb869e-f434-07cb-f666-b9f7e55d4032', 'product_113', 770.0, 1);
INSERT INTO order_items (order_id, product_id, product_name, product_price, quantity)
VALUES ('fb3fae75-87bf-76ae-727f-5f140f63777f', '0f7cfc79-3a3f-41ac-1aa4-b27431de9236', 'product_29', 620.0, 1);
INSERT INTO order_items (order_id, product_id, product_name, product_price, quantity)
VALUES ('fb3fae75-87bf-76ae-727f-5f140f63777f', '627b586a-57c8-d217-1549-c47bb32192ac', 'product_26', 460.0, 1);
INSERT INTO order_items (order_id, product_id, product_name, product_price, quantity)
VALUES ('fb3fae75-87bf-76ae-727f-5f140f63777f', '0d07baf4-74fe-e6af-ddf9-5304e58f2192', 'product_221', 850.0, 1);
INSERT INTO payments (order_id, venue_id, method, amount)
VALUES ('fb3fae75-87bf-76ae-727f-5f140f63777f', '00000000-0000-0000-0000-000000000010', 'cash', 2890.0);
INSERT INTO orders (id, venue_id, number, status, total_amount, opened_at, closed_at, table_number)
VALUES ('c9155c76-c58d-bb11-5f1d-e6a34f15f994', '00000000-0000-0000-0000-000000000010', '6764', 'paid', 590.0, '2026-04-11 15:57:13', '2026-04-11 15:57:13', '1');
INSERT INTO order_items (order_id, product_id, product_name, product_price, quantity)
VALUES ('c9155c76-c58d-bb11-5f1d-e6a34f15f994', '7a291d79-c795-0f76-118b-25d10a078238', 'product_191', 370.0, 1);
INSERT INTO order_items (order_id, product_id, product_name, product_price, quantity)
VALUES ('c9155c76-c58d-bb11-5f1d-e6a34f15f994', '81b3193a-f1f9-6ba6-5630-5c911f0c4a69', 'product_48', 220.0, 1);
INSERT INTO payments (order_id, venue_id, method, amount)
VALUES ('c9155c76-c58d-bb11-5f1d-e6a34f15f994', '00000000-0000-0000-0000-000000000010', 'cash', 590.0);
INSERT INTO orders (id, venue_id, number, status, total_amount, opened_at, closed_at, table_number)
VALUES ('5d579176-47c5-efe5-2c39-5bfba53456ae', '00000000-0000-0000-0000-000000000010', '6759', 'paid', 3750.0, '2026-04-11 14:57:54', '2026-04-11 14:57:54', '8');
INSERT INTO order_items (order_id, product_id, product_name, product_price, quantity)
VALUES ('5d579176-47c5-efe5-2c39-5bfba53456ae', '2836be19-8d27-0aa1-68ed-3bbc6cf94fb8', 'product_13', 270.0, 1);
INSERT INTO order_items (order_id, product_id, product_name, product_price, quantity)
VALUES ('5d579176-47c5-efe5-2c39-5bfba53456ae', 'c0fb869e-f434-07cb-f666-b9f7e55d4032', 'product_113', 770.0, 2);
INSERT INTO order_items (order_id, product_id, product_name, product_price, quantity)
VALUES ('5d579176-47c5-efe5-2c39-5bfba53456ae', '0f7cfc79-3a3f-41ac-1aa4-b27431de9236', 'product_29', 620.0, 1);
INSERT INTO order_items (order_id, product_id, product_name, product_price, quantity)
VALUES ('5d579176-47c5-efe5-2c39-5bfba53456ae', '627b586a-57c8-d217-1549-c47bb32192ac', 'product_26', 460.0, 1);
INSERT INTO order_items (order_id, product_id, product_name, product_price, quantity)
VALUES ('5d579176-47c5-efe5-2c39-5bfba53456ae', '1a9038b5-12c1-4b41-756a-ce6d8bb0fac8', 'product_114', 670.0, 1);
INSERT INTO order_items (order_id, product_id, product_name, product_price, quantity)
VALUES ('5d579176-47c5-efe5-2c39-5bfba53456ae', '0caff6fe-c574-8665-33ca-5f2cee71ebb2', 'product_35', 190.0, 1);
INSERT INTO payments (order_id, venue_id, method, amount)
VALUES ('5d579176-47c5-efe5-2c39-5bfba53456ae', '00000000-0000-0000-0000-000000000010', 'card', 3750.0);
INSERT INTO orders (id, venue_id, number, status, total_amount, opened_at, closed_at, table_number)
VALUES ('cb2f56ae-c875-e2c6-1280-b11ddc49312e', '00000000-0000-0000-0000-000000000010', '6763', 'paid', 380.0, '2026-04-11 14:24:19', '2026-04-11 14:24:19', '1');
INSERT INTO order_items (order_id, product_id, product_name, product_price, quantity)
VALUES ('cb2f56ae-c875-e2c6-1280-b11ddc49312e', '260b99e2-59bd-a3dc-c313-434aff0daf54', 'product_144', 190.0, 2);
INSERT INTO payments (order_id, venue_id, method, amount)
VALUES ('cb2f56ae-c875-e2c6-1280-b11ddc49312e', '00000000-0000-0000-0000-000000000010', 'card', 380.0);
INSERT INTO orders (id, venue_id, number, status, total_amount, opened_at, closed_at, table_number)
VALUES ('4a2bac95-b681-0e76-1bee-c515fb96cf46', '00000000-0000-0000-0000-000000000010', '6762', 'paid', 900.0, '2026-04-11 14:20:52', '2026-04-11 14:20:52', '1');
INSERT INTO order_items (order_id, product_id, product_name, product_price, quantity)
VALUES ('4a2bac95-b681-0e76-1bee-c515fb96cf46', 'b627abd9-fb00-28f4-a09b-09fcb24019c0', 'product_132', 150.0, 6);
INSERT INTO payments (order_id, venue_id, method, amount)
VALUES ('4a2bac95-b681-0e76-1bee-c515fb96cf46', '00000000-0000-0000-0000-000000000010', 'card', 900.0);
INSERT INTO orders (id, venue_id, number, status, total_amount, opened_at, closed_at, table_number)
VALUES ('510207ba-e647-98b6-2881-11442bd1a8a1', '00000000-0000-0000-0000-000000000010', '6761', 'paid', 540.0, '2026-04-11 14:09:31', '2026-04-11 14:09:31', '10');
INSERT INTO order_items (order_id, product_id, product_name, product_price, quantity)
VALUES ('510207ba-e647-98b6-2881-11442bd1a8a1', '2836be19-8d27-0aa1-68ed-3bbc6cf94fb8', 'product_13', 270.0, 1);
INSERT INTO order_items (order_id, product_id, product_name, product_price, quantity)
VALUES ('510207ba-e647-98b6-2881-11442bd1a8a1', '8b7920ef-e954-d760-2a69-99cafc830c2e', 'product_171', 270.0, 1);
INSERT INTO payments (order_id, venue_id, method, amount)
VALUES ('510207ba-e647-98b6-2881-11442bd1a8a1', '00000000-0000-0000-0000-000000000010', 'card', 540.0);
INSERT INTO orders (id, venue_id, number, status, total_amount, opened_at, closed_at, table_number)
VALUES ('ef739046-057a-ac67-869f-8ddf7aee0aae', '00000000-0000-0000-0000-000000000010', '6758', 'paid', 1070.0, '2026-04-11 14:08:22', '2026-04-11 14:08:22', '10');
INSERT INTO order_items (order_id, product_id, product_name, product_price, quantity)
VALUES ('ef739046-057a-ac67-869f-8ddf7aee0aae', '38432f7f-ba41-eaa0-7e46-d791008e4b02', 'product_6', 510.0, 1);
INSERT INTO order_items (order_id, product_id, product_name, product_price, quantity)
VALUES ('ef739046-057a-ac67-869f-8ddf7aee0aae', 'd46f67a1-e1dd-e079-0b5c-329f6422c4d4', 'product_60', 280.0, 2);
INSERT INTO order_items (order_id, product_id, product_name, product_price, quantity)
VALUES ('ef739046-057a-ac67-869f-8ddf7aee0aae', 'b9bdca4d-a423-6c36-2351-10cf52ff0eec', 'product_230', 0.0, 1);
INSERT INTO orders (id, venue_id, number, status, total_amount, opened_at, closed_at, table_number)
VALUES ('fec1642c-8731-e0fe-51e7-e84d035d1f24', '00000000-0000-0000-0000-000000000010', '6757', 'paid', 250.0, '2026-04-11 12:44:54', '2026-04-11 12:44:54', '1');
INSERT INTO order_items (order_id, product_id, product_name, product_price, quantity)
VALUES ('fec1642c-8731-e0fe-51e7-e84d035d1f24', '4695b67d-781a-20db-f80e-66824f8cfc13', 'product_55', 250.0, 1);
INSERT INTO payments (order_id, venue_id, method, amount)
VALUES ('fec1642c-8731-e0fe-51e7-e84d035d1f24', '00000000-0000-0000-0000-000000000010', 'card', 250.0);
INSERT INTO orders (id, venue_id, number, status, total_amount, opened_at, closed_at, table_number)
VALUES ('eaedc3e7-2d56-b1f7-b315-f62ec1dadba8', '00000000-0000-0000-0000-000000000010', '6750', 'paid', 0.0, '2026-04-11 09:17:17', '2026-04-11 09:17:17', '9');
INSERT INTO order_items (order_id, product_id, product_name, product_price, quantity)
VALUES ('eaedc3e7-2d56-b1f7-b315-f62ec1dadba8', '82c55340-bd07-2a9a-a6cc-6ce377f958f2', 'product_148', 0.0, 1);
INSERT INTO order_items (order_id, product_id, product_name, product_price, quantity)
VALUES ('eaedc3e7-2d56-b1f7-b315-f62ec1dadba8', '1afe238c-a186-0e67-9e9d-d39b8c4abe8a', 'product_229', 0.0, 1);
INSERT INTO order_items (order_id, product_id, product_name, product_price, quantity)
VALUES ('eaedc3e7-2d56-b1f7-b315-f62ec1dadba8', '12dd0c72-4671-5cd8-b7da-98389426555c', 'product_228', 0.0, 1);
INSERT INTO orders (id, venue_id, number, status, total_amount, opened_at, closed_at, table_number)
VALUES ('4310d6a4-7bee-c845-6f9b-08a99a67989e', '00000000-0000-0000-0000-000000000010', '6754', 'paid', 3030.0, '2026-04-10 22:53:38', '2026-04-10 22:53:38', '5');
INSERT INTO order_items (order_id, product_id, product_name, product_price, quantity)
VALUES ('4310d6a4-7bee-c845-6f9b-08a99a67989e', '30d3c4b2-8d8b-4d91-9c67-b3d72ab218cc', 'product_129', 470.0, 5);
INSERT INTO order_items (order_id, product_id, product_name, product_price, quantity)
VALUES ('4310d6a4-7bee-c845-6f9b-08a99a67989e', '81b3193a-f1f9-6ba6-5630-5c911f0c4a69', 'product_48', 220.0, 1);
INSERT INTO order_items (order_id, product_id, product_name, product_price, quantity)
VALUES ('4310d6a4-7bee-c845-6f9b-08a99a67989e', '8b7920ef-e954-d760-2a69-99cafc830c2e', 'product_171', 270.0, 1);
INSERT INTO order_items (order_id, product_id, product_name, product_price, quantity)
VALUES ('4310d6a4-7bee-c845-6f9b-08a99a67989e', 'a2b39819-292c-0b80-799d-c77d7020fc9d', 'product_34', 190.0, 1);
INSERT INTO payments (order_id, venue_id, method, amount)
VALUES ('4310d6a4-7bee-c845-6f9b-08a99a67989e', '00000000-0000-0000-0000-000000000010', 'cash', 3030.0);
INSERT INTO orders (id, venue_id, number, status, total_amount, opened_at, closed_at, table_number)
VALUES ('512ac5b8-7c85-ae1d-dfd5-d30e3a753ad9', '00000000-0000-0000-0000-000000000010', '6756', 'paid', 4270.0, '2026-04-10 22:43:43', '2026-04-10 22:43:43', '10');
INSERT INTO order_items (order_id, product_id, product_name, product_price, quantity)
VALUES ('512ac5b8-7c85-ae1d-dfd5-d30e3a753ad9', 'fdb6f575-fe3f-282e-93d0-1dad56530fa5', 'product_15', 640.0, 1);
INSERT INTO order_items (order_id, product_id, product_name, product_price, quantity)
VALUES ('512ac5b8-7c85-ae1d-dfd5-d30e3a753ad9', '0d07baf4-74fe-e6af-ddf9-5304e58f2192', 'product_221', 850.0, 1);
INSERT INTO order_items (order_id, product_id, product_name, product_price, quantity)
VALUES ('512ac5b8-7c85-ae1d-dfd5-d30e3a753ad9', 'ef5a0fd9-15a0-6dc1-a208-29c4a17eb52f', 'product_222', 710.0, 1);
INSERT INTO order_items (order_id, product_id, product_name, product_price, quantity)
VALUES ('512ac5b8-7c85-ae1d-dfd5-d30e3a753ad9', '7f688518-4003-c783-7333-b947a8856b49', 'product_28', 470.0, 1);
INSERT INTO order_items (order_id, product_id, product_name, product_price, quantity)
VALUES ('512ac5b8-7c85-ae1d-dfd5-d30e3a753ad9', '8b7920ef-e954-d760-2a69-99cafc830c2e', 'product_171', 270.0, 1);
INSERT INTO order_items (order_id, product_id, product_name, product_price, quantity)
VALUES ('512ac5b8-7c85-ae1d-dfd5-d30e3a753ad9', '1649694a-a1df-1a36-ccd0-08ba48ab2fd1', 'product_36', 550.0, 1);
INSERT INTO order_items (order_id, product_id, product_name, product_price, quantity)
VALUES ('512ac5b8-7c85-ae1d-dfd5-d30e3a753ad9', 'd158543d-e9dc-0b2a-7902-b665a39db719', 'product_126', 410.0, 1);
INSERT INTO order_items (order_id, product_id, product_name, product_price, quantity)
VALUES ('512ac5b8-7c85-ae1d-dfd5-d30e3a753ad9', 'f35ae6ee-40da-7479-c64b-612bff507023', 'product_31', 370.0, 1);
INSERT INTO payments (order_id, venue_id, method, amount)
VALUES ('512ac5b8-7c85-ae1d-dfd5-d30e3a753ad9', '00000000-0000-0000-0000-000000000010', 'card', 4270.0);
INSERT INTO orders (id, venue_id, number, status, total_amount, opened_at, closed_at, table_number)
VALUES ('de8092a5-ef50-26d5-4d62-4327643e5fa9', '00000000-0000-0000-0000-000000000010', '6755', 'paid', 5500.0, '2026-04-10 21:43:09', '2026-04-10 21:43:09', '7');
INSERT INTO order_items (order_id, product_id, product_name, product_price, quantity)
VALUES ('de8092a5-ef50-26d5-4d62-4327643e5fa9', 'c0fb869e-f434-07cb-f666-b9f7e55d4032', 'product_113', 770.0, 1);
INSERT INTO order_items (order_id, product_id, product_name, product_price, quantity)
VALUES ('de8092a5-ef50-26d5-4d62-4327643e5fa9', '1a9038b5-12c1-4b41-756a-ce6d8bb0fac8', 'product_114', 670.0, 3);
INSERT INTO order_items (order_id, product_id, product_name, product_price, quantity)
VALUES ('de8092a5-ef50-26d5-4d62-4327643e5fa9', 'f35a1ebf-94b4-c196-4fdb-5698a8e21330', 'product_170', 820.0, 1);
INSERT INTO order_items (order_id, product_id, product_name, product_price, quantity)
VALUES ('de8092a5-ef50-26d5-4d62-4327643e5fa9', '5f05b996-99f5-dfcb-e4b9-79078ca1f540', 'product_100', 460.0, 2);
INSERT INTO order_items (order_id, product_id, product_name, product_price, quantity)
VALUES ('de8092a5-ef50-26d5-4d62-4327643e5fa9', '7c7c305a-92ed-bc40-0bb5-1155fc4e313f', 'product_99', 220.0, 1);
INSERT INTO order_items (order_id, product_id, product_name, product_price, quantity)
VALUES ('de8092a5-ef50-26d5-4d62-4327643e5fa9', '260b99e2-59bd-a3dc-c313-434aff0daf54', 'product_144', 190.0, 4);
INSERT INTO payments (order_id, venue_id, method, amount)
VALUES ('de8092a5-ef50-26d5-4d62-4327643e5fa9', '00000000-0000-0000-0000-000000000010', 'card', 5500.0);
INSERT INTO orders (id, venue_id, number, status, total_amount, opened_at, closed_at, table_number)
VALUES ('9eda06c5-2ccc-679f-7763-7b452d38b0b8', '00000000-0000-0000-0000-000000000010', '6753', 'paid', 3640.0, '2026-04-10 20:49:44', '2026-04-10 20:49:44', '1');
INSERT INTO order_items (order_id, product_id, product_name, product_price, quantity)
VALUES ('9eda06c5-2ccc-679f-7763-7b452d38b0b8', 'c0fb869e-f434-07cb-f666-b9f7e55d4032', 'product_113', 770.0, 2);
INSERT INTO order_items (order_id, product_id, product_name, product_price, quantity)
VALUES ('9eda06c5-2ccc-679f-7763-7b452d38b0b8', '1a9038b5-12c1-4b41-756a-ce6d8bb0fac8', 'product_114', 670.0, 1);
INSERT INTO order_items (order_id, product_id, product_name, product_price, quantity)
VALUES ('9eda06c5-2ccc-679f-7763-7b452d38b0b8', '0f7cfc79-3a3f-41ac-1aa4-b27431de9236', 'product_29', 620.0, 1);
INSERT INTO order_items (order_id, product_id, product_name, product_price, quantity)
VALUES ('9eda06c5-2ccc-679f-7763-7b452d38b0b8', '0caff6fe-c574-8665-33ca-5f2cee71ebb2', 'product_35', 190.0, 1);
INSERT INTO order_items (order_id, product_id, product_name, product_price, quantity)
VALUES ('9eda06c5-2ccc-679f-7763-7b452d38b0b8', 'eb1260af-ca5f-c811-fd1c-bf1664229477', 'product_115', 310.0, 2);
INSERT INTO payments (order_id, venue_id, method, amount)
VALUES ('9eda06c5-2ccc-679f-7763-7b452d38b0b8', '00000000-0000-0000-0000-000000000010', 'card', 3640.0);
INSERT INTO orders (id, venue_id, number, status, total_amount, opened_at, closed_at, table_number)
VALUES ('a150e1b5-aca8-a9b5-f2d6-92f26c8ce281', '00000000-0000-0000-0000-000000000010', '6752', 'paid', 3330.0, '2026-04-10 20:47:34', '2026-04-10 20:47:34', '2');
INSERT INTO order_items (order_id, product_id, product_name, product_price, quantity)
VALUES ('a150e1b5-aca8-a9b5-f2d6-92f26c8ce281', '7f688518-4003-c783-7333-b947a8856b49', 'product_28', 470.0, 1);
INSERT INTO order_items (order_id, product_id, product_name, product_price, quantity)
VALUES ('a150e1b5-aca8-a9b5-f2d6-92f26c8ce281', 'f35a1ebf-94b4-c196-4fdb-5698a8e21330', 'product_170', 820.0, 1);
INSERT INTO order_items (order_id, product_id, product_name, product_price, quantity)
VALUES ('a150e1b5-aca8-a9b5-f2d6-92f26c8ce281', 'fdb6f575-fe3f-282e-93d0-1dad56530fa5', 'product_15', 640.0, 1);
INSERT INTO order_items (order_id, product_id, product_name, product_price, quantity)
VALUES ('a150e1b5-aca8-a9b5-f2d6-92f26c8ce281', 'eb1260af-ca5f-c811-fd1c-bf1664229477', 'product_115', 310.0, 2);
INSERT INTO order_items (order_id, product_id, product_name, product_price, quantity)
VALUES ('a150e1b5-aca8-a9b5-f2d6-92f26c8ce281', '260b99e2-59bd-a3dc-c313-434aff0daf54', 'product_144', 190.0, 1);
INSERT INTO order_items (order_id, product_id, product_name, product_price, quantity)
VALUES ('a150e1b5-aca8-a9b5-f2d6-92f26c8ce281', '7a291d79-c795-0f76-118b-25d10a078238', 'product_191', 370.0, 1);
INSERT INTO order_items (order_id, product_id, product_name, product_price, quantity)
VALUES ('a150e1b5-aca8-a9b5-f2d6-92f26c8ce281', '7c7c305a-92ed-bc40-0bb5-1155fc4e313f', 'product_99', 220.0, 1);
INSERT INTO payments (order_id, venue_id, method, amount)
VALUES ('a150e1b5-aca8-a9b5-f2d6-92f26c8ce281', '00000000-0000-0000-0000-000000000010', 'card', 3330.0);
INSERT INTO orders (id, venue_id, number, status, total_amount, opened_at, closed_at, table_number)
VALUES ('0ce9ade1-d695-c457-6dca-477b2bf64847', '00000000-0000-0000-0000-000000000010', '6751', 'paid', 1850.0, '2026-04-10 20:26:52', '2026-04-10 20:26:52', '8');
INSERT INTO order_items (order_id, product_id, product_name, product_price, quantity)
VALUES ('0ce9ade1-d695-c457-6dca-477b2bf64847', '0f7cfc79-3a3f-41ac-1aa4-b27431de9236', 'product_29', 620.0, 1);
INSERT INTO order_items (order_id, product_id, product_name, product_price, quantity)
VALUES ('0ce9ade1-d695-c457-6dca-477b2bf64847', 'c0fb869e-f434-07cb-f666-b9f7e55d4032', 'product_113', 770.0, 1);
INSERT INTO order_items (order_id, product_id, product_name, product_price, quantity)
VALUES ('0ce9ade1-d695-c457-6dca-477b2bf64847', 'c10f6483-27d9-ca48-5e52-fb5a740be095', 'product_166', 40.0, 1);
INSERT INTO order_items (order_id, product_id, product_name, product_price, quantity)
VALUES ('0ce9ade1-d695-c457-6dca-477b2bf64847', '62cdaaca-f6e8-fe1a-af41-d7fc95a79021', 'product_167', 40.0, 1);
INSERT INTO order_items (order_id, product_id, product_name, product_price, quantity)
VALUES ('0ce9ade1-d695-c457-6dca-477b2bf64847', '260b99e2-59bd-a3dc-c313-434aff0daf54', 'product_144', 190.0, 2);
INSERT INTO payments (order_id, venue_id, method, amount)
VALUES ('0ce9ade1-d695-c457-6dca-477b2bf64847', '00000000-0000-0000-0000-000000000010', 'card', 1850.0);
INSERT INTO orders (id, venue_id, number, status, total_amount, opened_at, closed_at, table_number)
VALUES ('33a00a35-4547-bdfc-0078-9aeab2c1f6e9', '00000000-0000-0000-0000-000000000010', '6749', 'paid', 500.0, '2026-04-10 17:26:25', '2026-04-10 17:26:25', '1');
INSERT INTO order_items (order_id, product_id, product_name, product_price, quantity)
VALUES ('33a00a35-4547-bdfc-0078-9aeab2c1f6e9', 'b627abd9-fb00-28f4-a09b-09fcb24019c0', 'product_132', 150.0, 3);
INSERT INTO order_items (order_id, product_id, product_name, product_price, quantity)
VALUES ('33a00a35-4547-bdfc-0078-9aeab2c1f6e9', 'ba6fbcf2-1f2b-909a-e5f9-b9c5fe635c92', 'product_187', 50.0, 1);
INSERT INTO payments (order_id, venue_id, method, amount)
VALUES ('33a00a35-4547-bdfc-0078-9aeab2c1f6e9', '00000000-0000-0000-0000-000000000010', 'card', 500.0);
INSERT INTO orders (id, venue_id, number, status, total_amount, opened_at, closed_at, table_number)
VALUES ('8c2af14d-f512-5a6f-9e7d-7ce600ee0ad2', '00000000-0000-0000-0000-000000000010', '6747', 'paid', 1290.0, '2026-04-10 17:15:43', '2026-04-10 17:15:43', '1');
INSERT INTO order_items (order_id, product_id, product_name, product_price, quantity)
VALUES ('8c2af14d-f512-5a6f-9e7d-7ce600ee0ad2', '5c3938ac-271e-5674-37aa-116c20435202', 'product_234', 370.0, 1);
INSERT INTO order_items (order_id, product_id, product_name, product_price, quantity)
VALUES ('8c2af14d-f512-5a6f-9e7d-7ce600ee0ad2', '7b0b5f60-47be-c07e-9585-af9a20b6d773', 'product_9', 460.0, 2);
INSERT INTO payments (order_id, venue_id, method, amount)
VALUES ('8c2af14d-f512-5a6f-9e7d-7ce600ee0ad2', '00000000-0000-0000-0000-000000000010', 'card', 1290.0);
INSERT INTO orders (id, venue_id, number, status, total_amount, opened_at, closed_at, table_number)
VALUES ('3621e802-769f-9e00-78de-5c02598f5c0e', '00000000-0000-0000-0000-000000000010', '6748', 'paid', 930.0, '2026-04-10 17:15:39', '2026-04-10 17:15:39', '10');
INSERT INTO order_items (order_id, product_id, product_name, product_price, quantity)
VALUES ('3621e802-769f-9e00-78de-5c02598f5c0e', 'd46f67a1-e1dd-e079-0b5c-329f6422c4d4', 'product_60', 280.0, 2);
INSERT INTO order_items (order_id, product_id, product_name, product_price, quantity)
VALUES ('3621e802-769f-9e00-78de-5c02598f5c0e', 'bd63cdca-84b0-4bda-520e-13725e4b4e60', 'product_33', 370.0, 1);
INSERT INTO payments (order_id, venue_id, method, amount)
VALUES ('3621e802-769f-9e00-78de-5c02598f5c0e', '00000000-0000-0000-0000-000000000010', 'card', 930.0);
INSERT INTO orders (id, venue_id, number, status, total_amount, opened_at, closed_at, table_number)
VALUES ('5a2c47ec-9c7e-d605-a30b-a048b85dc048', '00000000-0000-0000-0000-000000000010', '6746', 'paid', 2390.0, '2026-04-10 10:23:50', '2026-04-10 10:23:50', '13');
INSERT INTO order_items (order_id, product_id, product_name, product_price, quantity)
VALUES ('5a2c47ec-9c7e-d605-a30b-a048b85dc048', '38432f7f-ba41-eaa0-7e46-d791008e4b02', 'product_6', 510.0, 1);
INSERT INTO order_items (order_id, product_id, product_name, product_price, quantity)
VALUES ('5a2c47ec-9c7e-d605-a30b-a048b85dc048', 'b9bdca4d-a423-6c36-2351-10cf52ff0eec', 'product_230', 0.0, 2);
INSERT INTO order_items (order_id, product_id, product_name, product_price, quantity)
VALUES ('5a2c47ec-9c7e-d605-a30b-a048b85dc048', '94d2bddc-c99f-2985-f8eb-9d8a4a995ad3', 'product_10', 300.0, 2);
INSERT INTO order_items (order_id, product_id, product_name, product_price, quantity)
VALUES ('5a2c47ec-9c7e-d605-a30b-a048b85dc048', 'a2b39819-292c-0b80-799d-c77d7020fc9d', 'product_34', 190.0, 1);
INSERT INTO order_items (order_id, product_id, product_name, product_price, quantity)
VALUES ('5a2c47ec-9c7e-d605-a30b-a048b85dc048', 'da98da7c-a663-0228-294e-97c1fae50fd1', 'product_54', 180.0, 1);
INSERT INTO order_items (order_id, product_id, product_name, product_price, quantity)
VALUES ('5a2c47ec-9c7e-d605-a30b-a048b85dc048', 'f35ae6ee-40da-7479-c64b-612bff507023', 'product_31', 370.0, 1);
INSERT INTO order_items (order_id, product_id, product_name, product_price, quantity)
VALUES ('5a2c47ec-9c7e-d605-a30b-a048b85dc048', '12dd0c72-4671-5cd8-b7da-98389426555c', 'product_228', 0.0, 1);
INSERT INTO order_items (order_id, product_id, product_name, product_price, quantity)
VALUES ('5a2c47ec-9c7e-d605-a30b-a048b85dc048', '2836be19-8d27-0aa1-68ed-3bbc6cf94fb8', 'product_13', 270.0, 2);
INSERT INTO payments (order_id, venue_id, method, amount)
VALUES ('5a2c47ec-9c7e-d605-a30b-a048b85dc048', '00000000-0000-0000-0000-000000000010', 'card', 370.0);
INSERT INTO orders (id, venue_id, number, status, total_amount, opened_at, closed_at, table_number)
VALUES ('7b21a0f3-b9ea-a630-2ca7-fe9c34abc515', '00000000-0000-0000-0000-000000000010', '6745', 'paid', 370.0, '2026-04-09 22:57:52', '2026-04-09 22:57:52', '10');
INSERT INTO order_items (order_id, product_id, product_name, product_price, quantity)
VALUES ('7b21a0f3-b9ea-a630-2ca7-fe9c34abc515', '7a291d79-c795-0f76-118b-25d10a078238', 'product_191', 370.0, 1);
INSERT INTO payments (order_id, venue_id, method, amount)
VALUES ('7b21a0f3-b9ea-a630-2ca7-fe9c34abc515', '00000000-0000-0000-0000-000000000010', 'card', 370.0);
INSERT INTO orders (id, venue_id, number, status, total_amount, opened_at, closed_at, table_number)
VALUES ('7d70d4b4-e618-d7a2-0d46-bc91564bc35f', '00000000-0000-0000-0000-000000000010', '6744', 'paid', 0.0, '2026-04-09 22:36:31', '2026-04-09 22:36:31', '9');
INSERT INTO order_items (order_id, product_id, product_name, product_price, quantity)
VALUES ('7d70d4b4-e618-d7a2-0d46-bc91564bc35f', '82c55340-bd07-2a9a-a6cc-6ce377f958f2', 'product_148', 0.0, 1);
INSERT INTO order_items (order_id, product_id, product_name, product_price, quantity)
VALUES ('7d70d4b4-e618-d7a2-0d46-bc91564bc35f', '12dd0c72-4671-5cd8-b7da-98389426555c', 'product_228', 0.0, 1);
INSERT INTO order_items (order_id, product_id, product_name, product_price, quantity)
VALUES ('7d70d4b4-e618-d7a2-0d46-bc91564bc35f', '1afe238c-a186-0e67-9e9d-d39b8c4abe8a', 'product_229', 0.0, 1);
INSERT INTO orders (id, venue_id, number, status, total_amount, opened_at, closed_at, table_number)
VALUES ('382d2b48-ad7e-a245-2fa7-7275944cbec2', '00000000-0000-0000-0000-000000000010', '6743', 'paid', 4630.0, '2026-04-09 19:30:09', '2026-04-09 19:30:09', '1');
INSERT INTO order_items (order_id, product_id, product_name, product_price, quantity)
VALUES ('382d2b48-ad7e-a245-2fa7-7275944cbec2', '627b586a-57c8-d217-1549-c47bb32192ac', 'product_26', 460.0, 1);
INSERT INTO order_items (order_id, product_id, product_name, product_price, quantity)
VALUES ('382d2b48-ad7e-a245-2fa7-7275944cbec2', 'f35a1ebf-94b4-c196-4fdb-5698a8e21330', 'product_170', 820.0, 1);
INSERT INTO order_items (order_id, product_id, product_name, product_price, quantity)
VALUES ('382d2b48-ad7e-a245-2fa7-7275944cbec2', 'c0fb869e-f434-07cb-f666-b9f7e55d4032', 'product_113', 770.0, 1);
INSERT INTO order_items (order_id, product_id, product_name, product_price, quantity)
VALUES ('382d2b48-ad7e-a245-2fa7-7275944cbec2', 'e81dc667-2a7e-c5f0-b886-e7a3451b0fd2', 'product_219', 570.0, 1);
INSERT INTO order_items (order_id, product_id, product_name, product_price, quantity)
VALUES ('382d2b48-ad7e-a245-2fa7-7275944cbec2', 'eb1260af-ca5f-c811-fd1c-bf1664229477', 'product_115', 310.0, 1);
INSERT INTO order_items (order_id, product_id, product_name, product_price, quantity)
VALUES ('382d2b48-ad7e-a245-2fa7-7275944cbec2', '5f05b996-99f5-dfcb-e4b9-79078ca1f540', 'product_100', 460.0, 1);
INSERT INTO order_items (order_id, product_id, product_name, product_price, quantity)
VALUES ('382d2b48-ad7e-a245-2fa7-7275944cbec2', '4f62358e-97a1-94f3-88a7-2af7ee5afc60', 'product_182', 320.0, 1);
INSERT INTO order_items (order_id, product_id, product_name, product_price, quantity)
VALUES ('382d2b48-ad7e-a245-2fa7-7275944cbec2', 'bd63cdca-84b0-4bda-520e-13725e4b4e60', 'product_33', 370.0, 1);
INSERT INTO order_items (order_id, product_id, product_name, product_price, quantity)
VALUES ('382d2b48-ad7e-a245-2fa7-7275944cbec2', '1649694a-a1df-1a36-ccd0-08ba48ab2fd1', 'product_36', 550.0, 1);
INSERT INTO payments (order_id, venue_id, method, amount)
VALUES ('382d2b48-ad7e-a245-2fa7-7275944cbec2', '00000000-0000-0000-0000-000000000010', 'card', 4630.0);
INSERT INTO orders (id, venue_id, number, status, total_amount, opened_at, closed_at, table_number)
VALUES ('e287112d-8089-7ac1-4252-9a804cea62ce', '00000000-0000-0000-0000-000000000010', '6742', 'paid', 3620.0, '2026-04-09 17:32:55', '2026-04-09 17:32:55', '7');
INSERT INTO order_items (order_id, product_id, product_name, product_price, quantity)
VALUES ('e287112d-8089-7ac1-4252-9a804cea62ce', '0f7cfc79-3a3f-41ac-1aa4-b27431de9236', 'product_29', 620.0, 2);
INSERT INTO order_items (order_id, product_id, product_name, product_price, quantity)
VALUES ('e287112d-8089-7ac1-4252-9a804cea62ce', '9a06fa1f-d2b5-1b6f-d6c5-37c2ffa3adfd', 'product_168', 640.0, 1);
INSERT INTO order_items (order_id, product_id, product_name, product_price, quantity)
VALUES ('e287112d-8089-7ac1-4252-9a804cea62ce', 'fdb6f575-fe3f-282e-93d0-1dad56530fa5', 'product_15', 640.0, 1);
INSERT INTO order_items (order_id, product_id, product_name, product_price, quantity)
VALUES ('e287112d-8089-7ac1-4252-9a804cea62ce', '5c3938ac-271e-5674-37aa-116c20435202', 'product_234', 370.0, 1);
INSERT INTO order_items (order_id, product_id, product_name, product_price, quantity)
VALUES ('e287112d-8089-7ac1-4252-9a804cea62ce', '8b7920ef-e954-d760-2a69-99cafc830c2e', 'product_171', 270.0, 2);
INSERT INTO order_items (order_id, product_id, product_name, product_price, quantity)
VALUES ('e287112d-8089-7ac1-4252-9a804cea62ce', '260b99e2-59bd-a3dc-c313-434aff0daf54', 'product_144', 190.0, 1);
INSERT INTO payments (order_id, venue_id, method, amount)
VALUES ('e287112d-8089-7ac1-4252-9a804cea62ce', '00000000-0000-0000-0000-000000000010', 'card', 3620.0);
INSERT INTO orders (id, venue_id, number, status, total_amount, opened_at, closed_at, table_number)
VALUES ('38005cce-52ec-3657-0c3f-8b73c9a1583b', '00000000-0000-0000-0000-000000000010', '6741', 'paid', 1260.0, '2026-04-09 11:59:42', '2026-04-09 11:59:42', '12');
INSERT INTO order_items (order_id, product_id, product_name, product_price, quantity)
VALUES ('38005cce-52ec-3657-0c3f-8b73c9a1583b', 'f35a1ebf-94b4-c196-4fdb-5698a8e21330', 'product_170', 820.0, 1);
INSERT INTO order_items (order_id, product_id, product_name, product_price, quantity)
VALUES ('38005cce-52ec-3657-0c3f-8b73c9a1583b', 'ce90a2e4-a08b-570d-aca7-50bb5d2d0ab2', 'product_112', 440.0, 1);
INSERT INTO payments (order_id, venue_id, method, amount)
VALUES ('38005cce-52ec-3657-0c3f-8b73c9a1583b', '00000000-0000-0000-0000-000000000010', 'card', 1260.0);
INSERT INTO orders (id, venue_id, number, status, total_amount, opened_at, closed_at, table_number)
VALUES ('abc0e57c-1d7e-2a18-f21b-0ec749c119d0', '00000000-0000-0000-0000-000000000010', '6739', 'paid', 0.0, '2026-04-08 22:45:29', '2026-04-08 22:45:29', '9');
INSERT INTO order_items (order_id, product_id, product_name, product_price, quantity)
VALUES ('abc0e57c-1d7e-2a18-f21b-0ec749c119d0', '12dd0c72-4671-5cd8-b7da-98389426555c', 'product_228', 0.0, 1);
INSERT INTO order_items (order_id, product_id, product_name, product_price, quantity)
VALUES ('abc0e57c-1d7e-2a18-f21b-0ec749c119d0', '82c55340-bd07-2a9a-a6cc-6ce377f958f2', 'product_148', 0.0, 1);
INSERT INTO order_items (order_id, product_id, product_name, product_price, quantity)
VALUES ('abc0e57c-1d7e-2a18-f21b-0ec749c119d0', '82c55340-bd07-2a9a-a6cc-6ce377f958f2', 'product_148', 0.0, 1);
INSERT INTO orders (id, venue_id, number, status, total_amount, opened_at, closed_at, table_number)
VALUES ('9575ba09-2660-c794-88d4-7ec121c476cf', '00000000-0000-0000-0000-000000000010', '6737', 'paid', 480.0, '2026-04-08 20:01:53', '2026-04-08 20:01:53', '7');
INSERT INTO order_items (order_id, product_id, product_name, product_price, quantity)
VALUES ('9575ba09-2660-c794-88d4-7ec121c476cf', '338bdc4d-fbd5-43ad-a7a7-3951ceca3a16', 'product_97', 260.0, 1);
INSERT INTO order_items (order_id, product_id, product_name, product_price, quantity)
VALUES ('9575ba09-2660-c794-88d4-7ec121c476cf', 'bc75aa2b-4910-21bf-56ff-d9769b039d8e', 'product_47', 220.0, 1);
INSERT INTO payments (order_id, venue_id, method, amount)
VALUES ('9575ba09-2660-c794-88d4-7ec121c476cf', '00000000-0000-0000-0000-000000000010', 'card', 480.0);
INSERT INTO orders (id, venue_id, number, status, total_amount, opened_at, closed_at, table_number)
VALUES ('45e7a960-4042-722c-8388-6eabed506202', '00000000-0000-0000-0000-000000000010', '6738', 'paid', 540.0, '2026-04-08 19:59:46', '2026-04-08 19:59:46', '6');
INSERT INTO order_items (order_id, product_id, product_name, product_price, quantity)
VALUES ('45e7a960-4042-722c-8388-6eabed506202', '2e331f2f-b6fd-7898-11b0-9b0e3a2e58be', 'product_57', 180.0, 3);
INSERT INTO payments (order_id, venue_id, method, amount)
VALUES ('45e7a960-4042-722c-8388-6eabed506202', '00000000-0000-0000-0000-000000000010', 'cash', 540.0);
INSERT INTO orders (id, venue_id, number, status, total_amount, opened_at, closed_at, table_number)
VALUES ('17cec271-d6ab-d345-aa09-4c40172b612f', '00000000-0000-0000-0000-000000000010', '6740', 'paid', 1350.0, '2026-04-08 19:57:05', '2026-04-08 19:57:05', '8');
INSERT INTO order_items (order_id, product_id, product_name, product_price, quantity)
VALUES ('17cec271-d6ab-d345-aa09-4c40172b612f', 'b627abd9-fb00-28f4-a09b-09fcb24019c0', 'product_132', 150.0, 9);
INSERT INTO payments (order_id, venue_id, method, amount)
VALUES ('17cec271-d6ab-d345-aa09-4c40172b612f', '00000000-0000-0000-0000-000000000010', 'card', 1350.0);
INSERT INTO orders (id, venue_id, number, status, total_amount, opened_at, closed_at, table_number)
VALUES ('7edc0045-14a1-15e0-ed60-85e754979a47', '00000000-0000-0000-0000-000000000010', '6735', 'paid', 0.0, '2026-04-07 21:21:22', '2026-04-07 21:21:22', '9');
INSERT INTO order_items (order_id, product_id, product_name, product_price, quantity)
VALUES ('7edc0045-14a1-15e0-ed60-85e754979a47', '82c55340-bd07-2a9a-a6cc-6ce377f958f2', 'product_148', 0.0, 1);
INSERT INTO order_items (order_id, product_id, product_name, product_price, quantity)
VALUES ('7edc0045-14a1-15e0-ed60-85e754979a47', '12dd0c72-4671-5cd8-b7da-98389426555c', 'product_228', 0.0, 1);
INSERT INTO orders (id, venue_id, number, status, total_amount, opened_at, closed_at, table_number)
VALUES ('27ff5a20-f958-ed4f-f249-fa5217a26b30', '00000000-0000-0000-0000-000000000010', '6734', 'paid', 1340.0, '2026-04-07 20:50:54', '2026-04-07 20:50:54', '12');
INSERT INTO order_items (order_id, product_id, product_name, product_price, quantity)
VALUES ('27ff5a20-f958-ed4f-f249-fa5217a26b30', 'c0fb869e-f434-07cb-f666-b9f7e55d4032', 'product_113', 770.0, 1);
INSERT INTO order_items (order_id, product_id, product_name, product_price, quantity)
VALUES ('27ff5a20-f958-ed4f-f249-fa5217a26b30', 'e81dc667-2a7e-c5f0-b886-e7a3451b0fd2', 'product_219', 570.0, 1);
INSERT INTO payments (order_id, venue_id, method, amount)
VALUES ('27ff5a20-f958-ed4f-f249-fa5217a26b30', '00000000-0000-0000-0000-000000000010', 'card', 1340.0);
INSERT INTO orders (id, venue_id, number, status, total_amount, opened_at, closed_at, table_number)
VALUES ('50d4c54c-56f6-7c12-3948-b6730e53ec38', '00000000-0000-0000-0000-000000000010', '6732', 'paid', 1180.0, '2026-04-07 20:30:48', '2026-04-07 20:30:48', '7');
INSERT INTO order_items (order_id, product_id, product_name, product_price, quantity)
VALUES ('50d4c54c-56f6-7c12-3948-b6730e53ec38', '42b6e7d8-7668-f5ba-8b37-8e29dbe0f18e', 'product_101', 300.0, 2);
INSERT INTO order_items (order_id, product_id, product_name, product_price, quantity)
VALUES ('50d4c54c-56f6-7c12-3948-b6730e53ec38', 'd46f67a1-e1dd-e079-0b5c-329f6422c4d4', 'product_60', 280.0, 1);
INSERT INTO order_items (order_id, product_id, product_name, product_price, quantity)
VALUES ('50d4c54c-56f6-7c12-3948-b6730e53ec38', '42b6e7d8-7668-f5ba-8b37-8e29dbe0f18e', 'product_101', 300.0, 1);
INSERT INTO payments (order_id, venue_id, method, amount)
VALUES ('50d4c54c-56f6-7c12-3948-b6730e53ec38', '00000000-0000-0000-0000-000000000010', 'cash', 1180.0);
INSERT INTO orders (id, venue_id, number, status, total_amount, opened_at, closed_at, table_number)
VALUES ('3dce7053-1a08-71ec-c242-fd6f969dbb1e', '00000000-0000-0000-0000-000000000010', '6733', 'paid', 900.0, '2026-04-07 20:29:38', '2026-04-07 20:29:38', '1');
INSERT INTO order_items (order_id, product_id, product_name, product_price, quantity)
VALUES ('3dce7053-1a08-71ec-c242-fd6f969dbb1e', 'b627abd9-fb00-28f4-a09b-09fcb24019c0', 'product_132', 150.0, 6);
INSERT INTO payments (order_id, venue_id, method, amount)
VALUES ('3dce7053-1a08-71ec-c242-fd6f969dbb1e', '00000000-0000-0000-0000-000000000010', 'card', 900.0);
INSERT INTO orders (id, venue_id, number, status, total_amount, opened_at, closed_at, table_number)
VALUES ('a0afc535-4bcc-c6ce-ce53-9aec383496af', '00000000-0000-0000-0000-000000000010', '6731', 'paid', 2130.0, '2026-04-07 18:21:08', '2026-04-07 18:21:08', '7');
INSERT INTO order_items (order_id, product_id, product_name, product_price, quantity)
VALUES ('a0afc535-4bcc-c6ce-ce53-9aec383496af', '38432f7f-ba41-eaa0-7e46-d791008e4b02', 'product_6', 510.0, 3);
INSERT INTO order_items (order_id, product_id, product_name, product_price, quantity)
VALUES ('a0afc535-4bcc-c6ce-ce53-9aec383496af', '7c7c305a-92ed-bc40-0bb5-1155fc4e313f', 'product_99', 220.0, 1);
INSERT INTO order_items (order_id, product_id, product_name, product_price, quantity)
VALUES ('a0afc535-4bcc-c6ce-ce53-9aec383496af', '0caff6fe-c574-8665-33ca-5f2cee71ebb2', 'product_35', 190.0, 2);
INSERT INTO payments (order_id, venue_id, method, amount)
VALUES ('a0afc535-4bcc-c6ce-ce53-9aec383496af', '00000000-0000-0000-0000-000000000010', 'card', 1704.0);
INSERT INTO orders (id, venue_id, number, status, total_amount, opened_at, closed_at, table_number)
VALUES ('4e730ad3-3980-881a-67f8-f304cbc674be', '00000000-0000-0000-0000-000000000010', '6730', 'paid', 2500.0, '2026-04-07 17:11:05', '2026-04-07 17:11:05', '5');
INSERT INTO order_items (order_id, product_id, product_name, product_price, quantity)
VALUES ('4e730ad3-3980-881a-67f8-f304cbc674be', 'c0fb869e-f434-07cb-f666-b9f7e55d4032', 'product_113', 770.0, 3);
INSERT INTO order_items (order_id, product_id, product_name, product_price, quantity)
VALUES ('4e730ad3-3980-881a-67f8-f304cbc674be', '0caff6fe-c574-8665-33ca-5f2cee71ebb2', 'product_35', 190.0, 1);
INSERT INTO payments (order_id, venue_id, method, amount)
VALUES ('4e730ad3-3980-881a-67f8-f304cbc674be', '00000000-0000-0000-0000-000000000010', 'card', 2500.0);
INSERT INTO orders (id, venue_id, number, status, total_amount, opened_at, closed_at, table_number)
VALUES ('6033517b-a14b-98de-ece0-f994c06959fb', '00000000-0000-0000-0000-000000000010', '6729', 'paid', 260.0, '2026-04-07 14:27:48', '2026-04-07 14:27:48', '9');
INSERT INTO order_items (order_id, product_id, product_name, product_price, quantity)
VALUES ('6033517b-a14b-98de-ece0-f994c06959fb', '966437e8-b784-92e7-0afa-ff8bde6f1e53', 'product_145', 130.0, 2);
INSERT INTO payments (order_id, venue_id, method, amount)
VALUES ('6033517b-a14b-98de-ece0-f994c06959fb', '00000000-0000-0000-0000-000000000010', 'cash', 260.0);
INSERT INTO orders (id, venue_id, number, status, total_amount, opened_at, closed_at, table_number)
VALUES ('bf595314-3996-9d8b-9d79-3fdaef9395c9', '00000000-0000-0000-0000-000000000010', '6723', 'paid', 0.0, '2026-04-07 12:37:52', '2026-04-07 12:37:52', '9');
INSERT INTO order_items (order_id, product_id, product_name, product_price, quantity)
VALUES ('bf595314-3996-9d8b-9d79-3fdaef9395c9', '12dd0c72-4671-5cd8-b7da-98389426555c', 'product_228', 0.0, 1);
INSERT INTO order_items (order_id, product_id, product_name, product_price, quantity)
VALUES ('bf595314-3996-9d8b-9d79-3fdaef9395c9', '1afe238c-a186-0e67-9e9d-d39b8c4abe8a', 'product_229', 0.0, 1);
INSERT INTO order_items (order_id, product_id, product_name, product_price, quantity)
VALUES ('bf595314-3996-9d8b-9d79-3fdaef9395c9', '82c55340-bd07-2a9a-a6cc-6ce377f958f2', 'product_148', 0.0, 1);
INSERT INTO orders (id, venue_id, number, status, total_amount, opened_at, closed_at, table_number)
VALUES ('5869e5af-8806-04cd-d0d5-2e24b2367f49', '00000000-0000-0000-0000-000000000010', '6728', 'paid', 2880.0, '2026-04-07 10:58:14', '2026-04-07 10:58:14', '8');
INSERT INTO order_items (order_id, product_id, product_name, product_price, quantity)
VALUES ('5869e5af-8806-04cd-d0d5-2e24b2367f49', '38432f7f-ba41-eaa0-7e46-d791008e4b02', 'product_6', 510.0, 1);
INSERT INTO order_items (order_id, product_id, product_name, product_price, quantity)
VALUES ('5869e5af-8806-04cd-d0d5-2e24b2367f49', '7b0b5f60-47be-c07e-9585-af9a20b6d773', 'product_9', 460.0, 3);
INSERT INTO order_items (order_id, product_id, product_name, product_price, quantity)
VALUES ('5869e5af-8806-04cd-d0d5-2e24b2367f49', '9d00fee6-5b1a-acb8-1114-e668525ce1a6', 'product_200', 330.0, 3);
INSERT INTO orders (id, venue_id, number, status, total_amount, opened_at, closed_at, table_number)
VALUES ('c20a4895-cd34-9f01-9ad6-6773beddce80', '00000000-0000-0000-0000-000000000010', '6727', 'paid', 1330.0, '2026-04-07 10:17:09', '2026-04-07 10:17:09', '2');
INSERT INTO order_items (order_id, product_id, product_name, product_price, quantity)
VALUES ('c20a4895-cd34-9f01-9ad6-6773beddce80', '7b0b5f60-47be-c07e-9585-af9a20b6d773', 'product_9', 460.0, 1);
INSERT INTO order_items (order_id, product_id, product_name, product_price, quantity)
VALUES ('c20a4895-cd34-9f01-9ad6-6773beddce80', '38432f7f-ba41-eaa0-7e46-d791008e4b02', 'product_6', 510.0, 1);
INSERT INTO order_items (order_id, product_id, product_name, product_price, quantity)
VALUES ('c20a4895-cd34-9f01-9ad6-6773beddce80', 'da98da7c-a663-0228-294e-97c1fae50fd1', 'product_54', 180.0, 2);
INSERT INTO orders (id, venue_id, number, status, total_amount, opened_at, closed_at, table_number)
VALUES ('614b4221-710a-da6d-2656-e09a2d125609', '00000000-0000-0000-0000-000000000010', '6726', 'paid', 1450.0, '2026-04-07 10:16:14', '2026-04-07 10:16:14', '11');
INSERT INTO order_items (order_id, product_id, product_name, product_price, quantity)
VALUES ('614b4221-710a-da6d-2656-e09a2d125609', 'c0fb869e-f434-07cb-f666-b9f7e55d4032', 'product_113', 770.0, 1);
INSERT INTO order_items (order_id, product_id, product_name, product_price, quantity)
VALUES ('614b4221-710a-da6d-2656-e09a2d125609', '62cdaaca-f6e8-fe1a-af41-d7fc95a79021', 'product_167', 40.0, 1);
INSERT INTO order_items (order_id, product_id, product_name, product_price, quantity)
VALUES ('614b4221-710a-da6d-2656-e09a2d125609', 'fdb6f575-fe3f-282e-93d0-1dad56530fa5', 'product_15', 640.0, 1);
INSERT INTO payments (order_id, venue_id, method, amount)
VALUES ('614b4221-710a-da6d-2656-e09a2d125609', '00000000-0000-0000-0000-000000000010', 'cash', 1450.0);
INSERT INTO orders (id, venue_id, number, status, total_amount, opened_at, closed_at, table_number)
VALUES ('5af72187-b260-65fe-203f-b237724f01f4', '00000000-0000-0000-0000-000000000010', '6725', 'paid', 2170.0, '2026-04-06 23:02:36', '2026-04-06 23:02:36', '11');
INSERT INTO order_items (order_id, product_id, product_name, product_price, quantity)
VALUES ('5af72187-b260-65fe-203f-b237724f01f4', '12c00a10-9417-532f-bd97-a2bf1a11e847', 'product_120', 2170.0, 1);
INSERT INTO payments (order_id, venue_id, method, amount)
VALUES ('5af72187-b260-65fe-203f-b237724f01f4', '00000000-0000-0000-0000-000000000010', 'card', 2170.0);
INSERT INTO orders (id, venue_id, number, status, total_amount, opened_at, closed_at, table_number)
VALUES ('63aafff2-37e0-dd96-515c-ddc54e485c8c', '00000000-0000-0000-0000-000000000010', '6724', 'paid', 3100.0, '2026-04-06 23:02:06', '2026-04-06 23:02:06', '11');
INSERT INTO order_items (order_id, product_id, product_name, product_price, quantity)
VALUES ('63aafff2-37e0-dd96-515c-ddc54e485c8c', '87a16f18-fe21-86fb-1acf-9c8cc486478a', 'product_122', 3100.0, 1);
INSERT INTO payments (order_id, venue_id, method, amount)
VALUES ('63aafff2-37e0-dd96-515c-ddc54e485c8c', '00000000-0000-0000-0000-000000000010', 'card', 3100.0);
INSERT INTO orders (id, venue_id, number, status, total_amount, opened_at, closed_at, table_number)
VALUES ('70e18125-8c84-6e77-3cb6-07dd35c34968', '00000000-0000-0000-0000-000000000010', '6722', 'paid', 0.0, '2026-04-06 16:04:37', '2026-04-06 16:04:37', '9');
INSERT INTO order_items (order_id, product_id, product_name, product_price, quantity)
VALUES ('70e18125-8c84-6e77-3cb6-07dd35c34968', '82c55340-bd07-2a9a-a6cc-6ce377f958f2', 'product_148', 0.0, 1);
INSERT INTO order_items (order_id, product_id, product_name, product_price, quantity)
VALUES ('70e18125-8c84-6e77-3cb6-07dd35c34968', '1afe238c-a186-0e67-9e9d-d39b8c4abe8a', 'product_229', 0.0, 1);
INSERT INTO orders (id, venue_id, number, status, total_amount, opened_at, closed_at, table_number)
VALUES ('7a8ad96d-7748-167a-ff70-1384925c9cbd', '00000000-0000-0000-0000-000000000010', '6721', 'paid', 1600.0, '2026-04-06 16:00:22', '2026-04-06 16:00:22', '2');
INSERT INTO order_items (order_id, product_id, product_name, product_price, quantity)
VALUES ('7a8ad96d-7748-167a-ff70-1384925c9cbd', '7f688518-4003-c783-7333-b947a8856b49', 'product_28', 470.0, 1);
INSERT INTO order_items (order_id, product_id, product_name, product_price, quantity)
VALUES ('7a8ad96d-7748-167a-ff70-1384925c9cbd', 'f35a1ebf-94b4-c196-4fdb-5698a8e21330', 'product_170', 820.0, 1);
INSERT INTO order_items (order_id, product_id, product_name, product_price, quantity)
VALUES ('7a8ad96d-7748-167a-ff70-1384925c9cbd', '260b99e2-59bd-a3dc-c313-434aff0daf54', 'product_144', 190.0, 1);
INSERT INTO order_items (order_id, product_id, product_name, product_price, quantity)
VALUES ('7a8ad96d-7748-167a-ff70-1384925c9cbd', 'ec61223f-a380-dd08-f9eb-461b3c2f80e6', 'product_163', 120.0, 1);
INSERT INTO payments (order_id, venue_id, method, amount)
VALUES ('7a8ad96d-7748-167a-ff70-1384925c9cbd', '00000000-0000-0000-0000-000000000010', 'card', 1600.0);
INSERT INTO orders (id, venue_id, number, status, total_amount, opened_at, closed_at, table_number)
VALUES ('44de108f-4e5a-4790-3d41-6875f5ace226', '00000000-0000-0000-0000-000000000010', '6720', 'paid', 370.0, '2026-04-05 19:32:23', '2026-04-05 19:32:23', '7');
INSERT INTO order_items (order_id, product_id, product_name, product_price, quantity)
VALUES ('44de108f-4e5a-4790-3d41-6875f5ace226', '5c3938ac-271e-5674-37aa-116c20435202', 'product_234', 370.0, 1);
INSERT INTO payments (order_id, venue_id, method, amount)
VALUES ('44de108f-4e5a-4790-3d41-6875f5ace226', '00000000-0000-0000-0000-000000000010', 'card', 370.0);
INSERT INTO orders (id, venue_id, number, status, total_amount, opened_at, closed_at, table_number)
VALUES ('09a97c1f-cebe-f737-ec5d-2a8e62f0a8aa', '00000000-0000-0000-0000-000000000010', '6719', 'paid', 370.0, '2026-04-05 18:40:02', '2026-04-05 18:40:02', '2');
INSERT INTO order_items (order_id, product_id, product_name, product_price, quantity)
VALUES ('09a97c1f-cebe-f737-ec5d-2a8e62f0a8aa', '7a291d79-c795-0f76-118b-25d10a078238', 'product_191', 370.0, 1);
INSERT INTO payments (order_id, venue_id, method, amount)
VALUES ('09a97c1f-cebe-f737-ec5d-2a8e62f0a8aa', '00000000-0000-0000-0000-000000000010', 'card', 370.0);
INSERT INTO orders (id, venue_id, number, status, total_amount, opened_at, closed_at, table_number)
VALUES ('fc0962c8-6df2-4e1d-648a-9109fa7c2a48', '00000000-0000-0000-0000-000000000010', '6718', 'paid', 370.0, '2026-04-05 18:31:03', '2026-04-05 18:31:03', '1');
INSERT INTO order_items (order_id, product_id, product_name, product_price, quantity)
VALUES ('fc0962c8-6df2-4e1d-648a-9109fa7c2a48', '5c3938ac-271e-5674-37aa-116c20435202', 'product_234', 370.0, 1);
INSERT INTO payments (order_id, venue_id, method, amount)
VALUES ('fc0962c8-6df2-4e1d-648a-9109fa7c2a48', '00000000-0000-0000-0000-000000000010', 'card', 370.0);
INSERT INTO orders (id, venue_id, number, status, total_amount, opened_at, closed_at, table_number)
VALUES ('8c37c4e0-7568-7112-f755-fd0a1e07b452', '00000000-0000-0000-0000-000000000010', '6708', 'paid', 0.0, '2026-04-05 18:25:57', '2026-04-05 18:25:57', '9');
INSERT INTO order_items (order_id, product_id, product_name, product_price, quantity)
VALUES ('8c37c4e0-7568-7112-f755-fd0a1e07b452', '82c55340-bd07-2a9a-a6cc-6ce377f958f2', 'product_148', 0.0, 1);
INSERT INTO order_items (order_id, product_id, product_name, product_price, quantity)
VALUES ('8c37c4e0-7568-7112-f755-fd0a1e07b452', '1afe238c-a186-0e67-9e9d-d39b8c4abe8a', 'product_229', 0.0, 1);
INSERT INTO order_items (order_id, product_id, product_name, product_price, quantity)
VALUES ('8c37c4e0-7568-7112-f755-fd0a1e07b452', '82c55340-bd07-2a9a-a6cc-6ce377f958f2', 'product_148', 0.0, 1);
INSERT INTO order_items (order_id, product_id, product_name, product_price, quantity)
VALUES ('8c37c4e0-7568-7112-f755-fd0a1e07b452', '12dd0c72-4671-5cd8-b7da-98389426555c', 'product_228', 0.0, 1);
INSERT INTO orders (id, venue_id, number, status, total_amount, opened_at, closed_at, table_number)
VALUES ('b464782f-a7ee-a60f-8f93-66aa042f250f', '00000000-0000-0000-0000-000000000010', '6717', 'paid', 690.0, '2026-04-05 18:24:44', '2026-04-05 18:24:44', '1');
INSERT INTO order_items (order_id, product_id, product_name, product_price, quantity)
VALUES ('b464782f-a7ee-a60f-8f93-66aa042f250f', '021231f4-e9fa-ecbb-5f2a-ad1321ca42ea', 'product_59', 230.0, 3);
INSERT INTO payments (order_id, venue_id, method, amount)
VALUES ('b464782f-a7ee-a60f-8f93-66aa042f250f', '00000000-0000-0000-0000-000000000010', 'card', 690.0);
INSERT INTO orders (id, venue_id, number, status, total_amount, opened_at, closed_at, table_number)
VALUES ('d6c6135f-8908-b679-3c03-0a5964f64758', '00000000-0000-0000-0000-000000000010', '6716', 'paid', 840.0, '2026-04-05 17:59:43', '2026-04-05 17:59:43', '1');
INSERT INTO order_items (order_id, product_id, product_name, product_price, quantity)
VALUES ('d6c6135f-8908-b679-3c03-0a5964f64758', 'd46f67a1-e1dd-e079-0b5c-329f6422c4d4', 'product_60', 280.0, 3);
INSERT INTO payments (order_id, venue_id, method, amount)
VALUES ('d6c6135f-8908-b679-3c03-0a5964f64758', '00000000-0000-0000-0000-000000000010', 'cash', 840.0);
INSERT INTO orders (id, venue_id, number, status, total_amount, opened_at, closed_at, table_number)
VALUES ('34878ba1-c6bd-e5a4-149d-fcc28074be32', '00000000-0000-0000-0000-000000000010', '6715', 'paid', 280.0, '2026-04-05 17:48:20', '2026-04-05 17:48:20', '1');
INSERT INTO order_items (order_id, product_id, product_name, product_price, quantity)
VALUES ('34878ba1-c6bd-e5a4-149d-fcc28074be32', 'd46f67a1-e1dd-e079-0b5c-329f6422c4d4', 'product_60', 280.0, 1);
INSERT INTO payments (order_id, venue_id, method, amount)
VALUES ('34878ba1-c6bd-e5a4-149d-fcc28074be32', '00000000-0000-0000-0000-000000000010', 'card', 280.0);
INSERT INTO orders (id, venue_id, number, status, total_amount, opened_at, closed_at, table_number)
VALUES ('67058879-411a-ad14-fc17-13c1ea555093', '00000000-0000-0000-0000-000000000010', '6710', 'paid', 4360.0, '2026-04-05 15:20:37', '2026-04-05 15:20:37', '8');
INSERT INTO order_items (order_id, product_id, product_name, product_price, quantity)
VALUES ('67058879-411a-ad14-fc17-13c1ea555093', '0f7cfc79-3a3f-41ac-1aa4-b27431de9236', 'product_29', 620.0, 2);
INSERT INTO order_items (order_id, product_id, product_name, product_price, quantity)
VALUES ('67058879-411a-ad14-fc17-13c1ea555093', '627b586a-57c8-d217-1549-c47bb32192ac', 'product_26', 460.0, 1);
INSERT INTO order_items (order_id, product_id, product_name, product_price, quantity)
VALUES ('67058879-411a-ad14-fc17-13c1ea555093', '0caff6fe-c574-8665-33ca-5f2cee71ebb2', 'product_35', 190.0, 2);
INSERT INTO order_items (order_id, product_id, product_name, product_price, quantity)
VALUES ('67058879-411a-ad14-fc17-13c1ea555093', '7c7c305a-92ed-bc40-0bb5-1155fc4e313f', 'product_99', 220.0, 1);
INSERT INTO order_items (order_id, product_id, product_name, product_price, quantity)
VALUES ('67058879-411a-ad14-fc17-13c1ea555093', 'f35a1ebf-94b4-c196-4fdb-5698a8e21330', 'product_170', 820.0, 1);
INSERT INTO order_items (order_id, product_id, product_name, product_price, quantity)
VALUES ('67058879-411a-ad14-fc17-13c1ea555093', '1a9038b5-12c1-4b41-756a-ce6d8bb0fac8', 'product_114', 670.0, 1);
INSERT INTO order_items (order_id, product_id, product_name, product_price, quantity)
VALUES ('67058879-411a-ad14-fc17-13c1ea555093', '260b99e2-59bd-a3dc-c313-434aff0daf54', 'product_144', 190.0, 3);
INSERT INTO payments (order_id, venue_id, method, amount)
VALUES ('67058879-411a-ad14-fc17-13c1ea555093', '00000000-0000-0000-0000-000000000010', 'card', 4360.0);
INSERT INTO orders (id, venue_id, number, status, total_amount, opened_at, closed_at, table_number)
VALUES ('26ba914c-9e0e-310a-a341-69d439a1c2e5', '00000000-0000-0000-0000-000000000010', '6712', 'paid', 460.0, '2026-04-05 14:12:17', '2026-04-05 14:12:17', '1');
INSERT INTO order_items (order_id, product_id, product_name, product_price, quantity)
VALUES ('26ba914c-9e0e-310a-a341-69d439a1c2e5', '021231f4-e9fa-ecbb-5f2a-ad1321ca42ea', 'product_59', 230.0, 2);
INSERT INTO payments (order_id, venue_id, method, amount)
VALUES ('26ba914c-9e0e-310a-a341-69d439a1c2e5', '00000000-0000-0000-0000-000000000010', 'card', 460.0);
INSERT INTO orders (id, venue_id, number, status, total_amount, opened_at, closed_at, table_number)
VALUES ('e9a743f2-692d-012f-6b1e-5113f0b651ae', '00000000-0000-0000-0000-000000000010', '6714', 'paid', 920.0, '2026-04-05 14:09:20', '2026-04-05 14:09:20', '2');
INSERT INTO order_items (order_id, product_id, product_name, product_price, quantity)
VALUES ('e9a743f2-692d-012f-6b1e-5113f0b651ae', '021231f4-e9fa-ecbb-5f2a-ad1321ca42ea', 'product_59', 230.0, 4);
INSERT INTO payments (order_id, venue_id, method, amount)
VALUES ('e9a743f2-692d-012f-6b1e-5113f0b651ae', '00000000-0000-0000-0000-000000000010', 'card', 920.0);
INSERT INTO orders (id, venue_id, number, status, total_amount, opened_at, closed_at, table_number)
VALUES ('2cb5aa44-6471-c977-9dd4-3b722d1f4938', '00000000-0000-0000-0000-000000000010', '6713', 'paid', 470.0, '2026-04-05 14:04:08', '2026-04-05 14:04:08', '2');
INSERT INTO order_items (order_id, product_id, product_name, product_price, quantity)
VALUES ('2cb5aa44-6471-c977-9dd4-3b722d1f4938', '7f688518-4003-c783-7333-b947a8856b49', 'product_28', 470.0, 1);
INSERT INTO orders (id, venue_id, number, status, total_amount, opened_at, closed_at, table_number)
VALUES ('991449b5-4dfe-3404-bf7c-c017c93dc775', '00000000-0000-0000-0000-000000000010', '6707', 'paid', 460.0, '2026-04-05 13:19:02', '2026-04-05 13:19:02', '11');
INSERT INTO order_items (order_id, product_id, product_name, product_price, quantity)
VALUES ('991449b5-4dfe-3404-bf7c-c017c93dc775', 'b9bdca4d-a423-6c36-2351-10cf52ff0eec', 'product_230', 0.0, 2);
INSERT INTO order_items (order_id, product_id, product_name, product_price, quantity)
VALUES ('991449b5-4dfe-3404-bf7c-c017c93dc775', '021231f4-e9fa-ecbb-5f2a-ad1321ca42ea', 'product_59', 230.0, 2);
INSERT INTO orders (id, venue_id, number, status, total_amount, opened_at, closed_at, table_number)
VALUES ('3a8215bf-6dda-7f4d-6afe-367901f357c3', '00000000-0000-0000-0000-000000000010', '6706', 'paid', 2120.0, '2026-04-05 13:18:58', '2026-04-05 13:18:58', '10');
INSERT INTO order_items (order_id, product_id, product_name, product_price, quantity)
VALUES ('3a8215bf-6dda-7f4d-6afe-367901f357c3', '38432f7f-ba41-eaa0-7e46-d791008e4b02', 'product_6', 510.0, 2);
INSERT INTO order_items (order_id, product_id, product_name, product_price, quantity)
VALUES ('3a8215bf-6dda-7f4d-6afe-367901f357c3', '7b0b5f60-47be-c07e-9585-af9a20b6d773', 'product_9', 460.0, 1);
INSERT INTO order_items (order_id, product_id, product_name, product_price, quantity)
VALUES ('3a8215bf-6dda-7f4d-6afe-367901f357c3', '021231f4-e9fa-ecbb-5f2a-ad1321ca42ea', 'product_59', 230.0, 2);
INSERT INTO order_items (order_id, product_id, product_name, product_price, quantity)
VALUES ('3a8215bf-6dda-7f4d-6afe-367901f357c3', 'da98da7c-a663-0228-294e-97c1fae50fd1', 'product_54', 180.0, 1);
INSERT INTO orders (id, venue_id, number, status, total_amount, opened_at, closed_at, table_number)
VALUES ('bf3d29ce-e20c-28a9-a7da-f74d1907e38e', '00000000-0000-0000-0000-000000000010', '6709', 'paid', 970.0, '2026-04-05 13:18:54', '2026-04-05 13:18:54', '1');
INSERT INTO order_items (order_id, product_id, product_name, product_price, quantity)
VALUES ('bf3d29ce-e20c-28a9-a7da-f74d1907e38e', '38432f7f-ba41-eaa0-7e46-d791008e4b02', 'product_6', 510.0, 1);
INSERT INTO order_items (order_id, product_id, product_name, product_price, quantity)
VALUES ('bf3d29ce-e20c-28a9-a7da-f74d1907e38e', 'b9bdca4d-a423-6c36-2351-10cf52ff0eec', 'product_230', 0.0, 1);
INSERT INTO order_items (order_id, product_id, product_name, product_price, quantity)
VALUES ('bf3d29ce-e20c-28a9-a7da-f74d1907e38e', '021231f4-e9fa-ecbb-5f2a-ad1321ca42ea', 'product_59', 230.0, 2);
INSERT INTO orders (id, venue_id, number, status, total_amount, opened_at, closed_at, table_number)
VALUES ('a7d82c6a-3fa4-79ad-2bf2-78014eda1016', '00000000-0000-0000-0000-000000000010', '6711', 'paid', 1680.0, '2026-04-05 13:18:50', '2026-04-05 13:18:50', '2');
INSERT INTO order_items (order_id, product_id, product_name, product_price, quantity)
VALUES ('a7d82c6a-3fa4-79ad-2bf2-78014eda1016', '38432f7f-ba41-eaa0-7e46-d791008e4b02', 'product_6', 510.0, 2);
INSERT INTO order_items (order_id, product_id, product_name, product_price, quantity)
VALUES ('a7d82c6a-3fa4-79ad-2bf2-78014eda1016', '9d00fee6-5b1a-acb8-1114-e668525ce1a6', 'product_200', 330.0, 2);
INSERT INTO orders (id, venue_id, number, status, total_amount, opened_at, closed_at, table_number)
VALUES ('afe10ca4-098a-df9a-5337-186533bf8b48', '00000000-0000-0000-0000-000000000010', '6690', 'paid', 2170.0, '2026-04-05 11:40:16', '2026-04-05 11:40:16', '13');
INSERT INTO order_items (order_id, product_id, product_name, product_price, quantity)
VALUES ('afe10ca4-098a-df9a-5337-186533bf8b48', '1a9038b5-12c1-4b41-756a-ce6d8bb0fac8', 'product_114', 670.0, 2);
INSERT INTO order_items (order_id, product_id, product_name, product_price, quantity)
VALUES ('afe10ca4-098a-df9a-5337-186533bf8b48', '627b586a-57c8-d217-1549-c47bb32192ac', 'product_26', 460.0, 1);
INSERT INTO order_items (order_id, product_id, product_name, product_price, quantity)
VALUES ('afe10ca4-098a-df9a-5337-186533bf8b48', '09d404dd-f87b-b319-4eda-9ce7c697868d', 'product_32', 370.0, 1);
INSERT INTO payments (order_id, venue_id, method, amount)
VALUES ('afe10ca4-098a-df9a-5337-186533bf8b48', '00000000-0000-0000-0000-000000000010', 'card', 2170.0);
INSERT INTO orders (id, venue_id, number, status, total_amount, opened_at, closed_at, table_number)
VALUES ('2809da4e-0d8f-4e21-4356-3024098f3468', '00000000-0000-0000-0000-000000000010', '6705', 'paid', 650.0, '2026-04-04 23:17:38', '2026-04-04 23:17:38', '15');
INSERT INTO order_items (order_id, product_id, product_name, product_price, quantity)
VALUES ('2809da4e-0d8f-4e21-4356-3024098f3468', 'b627abd9-fb00-28f4-a09b-09fcb24019c0', 'product_132', 150.0, 4);
INSERT INTO order_items (order_id, product_id, product_name, product_price, quantity)
VALUES ('2809da4e-0d8f-4e21-4356-3024098f3468', 'ba6fbcf2-1f2b-909a-e5f9-b9c5fe635c92', 'product_187', 50.0, 1);
INSERT INTO payments (order_id, venue_id, method, amount)
VALUES ('2809da4e-0d8f-4e21-4356-3024098f3468', '00000000-0000-0000-0000-000000000010', 'card', 650.0);
INSERT INTO orders (id, venue_id, number, status, total_amount, opened_at, closed_at, table_number)
VALUES ('b611ac41-9cbf-90f8-7ca5-892e7fd77815', '00000000-0000-0000-0000-000000000010', '6679', 'paid', 6180.0, '2026-04-04 22:35:03', '2026-04-04 22:35:03', '7');
INSERT INTO order_items (order_id, product_id, product_name, product_price, quantity)
VALUES ('b611ac41-9cbf-90f8-7ca5-892e7fd77815', 'fdb6f575-fe3f-282e-93d0-1dad56530fa5', 'product_15', 640.0, 2);
INSERT INTO order_items (order_id, product_id, product_name, product_price, quantity)
VALUES ('b611ac41-9cbf-90f8-7ca5-892e7fd77815', '9a06fa1f-d2b5-1b6f-d6c5-37c2ffa3adfd', 'product_168', 640.0, 2);
INSERT INTO order_items (order_id, product_id, product_name, product_price, quantity)
VALUES ('b611ac41-9cbf-90f8-7ca5-892e7fd77815', 'ce90a2e4-a08b-570d-aca7-50bb5d2d0ab2', 'product_112', 440.0, 2);
INSERT INTO order_items (order_id, product_id, product_name, product_price, quantity)
VALUES ('b611ac41-9cbf-90f8-7ca5-892e7fd77815', '5f05b996-99f5-dfcb-e4b9-79078ca1f540', 'product_100', 460.0, 1);
INSERT INTO order_items (order_id, product_id, product_name, product_price, quantity)
VALUES ('b611ac41-9cbf-90f8-7ca5-892e7fd77815', 'ba729be8-36f6-fb9a-7e2c-4b99753cb652', 'product_217', 600.0, 1);
INSERT INTO order_items (order_id, product_id, product_name, product_price, quantity)
VALUES ('b611ac41-9cbf-90f8-7ca5-892e7fd77815', '0caff6fe-c574-8665-33ca-5f2cee71ebb2', 'product_35', 190.0, 1);
INSERT INTO order_items (order_id, product_id, product_name, product_price, quantity)
VALUES ('b611ac41-9cbf-90f8-7ca5-892e7fd77815', '5c3938ac-271e-5674-37aa-116c20435202', 'product_234', 370.0, 1);
INSERT INTO order_items (order_id, product_id, product_name, product_price, quantity)
VALUES ('b611ac41-9cbf-90f8-7ca5-892e7fd77815', '8b7920ef-e954-d760-2a69-99cafc830c2e', 'product_171', 270.0, 1);
INSERT INTO order_items (order_id, product_id, product_name, product_price, quantity)
VALUES ('b611ac41-9cbf-90f8-7ca5-892e7fd77815', '7c7c305a-92ed-bc40-0bb5-1155fc4e313f', 'product_99', 220.0, 1);
INSERT INTO order_items (order_id, product_id, product_name, product_price, quantity)
VALUES ('b611ac41-9cbf-90f8-7ca5-892e7fd77815', 'd6248727-8d48-1513-14ba-2abe0e9b6abf', 'product_39', 370.0, 1);
INSERT INTO order_items (order_id, product_id, product_name, product_price, quantity)
VALUES ('b611ac41-9cbf-90f8-7ca5-892e7fd77815', '966437e8-b784-92e7-0afa-ff8bde6f1e53', 'product_145', 130.0, 2);
INSERT INTO payments (order_id, venue_id, method, amount)
VALUES ('b611ac41-9cbf-90f8-7ca5-892e7fd77815', '00000000-0000-0000-0000-000000000010', 'cash', 6180.0);
INSERT INTO orders (id, venue_id, number, status, total_amount, opened_at, closed_at, table_number)
VALUES ('ba3ce4c0-67a5-3f62-3c41-adce548bcd06', '00000000-0000-0000-0000-000000000010', '6704', 'paid', 560.0, '2026-04-04 22:27:41', '2026-04-04 22:27:41', '2');
INSERT INTO order_items (order_id, product_id, product_name, product_price, quantity)
VALUES ('ba3ce4c0-67a5-3f62-3c41-adce548bcd06', 'd46f67a1-e1dd-e079-0b5c-329f6422c4d4', 'product_60', 280.0, 2);
INSERT INTO payments (order_id, venue_id, method, amount)
VALUES ('ba3ce4c0-67a5-3f62-3c41-adce548bcd06', '00000000-0000-0000-0000-000000000010', 'card', 560.0);
INSERT INTO orders (id, venue_id, number, status, total_amount, opened_at, closed_at, table_number)
VALUES ('6a640cd7-39b5-8268-87f6-20ba52ee864a', '00000000-0000-0000-0000-000000000010', '6686', 'paid', 0.0, '2026-04-04 22:04:34', '2026-04-04 22:04:34', '9');
INSERT INTO order_items (order_id, product_id, product_name, product_price, quantity)
VALUES ('6a640cd7-39b5-8268-87f6-20ba52ee864a', '82c55340-bd07-2a9a-a6cc-6ce377f958f2', 'product_148', 0.0, 1);
INSERT INTO order_items (order_id, product_id, product_name, product_price, quantity)
VALUES ('6a640cd7-39b5-8268-87f6-20ba52ee864a', '82c55340-bd07-2a9a-a6cc-6ce377f958f2', 'product_148', 0.0, 1);
INSERT INTO order_items (order_id, product_id, product_name, product_price, quantity)
VALUES ('6a640cd7-39b5-8268-87f6-20ba52ee864a', '1afe238c-a186-0e67-9e9d-d39b8c4abe8a', 'product_229', 0.0, 1);
INSERT INTO order_items (order_id, product_id, product_name, product_price, quantity)
VALUES ('6a640cd7-39b5-8268-87f6-20ba52ee864a', '12dd0c72-4671-5cd8-b7da-98389426555c', 'product_228', 0.0, 1);
INSERT INTO orders (id, venue_id, number, status, total_amount, opened_at, closed_at, table_number)
VALUES ('d5411fc0-0770-74c0-cead-78f1b8facf5c', '00000000-0000-0000-0000-000000000010', '6703', 'paid', 180.0, '2026-04-04 20:41:20', '2026-04-04 20:41:20', '10');
INSERT INTO order_items (order_id, product_id, product_name, product_price, quantity)
VALUES ('d5411fc0-0770-74c0-cead-78f1b8facf5c', 'da98da7c-a663-0228-294e-97c1fae50fd1', 'product_54', 180.0, 1);
INSERT INTO payments (order_id, venue_id, method, amount)
VALUES ('d5411fc0-0770-74c0-cead-78f1b8facf5c', '00000000-0000-0000-0000-000000000010', 'card', 180.0);
INSERT INTO orders (id, venue_id, number, status, total_amount, opened_at, closed_at, table_number)
VALUES ('789a680f-a439-f569-56e9-e91f3081fc77', '00000000-0000-0000-0000-000000000010', '6697', 'paid', 1600.0, '2026-04-04 20:40:14', '2026-04-04 20:40:14', '6');
INSERT INTO order_items (order_id, product_id, product_name, product_price, quantity)
VALUES ('789a680f-a439-f569-56e9-e91f3081fc77', '0caff6fe-c574-8665-33ca-5f2cee71ebb2', 'product_35', 190.0, 1);
INSERT INTO order_items (order_id, product_id, product_name, product_price, quantity)
VALUES ('789a680f-a439-f569-56e9-e91f3081fc77', '9a06fa1f-d2b5-1b6f-d6c5-37c2ffa3adfd', 'product_168', 640.0, 1);
INSERT INTO order_items (order_id, product_id, product_name, product_price, quantity)
VALUES ('789a680f-a439-f569-56e9-e91f3081fc77', '09d9bcce-e54b-d518-c5bf-1c5d4b683d38', 'product_50', 200.0, 1);
INSERT INTO order_items (order_id, product_id, product_name, product_price, quantity)
VALUES ('789a680f-a439-f569-56e9-e91f3081fc77', 'e81dc667-2a7e-c5f0-b886-e7a3451b0fd2', 'product_219', 570.0, 1);
INSERT INTO payments (order_id, venue_id, method, amount)
VALUES ('789a680f-a439-f569-56e9-e91f3081fc77', '00000000-0000-0000-0000-000000000010', 'card', 1600.0);
INSERT INTO orders (id, venue_id, number, status, total_amount, opened_at, closed_at, table_number)
VALUES ('5c674f96-00f8-d9f7-1c50-451bb2769cfa', '00000000-0000-0000-0000-000000000010', '6691', 'paid', 2570.0, '2026-04-04 20:36:49', '2026-04-04 20:36:49', '1');
INSERT INTO order_items (order_id, product_id, product_name, product_price, quantity)
VALUES ('5c674f96-00f8-d9f7-1c50-451bb2769cfa', '951f4bf6-be55-0e75-59a9-7e580a0d07c4', 'product_14', 640.0, 1);
INSERT INTO order_items (order_id, product_id, product_name, product_price, quantity)
VALUES ('5c674f96-00f8-d9f7-1c50-451bb2769cfa', 'e81dc667-2a7e-c5f0-b886-e7a3451b0fd2', 'product_219', 570.0, 1);
INSERT INTO order_items (order_id, product_id, product_name, product_price, quantity)
VALUES ('5c674f96-00f8-d9f7-1c50-451bb2769cfa', '0f7cfc79-3a3f-41ac-1aa4-b27431de9236', 'product_29', 620.0, 1);
INSERT INTO order_items (order_id, product_id, product_name, product_price, quantity)
VALUES ('5c674f96-00f8-d9f7-1c50-451bb2769cfa', 'bd63cdca-84b0-4bda-520e-13725e4b4e60', 'product_33', 370.0, 1);
INSERT INTO order_items (order_id, product_id, product_name, product_price, quantity)
VALUES ('5c674f96-00f8-d9f7-1c50-451bb2769cfa', '09d404dd-f87b-b319-4eda-9ce7c697868d', 'product_32', 370.0, 1);
INSERT INTO payments (order_id, venue_id, method, amount)
VALUES ('5c674f96-00f8-d9f7-1c50-451bb2769cfa', '00000000-0000-0000-0000-000000000010', 'card', 2570.0);
INSERT INTO orders (id, venue_id, number, status, total_amount, opened_at, closed_at, table_number)
VALUES ('af7d0808-9b42-84af-374a-ab5e2761ae9e', '00000000-0000-0000-0000-000000000010', '6701', 'paid', 1360.0, '2026-04-04 19:59:59', '2026-04-04 19:59:59', '5');
INSERT INTO order_items (order_id, product_id, product_name, product_price, quantity)
VALUES ('af7d0808-9b42-84af-374a-ab5e2761ae9e', '1a9038b5-12c1-4b41-756a-ce6d8bb0fac8', 'product_114', 670.0, 1);
INSERT INTO order_items (order_id, product_id, product_name, product_price, quantity)
VALUES ('af7d0808-9b42-84af-374a-ab5e2761ae9e', '260b99e2-59bd-a3dc-c313-434aff0daf54', 'product_144', 190.0, 2);
INSERT INTO order_items (order_id, product_id, product_name, product_price, quantity)
VALUES ('af7d0808-9b42-84af-374a-ab5e2761ae9e', '966437e8-b784-92e7-0afa-ff8bde6f1e53', 'product_145', 130.0, 1);
INSERT INTO order_items (order_id, product_id, product_name, product_price, quantity)
VALUES ('af7d0808-9b42-84af-374a-ab5e2761ae9e', 'da98da7c-a663-0228-294e-97c1fae50fd1', 'product_54', 180.0, 1);
INSERT INTO payments (order_id, venue_id, method, amount)
VALUES ('af7d0808-9b42-84af-374a-ab5e2761ae9e', '00000000-0000-0000-0000-000000000010', 'card', 1360.0);
INSERT INTO orders (id, venue_id, number, status, total_amount, opened_at, closed_at, table_number)
VALUES ('e67e26d1-ae66-fcb9-60ca-4d11671c07ca', '00000000-0000-0000-0000-000000000010', '6698', 'paid', 2480.0, '2026-04-04 19:55:51', '2026-04-04 19:55:51', '15');
INSERT INTO order_items (order_id, product_id, product_name, product_price, quantity)
VALUES ('e67e26d1-ae66-fcb9-60ca-4d11671c07ca', '6599a59a-6cf7-70c9-0971-07a0078ce7cf', 'product_128', 380.0, 1);
INSERT INTO order_items (order_id, product_id, product_name, product_price, quantity)
VALUES ('e67e26d1-ae66-fcb9-60ca-4d11671c07ca', 'b627abd9-fb00-28f4-a09b-09fcb24019c0', 'product_132', 150.0, 14);
INSERT INTO payments (order_id, venue_id, method, amount)
VALUES ('e67e26d1-ae66-fcb9-60ca-4d11671c07ca', '00000000-0000-0000-0000-000000000010', 'card', 2480.0);
INSERT INTO orders (id, venue_id, number, status, total_amount, opened_at, closed_at, table_number)
VALUES ('5a1ee554-d81a-8460-184e-b3e04f70ee12', '00000000-0000-0000-0000-000000000010', '6692', 'paid', 1190.0, '2026-04-04 19:51:04', '2026-04-04 19:51:04', '2');
INSERT INTO order_items (order_id, product_id, product_name, product_price, quantity)
VALUES ('5a1ee554-d81a-8460-184e-b3e04f70ee12', '38432f7f-ba41-eaa0-7e46-d791008e4b02', 'product_6', 510.0, 1);
INSERT INTO order_items (order_id, product_id, product_name, product_price, quantity)
VALUES ('5a1ee554-d81a-8460-184e-b3e04f70ee12', 'ca58c9ff-fe24-427b-5955-2cd4feccec48', 'product_116', 310.0, 1);
INSERT INTO order_items (order_id, product_id, product_name, product_price, quantity)
VALUES ('5a1ee554-d81a-8460-184e-b3e04f70ee12', 'bd63cdca-84b0-4bda-520e-13725e4b4e60', 'product_33', 370.0, 1);
INSERT INTO payments (order_id, venue_id, method, amount)
VALUES ('5a1ee554-d81a-8460-184e-b3e04f70ee12', '00000000-0000-0000-0000-000000000010', 'cash', 1190.0);
INSERT INTO orders (id, venue_id, number, status, total_amount, opened_at, closed_at, table_number)
VALUES ('a488d36c-0c5b-a0ab-da4e-73774491c4da', '00000000-0000-0000-0000-000000000010', '6689', 'paid', 10440.0, '2026-04-04 19:48:33', '2026-04-04 19:48:33', '8');
INSERT INTO order_items (order_id, product_id, product_name, product_price, quantity)
VALUES ('a488d36c-0c5b-a0ab-da4e-73774491c4da', '7ddbed72-7deb-5ee4-0634-41d52192bad1', 'product_23', 1750.0, 2);
INSERT INTO order_items (order_id, product_id, product_name, product_price, quantity)
VALUES ('a488d36c-0c5b-a0ab-da4e-73774491c4da', '9a06fa1f-d2b5-1b6f-d6c5-37c2ffa3adfd', 'product_168', 640.0, 1);
INSERT INTO order_items (order_id, product_id, product_name, product_price, quantity)
VALUES ('a488d36c-0c5b-a0ab-da4e-73774491c4da', '81b3193a-f1f9-6ba6-5630-5c911f0c4a69', 'product_48', 220.0, 2);
INSERT INTO order_items (order_id, product_id, product_name, product_price, quantity)
VALUES ('a488d36c-0c5b-a0ab-da4e-73774491c4da', '30d3c4b2-8d8b-4d91-9c67-b3d72ab218cc', 'product_129', 470.0, 6);
INSERT INTO order_items (order_id, product_id, product_name, product_price, quantity)
VALUES ('a488d36c-0c5b-a0ab-da4e-73774491c4da', '6599a59a-6cf7-70c9-0971-07a0078ce7cf', 'product_128', 380.0, 8);
INSERT INTO payments (order_id, venue_id, method, amount)
VALUES ('a488d36c-0c5b-a0ab-da4e-73774491c4da', '00000000-0000-0000-0000-000000000010', 'card', 10440.0);
INSERT INTO orders (id, venue_id, number, status, total_amount, opened_at, closed_at, table_number)
VALUES ('60193e5c-ae6a-f7e0-d756-e81b0c124f27', '00000000-0000-0000-0000-000000000010', '6702', 'paid', 650.0, '2026-04-04 19:27:46', '2026-04-04 19:27:46', '4');
INSERT INTO order_items (order_id, product_id, product_name, product_price, quantity)
VALUES ('60193e5c-ae6a-f7e0-d756-e81b0c124f27', 'f35ae6ee-40da-7479-c64b-612bff507023', 'product_31', 370.0, 1);
INSERT INTO order_items (order_id, product_id, product_name, product_price, quantity)
VALUES ('60193e5c-ae6a-f7e0-d756-e81b0c124f27', 'd46f67a1-e1dd-e079-0b5c-329f6422c4d4', 'product_60', 280.0, 1);
INSERT INTO payments (order_id, venue_id, method, amount)
VALUES ('60193e5c-ae6a-f7e0-d756-e81b0c124f27', '00000000-0000-0000-0000-000000000010', 'card', 650.0);
INSERT INTO orders (id, venue_id, number, status, total_amount, opened_at, closed_at, table_number)
VALUES ('abfdd4d2-ec9e-6060-a18a-9e2bd440f0fc', '00000000-0000-0000-0000-000000000010', '6695', 'paid', 510.0, '2026-04-04 19:26:39', '2026-04-04 19:26:39', '3');
INSERT INTO order_items (order_id, product_id, product_name, product_price, quantity)
VALUES ('abfdd4d2-ec9e-6060-a18a-9e2bd440f0fc', '021231f4-e9fa-ecbb-5f2a-ad1321ca42ea', 'product_59', 230.0, 1);
INSERT INTO order_items (order_id, product_id, product_name, product_price, quantity)
VALUES ('abfdd4d2-ec9e-6060-a18a-9e2bd440f0fc', 'd46f67a1-e1dd-e079-0b5c-329f6422c4d4', 'product_60', 280.0, 1);
INSERT INTO payments (order_id, venue_id, method, amount)
VALUES ('abfdd4d2-ec9e-6060-a18a-9e2bd440f0fc', '00000000-0000-0000-0000-000000000010', 'card', 510.0);
INSERT INTO orders (id, venue_id, number, status, total_amount, opened_at, closed_at, table_number)
VALUES ('e9e6a685-274f-8e36-1680-39710c4a576e', '00000000-0000-0000-0000-000000000010', '6699', 'paid', 410.0, '2026-04-04 19:12:48', '2026-04-04 19:12:48', '1');
INSERT INTO order_items (order_id, product_id, product_name, product_price, quantity)
VALUES ('e9e6a685-274f-8e36-1680-39710c4a576e', 'd158543d-e9dc-0b2a-7902-b665a39db719', 'product_126', 410.0, 1);
INSERT INTO payments (order_id, venue_id, method, amount)
VALUES ('e9e6a685-274f-8e36-1680-39710c4a576e', '00000000-0000-0000-0000-000000000010', 'card', 410.0);
INSERT INTO orders (id, venue_id, number, status, total_amount, opened_at, closed_at, table_number)
VALUES ('5af28793-b08b-3fd5-88fa-e2277a648bf0', '00000000-0000-0000-0000-000000000010', '6700', 'paid', 5750.0, '2026-04-04 19:11:35', '2026-04-04 19:11:35', '6');
INSERT INTO order_items (order_id, product_id, product_name, product_price, quantity)
VALUES ('5af28793-b08b-3fd5-88fa-e2277a648bf0', '120437cb-67b8-9406-9251-d8a348262f65', 'product_135', 480.0, 10);
INSERT INTO order_items (order_id, product_id, product_name, product_price, quantity)
VALUES ('5af28793-b08b-3fd5-88fa-e2277a648bf0', '260b99e2-59bd-a3dc-c313-434aff0daf54', 'product_144', 190.0, 5);
INSERT INTO payments (order_id, venue_id, method, amount)
VALUES ('5af28793-b08b-3fd5-88fa-e2277a648bf0', '00000000-0000-0000-0000-000000000010', 'card', 5750.0);
INSERT INTO orders (id, venue_id, number, status, total_amount, opened_at, closed_at, table_number)
VALUES ('cd424de3-818e-694c-7705-93653ba2a1a7', '00000000-0000-0000-0000-000000000010', '6696', 'paid', 0.0, '2026-04-04 18:53:37', '2026-04-04 18:53:37', '15');
INSERT INTO orders (id, venue_id, number, status, total_amount, opened_at, closed_at, table_number)
VALUES ('e16b8317-5c94-e7e6-39bd-cc9b5516f2d8', '00000000-0000-0000-0000-000000000010', '6694', 'paid', 230.0, '2026-04-04 18:38:17', '2026-04-04 18:38:17', '1');
INSERT INTO order_items (order_id, product_id, product_name, product_price, quantity)
VALUES ('e16b8317-5c94-e7e6-39bd-cc9b5516f2d8', '021231f4-e9fa-ecbb-5f2a-ad1321ca42ea', 'product_59', 230.0, 1);
INSERT INTO payments (order_id, venue_id, method, amount)
VALUES ('e16b8317-5c94-e7e6-39bd-cc9b5516f2d8', '00000000-0000-0000-0000-000000000010', 'card', 230.0);
INSERT INTO orders (id, venue_id, number, status, total_amount, opened_at, closed_at, table_number)
VALUES ('88823ecf-3752-30ce-aee5-be280b038109', '00000000-0000-0000-0000-000000000010', '6693', 'paid', 1640.0, '2026-04-04 18:06:01', '2026-04-04 18:06:01', '16');
INSERT INTO order_items (order_id, product_id, product_name, product_price, quantity)
VALUES ('88823ecf-3752-30ce-aee5-be280b038109', 'd158543d-e9dc-0b2a-7902-b665a39db719', 'product_126', 410.0, 4);
INSERT INTO payments (order_id, venue_id, method, amount)
VALUES ('88823ecf-3752-30ce-aee5-be280b038109', '00000000-0000-0000-0000-000000000010', 'card', 1640.0);
INSERT INTO orders (id, venue_id, number, status, total_amount, opened_at, closed_at, table_number)
VALUES ('a91cbb88-1d2e-ae49-a053-ca97a68a1889', '00000000-0000-0000-0000-000000000010', '6688', 'paid', 2050.0, '2026-04-04 17:58:22', '2026-04-04 17:58:22', '1');
INSERT INTO order_items (order_id, product_id, product_name, product_price, quantity)
VALUES ('a91cbb88-1d2e-ae49-a053-ca97a68a1889', '966437e8-b784-92e7-0afa-ff8bde6f1e53', 'product_145', 130.0, 1);
INSERT INTO order_items (order_id, product_id, product_name, product_price, quantity)
VALUES ('a91cbb88-1d2e-ae49-a053-ca97a68a1889', 'c0fb869e-f434-07cb-f666-b9f7e55d4032', 'product_113', 770.0, 2);
INSERT INTO order_items (order_id, product_id, product_name, product_price, quantity)
VALUES ('a91cbb88-1d2e-ae49-a053-ca97a68a1889', '260b99e2-59bd-a3dc-c313-434aff0daf54', 'product_144', 190.0, 2);
INSERT INTO payments (order_id, venue_id, method, amount)
VALUES ('a91cbb88-1d2e-ae49-a053-ca97a68a1889', '00000000-0000-0000-0000-000000000010', 'card', 2050.0);
INSERT INTO orders (id, venue_id, number, status, total_amount, opened_at, closed_at, table_number)
VALUES ('742fc881-76bd-37b0-8a67-c60057842c6b', '00000000-0000-0000-0000-000000000010', '6687', 'paid', 280.0, '2026-04-04 16:26:29', '2026-04-04 16:26:29', '1');
INSERT INTO order_items (order_id, product_id, product_name, product_price, quantity)
VALUES ('742fc881-76bd-37b0-8a67-c60057842c6b', 'd46f67a1-e1dd-e079-0b5c-329f6422c4d4', 'product_60', 280.0, 1);
INSERT INTO payments (order_id, venue_id, method, amount)
VALUES ('742fc881-76bd-37b0-8a67-c60057842c6b', '00000000-0000-0000-0000-000000000010', 'card', 280.0);
INSERT INTO orders (id, venue_id, number, status, total_amount, opened_at, closed_at, table_number)
VALUES ('b1dd72f2-791d-598f-bb29-63edaba6a1bd', '00000000-0000-0000-0000-000000000010', '6685', 'paid', 510.0, '2026-04-04 15:46:56', '2026-04-04 15:46:56', '8');
INSERT INTO order_items (order_id, product_id, product_name, product_price, quantity)
VALUES ('b1dd72f2-791d-598f-bb29-63edaba6a1bd', '021231f4-e9fa-ecbb-5f2a-ad1321ca42ea', 'product_59', 230.0, 1);
INSERT INTO order_items (order_id, product_id, product_name, product_price, quantity)
VALUES ('b1dd72f2-791d-598f-bb29-63edaba6a1bd', 'd46f67a1-e1dd-e079-0b5c-329f6422c4d4', 'product_60', 280.0, 1);
INSERT INTO payments (order_id, venue_id, method, amount)
VALUES ('b1dd72f2-791d-598f-bb29-63edaba6a1bd', '00000000-0000-0000-0000-000000000010', 'card', 510.0);
INSERT INTO orders (id, venue_id, number, status, total_amount, opened_at, closed_at, table_number)
VALUES ('e71bd9b3-3a25-18fc-9c83-f14aaf88bf56', '00000000-0000-0000-0000-000000000010', '6683', 'paid', 0.0, '2026-04-04 15:23:58', '2026-04-04 15:23:58', '1');
INSERT INTO order_items (order_id, product_id, product_name, product_price, quantity)
VALUES ('e71bd9b3-3a25-18fc-9c83-f14aaf88bf56', '12dd0c72-4671-5cd8-b7da-98389426555c', 'product_228', 0.0, 1);
INSERT INTO orders (id, venue_id, number, status, total_amount, opened_at, closed_at, table_number)
VALUES ('38224467-841a-6a29-9dde-bda5682e31b2', '00000000-0000-0000-0000-000000000010', '6684', 'paid', 180.0, '2026-04-04 14:59:48', '2026-04-04 14:59:48', '10');
INSERT INTO order_items (order_id, product_id, product_name, product_price, quantity)
VALUES ('38224467-841a-6a29-9dde-bda5682e31b2', 'da98da7c-a663-0228-294e-97c1fae50fd1', 'product_54', 180.0, 1);
INSERT INTO payments (order_id, venue_id, method, amount)
VALUES ('38224467-841a-6a29-9dde-bda5682e31b2', '00000000-0000-0000-0000-000000000010', 'card', 180.0);
INSERT INTO orders (id, venue_id, number, status, total_amount, opened_at, closed_at, table_number)
VALUES ('41919808-d987-2fb3-61ba-358cec6aaf7f', '00000000-0000-0000-0000-000000000010', '6680', 'paid', 1270.0, '2026-04-04 14:58:50', '2026-04-04 14:58:50', '10');
INSERT INTO order_items (order_id, product_id, product_name, product_price, quantity)
VALUES ('41919808-d987-2fb3-61ba-358cec6aaf7f', '94d2bddc-c99f-2985-f8eb-9d8a4a995ad3', 'product_10', 300.0, 1);
INSERT INTO order_items (order_id, product_id, product_name, product_price, quantity)
VALUES ('41919808-d987-2fb3-61ba-358cec6aaf7f', '38432f7f-ba41-eaa0-7e46-d791008e4b02', 'product_6', 510.0, 1);
INSERT INTO order_items (order_id, product_id, product_name, product_price, quantity)
VALUES ('41919808-d987-2fb3-61ba-358cec6aaf7f', '021231f4-e9fa-ecbb-5f2a-ad1321ca42ea', 'product_59', 230.0, 2);
INSERT INTO orders (id, venue_id, number, status, total_amount, opened_at, closed_at, table_number)
VALUES ('bf8d2522-4d51-0ed5-15e9-35cd1136fa47', '00000000-0000-0000-0000-000000000010', '6682', 'paid', 940.0, '2026-04-04 13:04:16', '2026-04-04 13:04:16', '1');
INSERT INTO order_items (order_id, product_id, product_name, product_price, quantity)
VALUES ('bf8d2522-4d51-0ed5-15e9-35cd1136fa47', '30d3c4b2-8d8b-4d91-9c67-b3d72ab218cc', 'product_129', 470.0, 2);
INSERT INTO payments (order_id, venue_id, method, amount)
VALUES ('bf8d2522-4d51-0ed5-15e9-35cd1136fa47', '00000000-0000-0000-0000-000000000010', 'card', 940.0);
INSERT INTO orders (id, venue_id, number, status, total_amount, opened_at, closed_at, table_number)
VALUES ('f21fab12-05ec-117d-8c2f-e62ce5fb5872', '00000000-0000-0000-0000-000000000010', '6681', 'paid', 370.0, '2026-04-04 12:56:27', '2026-04-04 12:56:27', '1');
INSERT INTO order_items (order_id, product_id, product_name, product_price, quantity)
VALUES ('f21fab12-05ec-117d-8c2f-e62ce5fb5872', '5c3938ac-271e-5674-37aa-116c20435202', 'product_234', 370.0, 1);
INSERT INTO payments (order_id, venue_id, method, amount)
VALUES ('f21fab12-05ec-117d-8c2f-e62ce5fb5872', '00000000-0000-0000-0000-000000000010', 'card', 370.0);
INSERT INTO orders (id, venue_id, number, status, total_amount, opened_at, closed_at, table_number)
VALUES ('b88d31a4-619b-79ea-679e-1cbf04bd9b6e', '00000000-0000-0000-0000-000000000010', '6678', 'paid', 0.0, '2026-04-03 22:38:17', '2026-04-03 22:38:17', '9');
INSERT INTO order_items (order_id, product_id, product_name, product_price, quantity)
VALUES ('b88d31a4-619b-79ea-679e-1cbf04bd9b6e', '82c55340-bd07-2a9a-a6cc-6ce377f958f2', 'product_148', 0.0, 1);
INSERT INTO orders (id, venue_id, number, status, total_amount, opened_at, closed_at, table_number)
VALUES ('030ad7b8-0b56-e7e8-5518-5a6b38a3b251', '00000000-0000-0000-0000-000000000010', '6677', 'paid', 230.0, '2026-04-03 20:04:22', '2026-04-03 20:04:22', '1');
INSERT INTO order_items (order_id, product_id, product_name, product_price, quantity)
VALUES ('030ad7b8-0b56-e7e8-5518-5a6b38a3b251', '021231f4-e9fa-ecbb-5f2a-ad1321ca42ea', 'product_59', 230.0, 1);
INSERT INTO payments (order_id, venue_id, method, amount)
VALUES ('030ad7b8-0b56-e7e8-5518-5a6b38a3b251', '00000000-0000-0000-0000-000000000010', 'card', 230.0);
INSERT INTO orders (id, venue_id, number, status, total_amount, opened_at, closed_at, table_number)
VALUES ('e977af34-8fbf-fc2c-0a28-5261cb3e1ef2', '00000000-0000-0000-0000-000000000010', '6676', 'paid', 0.0, '2026-04-03 18:27:05', '2026-04-03 18:27:05', '9');
INSERT INTO order_items (order_id, product_id, product_name, product_price, quantity)
VALUES ('e977af34-8fbf-fc2c-0a28-5261cb3e1ef2', '12dd0c72-4671-5cd8-b7da-98389426555c', 'product_228', 0.0, 1);
INSERT INTO order_items (order_id, product_id, product_name, product_price, quantity)
VALUES ('e977af34-8fbf-fc2c-0a28-5261cb3e1ef2', '82c55340-bd07-2a9a-a6cc-6ce377f958f2', 'product_148', 0.0, 1);
INSERT INTO orders (id, venue_id, number, status, total_amount, opened_at, closed_at, table_number)
VALUES ('19fa88b3-9677-0167-fd43-56681810db39', '00000000-0000-0000-0000-000000000010', '6674', 'paid', 2030.0, '2026-04-03 18:07:28', '2026-04-03 18:07:28', '10');
INSERT INTO order_items (order_id, product_id, product_name, product_price, quantity)
VALUES ('19fa88b3-9677-0167-fd43-56681810db39', '5c3938ac-271e-5674-37aa-116c20435202', 'product_234', 370.0, 1);
INSERT INTO order_items (order_id, product_id, product_name, product_price, quantity)
VALUES ('19fa88b3-9677-0167-fd43-56681810db39', '0f7cfc79-3a3f-41ac-1aa4-b27431de9236', 'product_29', 620.0, 1);
INSERT INTO order_items (order_id, product_id, product_name, product_price, quantity)
VALUES ('19fa88b3-9677-0167-fd43-56681810db39', 'c0fb869e-f434-07cb-f666-b9f7e55d4032', 'product_113', 770.0, 1);
INSERT INTO order_items (order_id, product_id, product_name, product_price, quantity)
VALUES ('19fa88b3-9677-0167-fd43-56681810db39', '8b7920ef-e954-d760-2a69-99cafc830c2e', 'product_171', 270.0, 1);
INSERT INTO payments (order_id, venue_id, method, amount)
VALUES ('19fa88b3-9677-0167-fd43-56681810db39', '00000000-0000-0000-0000-000000000010', 'card', 2030.0);
INSERT INTO orders (id, venue_id, number, status, total_amount, opened_at, closed_at, table_number)
VALUES ('055c94b1-558f-552f-8f23-a01c437eded3', '00000000-0000-0000-0000-000000000010', '6675', 'paid', 230.0, '2026-04-03 18:06:04', '2026-04-03 18:06:04', '1');
INSERT INTO order_items (order_id, product_id, product_name, product_price, quantity)
VALUES ('055c94b1-558f-552f-8f23-a01c437eded3', '021231f4-e9fa-ecbb-5f2a-ad1321ca42ea', 'product_59', 230.0, 1);
INSERT INTO payments (order_id, venue_id, method, amount)
VALUES ('055c94b1-558f-552f-8f23-a01c437eded3', '00000000-0000-0000-0000-000000000010', 'card', 230.0);
INSERT INTO orders (id, venue_id, number, status, total_amount, opened_at, closed_at, table_number)
VALUES ('6459bdc0-b6d8-171a-4558-135db4c5b756', '00000000-0000-0000-0000-000000000010', '6673', 'paid', 470.0, '2026-04-03 17:10:19', '2026-04-03 17:10:19', '1');
INSERT INTO order_items (order_id, product_id, product_name, product_price, quantity)
VALUES ('6459bdc0-b6d8-171a-4558-135db4c5b756', '30d3c4b2-8d8b-4d91-9c67-b3d72ab218cc', 'product_129', 470.0, 1);
INSERT INTO payments (order_id, venue_id, method, amount)
VALUES ('6459bdc0-b6d8-171a-4558-135db4c5b756', '00000000-0000-0000-0000-000000000010', 'cash', 470.0);
INSERT INTO orders (id, venue_id, number, status, total_amount, opened_at, closed_at, table_number)
VALUES ('dc4bff43-7220-8915-db43-5b001ff5f9e6', '00000000-0000-0000-0000-000000000010', '6672', 'paid', 0.0, '2026-04-02 18:19:37', '2026-04-02 18:19:37', '9');
INSERT INTO order_items (order_id, product_id, product_name, product_price, quantity)
VALUES ('dc4bff43-7220-8915-db43-5b001ff5f9e6', '82c55340-bd07-2a9a-a6cc-6ce377f958f2', 'product_148', 0.0, 1);
INSERT INTO order_items (order_id, product_id, product_name, product_price, quantity)
VALUES ('dc4bff43-7220-8915-db43-5b001ff5f9e6', '1afe238c-a186-0e67-9e9d-d39b8c4abe8a', 'product_229', 0.0, 1);
INSERT INTO order_items (order_id, product_id, product_name, product_price, quantity)
VALUES ('dc4bff43-7220-8915-db43-5b001ff5f9e6', '12dd0c72-4671-5cd8-b7da-98389426555c', 'product_228', 0.0, 1);
INSERT INTO orders (id, venue_id, number, status, total_amount, opened_at, closed_at, table_number)
VALUES ('50130461-282c-01f6-5603-ba8fae3b5290', '00000000-0000-0000-0000-000000000010', '6671', 'paid', 3550.0, '2026-04-02 18:18:57', '2026-04-02 18:18:57', '1');
INSERT INTO order_items (order_id, product_id, product_name, product_price, quantity)
VALUES ('50130461-282c-01f6-5603-ba8fae3b5290', '7ddbed72-7deb-5ee4-0634-41d52192bad1', 'product_23', 1750.0, 1);
INSERT INTO order_items (order_id, product_id, product_name, product_price, quantity)
VALUES ('50130461-282c-01f6-5603-ba8fae3b5290', 'fa279504-c591-b5b8-70cb-6c4c299a37d8', 'product_22', 1370.0, 1);
INSERT INTO order_items (order_id, product_id, product_name, product_price, quantity)
VALUES ('50130461-282c-01f6-5603-ba8fae3b5290', '3d7e22b7-98eb-25da-ac3b-90e987e6829c', 'product_143', 430.0, 1);
INSERT INTO payments (order_id, venue_id, method, amount)
VALUES ('50130461-282c-01f6-5603-ba8fae3b5290', '00000000-0000-0000-0000-000000000010', 'card', 3550.0);
INSERT INTO orders (id, venue_id, number, status, total_amount, opened_at, closed_at, table_number)
VALUES ('e983987d-22ca-a550-7c80-b297be844d1f', '00000000-0000-0000-0000-000000000010', '6669', 'paid', 830.0, '2026-04-01 22:41:01', '2026-04-01 22:41:01', '1');
INSERT INTO order_items (order_id, product_id, product_name, product_price, quantity)
VALUES ('e983987d-22ca-a550-7c80-b297be844d1f', '627b586a-57c8-d217-1549-c47bb32192ac', 'product_26', 460.0, 1);
INSERT INTO order_items (order_id, product_id, product_name, product_price, quantity)
VALUES ('e983987d-22ca-a550-7c80-b297be844d1f', '09d404dd-f87b-b319-4eda-9ce7c697868d', 'product_32', 370.0, 1);
INSERT INTO payments (order_id, venue_id, method, amount)
VALUES ('e983987d-22ca-a550-7c80-b297be844d1f', '00000000-0000-0000-0000-000000000010', 'cash', 830.0);
INSERT INTO orders (id, venue_id, number, status, total_amount, opened_at, closed_at, table_number)
VALUES ('9f11c954-1b1a-3e0c-2a5b-19e224440cb1', '00000000-0000-0000-0000-000000000010', '6670', 'paid', 0.0, '2026-04-01 22:26:10', '2026-04-01 22:26:10', '9');
INSERT INTO order_items (order_id, product_id, product_name, product_price, quantity)
VALUES ('9f11c954-1b1a-3e0c-2a5b-19e224440cb1', '12dd0c72-4671-5cd8-b7da-98389426555c', 'product_228', 0.0, 1);
INSERT INTO order_items (order_id, product_id, product_name, product_price, quantity)
VALUES ('9f11c954-1b1a-3e0c-2a5b-19e224440cb1', '82c55340-bd07-2a9a-a6cc-6ce377f958f2', 'product_148', 0.0, 1);
INSERT INTO orders (id, venue_id, number, status, total_amount, opened_at, closed_at, table_number)
VALUES ('560cd969-3d86-4677-62fa-1d1dab07d216', '00000000-0000-0000-0000-000000000010', '6668', 'paid', 0.0, '2026-04-01 18:18:21', '2026-04-01 18:18:21', '9');
INSERT INTO order_items (order_id, product_id, product_name, product_price, quantity)
VALUES ('560cd969-3d86-4677-62fa-1d1dab07d216', '12dd0c72-4671-5cd8-b7da-98389426555c', 'product_228', 0.0, 1);
INSERT INTO order_items (order_id, product_id, product_name, product_price, quantity)
VALUES ('560cd969-3d86-4677-62fa-1d1dab07d216', '82c55340-bd07-2a9a-a6cc-6ce377f958f2', 'product_148', 0.0, 1);
INSERT INTO order_items (order_id, product_id, product_name, product_price, quantity)
VALUES ('560cd969-3d86-4677-62fa-1d1dab07d216', '1afe238c-a186-0e67-9e9d-d39b8c4abe8a', 'product_229', 0.0, 1);
INSERT INTO orders (id, venue_id, number, status, total_amount, opened_at, closed_at, table_number)
VALUES ('49912de0-8535-4aa2-d9b7-ac80165524ad', '00000000-0000-0000-0000-000000000010', '6664', 'paid', 260.0, '2026-04-01 12:57:40', '2026-04-01 12:57:40', '2');
INSERT INTO order_items (order_id, product_id, product_name, product_price, quantity)
VALUES ('49912de0-8535-4aa2-d9b7-ac80165524ad', '338bdc4d-fbd5-43ad-a7a7-3951ceca3a16', 'product_97', 260.0, 1);
INSERT INTO payments (order_id, venue_id, method, amount)
VALUES ('49912de0-8535-4aa2-d9b7-ac80165524ad', '00000000-0000-0000-0000-000000000010', 'cash', 208.0);
INSERT INTO orders (id, venue_id, number, status, total_amount, opened_at, closed_at, table_number)
VALUES ('2d157732-50b3-4175-5266-fb70795759e8', '00000000-0000-0000-0000-000000000010', '6667', 'paid', 980.0, '2026-04-01 12:14:11', '2026-04-01 12:14:11', '12');
INSERT INTO order_items (order_id, product_id, product_name, product_price, quantity)
VALUES ('2d157732-50b3-4175-5266-fb70795759e8', 'b9bdca4d-a423-6c36-2351-10cf52ff0eec', 'product_230', 0.0, 2);
INSERT INTO order_items (order_id, product_id, product_name, product_price, quantity)
VALUES ('2d157732-50b3-4175-5266-fb70795759e8', '58e4c43b-44e0-70ce-99e7-6b0093966f41', 'product_176', 320.0, 1);
INSERT INTO order_items (order_id, product_id, product_name, product_price, quantity)
VALUES ('2d157732-50b3-4175-5266-fb70795759e8', '9d00fee6-5b1a-acb8-1114-e668525ce1a6', 'product_200', 330.0, 2);
INSERT INTO orders (id, venue_id, number, status, total_amount, opened_at, closed_at, table_number)
VALUES ('b927320a-7bd3-7993-53f8-9ddcd09672a9', '00000000-0000-0000-0000-000000000010', '6666', 'paid', 1860.0, '2026-04-01 12:13:27', '2026-04-01 12:13:27', '11');
INSERT INTO order_items (order_id, product_id, product_name, product_price, quantity)
VALUES ('b927320a-7bd3-7993-53f8-9ddcd09672a9', 'ec61223f-a380-dd08-f9eb-461b3c2f80e6', 'product_163', 120.0, 3);
INSERT INTO order_items (order_id, product_id, product_name, product_price, quantity)
VALUES ('b927320a-7bd3-7993-53f8-9ddcd09672a9', '2836be19-8d27-0aa1-68ed-3bbc6cf94fb8', 'product_13', 270.0, 2);
INSERT INTO order_items (order_id, product_id, product_name, product_price, quantity)
VALUES ('b927320a-7bd3-7993-53f8-9ddcd09672a9', '94d2bddc-c99f-2985-f8eb-9d8a4a995ad3', 'product_10', 300.0, 1);
INSERT INTO order_items (order_id, product_id, product_name, product_price, quantity)
VALUES ('b927320a-7bd3-7993-53f8-9ddcd09672a9', '9d00fee6-5b1a-acb8-1114-e668525ce1a6', 'product_200', 330.0, 2);
INSERT INTO orders (id, venue_id, number, status, total_amount, opened_at, closed_at, table_number)
VALUES ('fc3477c9-dac3-64e4-9be0-89384e54c9dd', '00000000-0000-0000-0000-000000000010', '6663', 'paid', 600.0, '2026-04-01 12:10:29', '2026-04-01 12:10:29', '1');
INSERT INTO order_items (order_id, product_id, product_name, product_price, quantity)
VALUES ('fc3477c9-dac3-64e4-9be0-89384e54c9dd', 'b627abd9-fb00-28f4-a09b-09fcb24019c0', 'product_132', 150.0, 4);
INSERT INTO payments (order_id, venue_id, method, amount)
VALUES ('fc3477c9-dac3-64e4-9be0-89384e54c9dd', '00000000-0000-0000-0000-000000000010', 'card', 600.0);
INSERT INTO orders (id, venue_id, number, status, total_amount, opened_at, closed_at, table_number)
VALUES ('04903f82-f250-fca8-f8b0-a367c2561ca3', '00000000-0000-0000-0000-000000000010', '6658', 'paid', 0.0, '2026-03-31 22:13:20', '2026-03-31 22:13:20', '9');
INSERT INTO order_items (order_id, product_id, product_name, product_price, quantity)
VALUES ('04903f82-f250-fca8-f8b0-a367c2561ca3', '1afe238c-a186-0e67-9e9d-d39b8c4abe8a', 'product_229', 0.0, 1);
INSERT INTO order_items (order_id, product_id, product_name, product_price, quantity)
VALUES ('04903f82-f250-fca8-f8b0-a367c2561ca3', '12dd0c72-4671-5cd8-b7da-98389426555c', 'product_228', 0.0, 1);
INSERT INTO order_items (order_id, product_id, product_name, product_price, quantity)
VALUES ('04903f82-f250-fca8-f8b0-a367c2561ca3', '82c55340-bd07-2a9a-a6cc-6ce377f958f2', 'product_148', 0.0, 1);
INSERT INTO order_items (order_id, product_id, product_name, product_price, quantity)
VALUES ('04903f82-f250-fca8-f8b0-a367c2561ca3', '82c55340-bd07-2a9a-a6cc-6ce377f958f2', 'product_148', 0.0, 1);
INSERT INTO orders (id, venue_id, number, status, total_amount, opened_at, closed_at, table_number)
VALUES ('dcc246d0-9161-e6c8-40dc-8952fe06cfb6', '00000000-0000-0000-0000-000000000010', '6665', 'paid', 0.0, '2026-03-31 22:13:12', '2026-03-31 22:13:12', '13');
INSERT INTO order_items (order_id, product_id, product_name, product_price, quantity)
VALUES ('dcc246d0-9161-e6c8-40dc-8952fe06cfb6', '12dd0c72-4671-5cd8-b7da-98389426555c', 'product_228', 0.0, 1);
INSERT INTO orders (id, venue_id, number, status, total_amount, opened_at, closed_at, table_number)
VALUES ('4fc0bebc-8322-e1df-73c6-3bd60b099c92', '00000000-0000-0000-0000-000000000010', '6662', 'paid', 2280.0, '2026-03-31 22:02:49', '2026-03-31 22:02:49', '13');
INSERT INTO order_items (order_id, product_id, product_name, product_price, quantity)
VALUES ('4fc0bebc-8322-e1df-73c6-3bd60b099c92', '8b7920ef-e954-d760-2a69-99cafc830c2e', 'product_171', 270.0, 1);
INSERT INTO order_items (order_id, product_id, product_name, product_price, quantity)
VALUES ('4fc0bebc-8322-e1df-73c6-3bd60b099c92', '81b3193a-f1f9-6ba6-5630-5c911f0c4a69', 'product_48', 220.0, 1);
INSERT INTO order_items (order_id, product_id, product_name, product_price, quantity)
VALUES ('4fc0bebc-8322-e1df-73c6-3bd60b099c92', '0f7cfc79-3a3f-41ac-1aa4-b27431de9236', 'product_29', 620.0, 1);
INSERT INTO order_items (order_id, product_id, product_name, product_price, quantity)
VALUES ('4fc0bebc-8322-e1df-73c6-3bd60b099c92', '627b586a-57c8-d217-1549-c47bb32192ac', 'product_26', 460.0, 1);
INSERT INTO order_items (order_id, product_id, product_name, product_price, quantity)
VALUES ('4fc0bebc-8322-e1df-73c6-3bd60b099c92', '1a9038b5-12c1-4b41-756a-ce6d8bb0fac8', 'product_114', 670.0, 1);
INSERT INTO order_items (order_id, product_id, product_name, product_price, quantity)
VALUES ('4fc0bebc-8322-e1df-73c6-3bd60b099c92', '62cdaaca-f6e8-fe1a-af41-d7fc95a79021', 'product_167', 40.0, 1);
INSERT INTO payments (order_id, venue_id, method, amount)
VALUES ('4fc0bebc-8322-e1df-73c6-3bd60b099c92', '00000000-0000-0000-0000-000000000010', 'card', 2280.0);
INSERT INTO orders (id, venue_id, number, status, total_amount, opened_at, closed_at, table_number)
VALUES ('54072d14-8979-aff4-94ed-73b5296b1e1a', '00000000-0000-0000-0000-000000000010', '6661', 'paid', 1460.0, '2026-03-31 21:30:27', '2026-03-31 21:30:27', '11');
INSERT INTO order_items (order_id, product_id, product_name, product_price, quantity)
VALUES ('54072d14-8979-aff4-94ed-73b5296b1e1a', '7f688518-4003-c783-7333-b947a8856b49', 'product_28', 470.0, 1);
INSERT INTO order_items (order_id, product_id, product_name, product_price, quantity)
VALUES ('54072d14-8979-aff4-94ed-73b5296b1e1a', '0f7cfc79-3a3f-41ac-1aa4-b27431de9236', 'product_29', 620.0, 1);
INSERT INTO order_items (order_id, product_id, product_name, product_price, quantity)
VALUES ('54072d14-8979-aff4-94ed-73b5296b1e1a', '3b80474c-9414-a513-7578-5a4d84e49583', 'product_38', 370.0, 1);
INSERT INTO payments (order_id, venue_id, method, amount)
VALUES ('54072d14-8979-aff4-94ed-73b5296b1e1a', '00000000-0000-0000-0000-000000000010', 'cash', 1460.0);
INSERT INTO orders (id, venue_id, number, status, total_amount, opened_at, closed_at, table_number)
VALUES ('0544cf3d-782e-06c1-bd7e-cf8ddd2bb95a', '00000000-0000-0000-0000-000000000010', '6660', 'paid', 2970.0, '2026-03-31 21:21:59', '2026-03-31 21:21:59', '12');
INSERT INTO order_items (order_id, product_id, product_name, product_price, quantity)
VALUES ('0544cf3d-782e-06c1-bd7e-cf8ddd2bb95a', '6599a59a-6cf7-70c9-0971-07a0078ce7cf', 'product_128', 380.0, 1);
INSERT INTO order_items (order_id, product_id, product_name, product_price, quantity)
VALUES ('0544cf3d-782e-06c1-bd7e-cf8ddd2bb95a', '0f7cfc79-3a3f-41ac-1aa4-b27431de9236', 'product_29', 620.0, 1);
INSERT INTO order_items (order_id, product_id, product_name, product_price, quantity)
VALUES ('0544cf3d-782e-06c1-bd7e-cf8ddd2bb95a', '1a9038b5-12c1-4b41-756a-ce6d8bb0fac8', 'product_114', 670.0, 1);
INSERT INTO order_items (order_id, product_id, product_name, product_price, quantity)
VALUES ('0544cf3d-782e-06c1-bd7e-cf8ddd2bb95a', 'c10f6483-27d9-ca48-5e52-fb5a740be095', 'product_166', 40.0, 1);
INSERT INTO order_items (order_id, product_id, product_name, product_price, quantity)
VALUES ('0544cf3d-782e-06c1-bd7e-cf8ddd2bb95a', '0d07baf4-74fe-e6af-ddf9-5304e58f2192', 'product_221', 850.0, 1);
INSERT INTO order_items (order_id, product_id, product_name, product_price, quantity)
VALUES ('0544cf3d-782e-06c1-bd7e-cf8ddd2bb95a', '0caff6fe-c574-8665-33ca-5f2cee71ebb2', 'product_35', 190.0, 1);
INSERT INTO order_items (order_id, product_id, product_name, product_price, quantity)
VALUES ('0544cf3d-782e-06c1-bd7e-cf8ddd2bb95a', '7c7c305a-92ed-bc40-0bb5-1155fc4e313f', 'product_99', 220.0, 1);
INSERT INTO order_items (order_id, product_id, product_name, product_price, quantity)
VALUES ('0544cf3d-782e-06c1-bd7e-cf8ddd2bb95a', '12dd0c72-4671-5cd8-b7da-98389426555c', 'product_228', 0.0, 1);
INSERT INTO payments (order_id, venue_id, method, amount)
VALUES ('0544cf3d-782e-06c1-bd7e-cf8ddd2bb95a', '00000000-0000-0000-0000-000000000010', 'cash', 2970.0);
INSERT INTO orders (id, venue_id, number, status, total_amount, opened_at, closed_at, table_number)
VALUES ('260cd94f-f0ba-c6ca-5725-660f2509d965', '00000000-0000-0000-0000-000000000010', '6659', 'paid', 1230.0, '2026-03-31 18:54:20', '2026-03-31 18:54:20', '7');
INSERT INTO order_items (order_id, product_id, product_name, product_price, quantity)
VALUES ('260cd94f-f0ba-c6ca-5725-660f2509d965', '86712b3a-562c-f614-e8fa-56c456824301', 'product_134', 500.0, 2);
INSERT INTO order_items (order_id, product_id, product_name, product_price, quantity)
VALUES ('260cd94f-f0ba-c6ca-5725-660f2509d965', '021231f4-e9fa-ecbb-5f2a-ad1321ca42ea', 'product_59', 230.0, 1);
INSERT INTO payments (order_id, venue_id, method, amount)
VALUES ('260cd94f-f0ba-c6ca-5725-660f2509d965', '00000000-0000-0000-0000-000000000010', 'cash', 1230.0);
INSERT INTO orders (id, venue_id, number, status, total_amount, opened_at, closed_at, table_number)
VALUES ('6c3a276c-eefc-b427-d419-a69be610c0de', '00000000-0000-0000-0000-000000000010', '6657', 'paid', 21170.0, '2026-03-31 18:04:20', '2026-03-31 18:04:20', '7');
INSERT INTO order_items (order_id, product_id, product_name, product_price, quantity)
VALUES ('6c3a276c-eefc-b427-d419-a69be610c0de', 'ce90a2e4-a08b-570d-aca7-50bb5d2d0ab2', 'product_112', 440.0, 1);
INSERT INTO order_items (order_id, product_id, product_name, product_price, quantity)
VALUES ('6c3a276c-eefc-b427-d419-a69be610c0de', 'ef5a0fd9-15a0-6dc1-a208-29c4a17eb52f', 'product_222', 710.0, 1);
INSERT INTO order_items (order_id, product_id, product_name, product_price, quantity)
VALUES ('6c3a276c-eefc-b427-d419-a69be610c0de', 'fdb6f575-fe3f-282e-93d0-1dad56530fa5', 'product_15', 640.0, 2);
INSERT INTO order_items (order_id, product_id, product_name, product_price, quantity)
VALUES ('6c3a276c-eefc-b427-d419-a69be610c0de', '9a06fa1f-d2b5-1b6f-d6c5-37c2ffa3adfd', 'product_168', 640.0, 2);
INSERT INTO order_items (order_id, product_id, product_name, product_price, quantity)
VALUES ('6c3a276c-eefc-b427-d419-a69be610c0de', '951f4bf6-be55-0e75-59a9-7e580a0d07c4', 'product_14', 640.0, 2);
INSERT INTO order_items (order_id, product_id, product_name, product_price, quantity)
VALUES ('6c3a276c-eefc-b427-d419-a69be610c0de', '6e00b5a0-6b62-d942-73e4-86982bcae389', 'product_21', 1370.0, 6);
INSERT INTO order_items (order_id, product_id, product_name, product_price, quantity)
VALUES ('6c3a276c-eefc-b427-d419-a69be610c0de', '09d404dd-f87b-b319-4eda-9ce7c697868d', 'product_32', 370.0, 2);
INSERT INTO order_items (order_id, product_id, product_name, product_price, quantity)
VALUES ('6c3a276c-eefc-b427-d419-a69be610c0de', '0caff6fe-c574-8665-33ca-5f2cee71ebb2', 'product_35', 190.0, 1);
INSERT INTO order_items (order_id, product_id, product_name, product_price, quantity)
VALUES ('6c3a276c-eefc-b427-d419-a69be610c0de', '260b99e2-59bd-a3dc-c313-434aff0daf54', 'product_144', 190.0, 3);
INSERT INTO order_items (order_id, product_id, product_name, product_price, quantity)
VALUES ('6c3a276c-eefc-b427-d419-a69be610c0de', '966437e8-b784-92e7-0afa-ff8bde6f1e53', 'product_145', 130.0, 1);
INSERT INTO order_items (order_id, product_id, product_name, product_price, quantity)
VALUES ('6c3a276c-eefc-b427-d419-a69be610c0de', '120437cb-67b8-9406-9251-d8a348262f65', 'product_135', 480.0, 5);
INSERT INTO order_items (order_id, product_id, product_name, product_price, quantity)
VALUES ('6c3a276c-eefc-b427-d419-a69be610c0de', '1649694a-a1df-1a36-ccd0-08ba48ab2fd1', 'product_36', 550.0, 4);
INSERT INTO order_items (order_id, product_id, product_name, product_price, quantity)
VALUES ('6c3a276c-eefc-b427-d419-a69be610c0de', '021231f4-e9fa-ecbb-5f2a-ad1321ca42ea', 'product_59', 230.0, 1);
INSERT INTO order_items (order_id, product_id, product_name, product_price, quantity)
VALUES ('6c3a276c-eefc-b427-d419-a69be610c0de', '86712b3a-562c-f614-e8fa-56c456824301', 'product_134', 500.0, 3);
INSERT INTO payments (order_id, venue_id, method, amount)
VALUES ('6c3a276c-eefc-b427-d419-a69be610c0de', '00000000-0000-0000-0000-000000000010', 'cash', 21170.0);
INSERT INTO orders (id, venue_id, number, status, total_amount, opened_at, closed_at, table_number)
VALUES ('fb4204be-5f7c-9073-be10-6ecb6a49823d', '00000000-0000-0000-0000-000000000010', '6541', 'paid', 38970.0, '2026-03-31 15:12:25', '2026-03-31 15:12:25', '14');
INSERT INTO order_items (order_id, product_id, product_name, product_price, quantity)
VALUES ('fb4204be-5f7c-9073-be10-6ecb6a49823d', '6e00b5a0-6b62-d942-73e4-86982bcae389', 'product_21', 1370.0, 20);
INSERT INTO order_items (order_id, product_id, product_name, product_price, quantity)
VALUES ('fb4204be-5f7c-9073-be10-6ecb6a49823d', '951f4bf6-be55-0e75-59a9-7e580a0d07c4', 'product_14', 640.0, 4);
INSERT INTO order_items (order_id, product_id, product_name, product_price, quantity)
VALUES ('fb4204be-5f7c-9073-be10-6ecb6a49823d', '9a06fa1f-d2b5-1b6f-d6c5-37c2ffa3adfd', 'product_168', 640.0, 4);
INSERT INTO order_items (order_id, product_id, product_name, product_price, quantity)
VALUES ('fb4204be-5f7c-9073-be10-6ecb6a49823d', 'fdb6f575-fe3f-282e-93d0-1dad56530fa5', 'product_15', 640.0, 4);
INSERT INTO order_items (order_id, product_id, product_name, product_price, quantity)
VALUES ('fb4204be-5f7c-9073-be10-6ecb6a49823d', 'ce90a2e4-a08b-570d-aca7-50bb5d2d0ab2', 'product_112', 440.0, 3);
INSERT INTO order_items (order_id, product_id, product_name, product_price, quantity)
VALUES ('fb4204be-5f7c-9073-be10-6ecb6a49823d', 'ef5a0fd9-15a0-6dc1-a208-29c4a17eb52f', 'product_222', 710.0, 3);
INSERT INTO order_items (order_id, product_id, product_name, product_price, quantity)
VALUES ('fb4204be-5f7c-9073-be10-6ecb6a49823d', '7c7c305a-92ed-bc40-0bb5-1155fc4e313f', 'product_99', 220.0, 2);
INSERT INTO payments (order_id, venue_id, method, amount)
VALUES ('fb4204be-5f7c-9073-be10-6ecb6a49823d', '00000000-0000-0000-0000-000000000010', 'card', 38970.0);
INSERT INTO orders (id, venue_id, number, status, total_amount, opened_at, closed_at, table_number)
VALUES ('46cf7b70-cb6c-52a1-4753-bd2ae2ec9cca', '00000000-0000-0000-0000-000000000010', '6656', 'paid', 560.0, '2026-03-31 14:22:57', '2026-03-31 14:22:57', '10');
INSERT INTO order_items (order_id, product_id, product_name, product_price, quantity)
VALUES ('46cf7b70-cb6c-52a1-4753-bd2ae2ec9cca', '12dd0c72-4671-5cd8-b7da-98389426555c', 'product_228', 0.0, 1);
INSERT INTO order_items (order_id, product_id, product_name, product_price, quantity)
VALUES ('46cf7b70-cb6c-52a1-4753-bd2ae2ec9cca', 'b9bdca4d-a423-6c36-2351-10cf52ff0eec', 'product_230', 0.0, 2);
INSERT INTO order_items (order_id, product_id, product_name, product_price, quantity)
VALUES ('46cf7b70-cb6c-52a1-4753-bd2ae2ec9cca', 'd46f67a1-e1dd-e079-0b5c-329f6422c4d4', 'product_60', 280.0, 2);
INSERT INTO orders (id, venue_id, number, status, total_amount, opened_at, closed_at, table_number)
VALUES ('adb082dd-a28a-e2ca-c05c-ae27082c9393', '00000000-0000-0000-0000-000000000010', '6655', 'paid', 4000.0, '2026-03-30 21:51:08', '2026-03-30 21:51:08', '2');
INSERT INTO order_items (order_id, product_id, product_name, product_price, quantity)
VALUES ('adb082dd-a28a-e2ca-c05c-ae27082c9393', '6e00b5a0-6b62-d942-73e4-86982bcae389', 'product_21', 1370.0, 2);
INSERT INTO order_items (order_id, product_id, product_name, product_price, quantity)
VALUES ('adb082dd-a28a-e2ca-c05c-ae27082c9393', '951f4bf6-be55-0e75-59a9-7e580a0d07c4', 'product_14', 640.0, 1);
INSERT INTO order_items (order_id, product_id, product_name, product_price, quantity)
VALUES ('adb082dd-a28a-e2ca-c05c-ae27082c9393', '260b99e2-59bd-a3dc-c313-434aff0daf54', 'product_144', 190.0, 1);
INSERT INTO order_items (order_id, product_id, product_name, product_price, quantity)
VALUES ('adb082dd-a28a-e2ca-c05c-ae27082c9393', 'f17e6b93-235c-e217-e8bb-314b22b364b3', 'product_206', 430.0, 1);
INSERT INTO payments (order_id, venue_id, method, amount)
VALUES ('adb082dd-a28a-e2ca-c05c-ae27082c9393', '00000000-0000-0000-0000-000000000010', 'card', 4000.0);
INSERT INTO orders (id, venue_id, number, status, total_amount, opened_at, closed_at, table_number)
VALUES ('752f70d7-edf2-6e51-ee94-b4250b93f8d9', '00000000-0000-0000-0000-000000000010', '6654', 'paid', 2140.0, '2026-03-30 21:45:07', '2026-03-30 21:45:07', '10');
INSERT INTO order_items (order_id, product_id, product_name, product_price, quantity)
VALUES ('752f70d7-edf2-6e51-ee94-b4250b93f8d9', 'c0fb869e-f434-07cb-f666-b9f7e55d4032', 'product_113', 770.0, 2);
INSERT INTO order_items (order_id, product_id, product_name, product_price, quantity)
VALUES ('752f70d7-edf2-6e51-ee94-b4250b93f8d9', '12dd0c72-4671-5cd8-b7da-98389426555c', 'product_228', 0.0, 1);
INSERT INTO order_items (order_id, product_id, product_name, product_price, quantity)
VALUES ('752f70d7-edf2-6e51-ee94-b4250b93f8d9', 'ba729be8-36f6-fb9a-7e2c-4b99753cb652', 'product_217', 600.0, 1);
INSERT INTO payments (order_id, venue_id, method, amount)
VALUES ('752f70d7-edf2-6e51-ee94-b4250b93f8d9', '00000000-0000-0000-0000-000000000010', 'card', 2140.0);
INSERT INTO orders (id, venue_id, number, status, total_amount, opened_at, closed_at, table_number)
VALUES ('92c2176e-3ec9-0214-0825-a34785c516a7', '00000000-0000-0000-0000-000000000010', '6653', 'paid', 910.0, '2026-03-30 21:27:02', '2026-03-30 21:27:02', '1');
INSERT INTO order_items (order_id, product_id, product_name, product_price, quantity)
VALUES ('92c2176e-3ec9-0214-0825-a34785c516a7', '627b586a-57c8-d217-1549-c47bb32192ac', 'product_26', 460.0, 1);
INSERT INTO order_items (order_id, product_id, product_name, product_price, quantity)
VALUES ('92c2176e-3ec9-0214-0825-a34785c516a7', 'a2b39819-292c-0b80-799d-c77d7020fc9d', 'product_34', 190.0, 1);
INSERT INTO order_items (order_id, product_id, product_name, product_price, quantity)
VALUES ('92c2176e-3ec9-0214-0825-a34785c516a7', '338bdc4d-fbd5-43ad-a7a7-3951ceca3a16', 'product_97', 260.0, 1);
INSERT INTO payments (order_id, venue_id, method, amount)
VALUES ('92c2176e-3ec9-0214-0825-a34785c516a7', '00000000-0000-0000-0000-000000000010', 'card', 910.0);
INSERT INTO orders (id, venue_id, number, status, total_amount, opened_at, closed_at, table_number)
VALUES ('8ca67cbf-eacb-4f69-8776-6d7597d4096a', '00000000-0000-0000-0000-000000000010', '6652', 'paid', 0.0, '2026-03-30 18:05:47', '2026-03-30 18:05:47', '9');
INSERT INTO order_items (order_id, product_id, product_name, product_price, quantity)
VALUES ('8ca67cbf-eacb-4f69-8776-6d7597d4096a', '1afe238c-a186-0e67-9e9d-d39b8c4abe8a', 'product_229', 0.0, 1);
INSERT INTO order_items (order_id, product_id, product_name, product_price, quantity)
VALUES ('8ca67cbf-eacb-4f69-8776-6d7597d4096a', '82c55340-bd07-2a9a-a6cc-6ce377f958f2', 'product_148', 0.0, 1);
INSERT INTO orders (id, venue_id, number, status, total_amount, opened_at, closed_at, table_number)
VALUES ('cf11cc6b-4222-7b3f-f66b-02c4caf15aa2', '00000000-0000-0000-0000-000000000010', '6651', 'paid', 2590.0, '2026-03-30 16:50:19', '2026-03-30 16:50:19', '16');
INSERT INTO order_items (order_id, product_id, product_name, product_price, quantity)
VALUES ('cf11cc6b-4222-7b3f-f66b-02c4caf15aa2', 'fdb6f575-fe3f-282e-93d0-1dad56530fa5', 'product_15', 640.0, 1);
INSERT INTO order_items (order_id, product_id, product_name, product_price, quantity)
VALUES ('cf11cc6b-4222-7b3f-f66b-02c4caf15aa2', '627b586a-57c8-d217-1549-c47bb32192ac', 'product_26', 460.0, 1);
INSERT INTO order_items (order_id, product_id, product_name, product_price, quantity)
VALUES ('cf11cc6b-4222-7b3f-f66b-02c4caf15aa2', '1a9038b5-12c1-4b41-756a-ce6d8bb0fac8', 'product_114', 670.0, 1);
INSERT INTO order_items (order_id, product_id, product_name, product_price, quantity)
VALUES ('cf11cc6b-4222-7b3f-f66b-02c4caf15aa2', 'd158543d-e9dc-0b2a-7902-b665a39db719', 'product_126', 410.0, 2);
INSERT INTO payments (order_id, venue_id, method, amount)
VALUES ('cf11cc6b-4222-7b3f-f66b-02c4caf15aa2', '00000000-0000-0000-0000-000000000010', 'card', 2590.0);
INSERT INTO orders (id, venue_id, number, status, total_amount, opened_at, closed_at, table_number)
VALUES ('c9d6effd-b2a5-f3ea-8990-8bd8c61f09d6', '00000000-0000-0000-0000-000000000010', '6650', 'paid', 370.0, '2026-03-29 21:29:55', '2026-03-29 21:29:55', '1');
INSERT INTO order_items (order_id, product_id, product_name, product_price, quantity)
VALUES ('c9d6effd-b2a5-f3ea-8990-8bd8c61f09d6', '5c3938ac-271e-5674-37aa-116c20435202', 'product_234', 370.0, 1);
INSERT INTO payments (order_id, venue_id, method, amount)
VALUES ('c9d6effd-b2a5-f3ea-8990-8bd8c61f09d6', '00000000-0000-0000-0000-000000000010', 'card', 370.0);
INSERT INTO orders (id, venue_id, number, status, total_amount, opened_at, closed_at, table_number)
VALUES ('72fbcd52-2bdf-62a2-42b6-a0c05b27ccab', '00000000-0000-0000-0000-000000000010', '6649', 'paid', 2130.0, '2026-03-29 21:17:57', '2026-03-29 21:17:57', '7');
INSERT INTO order_items (order_id, product_id, product_name, product_price, quantity)
VALUES ('72fbcd52-2bdf-62a2-42b6-a0c05b27ccab', '627b586a-57c8-d217-1549-c47bb32192ac', 'product_26', 460.0, 1);
INSERT INTO order_items (order_id, product_id, product_name, product_price, quantity)
VALUES ('72fbcd52-2bdf-62a2-42b6-a0c05b27ccab', 'ba729be8-36f6-fb9a-7e2c-4b99753cb652', 'product_217', 600.0, 1);
INSERT INTO order_items (order_id, product_id, product_name, product_price, quantity)
VALUES ('72fbcd52-2bdf-62a2-42b6-a0c05b27ccab', '9a06fa1f-d2b5-1b6f-d6c5-37c2ffa3adfd', 'product_168', 640.0, 1);
INSERT INTO order_items (order_id, product_id, product_name, product_price, quantity)
VALUES ('72fbcd52-2bdf-62a2-42b6-a0c05b27ccab', 'f17e6b93-235c-e217-e8bb-314b22b364b3', 'product_206', 430.0, 1);
INSERT INTO payments (order_id, venue_id, method, amount)
VALUES ('72fbcd52-2bdf-62a2-42b6-a0c05b27ccab', '00000000-0000-0000-0000-000000000010', 'card', 2130.0);
INSERT INTO orders (id, venue_id, number, status, total_amount, opened_at, closed_at, table_number)
VALUES ('c4cc26a6-fcd5-9488-651d-c62bccfac750', '00000000-0000-0000-0000-000000000010', '6648', 'paid', 1340.0, '2026-03-29 19:42:26', '2026-03-29 19:42:26', '1');
INSERT INTO order_items (order_id, product_id, product_name, product_price, quantity)
VALUES ('c4cc26a6-fcd5-9488-651d-c62bccfac750', '1a9038b5-12c1-4b41-756a-ce6d8bb0fac8', 'product_114', 670.0, 2);
INSERT INTO payments (order_id, venue_id, method, amount)
VALUES ('c4cc26a6-fcd5-9488-651d-c62bccfac750', '00000000-0000-0000-0000-000000000010', 'card', 1340.0);
INSERT INTO orders (id, venue_id, number, status, total_amount, opened_at, closed_at, table_number)
VALUES ('d5b7d639-7474-acc4-379f-8acaccad121b', '00000000-0000-0000-0000-000000000010', '6647', 'paid', 460.0, '2026-03-29 19:07:01', '2026-03-29 19:07:01', '7');
INSERT INTO order_items (order_id, product_id, product_name, product_price, quantity)
VALUES ('d5b7d639-7474-acc4-379f-8acaccad121b', '021231f4-e9fa-ecbb-5f2a-ad1321ca42ea', 'product_59', 230.0, 2);
INSERT INTO payments (order_id, venue_id, method, amount)
VALUES ('d5b7d639-7474-acc4-379f-8acaccad121b', '00000000-0000-0000-0000-000000000010', 'card', 460.0);
INSERT INTO orders (id, venue_id, number, status, total_amount, opened_at, closed_at, table_number)
VALUES ('91773709-fcfd-8c45-5d50-f49e61561fb4', '00000000-0000-0000-0000-000000000010', '6646', 'paid', 280.0, '2026-03-29 18:42:32', '2026-03-29 18:42:32', '1');
INSERT INTO order_items (order_id, product_id, product_name, product_price, quantity)
VALUES ('91773709-fcfd-8c45-5d50-f49e61561fb4', 'd46f67a1-e1dd-e079-0b5c-329f6422c4d4', 'product_60', 280.0, 1);
INSERT INTO payments (order_id, venue_id, method, amount)
VALUES ('91773709-fcfd-8c45-5d50-f49e61561fb4', '00000000-0000-0000-0000-000000000010', 'cash', 280.0);
INSERT INTO orders (id, venue_id, number, status, total_amount, opened_at, closed_at, table_number)
VALUES ('ed16a708-52b8-5ef4-81ab-505b197d50ce', '00000000-0000-0000-0000-000000000010', '6645', 'paid', 230.0, '2026-03-29 18:34:11', '2026-03-29 18:34:11', '2');
INSERT INTO order_items (order_id, product_id, product_name, product_price, quantity)
VALUES ('ed16a708-52b8-5ef4-81ab-505b197d50ce', '021231f4-e9fa-ecbb-5f2a-ad1321ca42ea', 'product_59', 230.0, 1);
INSERT INTO payments (order_id, venue_id, method, amount)
VALUES ('ed16a708-52b8-5ef4-81ab-505b197d50ce', '00000000-0000-0000-0000-000000000010', 'card', 230.0);
INSERT INTO orders (id, venue_id, number, status, total_amount, opened_at, closed_at, table_number)
VALUES ('8664b08d-9519-6570-8ee4-1de6c5c7b6a3', '00000000-0000-0000-0000-000000000010', '6641', 'paid', 2310.0, '2026-03-29 18:33:15', '2026-03-29 18:33:15', '1');
INSERT INTO order_items (order_id, product_id, product_name, product_price, quantity)
VALUES ('8664b08d-9519-6570-8ee4-1de6c5c7b6a3', '627b586a-57c8-d217-1549-c47bb32192ac', 'product_26', 460.0, 1);
INSERT INTO order_items (order_id, product_id, product_name, product_price, quantity)
VALUES ('8664b08d-9519-6570-8ee4-1de6c5c7b6a3', 'c0fb869e-f434-07cb-f666-b9f7e55d4032', 'product_113', 770.0, 1);
INSERT INTO order_items (order_id, product_id, product_name, product_price, quantity)
VALUES ('8664b08d-9519-6570-8ee4-1de6c5c7b6a3', 'badf5f45-b516-78fa-fbe7-ff32ed526953', 'product_226', 720.0, 1);
INSERT INTO order_items (order_id, product_id, product_name, product_price, quantity)
VALUES ('8664b08d-9519-6570-8ee4-1de6c5c7b6a3', '021231f4-e9fa-ecbb-5f2a-ad1321ca42ea', 'product_59', 230.0, 1);
INSERT INTO order_items (order_id, product_id, product_name, product_price, quantity)
VALUES ('8664b08d-9519-6570-8ee4-1de6c5c7b6a3', '966437e8-b784-92e7-0afa-ff8bde6f1e53', 'product_145', 130.0, 1);
INSERT INTO payments (order_id, venue_id, method, amount)
VALUES ('8664b08d-9519-6570-8ee4-1de6c5c7b6a3', '00000000-0000-0000-0000-000000000010', 'card', 2310.0);
INSERT INTO orders (id, venue_id, number, status, total_amount, opened_at, closed_at, table_number)
VALUES ('ff1a50eb-c102-5a94-2cc2-88a52fcd86d7', '00000000-0000-0000-0000-000000000010', '6643', 'paid', 3500.0, '2026-03-29 18:10:29', '2026-03-29 18:10:29', '2');
INSERT INTO order_items (order_id, product_id, product_name, product_price, quantity)
VALUES ('ff1a50eb-c102-5a94-2cc2-88a52fcd86d7', 'c0fb869e-f434-07cb-f666-b9f7e55d4032', 'product_113', 770.0, 3);
INSERT INTO order_items (order_id, product_id, product_name, product_price, quantity)
VALUES ('ff1a50eb-c102-5a94-2cc2-88a52fcd86d7', '0f7cfc79-3a3f-41ac-1aa4-b27431de9236', 'product_29', 620.0, 1);
INSERT INTO order_items (order_id, product_id, product_name, product_price, quantity)
VALUES ('ff1a50eb-c102-5a94-2cc2-88a52fcd86d7', '0caff6fe-c574-8665-33ca-5f2cee71ebb2', 'product_35', 190.0, 1);
INSERT INTO order_items (order_id, product_id, product_name, product_price, quantity)
VALUES ('ff1a50eb-c102-5a94-2cc2-88a52fcd86d7', '260b99e2-59bd-a3dc-c313-434aff0daf54', 'product_144', 190.0, 2);
INSERT INTO payments (order_id, venue_id, method, amount)
VALUES ('ff1a50eb-c102-5a94-2cc2-88a52fcd86d7', '00000000-0000-0000-0000-000000000010', 'card', 3500.0);
INSERT INTO orders (id, venue_id, number, status, total_amount, opened_at, closed_at, table_number)
VALUES ('a49c900a-b9a4-6dd5-e7e9-a0c45e566ba2', '00000000-0000-0000-0000-000000000010', '6639', 'paid', 0.0, '2026-03-29 18:08:23', '2026-03-29 18:08:23', '9');
INSERT INTO order_items (order_id, product_id, product_name, product_price, quantity)
VALUES ('a49c900a-b9a4-6dd5-e7e9-a0c45e566ba2', '12dd0c72-4671-5cd8-b7da-98389426555c', 'product_228', 0.0, 1);
INSERT INTO order_items (order_id, product_id, product_name, product_price, quantity)
VALUES ('a49c900a-b9a4-6dd5-e7e9-a0c45e566ba2', '82c55340-bd07-2a9a-a6cc-6ce377f958f2', 'product_148', 0.0, 5);
INSERT INTO order_items (order_id, product_id, product_name, product_price, quantity)
VALUES ('a49c900a-b9a4-6dd5-e7e9-a0c45e566ba2', '1afe238c-a186-0e67-9e9d-d39b8c4abe8a', 'product_229', 0.0, 1);
INSERT INTO orders (id, venue_id, number, status, total_amount, opened_at, closed_at, table_number)
VALUES ('0ee05c69-3243-21da-c922-a861150e3ebf', '00000000-0000-0000-0000-000000000010', '6644', 'paid', 1540.0, '2026-03-29 17:44:09', '2026-03-29 17:44:09', '14');
INSERT INTO order_items (order_id, product_id, product_name, product_price, quantity)
VALUES ('0ee05c69-3243-21da-c922-a861150e3ebf', 'c0fb869e-f434-07cb-f666-b9f7e55d4032', 'product_113', 770.0, 2);
INSERT INTO payments (order_id, venue_id, method, amount)
VALUES ('0ee05c69-3243-21da-c922-a861150e3ebf', '00000000-0000-0000-0000-000000000010', 'card', 1540.0);
INSERT INTO orders (id, venue_id, number, status, total_amount, opened_at, closed_at, table_number)
VALUES ('e6db5e85-6b42-1a64-ee2b-8d3f19b22840', '00000000-0000-0000-0000-000000000010', '6642', 'paid', 1790.0, '2026-03-29 16:30:27', '2026-03-29 16:30:27', '2');
INSERT INTO order_items (order_id, product_id, product_name, product_price, quantity)
VALUES ('e6db5e85-6b42-1a64-ee2b-8d3f19b22840', '81b3193a-f1f9-6ba6-5630-5c911f0c4a69', 'product_48', 220.0, 1);
INSERT INTO order_items (order_id, product_id, product_name, product_price, quantity)
VALUES ('e6db5e85-6b42-1a64-ee2b-8d3f19b22840', '260b99e2-59bd-a3dc-c313-434aff0daf54', 'product_144', 190.0, 1);
INSERT INTO order_items (order_id, product_id, product_name, product_price, quantity)
VALUES ('e6db5e85-6b42-1a64-ee2b-8d3f19b22840', '12dd0c72-4671-5cd8-b7da-98389426555c', 'product_228', 0.0, 1);
INSERT INTO order_items (order_id, product_id, product_name, product_price, quantity)
VALUES ('e6db5e85-6b42-1a64-ee2b-8d3f19b22840', '1a9038b5-12c1-4b41-756a-ce6d8bb0fac8', 'product_114', 670.0, 2);
INSERT INTO order_items (order_id, product_id, product_name, product_price, quantity)
VALUES ('e6db5e85-6b42-1a64-ee2b-8d3f19b22840', '2a282418-43ba-4155-2773-748bfe3b0561', 'product_186', 40.0, 1);
INSERT INTO payments (order_id, venue_id, method, amount)
VALUES ('e6db5e85-6b42-1a64-ee2b-8d3f19b22840', '00000000-0000-0000-0000-000000000010', 'card', 1790.0);
INSERT INTO orders (id, venue_id, number, status, total_amount, opened_at, closed_at, table_number)
VALUES ('cff54dd5-a234-cd6f-f5b6-da4ef0855078', '00000000-0000-0000-0000-000000000010', '6638', 'paid', 920.0, '2026-03-29 13:39:44', '2026-03-29 13:39:44', '2');
INSERT INTO order_items (order_id, product_id, product_name, product_price, quantity)
VALUES ('cff54dd5-a234-cd6f-f5b6-da4ef0855078', '7b0b5f60-47be-c07e-9585-af9a20b6d773', 'product_9', 460.0, 2);
INSERT INTO orders (id, venue_id, number, status, total_amount, opened_at, closed_at, table_number)
VALUES ('49434a4e-9c8e-391f-a2d5-43bb89b5bc2d', '00000000-0000-0000-0000-000000000010', '6640', 'paid', 180.0, '2026-03-29 13:27:25', '2026-03-29 13:27:25', '1');
INSERT INTO order_items (order_id, product_id, product_name, product_price, quantity)
VALUES ('49434a4e-9c8e-391f-a2d5-43bb89b5bc2d', 'da98da7c-a663-0228-294e-97c1fae50fd1', 'product_54', 180.0, 1);
INSERT INTO payments (order_id, venue_id, method, amount)
VALUES ('49434a4e-9c8e-391f-a2d5-43bb89b5bc2d', '00000000-0000-0000-0000-000000000010', 'cash', 180.0);
INSERT INTO orders (id, venue_id, number, status, total_amount, opened_at, closed_at, table_number)
VALUES ('0e17b47a-0cb3-707f-5ec1-40e1de9b81b5', '00000000-0000-0000-0000-000000000010', '6632', 'paid', 690.0, '2026-03-29 11:24:58', '2026-03-29 11:24:58', '15');
INSERT INTO order_items (order_id, product_id, product_name, product_price, quantity)
VALUES ('0e17b47a-0cb3-707f-5ec1-40e1de9b81b5', '81b3193a-f1f9-6ba6-5630-5c911f0c4a69', 'product_48', 220.0, 1);
INSERT INTO order_items (order_id, product_id, product_name, product_price, quantity)
VALUES ('0e17b47a-0cb3-707f-5ec1-40e1de9b81b5', '8b7920ef-e954-d760-2a69-99cafc830c2e', 'product_171', 270.0, 1);
INSERT INTO order_items (order_id, product_id, product_name, product_price, quantity)
VALUES ('0e17b47a-0cb3-707f-5ec1-40e1de9b81b5', '2a282418-43ba-4155-2773-748bfe3b0561', 'product_186', 100.0, 2);
INSERT INTO payments (order_id, venue_id, method, amount)
VALUES ('0e17b47a-0cb3-707f-5ec1-40e1de9b81b5', '00000000-0000-0000-0000-000000000010', 'cash', 690.0);
INSERT INTO orders (id, venue_id, number, status, total_amount, opened_at, closed_at, table_number)
VALUES ('1a5be71a-8a5f-97ee-1dac-4639882c0e87', '00000000-0000-0000-0000-000000000010', '6637', 'paid', 970.0, '2026-03-29 11:22:23', '2026-03-29 11:22:23', '2');
INSERT INTO order_items (order_id, product_id, product_name, product_price, quantity)
VALUES ('1a5be71a-8a5f-97ee-1dac-4639882c0e87', '38432f7f-ba41-eaa0-7e46-d791008e4b02', 'product_6', 510.0, 1);
INSERT INTO order_items (order_id, product_id, product_name, product_price, quantity)
VALUES ('1a5be71a-8a5f-97ee-1dac-4639882c0e87', '7b0b5f60-47be-c07e-9585-af9a20b6d773', 'product_9', 460.0, 1);
INSERT INTO orders (id, venue_id, number, status, total_amount, opened_at, closed_at, table_number)
VALUES ('ea4d1306-3e7b-fb2e-389e-0309a081d2c9', '00000000-0000-0000-0000-000000000010', '6633', 'paid', 1340.0, '2026-03-29 09:56:20', '2026-03-29 09:56:20', '11');
INSERT INTO order_items (order_id, product_id, product_name, product_price, quantity)
VALUES ('ea4d1306-3e7b-fb2e-389e-0309a081d2c9', '1a9038b5-12c1-4b41-756a-ce6d8bb0fac8', 'product_114', 670.0, 2);
INSERT INTO payments (order_id, venue_id, method, amount)
VALUES ('ea4d1306-3e7b-fb2e-389e-0309a081d2c9', '00000000-0000-0000-0000-000000000010', 'card', 1340.0);
INSERT INTO orders (id, venue_id, number, status, total_amount, opened_at, closed_at, table_number)
VALUES ('2743f316-744e-685f-bc31-c37450cab390', '00000000-0000-0000-0000-000000000010', '6636', 'paid', 1330.0, '2026-03-29 09:32:56', '2026-03-29 09:32:56', '1');
INSERT INTO order_items (order_id, product_id, product_name, product_price, quantity)
VALUES ('2743f316-744e-685f-bc31-c37450cab390', '7b0b5f60-47be-c07e-9585-af9a20b6d773', 'product_9', 460.0, 2);
INSERT INTO order_items (order_id, product_id, product_name, product_price, quantity)
VALUES ('2743f316-744e-685f-bc31-c37450cab390', '021231f4-e9fa-ecbb-5f2a-ad1321ca42ea', 'product_59', 230.0, 1);
INSERT INTO order_items (order_id, product_id, product_name, product_price, quantity)
VALUES ('2743f316-744e-685f-bc31-c37450cab390', 'da98da7c-a663-0228-294e-97c1fae50fd1', 'product_54', 180.0, 1);
INSERT INTO orders (id, venue_id, number, status, total_amount, opened_at, closed_at, table_number)
VALUES ('c226a6d8-ebad-4743-6054-799612391e33', '00000000-0000-0000-0000-000000000010', '6624', 'paid', 0.0, '2026-03-28 22:47:19', '2026-03-28 22:47:19', '9');
INSERT INTO order_items (order_id, product_id, product_name, product_price, quantity)
VALUES ('c226a6d8-ebad-4743-6054-799612391e33', '82c55340-bd07-2a9a-a6cc-6ce377f958f2', 'product_148', 0.0, 1);
INSERT INTO order_items (order_id, product_id, product_name, product_price, quantity)
VALUES ('c226a6d8-ebad-4743-6054-799612391e33', '82c55340-bd07-2a9a-a6cc-6ce377f958f2', 'product_148', 0.0, 1);
INSERT INTO order_items (order_id, product_id, product_name, product_price, quantity)
VALUES ('c226a6d8-ebad-4743-6054-799612391e33', '1afe238c-a186-0e67-9e9d-d39b8c4abe8a', 'product_229', 0.0, 1);
INSERT INTO order_items (order_id, product_id, product_name, product_price, quantity)
VALUES ('c226a6d8-ebad-4743-6054-799612391e33', '12dd0c72-4671-5cd8-b7da-98389426555c', 'product_228', 0.0, 1);
INSERT INTO orders (id, venue_id, number, status, total_amount, opened_at, closed_at, table_number)
VALUES ('1939f8e8-6651-8686-a5ce-570c65583835', '00000000-0000-0000-0000-000000000010', '6635', 'paid', 6780.0, '2026-03-28 21:39:16', '2026-03-28 21:39:16', '1');
INSERT INTO order_items (order_id, product_id, product_name, product_price, quantity)
VALUES ('1939f8e8-6651-8686-a5ce-570c65583835', '6e00b5a0-6b62-d942-73e4-86982bcae389', 'product_21', 1370.0, 2);
INSERT INTO order_items (order_id, product_id, product_name, product_price, quantity)
VALUES ('1939f8e8-6651-8686-a5ce-570c65583835', '7c7c305a-92ed-bc40-0bb5-1155fc4e313f', 'product_99', 220.0, 1);
INSERT INTO order_items (order_id, product_id, product_name, product_price, quantity)
VALUES ('1939f8e8-6651-8686-a5ce-570c65583835', '951f4bf6-be55-0e75-59a9-7e580a0d07c4', 'product_14', 640.0, 1);
INSERT INTO order_items (order_id, product_id, product_name, product_price, quantity)
VALUES ('1939f8e8-6651-8686-a5ce-570c65583835', '0caff6fe-c574-8665-33ca-5f2cee71ebb2', 'product_35', 190.0, 1);
INSERT INTO order_items (order_id, product_id, product_name, product_price, quantity)
VALUES ('1939f8e8-6651-8686-a5ce-570c65583835', 'c16bce15-fa53-0477-7fc7-755989859be8', 'product_123', 2560.0, 1);
INSERT INTO order_items (order_id, product_id, product_name, product_price, quantity)
VALUES ('1939f8e8-6651-8686-a5ce-570c65583835', '3d7e22b7-98eb-25da-ac3b-90e987e6829c', 'product_143', 430.0, 1);
INSERT INTO payments (order_id, venue_id, method, amount)
VALUES ('1939f8e8-6651-8686-a5ce-570c65583835', '00000000-0000-0000-0000-000000000010', 'cash', 6780.0);
INSERT INTO orders (id, venue_id, number, status, total_amount, opened_at, closed_at, table_number)
VALUES ('2d9f05a2-862b-5022-4d6c-0a2ad5c09f4d', '00000000-0000-0000-0000-000000000010', '6634', 'paid', 2260.0, '2026-03-28 20:32:22', '2026-03-28 20:32:22', '2');
INSERT INTO order_items (order_id, product_id, product_name, product_price, quantity)
VALUES ('2d9f05a2-862b-5022-4d6c-0a2ad5c09f4d', '0d07baf4-74fe-e6af-ddf9-5304e58f2192', 'product_221', 850.0, 1);
INSERT INTO order_items (order_id, product_id, product_name, product_price, quantity)
VALUES ('2d9f05a2-862b-5022-4d6c-0a2ad5c09f4d', '0f7cfc79-3a3f-41ac-1aa4-b27431de9236', 'product_29', 620.0, 1);
INSERT INTO order_items (order_id, product_id, product_name, product_price, quantity)
VALUES ('2d9f05a2-862b-5022-4d6c-0a2ad5c09f4d', '81b3193a-f1f9-6ba6-5630-5c911f0c4a69', 'product_48', 220.0, 1);
INSERT INTO order_items (order_id, product_id, product_name, product_price, quantity)
VALUES ('2d9f05a2-862b-5022-4d6c-0a2ad5c09f4d', '6599a59a-6cf7-70c9-0971-07a0078ce7cf', 'product_128', 380.0, 1);
INSERT INTO order_items (order_id, product_id, product_name, product_price, quantity)
VALUES ('2d9f05a2-862b-5022-4d6c-0a2ad5c09f4d', '0caff6fe-c574-8665-33ca-5f2cee71ebb2', 'product_35', 190.0, 1);
INSERT INTO payments (order_id, venue_id, method, amount)
VALUES ('2d9f05a2-862b-5022-4d6c-0a2ad5c09f4d', '00000000-0000-0000-0000-000000000010', 'card', 2260.0);
INSERT INTO orders (id, venue_id, number, status, total_amount, opened_at, closed_at, table_number)
VALUES ('595b18b7-9e94-76cb-6b98-2395e20d2b90', '00000000-0000-0000-0000-000000000010', '6630', 'paid', 3130.0, '2026-03-28 19:23:18', '2026-03-28 19:23:18', '2');
INSERT INTO order_items (order_id, product_id, product_name, product_price, quantity)
VALUES ('595b18b7-9e94-76cb-6b98-2395e20d2b90', '6e00b5a0-6b62-d942-73e4-86982bcae389', 'product_21', 1370.0, 1);
INSERT INTO order_items (order_id, product_id, product_name, product_price, quantity)
VALUES ('595b18b7-9e94-76cb-6b98-2395e20d2b90', 'e81dc667-2a7e-c5f0-b886-e7a3451b0fd2', 'product_219', 570.0, 1);
INSERT INTO order_items (order_id, product_id, product_name, product_price, quantity)
VALUES ('595b18b7-9e94-76cb-6b98-2395e20d2b90', '7a291d79-c795-0f76-118b-25d10a078238', 'product_191', 370.0, 1);
INSERT INTO order_items (order_id, product_id, product_name, product_price, quantity)
VALUES ('595b18b7-9e94-76cb-6b98-2395e20d2b90', 'da98da7c-a663-0228-294e-97c1fae50fd1', 'product_54', 180.0, 1);
INSERT INTO order_items (order_id, product_id, product_name, product_price, quantity)
VALUES ('595b18b7-9e94-76cb-6b98-2395e20d2b90', '9a06fa1f-d2b5-1b6f-d6c5-37c2ffa3adfd', 'product_168', 640.0, 1);
INSERT INTO payments (order_id, venue_id, method, amount)
VALUES ('595b18b7-9e94-76cb-6b98-2395e20d2b90', '00000000-0000-0000-0000-000000000010', 'card', 3130.0);
INSERT INTO orders (id, venue_id, number, status, total_amount, opened_at, closed_at, table_number)
VALUES ('19d4c051-55ad-caf0-3f27-6da4e50aced9', '00000000-0000-0000-0000-000000000010', '6629', 'paid', 3850.0, '2026-03-28 19:08:15', '2026-03-28 19:08:15', '4');
INSERT INTO order_items (order_id, product_id, product_name, product_price, quantity)
VALUES ('19d4c051-55ad-caf0-3f27-6da4e50aced9', '1a9038b5-12c1-4b41-756a-ce6d8bb0fac8', 'product_114', 670.0, 1);
INSERT INTO order_items (order_id, product_id, product_name, product_price, quantity)
VALUES ('19d4c051-55ad-caf0-3f27-6da4e50aced9', 'c0fb869e-f434-07cb-f666-b9f7e55d4032', 'product_113', 770.0, 1);
INSERT INTO order_items (order_id, product_id, product_name, product_price, quantity)
VALUES ('19d4c051-55ad-caf0-3f27-6da4e50aced9', 'ce90a2e4-a08b-570d-aca7-50bb5d2d0ab2', 'product_112', 440.0, 1);
INSERT INTO order_items (order_id, product_id, product_name, product_price, quantity)
VALUES ('19d4c051-55ad-caf0-3f27-6da4e50aced9', 'ef5a0fd9-15a0-6dc1-a208-29c4a17eb52f', 'product_222', 710.0, 1);
INSERT INTO order_items (order_id, product_id, product_name, product_price, quantity)
VALUES ('19d4c051-55ad-caf0-3f27-6da4e50aced9', '951f4bf6-be55-0e75-59a9-7e580a0d07c4', 'product_14', 640.0, 1);
INSERT INTO order_items (order_id, product_id, product_name, product_price, quantity)
VALUES ('19d4c051-55ad-caf0-3f27-6da4e50aced9', '0caff6fe-c574-8665-33ca-5f2cee71ebb2', 'product_35', 190.0, 1);
INSERT INTO order_items (order_id, product_id, product_name, product_price, quantity)
VALUES ('19d4c051-55ad-caf0-3f27-6da4e50aced9', 'ba6fbcf2-1f2b-909a-e5f9-b9c5fe635c92', 'product_187', 50.0, 1);
INSERT INTO order_items (order_id, product_id, product_name, product_price, quantity)
VALUES ('19d4c051-55ad-caf0-3f27-6da4e50aced9', '260b99e2-59bd-a3dc-c313-434aff0daf54', 'product_144', 190.0, 2);
INSERT INTO payments (order_id, venue_id, method, amount)
VALUES ('19d4c051-55ad-caf0-3f27-6da4e50aced9', '00000000-0000-0000-0000-000000000010', 'cash', 3850.0);
INSERT INTO orders (id, venue_id, number, status, total_amount, opened_at, closed_at, table_number)
VALUES ('43e8b029-3624-414a-93dc-4a20b8da4b36', '00000000-0000-0000-0000-000000000010', '6631', 'paid', 460.0, '2026-03-28 19:00:20', '2026-03-28 19:00:20', '1');
INSERT INTO order_items (order_id, product_id, product_name, product_price, quantity)
VALUES ('43e8b029-3624-414a-93dc-4a20b8da4b36', '2e331f2f-b6fd-7898-11b0-9b0e3a2e58be', 'product_57', 180.0, 1);
INSERT INTO order_items (order_id, product_id, product_name, product_price, quantity)
VALUES ('43e8b029-3624-414a-93dc-4a20b8da4b36', 'd46f67a1-e1dd-e079-0b5c-329f6422c4d4', 'product_60', 280.0, 1);
INSERT INTO payments (order_id, venue_id, method, amount)
VALUES ('43e8b029-3624-414a-93dc-4a20b8da4b36', '00000000-0000-0000-0000-000000000010', 'card', 460.0);
INSERT INTO orders (id, venue_id, number, status, total_amount, opened_at, closed_at, table_number)
VALUES ('b4281c6f-dca1-3465-90c7-e0a4dc46c563', '00000000-0000-0000-0000-000000000010', '6628', 'paid', 220.0, '2026-03-28 17:26:29', '2026-03-28 17:26:29', '1');
INSERT INTO order_items (order_id, product_id, product_name, product_price, quantity)
VALUES ('b4281c6f-dca1-3465-90c7-e0a4dc46c563', '81b3193a-f1f9-6ba6-5630-5c911f0c4a69', 'product_48', 220.0, 1);
INSERT INTO payments (order_id, venue_id, method, amount)
VALUES ('b4281c6f-dca1-3465-90c7-e0a4dc46c563', '00000000-0000-0000-0000-000000000010', 'card', 220.0);
INSERT INTO orders (id, venue_id, number, status, total_amount, opened_at, closed_at, table_number)
VALUES ('cb1d8320-d5f0-7c19-53ea-101ea0e59aef', '00000000-0000-0000-0000-000000000010', '6626', 'paid', 370.0, '2026-03-28 17:09:20', '2026-03-28 17:09:20', '1');
INSERT INTO order_items (order_id, product_id, product_name, product_price, quantity)
VALUES ('cb1d8320-d5f0-7c19-53ea-101ea0e59aef', 'f35ae6ee-40da-7479-c64b-612bff507023', 'product_31', 370.0, 1);
INSERT INTO payments (order_id, venue_id, method, amount)
VALUES ('cb1d8320-d5f0-7c19-53ea-101ea0e59aef', '00000000-0000-0000-0000-000000000010', 'card', 370.0);
INSERT INTO orders (id, venue_id, number, status, total_amount, opened_at, closed_at, table_number)
VALUES ('163243e3-c077-add2-a443-f9e8c2fdcf6d', '00000000-0000-0000-0000-000000000010', '6627', 'paid', 460.0, '2026-03-28 17:08:05', '2026-03-28 17:08:05', '2');
INSERT INTO order_items (order_id, product_id, product_name, product_price, quantity)
VALUES ('163243e3-c077-add2-a443-f9e8c2fdcf6d', '021231f4-e9fa-ecbb-5f2a-ad1321ca42ea', 'product_59', 230.0, 2);
INSERT INTO payments (order_id, venue_id, method, amount)
VALUES ('163243e3-c077-add2-a443-f9e8c2fdcf6d', '00000000-0000-0000-0000-000000000010', 'cash', 460.0);
INSERT INTO orders (id, venue_id, number, status, total_amount, opened_at, closed_at, table_number)
VALUES ('e284cbc6-2382-053c-ca5c-2a1a58add34e', '00000000-0000-0000-0000-000000000010', '6625', 'paid', 910.0, '2026-03-28 16:15:08', '2026-03-28 16:15:08', '1');
INSERT INTO order_items (order_id, product_id, product_name, product_price, quantity)
VALUES ('e284cbc6-2382-053c-ca5c-2a1a58add34e', 'da98da7c-a663-0228-294e-97c1fae50fd1', 'product_54', 180.0, 2);
INSERT INTO order_items (order_id, product_id, product_name, product_price, quantity)
VALUES ('e284cbc6-2382-053c-ca5c-2a1a58add34e', '86712b3a-562c-f614-e8fa-56c456824301', 'product_134', 500.0, 1);
INSERT INTO order_items (order_id, product_id, product_name, product_price, quantity)
VALUES ('e284cbc6-2382-053c-ca5c-2a1a58add34e', 'ba6fbcf2-1f2b-909a-e5f9-b9c5fe635c92', 'product_187', 50.0, 1);
INSERT INTO payments (order_id, venue_id, method, amount)
VALUES ('e284cbc6-2382-053c-ca5c-2a1a58add34e', '00000000-0000-0000-0000-000000000010', 'cash', 910.0);
INSERT INTO orders (id, venue_id, number, status, total_amount, opened_at, closed_at, table_number)
VALUES ('7a44598a-9f19-81f0-d57d-2828d3e0c8cb', '00000000-0000-0000-0000-000000000010', '6623', 'paid', 1250.0, '2026-03-27 11:53:28', '2026-03-27 11:53:28', '1');
INSERT INTO order_items (order_id, product_id, product_name, product_price, quantity)
VALUES ('7a44598a-9f19-81f0-d57d-2828d3e0c8cb', '38432f7f-ba41-eaa0-7e46-d791008e4b02', 'product_6', 510.0, 1);
INSERT INTO order_items (order_id, product_id, product_name, product_price, quantity)
VALUES ('7a44598a-9f19-81f0-d57d-2828d3e0c8cb', '7b0b5f60-47be-c07e-9585-af9a20b6d773', 'product_9', 460.0, 1);
INSERT INTO order_items (order_id, product_id, product_name, product_price, quantity)
VALUES ('7a44598a-9f19-81f0-d57d-2828d3e0c8cb', 'd46f67a1-e1dd-e079-0b5c-329f6422c4d4', 'product_60', 280.0, 1);
INSERT INTO orders (id, venue_id, number, status, total_amount, opened_at, closed_at, table_number)
VALUES ('f80a2a50-347a-e850-b627-ee90b58e5cf3', '00000000-0000-0000-0000-000000000010', '6621', 'paid', 1660.0, '2026-03-27 11:07:33', '2026-03-27 11:07:33', '11');
INSERT INTO order_items (order_id, product_id, product_name, product_price, quantity)
VALUES ('f80a2a50-347a-e850-b627-ee90b58e5cf3', 'e81dc667-2a7e-c5f0-b886-e7a3451b0fd2', 'product_219', 570.0, 1);
INSERT INTO order_items (order_id, product_id, product_name, product_price, quantity)
VALUES ('f80a2a50-347a-e850-b627-ee90b58e5cf3', '0f7cfc79-3a3f-41ac-1aa4-b27431de9236', 'product_29', 620.0, 1);
INSERT INTO order_items (order_id, product_id, product_name, product_price, quantity)
VALUES ('f80a2a50-347a-e850-b627-ee90b58e5cf3', '0caff6fe-c574-8665-33ca-5f2cee71ebb2', 'product_35', 190.0, 1);
INSERT INTO order_items (order_id, product_id, product_name, product_price, quantity)
VALUES ('f80a2a50-347a-e850-b627-ee90b58e5cf3', 'd46f67a1-e1dd-e079-0b5c-329f6422c4d4', 'product_60', 280.0, 1);
INSERT INTO payments (order_id, venue_id, method, amount)
VALUES ('f80a2a50-347a-e850-b627-ee90b58e5cf3', '00000000-0000-0000-0000-000000000010', 'cash', 1660.0);
INSERT INTO orders (id, venue_id, number, status, total_amount, opened_at, closed_at, table_number)
VALUES ('33f76e00-5230-f382-8515-dd52d39f2af3', '00000000-0000-0000-0000-000000000010', '6622', 'paid', 0.0, '2026-03-26 19:20:17', '2026-03-26 19:20:17', '9');
INSERT INTO order_items (order_id, product_id, product_name, product_price, quantity)
VALUES ('33f76e00-5230-f382-8515-dd52d39f2af3', '1afe238c-a186-0e67-9e9d-d39b8c4abe8a', 'product_229', 0.0, 1);
INSERT INTO orders (id, venue_id, number, status, total_amount, opened_at, closed_at, table_number)
VALUES ('07efbd2b-a71c-7241-7548-7132ad47b802', '00000000-0000-0000-0000-000000000010', '6619', 'paid', 0.0, '2026-03-26 19:19:47', '2026-03-26 19:19:47', '9');
INSERT INTO order_items (order_id, product_id, product_name, product_price, quantity)
VALUES ('07efbd2b-a71c-7241-7548-7132ad47b802', '82c55340-bd07-2a9a-a6cc-6ce377f958f2', 'product_148', 0.0, 1);
INSERT INTO order_items (order_id, product_id, product_name, product_price, quantity)
VALUES ('07efbd2b-a71c-7241-7548-7132ad47b802', '12dd0c72-4671-5cd8-b7da-98389426555c', 'product_228', 0.0, 1);
INSERT INTO order_items (order_id, product_id, product_name, product_price, quantity)
VALUES ('07efbd2b-a71c-7241-7548-7132ad47b802', '82c55340-bd07-2a9a-a6cc-6ce377f958f2', 'product_148', 0.0, 5);
INSERT INTO order_items (order_id, product_id, product_name, product_price, quantity)
VALUES ('07efbd2b-a71c-7241-7548-7132ad47b802', '12dd0c72-4671-5cd8-b7da-98389426555c', 'product_228', 0.0, 2);
INSERT INTO orders (id, venue_id, number, status, total_amount, opened_at, closed_at, table_number)
VALUES ('8a129b8a-ec77-17d3-911a-a6009f9bb0be', '00000000-0000-0000-0000-000000000010', '6618', 'paid', 0.0, '2026-03-26 09:25:18', '2026-03-26 09:25:18', '9');
INSERT INTO order_items (order_id, product_id, product_name, product_price, quantity)
VALUES ('8a129b8a-ec77-17d3-911a-a6009f9bb0be', '82c55340-bd07-2a9a-a6cc-6ce377f958f2', 'product_148', 0.0, 1);
INSERT INTO order_items (order_id, product_id, product_name, product_price, quantity)
VALUES ('8a129b8a-ec77-17d3-911a-a6009f9bb0be', '12dd0c72-4671-5cd8-b7da-98389426555c', 'product_228', 0.0, 1);
INSERT INTO orders (id, venue_id, number, status, total_amount, opened_at, closed_at, table_number)
VALUES ('c78c5dd4-967a-b367-6849-1feba5bbd7cf', '00000000-0000-0000-0000-000000000010', '6617', 'paid', 1010.0, '2026-03-25 20:11:16', '2026-03-25 20:11:16', '2');
INSERT INTO order_items (order_id, product_id, product_name, product_price, quantity)
VALUES ('c78c5dd4-967a-b367-6849-1feba5bbd7cf', '5c3938ac-271e-5674-37aa-116c20435202', 'product_234', 370.0, 1);
INSERT INTO order_items (order_id, product_id, product_name, product_price, quantity)
VALUES ('c78c5dd4-967a-b367-6849-1feba5bbd7cf', '9a06fa1f-d2b5-1b6f-d6c5-37c2ffa3adfd', 'product_168', 640.0, 1);
INSERT INTO payments (order_id, venue_id, method, amount)
VALUES ('c78c5dd4-967a-b367-6849-1feba5bbd7cf', '00000000-0000-0000-0000-000000000010', 'card', 1010.0);
INSERT INTO orders (id, venue_id, number, status, total_amount, opened_at, closed_at, table_number)
VALUES ('59793da7-518c-3acf-c0b8-473765f3c541', '00000000-0000-0000-0000-000000000010', '6615', 'paid', 4020.0, '2026-03-25 19:58:17', '2026-03-25 19:58:17', '7');
INSERT INTO order_items (order_id, product_id, product_name, product_price, quantity)
VALUES ('59793da7-518c-3acf-c0b8-473765f3c541', 'c0fb869e-f434-07cb-f666-b9f7e55d4032', 'product_113', 770.0, 1);
INSERT INTO order_items (order_id, product_id, product_name, product_price, quantity)
VALUES ('59793da7-518c-3acf-c0b8-473765f3c541', 'ce90a2e4-a08b-570d-aca7-50bb5d2d0ab2', 'product_112', 440.0, 1);
INSERT INTO order_items (order_id, product_id, product_name, product_price, quantity)
VALUES ('59793da7-518c-3acf-c0b8-473765f3c541', '260b99e2-59bd-a3dc-c313-434aff0daf54', 'product_144', 190.0, 2);
INSERT INTO order_items (order_id, product_id, product_name, product_price, quantity)
VALUES ('59793da7-518c-3acf-c0b8-473765f3c541', 'a2b39819-292c-0b80-799d-c77d7020fc9d', 'product_34', 190.0, 1);
INSERT INTO order_items (order_id, product_id, product_name, product_price, quantity)
VALUES ('59793da7-518c-3acf-c0b8-473765f3c541', '6e00b5a0-6b62-d942-73e4-86982bcae389', 'product_21', 1370.0, 1);
INSERT INTO order_items (order_id, product_id, product_name, product_price, quantity)
VALUES ('59793da7-518c-3acf-c0b8-473765f3c541', '951f4bf6-be55-0e75-59a9-7e580a0d07c4', 'product_14', 640.0, 1);
INSERT INTO order_items (order_id, product_id, product_name, product_price, quantity)
VALUES ('59793da7-518c-3acf-c0b8-473765f3c541', '021231f4-e9fa-ecbb-5f2a-ad1321ca42ea', 'product_59', 230.0, 1);
INSERT INTO payments (order_id, venue_id, method, amount)
VALUES ('59793da7-518c-3acf-c0b8-473765f3c541', '00000000-0000-0000-0000-000000000010', 'card', 4020.0);
INSERT INTO orders (id, venue_id, number, status, total_amount, opened_at, closed_at, table_number)
VALUES ('06c5848a-f20a-6853-2b19-7f8a35ed06c7', '00000000-0000-0000-0000-000000000010', '6596', 'paid', 1450.0, '2026-03-25 19:44:50', '2026-03-25 19:44:50', '1');
INSERT INTO order_items (order_id, product_id, product_name, product_price, quantity)
VALUES ('06c5848a-f20a-6853-2b19-7f8a35ed06c7', '951f4bf6-be55-0e75-59a9-7e580a0d07c4', 'product_14', 640.0, 1);
INSERT INTO order_items (order_id, product_id, product_name, product_price, quantity)
VALUES ('06c5848a-f20a-6853-2b19-7f8a35ed06c7', '0f7cfc79-3a3f-41ac-1aa4-b27431de9236', 'product_29', 620.0, 1);
INSERT INTO order_items (order_id, product_id, product_name, product_price, quantity)
VALUES ('06c5848a-f20a-6853-2b19-7f8a35ed06c7', '0caff6fe-c574-8665-33ca-5f2cee71ebb2', 'product_35', 190.0, 1);
INSERT INTO payments (order_id, venue_id, method, amount)
VALUES ('06c5848a-f20a-6853-2b19-7f8a35ed06c7', '00000000-0000-0000-0000-000000000010', 'card', 1450.0);
INSERT INTO orders (id, venue_id, number, status, total_amount, opened_at, closed_at, table_number)
VALUES ('3452e6ff-1ab6-760e-22d8-bfe4b5c58fdc', '00000000-0000-0000-0000-000000000010', '6616', 'paid', 0.0, '2026-03-25 18:37:46', '2026-03-25 18:37:46', '9');
INSERT INTO order_items (order_id, product_id, product_name, product_price, quantity)
VALUES ('3452e6ff-1ab6-760e-22d8-bfe4b5c58fdc', '12dd0c72-4671-5cd8-b7da-98389426555c', 'product_228', 0.0, 1);
INSERT INTO order_items (order_id, product_id, product_name, product_price, quantity)
VALUES ('3452e6ff-1ab6-760e-22d8-bfe4b5c58fdc', '82c55340-bd07-2a9a-a6cc-6ce377f958f2', 'product_148', 0.0, 1);
INSERT INTO orders (id, venue_id, number, status, total_amount, opened_at, closed_at, table_number)
VALUES ('f88a5659-6b0e-4232-863e-486a6f432396', '00000000-0000-0000-0000-000000000010', '6614', 'paid', 0.0, '2026-03-24 21:43:49', '2026-03-24 21:43:49', '9');
INSERT INTO order_items (order_id, product_id, product_name, product_price, quantity)
VALUES ('f88a5659-6b0e-4232-863e-486a6f432396', '1afe238c-a186-0e67-9e9d-d39b8c4abe8a', 'product_229', 0.0, 1);
INSERT INTO orders (id, venue_id, number, status, total_amount, opened_at, closed_at, table_number)
VALUES ('c192b65e-8cba-1cd4-a693-aaf9b50b0f7b', '00000000-0000-0000-0000-000000000010', '6613', 'paid', 0.0, '2026-03-24 21:43:37', '2026-03-24 21:43:37', '9');
INSERT INTO order_items (order_id, product_id, product_name, product_price, quantity)
VALUES ('c192b65e-8cba-1cd4-a693-aaf9b50b0f7b', '82c55340-bd07-2a9a-a6cc-6ce377f958f2', 'product_148', 0.0, 1);
INSERT INTO order_items (order_id, product_id, product_name, product_price, quantity)
VALUES ('c192b65e-8cba-1cd4-a693-aaf9b50b0f7b', '12dd0c72-4671-5cd8-b7da-98389426555c', 'product_228', 0.0, 1);
INSERT INTO orders (id, venue_id, number, status, total_amount, opened_at, closed_at, table_number)
VALUES ('7bb75fba-40a7-7067-f2b3-3bda7d6c3a15', '00000000-0000-0000-0000-000000000010', '6612', 'paid', 4020.0, '2026-03-24 21:43:16', '2026-03-24 21:43:16', '10');
INSERT INTO order_items (order_id, product_id, product_name, product_price, quantity)
VALUES ('7bb75fba-40a7-7067-f2b3-3bda7d6c3a15', '7b0b5f60-47be-c07e-9585-af9a20b6d773', 'product_9', 460.0, 4);
INSERT INTO order_items (order_id, product_id, product_name, product_price, quantity)
VALUES ('7bb75fba-40a7-7067-f2b3-3bda7d6c3a15', '497d0040-b877-bebf-95b7-582bf7a5e783', 'product_174', 250.0, 2);
INSERT INTO order_items (order_id, product_id, product_name, product_price, quantity)
VALUES ('7bb75fba-40a7-7067-f2b3-3bda7d6c3a15', 'da98da7c-a663-0228-294e-97c1fae50fd1', 'product_54', 180.0, 2);
INSERT INTO order_items (order_id, product_id, product_name, product_price, quantity)
VALUES ('7bb75fba-40a7-7067-f2b3-3bda7d6c3a15', '9d00fee6-5b1a-acb8-1114-e668525ce1a6', 'product_200', 330.0, 4);
INSERT INTO orders (id, venue_id, number, status, total_amount, opened_at, closed_at, table_number)
VALUES ('43da85bc-4692-30a8-8435-deae3b22c03f', '00000000-0000-0000-0000-000000000010', '6606', 'paid', 1020.0, '2026-03-23 22:53:58', '2026-03-23 22:53:58', '2');
INSERT INTO order_items (order_id, product_id, product_name, product_price, quantity)
VALUES ('43da85bc-4692-30a8-8435-deae3b22c03f', '09d404dd-f87b-b319-4eda-9ce7c697868d', 'product_32', 370.0, 1);
INSERT INTO order_items (order_id, product_id, product_name, product_price, quantity)
VALUES ('43da85bc-4692-30a8-8435-deae3b22c03f', '627b586a-57c8-d217-1549-c47bb32192ac', 'product_26', 460.0, 1);
INSERT INTO order_items (order_id, product_id, product_name, product_price, quantity)
VALUES ('43da85bc-4692-30a8-8435-deae3b22c03f', '0caff6fe-c574-8665-33ca-5f2cee71ebb2', 'product_35', 190.0, 1);
INSERT INTO payments (order_id, venue_id, method, amount)
VALUES ('43da85bc-4692-30a8-8435-deae3b22c03f', '00000000-0000-0000-0000-000000000010', 'card', 1020.0);
INSERT INTO orders (id, venue_id, number, status, total_amount, opened_at, closed_at, table_number)
VALUES ('d91d24be-3b19-dc3f-8433-2db4b6c28b69', '00000000-0000-0000-0000-000000000010', '6611', 'paid', 900.0, '2026-03-23 22:19:06', '2026-03-23 22:19:06', '1');
INSERT INTO order_items (order_id, product_id, product_name, product_price, quantity)
VALUES ('d91d24be-3b19-dc3f-8433-2db4b6c28b69', 'da98da7c-a663-0228-294e-97c1fae50fd1', 'product_54', 180.0, 5);
INSERT INTO payments (order_id, venue_id, method, amount)
VALUES ('d91d24be-3b19-dc3f-8433-2db4b6c28b69', '00000000-0000-0000-0000-000000000010', 'card', 900.0);
INSERT INTO orders (id, venue_id, number, status, total_amount, opened_at, closed_at, table_number)
VALUES ('4ffee610-ee89-7d94-4c63-f0ff3a8334b8', '00000000-0000-0000-0000-000000000010', '6610', 'paid', 0.0, '2026-03-23 22:12:01', '2026-03-23 22:12:01', '9');
INSERT INTO order_items (order_id, product_id, product_name, product_price, quantity)
VALUES ('4ffee610-ee89-7d94-4c63-f0ff3a8334b8', '82c55340-bd07-2a9a-a6cc-6ce377f958f2', 'product_148', 0.0, 1);
INSERT INTO orders (id, venue_id, number, status, total_amount, opened_at, closed_at, table_number)
VALUES ('1dcf7f81-4e40-aa27-0f6e-7147cfe7cc6c', '00000000-0000-0000-0000-000000000010', '6609', 'paid', 0.0, '2026-03-23 22:11:41', '2026-03-23 22:11:41', '9');
INSERT INTO order_items (order_id, product_id, product_name, product_price, quantity)
VALUES ('1dcf7f81-4e40-aa27-0f6e-7147cfe7cc6c', '12dd0c72-4671-5cd8-b7da-98389426555c', 'product_228', 0.0, 1);
INSERT INTO orders (id, venue_id, number, status, total_amount, opened_at, closed_at, table_number)
VALUES ('78a70009-c386-8d83-f8d2-67b0144b4da8', '00000000-0000-0000-0000-000000000010', '6590', 'paid', 0.0, '2026-03-23 22:11:31', '2026-03-23 22:11:31', '9');
INSERT INTO order_items (order_id, product_id, product_name, product_price, quantity)
VALUES ('78a70009-c386-8d83-f8d2-67b0144b4da8', '82c55340-bd07-2a9a-a6cc-6ce377f958f2', 'product_148', 0.0, 1);
INSERT INTO order_items (order_id, product_id, product_name, product_price, quantity)
VALUES ('78a70009-c386-8d83-f8d2-67b0144b4da8', '1afe238c-a186-0e67-9e9d-d39b8c4abe8a', 'product_229', 0.0, 1);
INSERT INTO orders (id, venue_id, number, status, total_amount, opened_at, closed_at, table_number)
VALUES ('a974c23e-40b2-a981-fecc-355b9f4cf4eb', '00000000-0000-0000-0000-000000000010', '6608', 'paid', 2190.0, '2026-03-23 22:10:05', '2026-03-23 22:10:05', '7');
INSERT INTO order_items (order_id, product_id, product_name, product_price, quantity)
VALUES ('a974c23e-40b2-a981-fecc-355b9f4cf4eb', 'c0fb869e-f434-07cb-f666-b9f7e55d4032', 'product_113', 770.0, 2);
INSERT INTO order_items (order_id, product_id, product_name, product_price, quantity)
VALUES ('a974c23e-40b2-a981-fecc-355b9f4cf4eb', '260b99e2-59bd-a3dc-c313-434aff0daf54', 'product_144', 190.0, 2);
INSERT INTO order_items (order_id, product_id, product_name, product_price, quantity)
VALUES ('a974c23e-40b2-a981-fecc-355b9f4cf4eb', '8b7920ef-e954-d760-2a69-99cafc830c2e', 'product_171', 270.0, 1);
INSERT INTO payments (order_id, venue_id, method, amount)
VALUES ('a974c23e-40b2-a981-fecc-355b9f4cf4eb', '00000000-0000-0000-0000-000000000010', 'card', 2190.0);
INSERT INTO orders (id, venue_id, number, status, total_amount, opened_at, closed_at, table_number)
VALUES ('c376d39f-a584-66e3-c1f5-497e7f7c4408', '00000000-0000-0000-0000-000000000010', '6607', 'paid', 230.0, '2026-03-23 18:45:31', '2026-03-23 18:45:31', '1');
INSERT INTO order_items (order_id, product_id, product_name, product_price, quantity)
VALUES ('c376d39f-a584-66e3-c1f5-497e7f7c4408', '021231f4-e9fa-ecbb-5f2a-ad1321ca42ea', 'product_59', 230.0, 1);
INSERT INTO payments (order_id, venue_id, method, amount)
VALUES ('c376d39f-a584-66e3-c1f5-497e7f7c4408', '00000000-0000-0000-0000-000000000010', 'card', 230.0);
INSERT INTO orders (id, venue_id, number, status, total_amount, opened_at, closed_at, table_number)
VALUES ('91538505-920f-18ec-d1ce-96736ed07b1c', '00000000-0000-0000-0000-000000000010', '6605', 'paid', 370.0, '2026-03-23 16:03:32', '2026-03-23 16:03:32', '1');
INSERT INTO order_items (order_id, product_id, product_name, product_price, quantity)
VALUES ('91538505-920f-18ec-d1ce-96736ed07b1c', '09d404dd-f87b-b319-4eda-9ce7c697868d', 'product_32', 370.0, 1);
INSERT INTO payments (order_id, venue_id, method, amount)
VALUES ('91538505-920f-18ec-d1ce-96736ed07b1c', '00000000-0000-0000-0000-000000000010', 'cash', 370.0);
INSERT INTO orders (id, venue_id, number, status, total_amount, opened_at, closed_at, table_number)
VALUES ('c08e3b79-1028-581b-6d73-76fb3af95526', '00000000-0000-0000-0000-000000000010', '6604', 'paid', 2050.0, '2026-03-22 21:50:21', '2026-03-22 21:50:21', '7');
INSERT INTO order_items (order_id, product_id, product_name, product_price, quantity)
VALUES ('c08e3b79-1028-581b-6d73-76fb3af95526', 'da98da7c-a663-0228-294e-97c1fae50fd1', 'product_54', 180.0, 1);
INSERT INTO order_items (order_id, product_id, product_name, product_price, quantity)
VALUES ('c08e3b79-1028-581b-6d73-76fb3af95526', 'e81dc667-2a7e-c5f0-b886-e7a3451b0fd2', 'product_219', 570.0, 1);
INSERT INTO order_items (order_id, product_id, product_name, product_price, quantity)
VALUES ('c08e3b79-1028-581b-6d73-76fb3af95526', 'ce90a2e4-a08b-570d-aca7-50bb5d2d0ab2', 'product_112', 440.0, 1);
INSERT INTO order_items (order_id, product_id, product_name, product_price, quantity)
VALUES ('c08e3b79-1028-581b-6d73-76fb3af95526', '1a9038b5-12c1-4b41-756a-ce6d8bb0fac8', 'product_114', 670.0, 1);
INSERT INTO order_items (order_id, product_id, product_name, product_price, quantity)
VALUES ('c08e3b79-1028-581b-6d73-76fb3af95526', '0caff6fe-c574-8665-33ca-5f2cee71ebb2', 'product_35', 190.0, 1);
INSERT INTO payments (order_id, venue_id, method, amount)
VALUES ('c08e3b79-1028-581b-6d73-76fb3af95526', '00000000-0000-0000-0000-000000000010', 'card', 2050.0);
INSERT INTO orders (id, venue_id, number, status, total_amount, opened_at, closed_at, table_number)
VALUES ('3453c1cc-93a0-5b66-a24c-14bdd9c6fc19', '00000000-0000-0000-0000-000000000010', '6597', 'paid', 3250.0, '2026-03-22 20:47:58', '2026-03-22 20:47:58', '8');
INSERT INTO order_items (order_id, product_id, product_name, product_price, quantity)
VALUES ('3453c1cc-93a0-5b66-a24c-14bdd9c6fc19', '7f688518-4003-c783-7333-b947a8856b49', 'product_28', 470.0, 1);
INSERT INTO order_items (order_id, product_id, product_name, product_price, quantity)
VALUES ('3453c1cc-93a0-5b66-a24c-14bdd9c6fc19', 'c0fb869e-f434-07cb-f666-b9f7e55d4032', 'product_113', 770.0, 2);
INSERT INTO order_items (order_id, product_id, product_name, product_price, quantity)
VALUES ('3453c1cc-93a0-5b66-a24c-14bdd9c6fc19', '1a9038b5-12c1-4b41-756a-ce6d8bb0fac8', 'product_114', 670.0, 1);
INSERT INTO order_items (order_id, product_id, product_name, product_price, quantity)
VALUES ('3453c1cc-93a0-5b66-a24c-14bdd9c6fc19', '260b99e2-59bd-a3dc-c313-434aff0daf54', 'product_144', 190.0, 3);
INSERT INTO payments (order_id, venue_id, method, amount)
VALUES ('3453c1cc-93a0-5b66-a24c-14bdd9c6fc19', '00000000-0000-0000-0000-000000000010', 'card', 3250.0);
INSERT INTO orders (id, venue_id, number, status, total_amount, opened_at, closed_at, table_number)
VALUES ('b7467535-3704-08a1-6ea2-5f150f0f152e', '00000000-0000-0000-0000-000000000010', '6603', 'paid', 860.0, '2026-03-22 20:14:03', '2026-03-22 20:14:03', '16');
INSERT INTO order_items (order_id, product_id, product_name, product_price, quantity)
VALUES ('b7467535-3704-08a1-6ea2-5f150f0f152e', '1a9038b5-12c1-4b41-756a-ce6d8bb0fac8', 'product_114', 670.0, 1);
INSERT INTO order_items (order_id, product_id, product_name, product_price, quantity)
VALUES ('b7467535-3704-08a1-6ea2-5f150f0f152e', '260b99e2-59bd-a3dc-c313-434aff0daf54', 'product_144', 190.0, 1);
INSERT INTO payments (order_id, venue_id, method, amount)
VALUES ('b7467535-3704-08a1-6ea2-5f150f0f152e', '00000000-0000-0000-0000-000000000010', 'card', 860.0);
INSERT INTO orders (id, venue_id, number, status, total_amount, opened_at, closed_at, table_number)
VALUES ('d155eef8-e7e9-3dd0-a370-f122501d9eb7', '00000000-0000-0000-0000-000000000010', '6602', 'paid', 1630.0, '2026-03-22 20:10:49', '2026-03-22 20:10:49', '17');
INSERT INTO order_items (order_id, product_id, product_name, product_price, quantity)
VALUES ('d155eef8-e7e9-3dd0-a370-f122501d9eb7', '1a9038b5-12c1-4b41-756a-ce6d8bb0fac8', 'product_114', 670.0, 1);
INSERT INTO order_items (order_id, product_id, product_name, product_price, quantity)
VALUES ('d155eef8-e7e9-3dd0-a370-f122501d9eb7', 'c0fb869e-f434-07cb-f666-b9f7e55d4032', 'product_113', 770.0, 1);
INSERT INTO order_items (order_id, product_id, product_name, product_price, quantity)
VALUES ('d155eef8-e7e9-3dd0-a370-f122501d9eb7', 'a2b39819-292c-0b80-799d-c77d7020fc9d', 'product_34', 190.0, 1);
INSERT INTO payments (order_id, venue_id, method, amount)
VALUES ('d155eef8-e7e9-3dd0-a370-f122501d9eb7', '00000000-0000-0000-0000-000000000010', 'card', 1630.0);
INSERT INTO orders (id, venue_id, number, status, total_amount, opened_at, closed_at, table_number)
VALUES ('edede050-425b-b1da-3005-c3d55bd3a28e', '00000000-0000-0000-0000-000000000010', '6601', 'paid', 1000.0, '2026-03-22 19:44:39', '2026-03-22 19:44:39', '14');
INSERT INTO order_items (order_id, product_id, product_name, product_price, quantity)
VALUES ('edede050-425b-b1da-3005-c3d55bd3a28e', '021231f4-e9fa-ecbb-5f2a-ad1321ca42ea', 'product_59', 230.0, 2);
INSERT INTO order_items (order_id, product_id, product_name, product_price, quantity)
VALUES ('edede050-425b-b1da-3005-c3d55bd3a28e', 'd46f67a1-e1dd-e079-0b5c-329f6422c4d4', 'product_60', 280.0, 1);
INSERT INTO order_items (order_id, product_id, product_name, product_price, quantity)
VALUES ('edede050-425b-b1da-3005-c3d55bd3a28e', '338bdc4d-fbd5-43ad-a7a7-3951ceca3a16', 'product_97', 260.0, 1);
INSERT INTO payments (order_id, venue_id, method, amount)
VALUES ('edede050-425b-b1da-3005-c3d55bd3a28e', '00000000-0000-0000-0000-000000000010', 'card', 1000.0);
INSERT INTO orders (id, venue_id, number, status, total_amount, opened_at, closed_at, table_number)
VALUES ('6f2f82c2-a544-00b1-ed46-b3b702071081', '00000000-0000-0000-0000-000000000010', '6600', 'paid', 330.0, '2026-03-22 18:45:25', '2026-03-22 18:45:25', '1');
INSERT INTO order_items (order_id, product_id, product_name, product_price, quantity)
VALUES ('6f2f82c2-a544-00b1-ed46-b3b702071081', 'fe60b0ae-2583-0dd8-24c6-ce415c7dbabd', 'product_96', 330.0, 1);
INSERT INTO payments (order_id, venue_id, method, amount)
VALUES ('6f2f82c2-a544-00b1-ed46-b3b702071081', '00000000-0000-0000-0000-000000000010', 'card', 330.0);
INSERT INTO orders (id, venue_id, number, status, total_amount, opened_at, closed_at, table_number)
VALUES ('afe5f961-b0df-9976-d684-025ec90080eb', '00000000-0000-0000-0000-000000000010', '6599', 'paid', 460.0, '2026-03-22 18:12:16', '2026-03-22 18:12:16', '1');
INSERT INTO order_items (order_id, product_id, product_name, product_price, quantity)
VALUES ('afe5f961-b0df-9976-d684-025ec90080eb', '021231f4-e9fa-ecbb-5f2a-ad1321ca42ea', 'product_59', 230.0, 2);
INSERT INTO payments (order_id, venue_id, method, amount)
VALUES ('afe5f961-b0df-9976-d684-025ec90080eb', '00000000-0000-0000-0000-000000000010', 'card', 460.0);
INSERT INTO orders (id, venue_id, number, status, total_amount, opened_at, closed_at, table_number)
VALUES ('c1f4a910-e8e8-b4b1-901b-dab5fe2ac89a', '00000000-0000-0000-0000-000000000010', '6591', 'paid', 0.0, '2026-03-22 18:09:25', '2026-03-22 18:09:25', '8');
INSERT INTO orders (id, venue_id, number, status, total_amount, opened_at, closed_at, table_number)
VALUES ('ff4cf921-0d0b-36a0-5842-7653be9517cf', '00000000-0000-0000-0000-000000000010', '6595', 'paid', 1450.0, '2026-03-22 18:02:25', '2026-03-22 18:02:25', '17');
INSERT INTO order_items (order_id, product_id, product_name, product_price, quantity)
VALUES ('ff4cf921-0d0b-36a0-5842-7653be9517cf', '5c3938ac-271e-5674-37aa-116c20435202', 'product_234', 370.0, 1);
INSERT INTO order_items (order_id, product_id, product_name, product_price, quantity)
VALUES ('ff4cf921-0d0b-36a0-5842-7653be9517cf', '0f7cfc79-3a3f-41ac-1aa4-b27431de9236', 'product_29', 620.0, 1);
INSERT INTO order_items (order_id, product_id, product_name, product_price, quantity)
VALUES ('ff4cf921-0d0b-36a0-5842-7653be9517cf', '627b586a-57c8-d217-1549-c47bb32192ac', 'product_26', 460.0, 1);
INSERT INTO payments (order_id, venue_id, method, amount)
VALUES ('ff4cf921-0d0b-36a0-5842-7653be9517cf', '00000000-0000-0000-0000-000000000010', 'card', 1450.0);
INSERT INTO orders (id, venue_id, number, status, total_amount, opened_at, closed_at, table_number)
VALUES ('7dcdcf4b-c340-0a35-fa7c-b7212e77d8c2', '00000000-0000-0000-0000-000000000010', '6598', 'paid', 280.0, '2026-03-22 17:42:24', '2026-03-22 17:42:24', '14');
INSERT INTO order_items (order_id, product_id, product_name, product_price, quantity)
VALUES ('7dcdcf4b-c340-0a35-fa7c-b7212e77d8c2', 'd46f67a1-e1dd-e079-0b5c-329f6422c4d4', 'product_60', 280.0, 1);
INSERT INTO payments (order_id, venue_id, method, amount)
VALUES ('7dcdcf4b-c340-0a35-fa7c-b7212e77d8c2', '00000000-0000-0000-0000-000000000010', 'card', 280.0);
INSERT INTO orders (id, venue_id, number, status, total_amount, opened_at, closed_at, table_number)
VALUES ('1d824af0-55ba-250c-668c-b64332243633', '00000000-0000-0000-0000-000000000010', '6592', 'paid', 1080.0, '2026-03-22 16:08:57', '2026-03-22 16:08:57', '1');
INSERT INTO order_items (order_id, product_id, product_name, product_price, quantity)
VALUES ('1d824af0-55ba-250c-668c-b64332243633', 'ce90a2e4-a08b-570d-aca7-50bb5d2d0ab2', 'product_112', 440.0, 1);
INSERT INTO order_items (order_id, product_id, product_name, product_price, quantity)
VALUES ('1d824af0-55ba-250c-668c-b64332243633', '8b7920ef-e954-d760-2a69-99cafc830c2e', 'product_171', 270.0, 1);
INSERT INTO order_items (order_id, product_id, product_name, product_price, quantity)
VALUES ('1d824af0-55ba-250c-668c-b64332243633', '5c3938ac-271e-5674-37aa-116c20435202', 'product_234', 370.0, 1);
INSERT INTO payments (order_id, venue_id, method, amount)
VALUES ('1d824af0-55ba-250c-668c-b64332243633', '00000000-0000-0000-0000-000000000010', 'card', 1080.0);
INSERT INTO orders (id, venue_id, number, status, total_amount, opened_at, closed_at, table_number)
VALUES ('61bd80fd-a2dc-2de0-18dd-85e7ee77fcdf', '00000000-0000-0000-0000-000000000010', '6593', 'paid', 370.0, '2026-03-22 15:54:49', '2026-03-22 15:54:49', '2');
INSERT INTO order_items (order_id, product_id, product_name, product_price, quantity)
VALUES ('61bd80fd-a2dc-2de0-18dd-85e7ee77fcdf', '09d404dd-f87b-b319-4eda-9ce7c697868d', 'product_32', 370.0, 1);
INSERT INTO payments (order_id, venue_id, method, amount)
VALUES ('61bd80fd-a2dc-2de0-18dd-85e7ee77fcdf', '00000000-0000-0000-0000-000000000010', 'card', 370.0);
INSERT INTO orders (id, venue_id, number, status, total_amount, opened_at, closed_at, table_number)
VALUES ('540fd334-d251-2170-b583-5e7ebef3de9d', '00000000-0000-0000-0000-000000000010', '6588', 'paid', 1030.0, '2026-03-22 14:35:47', '2026-03-22 14:35:47', '7');
INSERT INTO order_items (order_id, product_id, product_name, product_price, quantity)
VALUES ('540fd334-d251-2170-b583-5e7ebef3de9d', 'ce90a2e4-a08b-570d-aca7-50bb5d2d0ab2', 'product_112', 440.0, 1);
INSERT INTO order_items (order_id, product_id, product_name, product_price, quantity)
VALUES ('540fd334-d251-2170-b583-5e7ebef3de9d', '81b3193a-f1f9-6ba6-5630-5c911f0c4a69', 'product_48', 220.0, 1);
INSERT INTO order_items (order_id, product_id, product_name, product_price, quantity)
VALUES ('540fd334-d251-2170-b583-5e7ebef3de9d', '09d404dd-f87b-b319-4eda-9ce7c697868d', 'product_32', 370.0, 1);
INSERT INTO payments (order_id, venue_id, method, amount)
VALUES ('540fd334-d251-2170-b583-5e7ebef3de9d', '00000000-0000-0000-0000-000000000010', 'card', 1030.0);
INSERT INTO orders (id, venue_id, number, status, total_amount, opened_at, closed_at, table_number)
VALUES ('df56a7eb-b5c5-b794-ef5f-7feca160f3c4', '00000000-0000-0000-0000-000000000010', '6589', 'paid', 0.0, '2026-03-22 14:09:01', '2026-03-22 14:09:01', '9');
INSERT INTO order_items (order_id, product_id, product_name, product_price, quantity)
VALUES ('df56a7eb-b5c5-b794-ef5f-7feca160f3c4', '1afe238c-a186-0e67-9e9d-d39b8c4abe8a', 'product_229', 0.0, 1);
INSERT INTO orders (id, venue_id, number, status, total_amount, opened_at, closed_at, table_number)
VALUES ('66166ff4-f7c8-4c9b-11b8-18ce53d0eeba', '00000000-0000-0000-0000-000000000010', '6584', 'paid', 0.0, '2026-03-22 14:08:49', '2026-03-22 14:08:49', '9');
INSERT INTO order_items (order_id, product_id, product_name, product_price, quantity)
VALUES ('66166ff4-f7c8-4c9b-11b8-18ce53d0eeba', '82c55340-bd07-2a9a-a6cc-6ce377f958f2', 'product_148', 0.0, 1);
INSERT INTO order_items (order_id, product_id, product_name, product_price, quantity)
VALUES ('66166ff4-f7c8-4c9b-11b8-18ce53d0eeba', '12dd0c72-4671-5cd8-b7da-98389426555c', 'product_228', 0.0, 3);
INSERT INTO orders (id, venue_id, number, status, total_amount, opened_at, closed_at, table_number)
VALUES ('6998b640-bc03-0ca1-9b81-7bfbc7a1a9f8', '00000000-0000-0000-0000-000000000010', '6587', 'paid', 420.0, '2026-03-22 14:07:51', '2026-03-22 14:07:51', '1');
INSERT INTO order_items (order_id, product_id, product_name, product_price, quantity)
VALUES ('6998b640-bc03-0ca1-9b81-7bfbc7a1a9f8', 'a2b39819-292c-0b80-799d-c77d7020fc9d', 'product_34', 190.0, 1);
INSERT INTO order_items (order_id, product_id, product_name, product_price, quantity)
VALUES ('6998b640-bc03-0ca1-9b81-7bfbc7a1a9f8', '021231f4-e9fa-ecbb-5f2a-ad1321ca42ea', 'product_59', 230.0, 1);
INSERT INTO payments (order_id, venue_id, method, amount)
VALUES ('6998b640-bc03-0ca1-9b81-7bfbc7a1a9f8', '00000000-0000-0000-0000-000000000010', 'card', 420.0);
INSERT INTO orders (id, venue_id, number, status, total_amount, opened_at, closed_at, table_number)
VALUES ('5c92620e-578b-4d99-028b-783fa28c6905', '00000000-0000-0000-0000-000000000010', '6583', 'paid', 540.0, '2026-03-22 14:04:45', '2026-03-22 14:04:45', '10');
INSERT INTO order_items (order_id, product_id, product_name, product_price, quantity)
VALUES ('5c92620e-578b-4d99-028b-783fa28c6905', '8d266d35-f6a4-b267-e097-564510f7f857', 'product_12', 270.0, 2);
INSERT INTO order_items (order_id, product_id, product_name, product_price, quantity)
VALUES ('5c92620e-578b-4d99-028b-783fa28c6905', 'b9bdca4d-a423-6c36-2351-10cf52ff0eec', 'product_230', 0.0, 2);
INSERT INTO orders (id, venue_id, number, status, total_amount, opened_at, closed_at, table_number)
VALUES ('cfd32a8e-67bf-aafa-75fb-a1abb39ed9c7', '00000000-0000-0000-0000-000000000010', '6586', 'paid', 3110.0, '2026-03-22 14:01:10', '2026-03-22 14:01:10', '2');
INSERT INTO order_items (order_id, product_id, product_name, product_price, quantity)
VALUES ('cfd32a8e-67bf-aafa-75fb-a1abb39ed9c7', 'c0fb869e-f434-07cb-f666-b9f7e55d4032', 'product_113', 770.0, 1);
INSERT INTO order_items (order_id, product_id, product_name, product_price, quantity)
VALUES ('cfd32a8e-67bf-aafa-75fb-a1abb39ed9c7', 'c10f6483-27d9-ca48-5e52-fb5a740be095', 'product_166', 40.0, 1);
INSERT INTO order_items (order_id, product_id, product_name, product_price, quantity)
VALUES ('cfd32a8e-67bf-aafa-75fb-a1abb39ed9c7', '62cdaaca-f6e8-fe1a-af41-d7fc95a79021', 'product_167', 40.0, 1);
INSERT INTO order_items (order_id, product_id, product_name, product_price, quantity)
VALUES ('cfd32a8e-67bf-aafa-75fb-a1abb39ed9c7', '5c3938ac-271e-5674-37aa-116c20435202', 'product_234', 370.0, 1);
INSERT INTO order_items (order_id, product_id, product_name, product_price, quantity)
VALUES ('cfd32a8e-67bf-aafa-75fb-a1abb39ed9c7', '81b3193a-f1f9-6ba6-5630-5c911f0c4a69', 'product_48', 220.0, 1);
INSERT INTO order_items (order_id, product_id, product_name, product_price, quantity)
VALUES ('cfd32a8e-67bf-aafa-75fb-a1abb39ed9c7', 'fdb6f575-fe3f-282e-93d0-1dad56530fa5', 'product_15', 640.0, 1);
INSERT INTO order_items (order_id, product_id, product_name, product_price, quantity)
VALUES ('cfd32a8e-67bf-aafa-75fb-a1abb39ed9c7', 'f17e6b93-235c-e217-e8bb-314b22b364b3', 'product_206', 430.0, 1);
INSERT INTO order_items (order_id, product_id, product_name, product_price, quantity)
VALUES ('cfd32a8e-67bf-aafa-75fb-a1abb39ed9c7', 'ba729be8-36f6-fb9a-7e2c-4b99753cb652', 'product_217', 600.0, 1);
INSERT INTO payments (order_id, venue_id, method, amount)
VALUES ('cfd32a8e-67bf-aafa-75fb-a1abb39ed9c7', '00000000-0000-0000-0000-000000000010', 'card', 3110.0);
INSERT INTO orders (id, venue_id, number, status, total_amount, opened_at, closed_at, table_number)
VALUES ('328447be-5e01-a5be-1774-d558beb32cc9', '00000000-0000-0000-0000-000000000010', '6585', 'paid', 370.0, '2026-03-22 13:11:26', '2026-03-22 13:11:26', '11');
INSERT INTO order_items (order_id, product_id, product_name, product_price, quantity)
VALUES ('328447be-5e01-a5be-1774-d558beb32cc9', 'b9bdca4d-a423-6c36-2351-10cf52ff0eec', 'product_230', 0.0, 2);
INSERT INTO order_items (order_id, product_id, product_name, product_price, quantity)
VALUES ('328447be-5e01-a5be-1774-d558beb32cc9', 'bd63cdca-84b0-4bda-520e-13725e4b4e60', 'product_33', 370.0, 1);
INSERT INTO payments (order_id, venue_id, method, amount)
VALUES ('328447be-5e01-a5be-1774-d558beb32cc9', '00000000-0000-0000-0000-000000000010', 'card', 370.0);
INSERT INTO orders (id, venue_id, number, status, total_amount, opened_at, closed_at, table_number)
VALUES ('82debdee-4d71-877c-b199-7a728a23c535', '00000000-0000-0000-0000-000000000010', '6582', 'paid', 4990.0, '2026-03-21 22:03:51', '2026-03-21 22:03:51', '11');
INSERT INTO order_items (order_id, product_id, product_name, product_price, quantity)
VALUES ('82debdee-4d71-877c-b199-7a728a23c535', '6e00b5a0-6b62-d942-73e4-86982bcae389', 'product_21', 1370.0, 2);
INSERT INTO order_items (order_id, product_id, product_name, product_price, quantity)
VALUES ('82debdee-4d71-877c-b199-7a728a23c535', 'ba729be8-36f6-fb9a-7e2c-4b99753cb652', 'product_217', 600.0, 1);
INSERT INTO order_items (order_id, product_id, product_name, product_price, quantity)
VALUES ('82debdee-4d71-877c-b199-7a728a23c535', '951f4bf6-be55-0e75-59a9-7e580a0d07c4', 'product_14', 640.0, 2);
INSERT INTO order_items (order_id, product_id, product_name, product_price, quantity)
VALUES ('82debdee-4d71-877c-b199-7a728a23c535', '09d404dd-f87b-b319-4eda-9ce7c697868d', 'product_32', 370.0, 1);
INSERT INTO order_items (order_id, product_id, product_name, product_price, quantity)
VALUES ('82debdee-4d71-877c-b199-7a728a23c535', '12dd0c72-4671-5cd8-b7da-98389426555c', 'product_228', 0.0, 1);
INSERT INTO payments (order_id, venue_id, method, amount)
VALUES ('82debdee-4d71-877c-b199-7a728a23c535', '00000000-0000-0000-0000-000000000010', 'card', 4990.0);
INSERT INTO orders (id, venue_id, number, status, total_amount, opened_at, closed_at, table_number)
VALUES ('beea154c-3a35-deba-8704-58ab13f4dcb6', '00000000-0000-0000-0000-000000000010', '6580', 'paid', 4380.0, '2026-03-21 21:19:43', '2026-03-21 21:19:43', '7');
INSERT INTO order_items (order_id, product_id, product_name, product_price, quantity)
VALUES ('beea154c-3a35-deba-8704-58ab13f4dcb6', '4cb15d99-ad0e-d256-a257-afdad4bf887e', 'product_110', 1750.0, 2);
INSERT INTO order_items (order_id, product_id, product_name, product_price, quantity)
VALUES ('beea154c-3a35-deba-8704-58ab13f4dcb6', 'a2b39819-292c-0b80-799d-c77d7020fc9d', 'product_34', 190.0, 1);
INSERT INTO order_items (order_id, product_id, product_name, product_price, quantity)
VALUES ('beea154c-3a35-deba-8704-58ab13f4dcb6', 'ca58c9ff-fe24-427b-5955-2cd4feccec48', 'product_116', 310.0, 1);
INSERT INTO order_items (order_id, product_id, product_name, product_price, quantity)
VALUES ('beea154c-3a35-deba-8704-58ab13f4dcb6', '260b99e2-59bd-a3dc-c313-434aff0daf54', 'product_144', 190.0, 2);
INSERT INTO payments (order_id, venue_id, method, amount)
VALUES ('beea154c-3a35-deba-8704-58ab13f4dcb6', '00000000-0000-0000-0000-000000000010', 'cash', 4380.0);
INSERT INTO orders (id, venue_id, number, status, total_amount, opened_at, closed_at, table_number)
VALUES ('bc98f077-e84f-dc6c-1357-fd46b40cb30d', '00000000-0000-0000-0000-000000000010', '6581', 'paid', 370.0, '2026-03-21 20:46:25', '2026-03-21 20:46:25', '2');
INSERT INTO order_items (order_id, product_id, product_name, product_price, quantity)
VALUES ('bc98f077-e84f-dc6c-1357-fd46b40cb30d', '5c3938ac-271e-5674-37aa-116c20435202', 'product_234', 370.0, 1);
INSERT INTO payments (order_id, venue_id, method, amount)
VALUES ('bc98f077-e84f-dc6c-1357-fd46b40cb30d', '00000000-0000-0000-0000-000000000010', 'card', 370.0);
INSERT INTO orders (id, venue_id, number, status, total_amount, opened_at, closed_at, table_number)
VALUES ('13eb7dc2-d476-142e-5036-ef8a01492e2d', '00000000-0000-0000-0000-000000000010', '6579', 'paid', 0.0, '2026-03-21 19:47:20', '2026-03-21 19:47:20', '9');
INSERT INTO order_items (order_id, product_id, product_name, product_price, quantity)
VALUES ('13eb7dc2-d476-142e-5036-ef8a01492e2d', '1afe238c-a186-0e67-9e9d-d39b8c4abe8a', 'product_229', 0.0, 1);
INSERT INTO orders (id, venue_id, number, status, total_amount, opened_at, closed_at, table_number)
VALUES ('11a388c0-e475-ba7d-9f32-a72fa87543ca', '00000000-0000-0000-0000-000000000010', '6578', 'paid', 5320.0, '2026-03-21 19:38:28', '2026-03-21 19:38:28', '2');
INSERT INTO order_items (order_id, product_id, product_name, product_price, quantity)
VALUES ('11a388c0-e475-ba7d-9f32-a72fa87543ca', '627b586a-57c8-d217-1549-c47bb32192ac', 'product_26', 460.0, 1);
INSERT INTO order_items (order_id, product_id, product_name, product_price, quantity)
VALUES ('11a388c0-e475-ba7d-9f32-a72fa87543ca', '951f4bf6-be55-0e75-59a9-7e580a0d07c4', 'product_14', 640.0, 1);
INSERT INTO order_items (order_id, product_id, product_name, product_price, quantity)
VALUES ('11a388c0-e475-ba7d-9f32-a72fa87543ca', '891fbb64-0a53-e6d6-f1bf-27e191c4de93', 'product_121', 4220.0, 1);
INSERT INTO payments (order_id, venue_id, method, amount)
VALUES ('11a388c0-e475-ba7d-9f32-a72fa87543ca', '00000000-0000-0000-0000-000000000010', 'card', 5320.0);
INSERT INTO orders (id, venue_id, number, status, total_amount, opened_at, closed_at, table_number)
VALUES ('1722770a-2527-1fec-78b9-0acdbb5fbbd7', '00000000-0000-0000-0000-000000000010', '6571', 'paid', 370.0, '2026-03-21 18:14:50', '2026-03-21 18:14:50', '1');
INSERT INTO order_items (order_id, product_id, product_name, product_price, quantity)
VALUES ('1722770a-2527-1fec-78b9-0acdbb5fbbd7', '5c3938ac-271e-5674-37aa-116c20435202', 'product_234', 370.0, 1);
INSERT INTO payments (order_id, venue_id, method, amount)
VALUES ('1722770a-2527-1fec-78b9-0acdbb5fbbd7', '00000000-0000-0000-0000-000000000010', 'card', 370.0);
INSERT INTO orders (id, venue_id, number, status, total_amount, opened_at, closed_at, table_number)
VALUES ('4e53af89-2971-7882-b411-729b1aea7dc9', '00000000-0000-0000-0000-000000000010', '6577', 'paid', 510.0, '2026-03-21 16:55:16', '2026-03-21 16:55:16', '6');
INSERT INTO order_items (order_id, product_id, product_name, product_price, quantity)
VALUES ('4e53af89-2971-7882-b411-729b1aea7dc9', 'd46f67a1-e1dd-e079-0b5c-329f6422c4d4', 'product_60', 280.0, 1);
INSERT INTO order_items (order_id, product_id, product_name, product_price, quantity)
VALUES ('4e53af89-2971-7882-b411-729b1aea7dc9', '021231f4-e9fa-ecbb-5f2a-ad1321ca42ea', 'product_59', 230.0, 1);
INSERT INTO payments (order_id, venue_id, method, amount)
VALUES ('4e53af89-2971-7882-b411-729b1aea7dc9', '00000000-0000-0000-0000-000000000010', 'card', 510.0);
INSERT INTO orders (id, venue_id, number, status, total_amount, opened_at, closed_at, table_number)
VALUES ('2e55213a-97f9-9be4-84ac-facb98c51da5', '00000000-0000-0000-0000-000000000010', '6576', 'paid', 2160.0, '2026-03-21 16:55:03', '2026-03-21 16:55:03', '3');
INSERT INTO order_items (order_id, product_id, product_name, product_price, quantity)
VALUES ('2e55213a-97f9-9be4-84ac-facb98c51da5', 'c0fb869e-f434-07cb-f666-b9f7e55d4032', 'product_113', 770.0, 1);
INSERT INTO order_items (order_id, product_id, product_name, product_price, quantity)
VALUES ('2e55213a-97f9-9be4-84ac-facb98c51da5', '0f7cfc79-3a3f-41ac-1aa4-b27431de9236', 'product_29', 620.0, 1);
INSERT INTO order_items (order_id, product_id, product_name, product_price, quantity)
VALUES ('2e55213a-97f9-9be4-84ac-facb98c51da5', '7c7c305a-92ed-bc40-0bb5-1155fc4e313f', 'product_99', 220.0, 1);
INSERT INTO order_items (order_id, product_id, product_name, product_price, quantity)
VALUES ('2e55213a-97f9-9be4-84ac-facb98c51da5', '1649694a-a1df-1a36-ccd0-08ba48ab2fd1', 'product_36', 550.0, 1);
INSERT INTO payments (order_id, venue_id, method, amount)
VALUES ('2e55213a-97f9-9be4-84ac-facb98c51da5', '00000000-0000-0000-0000-000000000010', 'card', 2160.0);
INSERT INTO orders (id, venue_id, number, status, total_amount, opened_at, closed_at, table_number)
VALUES ('4122c1fb-5a5a-e8d2-1337-0482c5bd8a58', '00000000-0000-0000-0000-000000000010', '6574', 'paid', 600.0, '2026-03-21 15:47:15', '2026-03-21 15:47:15', '8');
INSERT INTO order_items (order_id, product_id, product_name, product_price, quantity)
VALUES ('4122c1fb-5a5a-e8d2-1337-0482c5bd8a58', '5c3938ac-271e-5674-37aa-116c20435202', 'product_234', 370.0, 1);
INSERT INTO order_items (order_id, product_id, product_name, product_price, quantity)
VALUES ('4122c1fb-5a5a-e8d2-1337-0482c5bd8a58', '021231f4-e9fa-ecbb-5f2a-ad1321ca42ea', 'product_59', 230.0, 1);
INSERT INTO payments (order_id, venue_id, method, amount)
VALUES ('4122c1fb-5a5a-e8d2-1337-0482c5bd8a58', '00000000-0000-0000-0000-000000000010', 'card', 600.0);
INSERT INTO orders (id, venue_id, number, status, total_amount, opened_at, closed_at, table_number)
VALUES ('b04710ac-db7b-b85e-cc05-080750f76011', '00000000-0000-0000-0000-000000000010', '6575', 'paid', 420.0, '2026-03-21 15:22:19', '2026-03-21 15:22:19', '5');
INSERT INTO order_items (order_id, product_id, product_name, product_price, quantity)
VALUES ('b04710ac-db7b-b85e-cc05-080750f76011', 'da98da7c-a663-0228-294e-97c1fae50fd1', 'product_54', 180.0, 1);
INSERT INTO order_items (order_id, product_id, product_name, product_price, quantity)
VALUES ('b04710ac-db7b-b85e-cc05-080750f76011', 'ba6fbcf2-1f2b-909a-e5f9-b9c5fe635c92', 'product_187', 50.0, 1);
INSERT INTO order_items (order_id, product_id, product_name, product_price, quantity)
VALUES ('b04710ac-db7b-b85e-cc05-080750f76011', '0caff6fe-c574-8665-33ca-5f2cee71ebb2', 'product_35', 190.0, 1);
INSERT INTO payments (order_id, venue_id, method, amount)
VALUES ('b04710ac-db7b-b85e-cc05-080750f76011', '00000000-0000-0000-0000-000000000010', 'card', 420.0);
INSERT INTO orders (id, venue_id, number, status, total_amount, opened_at, closed_at, table_number)
VALUES ('0b1ef47e-5853-f9f7-218c-64ae7dbb6bbc', '00000000-0000-0000-0000-000000000010', '6572', 'paid', 0.0, '2026-03-21 13:14:58', '2026-03-21 13:14:58', '2');
INSERT INTO orders (id, venue_id, number, status, total_amount, opened_at, closed_at, table_number)
VALUES ('56ddac43-6907-1c9a-f741-32256f2ac320', '00000000-0000-0000-0000-000000000010', '6573', 'paid', 0.0, '2026-03-21 13:14:50', '2026-03-21 13:14:50', '4');
INSERT INTO orders (id, venue_id, number, status, total_amount, opened_at, closed_at, table_number)
VALUES ('8e840056-8228-07ca-0a8c-6a6de7342ea2', '00000000-0000-0000-0000-000000000010', '6570', 'paid', 920.0, '2026-03-21 11:25:48', '2026-03-21 11:25:48', '12');
INSERT INTO order_items (order_id, product_id, product_name, product_price, quantity)
VALUES ('8e840056-8228-07ca-0a8c-6a6de7342ea2', 'b9bdca4d-a423-6c36-2351-10cf52ff0eec', 'product_230', 0.0, 2);
INSERT INTO order_items (order_id, product_id, product_name, product_price, quantity)
VALUES ('8e840056-8228-07ca-0a8c-6a6de7342ea2', '497d0040-b877-bebf-95b7-582bf7a5e783', 'product_174', 250.0, 2);
INSERT INTO order_items (order_id, product_id, product_name, product_price, quantity)
VALUES ('8e840056-8228-07ca-0a8c-6a6de7342ea2', '021231f4-e9fa-ecbb-5f2a-ad1321ca42ea', 'product_59', 230.0, 1);
INSERT INTO order_items (order_id, product_id, product_name, product_price, quantity)
VALUES ('8e840056-8228-07ca-0a8c-6a6de7342ea2', '0caff6fe-c574-8665-33ca-5f2cee71ebb2', 'product_35', 190.0, 1);
INSERT INTO orders (id, venue_id, number, status, total_amount, opened_at, closed_at, table_number)
VALUES ('f41eda2d-1fb3-9b53-6b54-f6c0ffc485df', '00000000-0000-0000-0000-000000000010', '6569', 'paid', 1020.0, '2026-03-21 11:24:41', '2026-03-21 11:24:41', '11');
INSERT INTO order_items (order_id, product_id, product_name, product_price, quantity)
VALUES ('f41eda2d-1fb3-9b53-6b54-f6c0ffc485df', 'b9bdca4d-a423-6c36-2351-10cf52ff0eec', 'product_230', 0.0, 4);
INSERT INTO order_items (order_id, product_id, product_name, product_price, quantity)
VALUES ('f41eda2d-1fb3-9b53-6b54-f6c0ffc485df', '497d0040-b877-bebf-95b7-582bf7a5e783', 'product_174', 250.0, 1);
INSERT INTO order_items (order_id, product_id, product_name, product_price, quantity)
VALUES ('f41eda2d-1fb3-9b53-6b54-f6c0ffc485df', '7a291d79-c795-0f76-118b-25d10a078238', 'product_191', 370.0, 1);
INSERT INTO order_items (order_id, product_id, product_name, product_price, quantity)
VALUES ('f41eda2d-1fb3-9b53-6b54-f6c0ffc485df', '7c7c305a-92ed-bc40-0bb5-1155fc4e313f', 'product_99', 220.0, 1);
INSERT INTO order_items (order_id, product_id, product_name, product_price, quantity)
VALUES ('f41eda2d-1fb3-9b53-6b54-f6c0ffc485df', '2e331f2f-b6fd-7898-11b0-9b0e3a2e58be', 'product_57', 180.0, 1);
INSERT INTO payments (order_id, venue_id, method, amount)
VALUES ('f41eda2d-1fb3-9b53-6b54-f6c0ffc485df', '00000000-0000-0000-0000-000000000010', 'cash', 590.0);
INSERT INTO orders (id, venue_id, number, status, total_amount, opened_at, closed_at, table_number)
VALUES ('97ff3303-bf49-ebe9-6feb-d05473c305d0', '00000000-0000-0000-0000-000000000010', '6568', 'paid', 2090.0, '2026-03-21 11:21:17', '2026-03-21 11:21:17', '13');
INSERT INTO order_items (order_id, product_id, product_name, product_price, quantity)
VALUES ('97ff3303-bf49-ebe9-6feb-d05473c305d0', '8b7920ef-e954-d760-2a69-99cafc830c2e', 'product_171', 270.0, 2);
INSERT INTO order_items (order_id, product_id, product_name, product_price, quantity)
VALUES ('97ff3303-bf49-ebe9-6feb-d05473c305d0', '5c3938ac-271e-5674-37aa-116c20435202', 'product_234', 370.0, 1);
INSERT INTO order_items (order_id, product_id, product_name, product_price, quantity)
VALUES ('97ff3303-bf49-ebe9-6feb-d05473c305d0', 'ec61223f-a380-dd08-f9eb-461b3c2f80e6', 'product_163', 120.0, 1);
INSERT INTO order_items (order_id, product_id, product_name, product_price, quantity)
VALUES ('97ff3303-bf49-ebe9-6feb-d05473c305d0', 'b9bdca4d-a423-6c36-2351-10cf52ff0eec', 'product_230', 0.0, 1);
INSERT INTO order_items (order_id, product_id, product_name, product_price, quantity)
VALUES ('97ff3303-bf49-ebe9-6feb-d05473c305d0', '021231f4-e9fa-ecbb-5f2a-ad1321ca42ea', 'product_59', 230.0, 1);
INSERT INTO order_items (order_id, product_id, product_name, product_price, quantity)
VALUES ('97ff3303-bf49-ebe9-6feb-d05473c305d0', '1649694a-a1df-1a36-ccd0-08ba48ab2fd1', 'product_36', 550.0, 1);
INSERT INTO order_items (order_id, product_id, product_name, product_price, quantity)
VALUES ('97ff3303-bf49-ebe9-6feb-d05473c305d0', 'd46f67a1-e1dd-e079-0b5c-329f6422c4d4', 'product_60', 280.0, 1);
INSERT INTO payments (order_id, venue_id, method, amount)
VALUES ('97ff3303-bf49-ebe9-6feb-d05473c305d0', '00000000-0000-0000-0000-000000000010', 'cash', 1460.0);
INSERT INTO orders (id, venue_id, number, status, total_amount, opened_at, closed_at, table_number)
VALUES ('acccfa9a-889b-f5a1-b2f3-dae9a3845ec3', '00000000-0000-0000-0000-000000000010', '6567', 'paid', 190.0, '2026-03-20 22:23:02', '2026-03-20 22:23:02', '1');
INSERT INTO order_items (order_id, product_id, product_name, product_price, quantity)
VALUES ('acccfa9a-889b-f5a1-b2f3-dae9a3845ec3', '0caff6fe-c574-8665-33ca-5f2cee71ebb2', 'product_35', 190.0, 1);
INSERT INTO payments (order_id, venue_id, method, amount)
VALUES ('acccfa9a-889b-f5a1-b2f3-dae9a3845ec3', '00000000-0000-0000-0000-000000000010', 'card', 190.0);
INSERT INTO orders (id, venue_id, number, status, total_amount, opened_at, closed_at, table_number)
VALUES ('51d4d443-97ef-28f7-d572-a07f580c5950', '00000000-0000-0000-0000-000000000010', '6557', 'paid', 2530.0, '2026-03-20 22:06:28', '2026-03-20 22:06:28', '2');
INSERT INTO order_items (order_id, product_id, product_name, product_price, quantity)
VALUES ('51d4d443-97ef-28f7-d572-a07f580c5950', '1a9038b5-12c1-4b41-756a-ce6d8bb0fac8', 'product_114', 670.0, 1);
INSERT INTO order_items (order_id, product_id, product_name, product_price, quantity)
VALUES ('51d4d443-97ef-28f7-d572-a07f580c5950', '0d07baf4-74fe-e6af-ddf9-5304e58f2192', 'product_221', 850.0, 1);
INSERT INTO order_items (order_id, product_id, product_name, product_price, quantity)
VALUES ('51d4d443-97ef-28f7-d572-a07f580c5950', '9a06fa1f-d2b5-1b6f-d6c5-37c2ffa3adfd', 'product_168', 640.0, 1);
INSERT INTO order_items (order_id, product_id, product_name, product_price, quantity)
VALUES ('51d4d443-97ef-28f7-d572-a07f580c5950', '7a291d79-c795-0f76-118b-25d10a078238', 'product_191', 370.0, 1);
INSERT INTO payments (order_id, venue_id, method, amount)
VALUES ('51d4d443-97ef-28f7-d572-a07f580c5950', '00000000-0000-0000-0000-000000000010', 'card', 2530.0);
INSERT INTO orders (id, venue_id, number, status, total_amount, opened_at, closed_at, table_number)
VALUES ('a4077819-bd1d-e54d-3287-874a6113f76f', '00000000-0000-0000-0000-000000000010', '6565', 'paid', 7810.0, '2026-03-20 21:57:47', '2026-03-20 21:57:47', '11');
INSERT INTO order_items (order_id, product_id, product_name, product_price, quantity)
VALUES ('a4077819-bd1d-e54d-3287-874a6113f76f', '0caff6fe-c574-8665-33ca-5f2cee71ebb2', 'product_35', 190.0, 2);
INSERT INTO order_items (order_id, product_id, product_name, product_price, quantity)
VALUES ('a4077819-bd1d-e54d-3287-874a6113f76f', 'bc75aa2b-4910-21bf-56ff-d9769b039d8e', 'product_47', 220.0, 1);
INSERT INTO order_items (order_id, product_id, product_name, product_price, quantity)
VALUES ('a4077819-bd1d-e54d-3287-874a6113f76f', '951f4bf6-be55-0e75-59a9-7e580a0d07c4', 'product_14', 640.0, 1);
INSERT INTO order_items (order_id, product_id, product_name, product_price, quantity)
VALUES ('a4077819-bd1d-e54d-3287-874a6113f76f', '0d07baf4-74fe-e6af-ddf9-5304e58f2192', 'product_221', 850.0, 1);
INSERT INTO order_items (order_id, product_id, product_name, product_price, quantity)
VALUES ('a4077819-bd1d-e54d-3287-874a6113f76f', '8b7920ef-e954-d760-2a69-99cafc830c2e', 'product_171', 270.0, 2);
INSERT INTO order_items (order_id, product_id, product_name, product_price, quantity)
VALUES ('a4077819-bd1d-e54d-3287-874a6113f76f', 'badf5f45-b516-78fa-fbe7-ff32ed526953', 'product_226', 720.0, 2);
INSERT INTO order_items (order_id, product_id, product_name, product_price, quantity)
VALUES ('a4077819-bd1d-e54d-3287-874a6113f76f', '6e00b5a0-6b62-d942-73e4-86982bcae389', 'product_21', 1370.0, 1);
INSERT INTO order_items (order_id, product_id, product_name, product_price, quantity)
VALUES ('a4077819-bd1d-e54d-3287-874a6113f76f', 'fdb6f575-fe3f-282e-93d0-1dad56530fa5', 'product_15', 640.0, 1);
INSERT INTO order_items (order_id, product_id, product_name, product_price, quantity)
VALUES ('a4077819-bd1d-e54d-3287-874a6113f76f', '7f688518-4003-c783-7333-b947a8856b49', 'product_28', 470.0, 2);
INSERT INTO order_items (order_id, product_id, product_name, product_price, quantity)
VALUES ('a4077819-bd1d-e54d-3287-874a6113f76f', '7c7c305a-92ed-bc40-0bb5-1155fc4e313f', 'product_99', 220.0, 1);
INSERT INTO order_items (order_id, product_id, product_name, product_price, quantity)
VALUES ('a4077819-bd1d-e54d-3287-874a6113f76f', '260b99e2-59bd-a3dc-c313-434aff0daf54', 'product_144', 190.0, 3);
INSERT INTO payments (order_id, venue_id, method, amount)
VALUES ('a4077819-bd1d-e54d-3287-874a6113f76f', '00000000-0000-0000-0000-000000000010', 'cash', 7810.0);
INSERT INTO orders (id, venue_id, number, status, total_amount, opened_at, closed_at, table_number)
VALUES ('347398c0-003e-2e68-402c-0d152eddfc9b', '00000000-0000-0000-0000-000000000010', '6566', 'paid', 0.0, '2026-03-20 21:47:04', '2026-03-20 21:47:04', '15');
INSERT INTO order_items (order_id, product_id, product_name, product_price, quantity)
VALUES ('347398c0-003e-2e68-402c-0d152eddfc9b', '12dd0c72-4671-5cd8-b7da-98389426555c', 'product_228', 0.0, 1);
INSERT INTO orders (id, venue_id, number, status, total_amount, opened_at, closed_at, table_number)
VALUES ('9d972a1d-8f44-9ad2-8bab-54eb86503192', '00000000-0000-0000-0000-000000000010', '6547', 'paid', 0.0, '2026-03-20 21:33:51', '2026-03-20 21:33:51', '9');
INSERT INTO order_items (order_id, product_id, product_name, product_price, quantity)
VALUES ('9d972a1d-8f44-9ad2-8bab-54eb86503192', '82c55340-bd07-2a9a-a6cc-6ce377f958f2', 'product_148', 0.0, 1);
INSERT INTO order_items (order_id, product_id, product_name, product_price, quantity)
VALUES ('9d972a1d-8f44-9ad2-8bab-54eb86503192', '82c55340-bd07-2a9a-a6cc-6ce377f958f2', 'product_148', 0.0, 1);
INSERT INTO order_items (order_id, product_id, product_name, product_price, quantity)
VALUES ('9d972a1d-8f44-9ad2-8bab-54eb86503192', '12dd0c72-4671-5cd8-b7da-98389426555c', 'product_228', 0.0, 1);
INSERT INTO orders (id, venue_id, number, status, total_amount, opened_at, closed_at, table_number)
VALUES ('26de6249-be5d-41c2-ffd2-237c373878ac', '00000000-0000-0000-0000-000000000010', '6564', 'paid', 3750.0, '2026-03-20 20:59:16', '2026-03-20 20:59:16', '13');
INSERT INTO order_items (order_id, product_id, product_name, product_price, quantity)
VALUES ('26de6249-be5d-41c2-ffd2-237c373878ac', '6e00b5a0-6b62-d942-73e4-86982bcae389', 'product_21', 1370.0, 1);
INSERT INTO order_items (order_id, product_id, product_name, product_price, quantity)
VALUES ('26de6249-be5d-41c2-ffd2-237c373878ac', 'f35a1ebf-94b4-c196-4fdb-5698a8e21330', 'product_170', 820.0, 1);
INSERT INTO order_items (order_id, product_id, product_name, product_price, quantity)
VALUES ('26de6249-be5d-41c2-ffd2-237c373878ac', 'c0fb869e-f434-07cb-f666-b9f7e55d4032', 'product_113', 770.0, 1);
INSERT INTO order_items (order_id, product_id, product_name, product_price, quantity)
VALUES ('26de6249-be5d-41c2-ffd2-237c373878ac', '81b3193a-f1f9-6ba6-5630-5c911f0c4a69', 'product_48', 220.0, 1);
INSERT INTO order_items (order_id, product_id, product_name, product_price, quantity)
VALUES ('26de6249-be5d-41c2-ffd2-237c373878ac', 'bc75aa2b-4910-21bf-56ff-d9769b039d8e', 'product_47', 220.0, 1);
INSERT INTO order_items (order_id, product_id, product_name, product_price, quantity)
VALUES ('26de6249-be5d-41c2-ffd2-237c373878ac', '5b7828a6-fad3-dc3f-06c7-979905efbff1', 'product_61', 350.0, 1);
INSERT INTO payments (order_id, venue_id, method, amount)
VALUES ('26de6249-be5d-41c2-ffd2-237c373878ac', '00000000-0000-0000-0000-000000000010', 'card', 3750.0);
INSERT INTO orders (id, venue_id, number, status, total_amount, opened_at, closed_at, table_number)
VALUES ('aea9eaa5-1e27-fdcd-7112-f5ccd4654f01', '00000000-0000-0000-0000-000000000010', '6560', 'paid', 3340.0, '2026-03-20 19:53:32', '2026-03-20 19:53:32', '6');
INSERT INTO order_items (order_id, product_id, product_name, product_price, quantity)
VALUES ('aea9eaa5-1e27-fdcd-7112-f5ccd4654f01', 'f35ae6ee-40da-7479-c64b-612bff507023', 'product_31', 370.0, 1);
INSERT INTO order_items (order_id, product_id, product_name, product_price, quantity)
VALUES ('aea9eaa5-1e27-fdcd-7112-f5ccd4654f01', 'da98da7c-a663-0228-294e-97c1fae50fd1', 'product_54', 180.0, 1);
INSERT INTO order_items (order_id, product_id, product_name, product_price, quantity)
VALUES ('aea9eaa5-1e27-fdcd-7112-f5ccd4654f01', 'bc75aa2b-4910-21bf-56ff-d9769b039d8e', 'product_47', 220.0, 4);
INSERT INTO order_items (order_id, product_id, product_name, product_price, quantity)
VALUES ('aea9eaa5-1e27-fdcd-7112-f5ccd4654f01', 'c6df6494-4f53-4174-6660-06fb0dc02db5', 'product_199', 430.0, 1);
INSERT INTO order_items (order_id, product_id, product_name, product_price, quantity)
VALUES ('aea9eaa5-1e27-fdcd-7112-f5ccd4654f01', 'd6248727-8d48-1513-14ba-2abe0e9b6abf', 'product_39', 370.0, 2);
INSERT INTO order_items (order_id, product_id, product_name, product_price, quantity)
VALUES ('aea9eaa5-1e27-fdcd-7112-f5ccd4654f01', '3b80474c-9414-a513-7578-5a4d84e49583', 'product_38', 370.0, 1);
INSERT INTO order_items (order_id, product_id, product_name, product_price, quantity)
VALUES ('aea9eaa5-1e27-fdcd-7112-f5ccd4654f01', '134318a5-b3ba-8433-c9f4-446b46b10995', 'product_37', 370.0, 1);
INSERT INTO payments (order_id, venue_id, method, amount)
VALUES ('aea9eaa5-1e27-fdcd-7112-f5ccd4654f01', '00000000-0000-0000-0000-000000000010', 'card', 3340.0);
INSERT INTO orders (id, venue_id, number, status, total_amount, opened_at, closed_at, table_number)
VALUES ('df179b0b-da9f-5c7d-3b4e-70167f3a9bf0', '00000000-0000-0000-0000-000000000010', '6561', 'paid', 360.0, '2026-03-20 19:25:00', '2026-03-20 19:25:00', '8');
INSERT INTO order_items (order_id, product_id, product_name, product_price, quantity)
VALUES ('df179b0b-da9f-5c7d-3b4e-70167f3a9bf0', 'da98da7c-a663-0228-294e-97c1fae50fd1', 'product_54', 180.0, 2);
INSERT INTO payments (order_id, venue_id, method, amount)
VALUES ('df179b0b-da9f-5c7d-3b4e-70167f3a9bf0', '00000000-0000-0000-0000-000000000010', 'card', 360.0);
INSERT INTO orders (id, venue_id, number, status, total_amount, opened_at, closed_at, table_number)
VALUES ('6e4aae86-e56d-f560-3457-d7399cc934f6', '00000000-0000-0000-0000-000000000010', '6559', 'paid', 5530.0, '2026-03-20 19:12:56', '2026-03-20 19:12:56', '7');
INSERT INTO order_items (order_id, product_id, product_name, product_price, quantity)
VALUES ('6e4aae86-e56d-f560-3457-d7399cc934f6', 'badf5f45-b516-78fa-fbe7-ff32ed526953', 'product_226', 720.0, 1);
INSERT INTO order_items (order_id, product_id, product_name, product_price, quantity)
VALUES ('6e4aae86-e56d-f560-3457-d7399cc934f6', 'f35a1ebf-94b4-c196-4fdb-5698a8e21330', 'product_170', 820.0, 1);
INSERT INTO order_items (order_id, product_id, product_name, product_price, quantity)
VALUES ('6e4aae86-e56d-f560-3457-d7399cc934f6', '8b7920ef-e954-d760-2a69-99cafc830c2e', 'product_171', 270.0, 3);
INSERT INTO order_items (order_id, product_id, product_name, product_price, quantity)
VALUES ('6e4aae86-e56d-f560-3457-d7399cc934f6', 'fdb6f575-fe3f-282e-93d0-1dad56530fa5', 'product_15', 640.0, 1);
INSERT INTO order_items (order_id, product_id, product_name, product_price, quantity)
VALUES ('6e4aae86-e56d-f560-3457-d7399cc934f6', '7f688518-4003-c783-7333-b947a8856b49', 'product_28', 470.0, 1);
INSERT INTO order_items (order_id, product_id, product_name, product_price, quantity)
VALUES ('6e4aae86-e56d-f560-3457-d7399cc934f6', '5c3938ac-271e-5674-37aa-116c20435202', 'product_234', 370.0, 1);
INSERT INTO order_items (order_id, product_id, product_name, product_price, quantity)
VALUES ('6e4aae86-e56d-f560-3457-d7399cc934f6', 'bc75aa2b-4910-21bf-56ff-d9769b039d8e', 'product_47', 220.0, 1);
INSERT INTO order_items (order_id, product_id, product_name, product_price, quantity)
VALUES ('6e4aae86-e56d-f560-3457-d7399cc934f6', 'd6248727-8d48-1513-14ba-2abe0e9b6abf', 'product_39', 370.0, 4);
INSERT INTO payments (order_id, venue_id, method, amount)
VALUES ('6e4aae86-e56d-f560-3457-d7399cc934f6', '00000000-0000-0000-0000-000000000010', 'cash', 4424.0);
INSERT INTO orders (id, venue_id, number, status, total_amount, opened_at, closed_at, table_number)
VALUES ('b032a3d8-fa5d-89c4-b542-831f4f6c8253', '00000000-0000-0000-0000-000000000010', '6562', 'paid', 2090.0, '2026-03-20 18:28:24', '2026-03-20 18:28:24', '13');
INSERT INTO order_items (order_id, product_id, product_name, product_price, quantity)
VALUES ('b032a3d8-fa5d-89c4-b542-831f4f6c8253', '6599a59a-6cf7-70c9-0971-07a0078ce7cf', 'product_128', 380.0, 5);
INSERT INTO order_items (order_id, product_id, product_name, product_price, quantity)
VALUES ('b032a3d8-fa5d-89c4-b542-831f4f6c8253', '260b99e2-59bd-a3dc-c313-434aff0daf54', 'product_144', 190.0, 1);
INSERT INTO payments (order_id, venue_id, method, amount)
VALUES ('b032a3d8-fa5d-89c4-b542-831f4f6c8253', '00000000-0000-0000-0000-000000000010', 'card', 1672.0);
INSERT INTO orders (id, venue_id, number, status, total_amount, opened_at, closed_at, table_number)
VALUES ('3945099a-df45-b0d0-89d7-c1ff5e625adc', '00000000-0000-0000-0000-000000000010', '6563', 'paid', 190.0, '2026-03-20 18:28:15', '2026-03-20 18:28:15', '3');
INSERT INTO order_items (order_id, product_id, product_name, product_price, quantity)
VALUES ('3945099a-df45-b0d0-89d7-c1ff5e625adc', '260b99e2-59bd-a3dc-c313-434aff0daf54', 'product_144', 190.0, 1);
INSERT INTO payments (order_id, venue_id, method, amount)
VALUES ('3945099a-df45-b0d0-89d7-c1ff5e625adc', '00000000-0000-0000-0000-000000000010', 'card', 190.0);
INSERT INTO orders (id, venue_id, number, status, total_amount, opened_at, closed_at, table_number)
VALUES ('771ab921-e39c-be15-11da-cacfecc2bc3b', '00000000-0000-0000-0000-000000000010', '6554', 'paid', 4790.0, '2026-03-20 18:22:58', '2026-03-20 18:22:58', '3');
INSERT INTO order_items (order_id, product_id, product_name, product_price, quantity)
VALUES ('771ab921-e39c-be15-11da-cacfecc2bc3b', '81b3193a-f1f9-6ba6-5630-5c911f0c4a69', 'product_48', 220.0, 2);
INSERT INTO order_items (order_id, product_id, product_name, product_price, quantity)
VALUES ('771ab921-e39c-be15-11da-cacfecc2bc3b', '8b7920ef-e954-d760-2a69-99cafc830c2e', 'product_171', 270.0, 2);
INSERT INTO order_items (order_id, product_id, product_name, product_price, quantity)
VALUES ('771ab921-e39c-be15-11da-cacfecc2bc3b', '627b586a-57c8-d217-1549-c47bb32192ac', 'product_26', 460.0, 1);
INSERT INTO order_items (order_id, product_id, product_name, product_price, quantity)
VALUES ('771ab921-e39c-be15-11da-cacfecc2bc3b', '89f7c252-16f5-61cd-3e79-006400fd853a', 'product_208', 1750.0, 1);
INSERT INTO order_items (order_id, product_id, product_name, product_price, quantity)
VALUES ('771ab921-e39c-be15-11da-cacfecc2bc3b', 'ca58c9ff-fe24-427b-5955-2cd4feccec48', 'product_116', 310.0, 2);
INSERT INTO order_items (order_id, product_id, product_name, product_price, quantity)
VALUES ('771ab921-e39c-be15-11da-cacfecc2bc3b', '7a291d79-c795-0f76-118b-25d10a078238', 'product_191', 370.0, 1);
INSERT INTO order_items (order_id, product_id, product_name, product_price, quantity)
VALUES ('771ab921-e39c-be15-11da-cacfecc2bc3b', '260b99e2-59bd-a3dc-c313-434aff0daf54', 'product_144', 190.0, 2);
INSERT INTO order_items (order_id, product_id, product_name, product_price, quantity)
VALUES ('771ab921-e39c-be15-11da-cacfecc2bc3b', '021231f4-e9fa-ecbb-5f2a-ad1321ca42ea', 'product_59', 230.0, 1);
INSERT INTO payments (order_id, venue_id, method, amount)
VALUES ('771ab921-e39c-be15-11da-cacfecc2bc3b', '00000000-0000-0000-0000-000000000010', 'card', 4790.0);
INSERT INTO orders (id, venue_id, number, status, total_amount, opened_at, closed_at, table_number)
VALUES ('666cc42d-3d6f-0426-486c-ede70c969659', '00000000-0000-0000-0000-000000000010', '6550', 'paid', 4020.0, '2026-03-20 17:35:38', '2026-03-20 17:35:38', '12');
INSERT INTO order_items (order_id, product_id, product_name, product_price, quantity)
VALUES ('666cc42d-3d6f-0426-486c-ede70c969659', '81b3193a-f1f9-6ba6-5630-5c911f0c4a69', 'product_48', 220.0, 2);
INSERT INTO order_items (order_id, product_id, product_name, product_price, quantity)
VALUES ('666cc42d-3d6f-0426-486c-ede70c969659', '0f7cfc79-3a3f-41ac-1aa4-b27431de9236', 'product_29', 620.0, 1);
INSERT INTO order_items (order_id, product_id, product_name, product_price, quantity)
VALUES ('666cc42d-3d6f-0426-486c-ede70c969659', '6e00b5a0-6b62-d942-73e4-86982bcae389', 'product_21', 1370.0, 1);
INSERT INTO order_items (order_id, product_id, product_name, product_price, quantity)
VALUES ('666cc42d-3d6f-0426-486c-ede70c969659', '951f4bf6-be55-0e75-59a9-7e580a0d07c4', 'product_14', 640.0, 1);
INSERT INTO order_items (order_id, product_id, product_name, product_price, quantity)
VALUES ('666cc42d-3d6f-0426-486c-ede70c969659', '7c7c305a-92ed-bc40-0bb5-1155fc4e313f', 'product_99', 220.0, 1);
INSERT INTO order_items (order_id, product_id, product_name, product_price, quantity)
VALUES ('666cc42d-3d6f-0426-486c-ede70c969659', '0caff6fe-c574-8665-33ca-5f2cee71ebb2', 'product_35', 190.0, 1);
INSERT INTO order_items (order_id, product_id, product_name, product_price, quantity)
VALUES ('666cc42d-3d6f-0426-486c-ede70c969659', '5b7828a6-fad3-dc3f-06c7-979905efbff1', 'product_61', 350.0, 1);
INSERT INTO order_items (order_id, product_id, product_name, product_price, quantity)
VALUES ('666cc42d-3d6f-0426-486c-ede70c969659', '260b99e2-59bd-a3dc-c313-434aff0daf54', 'product_144', 190.0, 1);
INSERT INTO payments (order_id, venue_id, method, amount)
VALUES ('666cc42d-3d6f-0426-486c-ede70c969659', '00000000-0000-0000-0000-000000000010', 'cash', 4020.0);
INSERT INTO orders (id, venue_id, number, status, total_amount, opened_at, closed_at, table_number)
VALUES ('e91a7f4d-4c96-668b-1551-41c6aa99a6f7', '00000000-0000-0000-0000-000000000010', '6558', 'paid', 0.0, '2026-03-20 17:32:32', '2026-03-20 17:32:32', '13');
INSERT INTO orders (id, venue_id, number, status, total_amount, opened_at, closed_at, table_number)
VALUES ('84dd4aae-4ff1-393b-a28c-eee504b42b29', '00000000-0000-0000-0000-000000000010', '6553', 'paid', 4220.0, '2026-03-20 17:23:57', '2026-03-20 17:23:57', '6');
INSERT INTO order_items (order_id, product_id, product_name, product_price, quantity)
VALUES ('84dd4aae-4ff1-393b-a28c-eee504b42b29', 'c0fb869e-f434-07cb-f666-b9f7e55d4032', 'product_113', 770.0, 5);
INSERT INTO order_items (order_id, product_id, product_name, product_price, quantity)
VALUES ('84dd4aae-4ff1-393b-a28c-eee504b42b29', '7a291d79-c795-0f76-118b-25d10a078238', 'product_191', 370.0, 1);
INSERT INTO payments (order_id, venue_id, method, amount)
VALUES ('84dd4aae-4ff1-393b-a28c-eee504b42b29', '00000000-0000-0000-0000-000000000010', 'cash', 4220.0);
INSERT INTO orders (id, venue_id, number, status, total_amount, opened_at, closed_at, table_number)
VALUES ('d3470a19-5a2e-5ce6-d469-fa731dfbd7fa', '00000000-0000-0000-0000-000000000010', '6555', 'paid', 460.0, '2026-03-20 17:11:08', '2026-03-20 17:11:08', '1');
INSERT INTO order_items (order_id, product_id, product_name, product_price, quantity)
VALUES ('d3470a19-5a2e-5ce6-d469-fa731dfbd7fa', '021231f4-e9fa-ecbb-5f2a-ad1321ca42ea', 'product_59', 230.0, 2);
INSERT INTO payments (order_id, venue_id, method, amount)
VALUES ('d3470a19-5a2e-5ce6-d469-fa731dfbd7fa', '00000000-0000-0000-0000-000000000010', 'card', 460.0);
INSERT INTO orders (id, venue_id, number, status, total_amount, opened_at, closed_at, table_number)
VALUES ('7bc0f039-1d71-b7ef-b751-e82503731225', '00000000-0000-0000-0000-000000000010', '6556', 'paid', 800.0, '2026-03-20 17:06:49', '2026-03-20 17:06:49', '8');
INSERT INTO order_items (order_id, product_id, product_name, product_price, quantity)
VALUES ('7bc0f039-1d71-b7ef-b751-e82503731225', 'f35ae6ee-40da-7479-c64b-612bff507023', 'product_31', 370.0, 1);
INSERT INTO order_items (order_id, product_id, product_name, product_price, quantity)
VALUES ('7bc0f039-1d71-b7ef-b751-e82503731225', 'c6df6494-4f53-4174-6660-06fb0dc02db5', 'product_199', 430.0, 1);
INSERT INTO payments (order_id, venue_id, method, amount)
VALUES ('7bc0f039-1d71-b7ef-b751-e82503731225', '00000000-0000-0000-0000-000000000010', 'card', 800.0);
INSERT INTO orders (id, venue_id, number, status, total_amount, opened_at, closed_at, table_number)
VALUES ('ff09dd7f-b18f-964c-6de4-527a04fa790a', '00000000-0000-0000-0000-000000000010', '6549', 'paid', 5710.0, '2026-03-20 16:50:41', '2026-03-20 16:50:41', '7');
INSERT INTO order_items (order_id, product_id, product_name, product_price, quantity)
VALUES ('ff09dd7f-b18f-964c-6de4-527a04fa790a', '8b7920ef-e954-d760-2a69-99cafc830c2e', 'product_171', 270.0, 3);
INSERT INTO order_items (order_id, product_id, product_name, product_price, quantity)
VALUES ('ff09dd7f-b18f-964c-6de4-527a04fa790a', '81b3193a-f1f9-6ba6-5630-5c911f0c4a69', 'product_48', 220.0, 2);
INSERT INTO order_items (order_id, product_id, product_name, product_price, quantity)
VALUES ('ff09dd7f-b18f-964c-6de4-527a04fa790a', '9a06fa1f-d2b5-1b6f-d6c5-37c2ffa3adfd', 'product_168', 640.0, 1);
INSERT INTO order_items (order_id, product_id, product_name, product_price, quantity)
VALUES ('ff09dd7f-b18f-964c-6de4-527a04fa790a', 'f5e07166-faf7-d429-5419-891577dc4984', 'product_180', 1750.0, 1);
INSERT INTO order_items (order_id, product_id, product_name, product_price, quantity)
VALUES ('ff09dd7f-b18f-964c-6de4-527a04fa790a', '89f7c252-16f5-61cd-3e79-006400fd853a', 'product_208', 1750.0, 1);
INSERT INTO order_items (order_id, product_id, product_name, product_price, quantity)
VALUES ('ff09dd7f-b18f-964c-6de4-527a04fa790a', '0caff6fe-c574-8665-33ca-5f2cee71ebb2', 'product_35', 190.0, 1);
INSERT INTO order_items (order_id, product_id, product_name, product_price, quantity)
VALUES ('ff09dd7f-b18f-964c-6de4-527a04fa790a', '966437e8-b784-92e7-0afa-ff8bde6f1e53', 'product_145', 130.0, 1);
INSERT INTO payments (order_id, venue_id, method, amount)
VALUES ('ff09dd7f-b18f-964c-6de4-527a04fa790a', '00000000-0000-0000-0000-000000000010', 'card', 5710.0);
INSERT INTO orders (id, venue_id, number, status, total_amount, opened_at, closed_at, table_number)
VALUES ('c63650e4-b847-7b82-6623-7d58bb6e7266', '00000000-0000-0000-0000-000000000010', '6551', 'paid', 3920.0, '2026-03-20 16:34:30', '2026-03-20 16:34:30', '11');
INSERT INTO order_items (order_id, product_id, product_name, product_price, quantity)
VALUES ('c63650e4-b847-7b82-6623-7d58bb6e7266', 'c0fb869e-f434-07cb-f666-b9f7e55d4032', 'product_113', 770.0, 3);
INSERT INTO order_items (order_id, product_id, product_name, product_price, quantity)
VALUES ('c63650e4-b847-7b82-6623-7d58bb6e7266', '627b586a-57c8-d217-1549-c47bb32192ac', 'product_26', 460.0, 1);
INSERT INTO order_items (order_id, product_id, product_name, product_price, quantity)
VALUES ('c63650e4-b847-7b82-6623-7d58bb6e7266', '966437e8-b784-92e7-0afa-ff8bde6f1e53', 'product_145', 130.0, 1);
INSERT INTO order_items (order_id, product_id, product_name, product_price, quantity)
VALUES ('c63650e4-b847-7b82-6623-7d58bb6e7266', 'd6248727-8d48-1513-14ba-2abe0e9b6abf', 'product_39', 370.0, 2);
INSERT INTO order_items (order_id, product_id, product_name, product_price, quantity)
VALUES ('c63650e4-b847-7b82-6623-7d58bb6e7266', 'd46f67a1-e1dd-e079-0b5c-329f6422c4d4', 'product_60', 280.0, 1);
INSERT INTO payments (order_id, venue_id, method, amount)
VALUES ('c63650e4-b847-7b82-6623-7d58bb6e7266', '00000000-0000-0000-0000-000000000010', 'cash', 3920.0);
INSERT INTO orders (id, venue_id, number, status, total_amount, opened_at, closed_at, table_number)
VALUES ('809a7ed7-eb71-eb06-6665-7c0cb12e5688', '00000000-0000-0000-0000-000000000010', '6548', 'paid', 7180.0, '2026-03-20 16:26:17', '2026-03-20 16:26:17', '8');
INSERT INTO order_items (order_id, product_id, product_name, product_price, quantity)
VALUES ('809a7ed7-eb71-eb06-6665-7c0cb12e5688', '4cb15d99-ad0e-d256-a257-afdad4bf887e', 'product_110', 1750.0, 1);
INSERT INTO order_items (order_id, product_id, product_name, product_price, quantity)
VALUES ('809a7ed7-eb71-eb06-6665-7c0cb12e5688', 'be5a3d23-0a5b-1ce3-2f38-ba9348e91024', 'product_207', 1750.0, 1);
INSERT INTO order_items (order_id, product_id, product_name, product_price, quantity)
VALUES ('809a7ed7-eb71-eb06-6665-7c0cb12e5688', '2334cdda-9fd8-40f0-0a18-b2cbad79aa33', 'product_225', 580.0, 1);
INSERT INTO order_items (order_id, product_id, product_name, product_price, quantity)
VALUES ('809a7ed7-eb71-eb06-6665-7c0cb12e5688', '9a06fa1f-d2b5-1b6f-d6c5-37c2ffa3adfd', 'product_168', 640.0, 1);
INSERT INTO order_items (order_id, product_id, product_name, product_price, quantity)
VALUES ('809a7ed7-eb71-eb06-6665-7c0cb12e5688', '627b586a-57c8-d217-1549-c47bb32192ac', 'product_26', 460.0, 1);
INSERT INTO order_items (order_id, product_id, product_name, product_price, quantity)
VALUES ('809a7ed7-eb71-eb06-6665-7c0cb12e5688', 'ca58c9ff-fe24-427b-5955-2cd4feccec48', 'product_116', 310.0, 1);
INSERT INTO order_items (order_id, product_id, product_name, product_price, quantity)
VALUES ('809a7ed7-eb71-eb06-6665-7c0cb12e5688', '021231f4-e9fa-ecbb-5f2a-ad1321ca42ea', 'product_59', 230.0, 4);
INSERT INTO order_items (order_id, product_id, product_name, product_price, quantity)
VALUES ('809a7ed7-eb71-eb06-6665-7c0cb12e5688', 'c0fb869e-f434-07cb-f666-b9f7e55d4032', 'product_113', 770.0, 1);
INSERT INTO payments (order_id, venue_id, method, amount)
VALUES ('809a7ed7-eb71-eb06-6665-7c0cb12e5688', '00000000-0000-0000-0000-000000000010', 'card', 7180.0);
INSERT INTO orders (id, venue_id, number, status, total_amount, opened_at, closed_at, table_number)
VALUES ('3a09fc5f-e9ae-d63c-71ee-17e09a2237e3', '00000000-0000-0000-0000-000000000010', '6552', 'paid', 960.0, '2026-03-20 16:16:49', '2026-03-20 16:16:49', '5');
INSERT INTO order_items (order_id, product_id, product_name, product_price, quantity)
VALUES ('3a09fc5f-e9ae-d63c-71ee-17e09a2237e3', '81b3193a-f1f9-6ba6-5630-5c911f0c4a69', 'product_48', 220.0, 1);
INSERT INTO order_items (order_id, product_id, product_name, product_price, quantity)
VALUES ('3a09fc5f-e9ae-d63c-71ee-17e09a2237e3', '09d404dd-f87b-b319-4eda-9ce7c697868d', 'product_32', 370.0, 1);
INSERT INTO order_items (order_id, product_id, product_name, product_price, quantity)
VALUES ('3a09fc5f-e9ae-d63c-71ee-17e09a2237e3', '134318a5-b3ba-8433-c9f4-446b46b10995', 'product_37', 370.0, 1);
INSERT INTO payments (order_id, venue_id, method, amount)
VALUES ('3a09fc5f-e9ae-d63c-71ee-17e09a2237e3', '00000000-0000-0000-0000-000000000010', 'cash', 960.0);
INSERT INTO orders (id, venue_id, number, status, total_amount, opened_at, closed_at, table_number)
VALUES ('73ac60bd-4759-887e-c669-5220f55d312f', '00000000-0000-0000-0000-000000000010', '6546', 'paid', 0.0, '2026-03-20 12:49:25', '2026-03-20 12:49:25', '9');
INSERT INTO order_items (order_id, product_id, product_name, product_price, quantity)
VALUES ('73ac60bd-4759-887e-c669-5220f55d312f', '1afe238c-a186-0e67-9e9d-d39b8c4abe8a', 'product_229', 0.0, 1);
INSERT INTO orders (id, venue_id, number, status, total_amount, opened_at, closed_at, table_number)
VALUES ('b26fee26-ec94-f323-0394-47377a6dc40f', '00000000-0000-0000-0000-000000000010', '6545', 'paid', 650.0, '2026-03-20 12:49:05', '2026-03-20 12:49:05', '10');
INSERT INTO order_items (order_id, product_id, product_name, product_price, quantity)
VALUES ('b26fee26-ec94-f323-0394-47377a6dc40f', 'b9bdca4d-a423-6c36-2351-10cf52ff0eec', 'product_230', 0.0, 3);
INSERT INTO order_items (order_id, product_id, product_name, product_price, quantity)
VALUES ('b26fee26-ec94-f323-0394-47377a6dc40f', 'd46f67a1-e1dd-e079-0b5c-329f6422c4d4', 'product_60', 280.0, 1);
INSERT INTO order_items (order_id, product_id, product_name, product_price, quantity)
VALUES ('b26fee26-ec94-f323-0394-47377a6dc40f', 'da98da7c-a663-0228-294e-97c1fae50fd1', 'product_54', 180.0, 1);
INSERT INTO order_items (order_id, product_id, product_name, product_price, quantity)
VALUES ('b26fee26-ec94-f323-0394-47377a6dc40f', 'a2b39819-292c-0b80-799d-c77d7020fc9d', 'product_34', 190.0, 1);
INSERT INTO orders (id, venue_id, number, status, total_amount, opened_at, closed_at, table_number)
VALUES ('6155961e-2d60-2212-759a-930e3f562e0c', '00000000-0000-0000-0000-000000000010', '6544', 'paid', 1060.0, '2026-03-19 22:46:03', '2026-03-19 22:46:03', '12');
INSERT INTO order_items (order_id, product_id, product_name, product_price, quantity)
VALUES ('6155961e-2d60-2212-759a-930e3f562e0c', 'e2e0597c-8c7b-c017-0aeb-164d7e7401db', 'product_173', 1060.0, 1);
INSERT INTO payments (order_id, venue_id, method, amount)
VALUES ('6155961e-2d60-2212-759a-930e3f562e0c', '00000000-0000-0000-0000-000000000010', 'card', 1060.0);
INSERT INTO orders (id, venue_id, number, status, total_amount, opened_at, closed_at, table_number)
VALUES ('5a41f13a-bdd3-5174-26bd-233e54d6d70b', '00000000-0000-0000-0000-000000000010', '6543', 'paid', 0.0, '2026-03-19 22:18:10', '2026-03-19 22:18:10', '9');
INSERT INTO order_items (order_id, product_id, product_name, product_price, quantity)
VALUES ('5a41f13a-bdd3-5174-26bd-233e54d6d70b', '12dd0c72-4671-5cd8-b7da-98389426555c', 'product_228', 0.0, 1);
INSERT INTO order_items (order_id, product_id, product_name, product_price, quantity)
VALUES ('5a41f13a-bdd3-5174-26bd-233e54d6d70b', '82c55340-bd07-2a9a-a6cc-6ce377f958f2', 'product_148', 0.0, 1);
INSERT INTO orders (id, venue_id, number, status, total_amount, opened_at, closed_at, table_number)
VALUES ('5c56e12d-7632-6fac-3582-7e411bc1ae5a', '00000000-0000-0000-0000-000000000010', '6542', 'paid', 0.0, '2026-03-19 20:58:01', '2026-03-19 20:58:01', '10');
INSERT INTO order_items (order_id, product_id, product_name, product_price, quantity)
VALUES ('5c56e12d-7632-6fac-3582-7e411bc1ae5a', '12dd0c72-4671-5cd8-b7da-98389426555c', 'product_228', 0.0, 1);
INSERT INTO orders (id, venue_id, number, status, total_amount, opened_at, closed_at, table_number)
VALUES ('3464def5-6266-efc5-3b07-6f6cc1b555fc', '00000000-0000-0000-0000-000000000010', '6540', 'paid', 0.0, '2026-03-12 20:44:50', '2026-03-12 20:44:50', '9');
INSERT INTO order_items (order_id, product_id, product_name, product_price, quantity)
VALUES ('3464def5-6266-efc5-3b07-6f6cc1b555fc', '82c55340-bd07-2a9a-a6cc-6ce377f958f2', 'product_148', 0.0, 1);
INSERT INTO order_items (order_id, product_id, product_name, product_price, quantity)
VALUES ('3464def5-6266-efc5-3b07-6f6cc1b555fc', '1afe238c-a186-0e67-9e9d-d39b8c4abe8a', 'product_229', 0.0, 1);
INSERT INTO order_items (order_id, product_id, product_name, product_price, quantity)
VALUES ('3464def5-6266-efc5-3b07-6f6cc1b555fc', '12dd0c72-4671-5cd8-b7da-98389426555c', 'product_228', 0.0, 1);
INSERT INTO orders (id, venue_id, number, status, total_amount, opened_at, closed_at, table_number)
VALUES ('cca48054-be68-9ad8-f247-6219949b2d76', '00000000-0000-0000-0000-000000000010', '6539', 'paid', 1480.0, '2026-03-12 13:55:25', '2026-03-12 13:55:25', '11');
INSERT INTO order_items (order_id, product_id, product_name, product_price, quantity)
VALUES ('cca48054-be68-9ad8-f247-6219949b2d76', '38432f7f-ba41-eaa0-7e46-d791008e4b02', 'product_6', 510.0, 2);
INSERT INTO order_items (order_id, product_id, product_name, product_price, quantity)
VALUES ('cca48054-be68-9ad8-f247-6219949b2d76', '021231f4-e9fa-ecbb-5f2a-ad1321ca42ea', 'product_59', 230.0, 2);
INSERT INTO orders (id, venue_id, number, status, total_amount, opened_at, closed_at, table_number)
VALUES ('773af3ce-bea6-9086-b617-4dd84ce6c0fc', '00000000-0000-0000-0000-000000000010', '6538', 'paid', 0.0, '2026-03-09 19:29:18', '2026-03-09 19:29:18', '9');
INSERT INTO order_items (order_id, product_id, product_name, product_price, quantity)
VALUES ('773af3ce-bea6-9086-b617-4dd84ce6c0fc', '12dd0c72-4671-5cd8-b7da-98389426555c', 'product_228', 0.0, 1);
INSERT INTO order_items (order_id, product_id, product_name, product_price, quantity)
VALUES ('773af3ce-bea6-9086-b617-4dd84ce6c0fc', '1afe238c-a186-0e67-9e9d-d39b8c4abe8a', 'product_229', 0.0, 1);
INSERT INTO order_items (order_id, product_id, product_name, product_price, quantity)
VALUES ('773af3ce-bea6-9086-b617-4dd84ce6c0fc', '82c55340-bd07-2a9a-a6cc-6ce377f958f2', 'product_148', 0.0, 1);
INSERT INTO orders (id, venue_id, number, status, total_amount, opened_at, closed_at, table_number)
VALUES ('7010de11-b403-8f9d-c47d-31ad8c99c474', '00000000-0000-0000-0000-000000000010', '6529', 'paid', 2060.0, '2026-03-09 19:23:11', '2026-03-09 19:23:11', '12');
INSERT INTO order_items (order_id, product_id, product_name, product_price, quantity)
VALUES ('7010de11-b403-8f9d-c47d-31ad8c99c474', '951f4bf6-be55-0e75-59a9-7e580a0d07c4', 'product_14', 640.0, 1);
INSERT INTO order_items (order_id, product_id, product_name, product_price, quantity)
VALUES ('7010de11-b403-8f9d-c47d-31ad8c99c474', '9a06fa1f-d2b5-1b6f-d6c5-37c2ffa3adfd', 'product_168', 640.0, 1);
INSERT INTO order_items (order_id, product_id, product_name, product_price, quantity)
VALUES ('7010de11-b403-8f9d-c47d-31ad8c99c474', '7c7c305a-92ed-bc40-0bb5-1155fc4e313f', 'product_99', 220.0, 1);
INSERT INTO order_items (order_id, product_id, product_name, product_price, quantity)
VALUES ('7010de11-b403-8f9d-c47d-31ad8c99c474', 'd46f67a1-e1dd-e079-0b5c-329f6422c4d4', 'product_60', 280.0, 2);
INSERT INTO payments (order_id, venue_id, method, amount)
VALUES ('7010de11-b403-8f9d-c47d-31ad8c99c474', '00000000-0000-0000-0000-000000000010', 'card', 2060.0);
INSERT INTO orders (id, venue_id, number, status, total_amount, opened_at, closed_at, table_number)
VALUES ('c4bfef3c-f74f-bae9-ac9d-649967a4ff58', '00000000-0000-0000-0000-000000000010', '6537', 'paid', 1240.0, '2026-03-09 19:23:06', '2026-03-09 19:23:06', '13');
INSERT INTO order_items (order_id, product_id, product_name, product_price, quantity)
VALUES ('c4bfef3c-f74f-bae9-ac9d-649967a4ff58', 'b9bdca4d-a423-6c36-2351-10cf52ff0eec', 'product_230', 0.0, 2);
INSERT INTO order_items (order_id, product_id, product_name, product_price, quantity)
VALUES ('c4bfef3c-f74f-bae9-ac9d-649967a4ff58', '8d266d35-f6a4-b267-e097-564510f7f857', 'product_12', 270.0, 2);
INSERT INTO order_items (order_id, product_id, product_name, product_price, quantity)
VALUES ('c4bfef3c-f74f-bae9-ac9d-649967a4ff58', '021231f4-e9fa-ecbb-5f2a-ad1321ca42ea', 'product_59', 230.0, 1);
INSERT INTO order_items (order_id, product_id, product_name, product_price, quantity)
VALUES ('c4bfef3c-f74f-bae9-ac9d-649967a4ff58', 'd46f67a1-e1dd-e079-0b5c-329f6422c4d4', 'product_60', 280.0, 1);
INSERT INTO order_items (order_id, product_id, product_name, product_price, quantity)
VALUES ('c4bfef3c-f74f-bae9-ac9d-649967a4ff58', '0caff6fe-c574-8665-33ca-5f2cee71ebb2', 'product_35', 190.0, 1);
INSERT INTO orders (id, venue_id, number, status, total_amount, opened_at, closed_at, table_number)
VALUES ('7fc70297-5463-c9fc-2215-5719410249bf', '00000000-0000-0000-0000-000000000010', '6534', 'paid', 1020.0, '2026-03-09 10:43:57', '2026-03-09 10:43:57', '11');
INSERT INTO order_items (order_id, product_id, product_name, product_price, quantity)
VALUES ('7fc70297-5463-c9fc-2215-5719410249bf', '38432f7f-ba41-eaa0-7e46-d791008e4b02', 'product_6', 510.0, 2);
INSERT INTO orders (id, venue_id, number, status, total_amount, opened_at, closed_at, table_number)
VALUES ('082ec4e0-3e79-6743-5743-663f308c1ac7', '00000000-0000-0000-0000-000000000010', '6535', 'paid', 460.0, '2026-03-09 10:43:18', '2026-03-09 10:43:18', '10');
INSERT INTO order_items (order_id, product_id, product_name, product_price, quantity)
VALUES ('082ec4e0-3e79-6743-5743-663f308c1ac7', 'b9bdca4d-a423-6c36-2351-10cf52ff0eec', 'product_230', 0.0, 2);
INSERT INTO order_items (order_id, product_id, product_name, product_price, quantity)
VALUES ('082ec4e0-3e79-6743-5743-663f308c1ac7', '021231f4-e9fa-ecbb-5f2a-ad1321ca42ea', 'product_59', 230.0, 2);
INSERT INTO orders (id, venue_id, number, status, total_amount, opened_at, closed_at, table_number)
VALUES ('b5abfd1d-173d-67f8-1cdd-2c2dc6227ac4', '00000000-0000-0000-0000-000000000010', '6536', 'paid', 1580.0, '2026-03-09 10:43:13', '2026-03-09 10:43:13', '2');
INSERT INTO order_items (order_id, product_id, product_name, product_price, quantity)
VALUES ('b5abfd1d-173d-67f8-1cdd-2c2dc6227ac4', '38432f7f-ba41-eaa0-7e46-d791008e4b02', 'product_6', 510.0, 2);
INSERT INTO order_items (order_id, product_id, product_name, product_price, quantity)
VALUES ('b5abfd1d-173d-67f8-1cdd-2c2dc6227ac4', 'd46f67a1-e1dd-e079-0b5c-329f6422c4d4', 'product_60', 280.0, 2);
INSERT INTO orders (id, venue_id, number, status, total_amount, opened_at, closed_at, table_number)
VALUES ('12979976-52c6-ab06-9d12-d90798a407f1', '00000000-0000-0000-0000-000000000010', '6528', 'paid', 7690.0, '2026-03-08 21:29:59', '2026-03-08 21:29:59', '11');
INSERT INTO order_items (order_id, product_id, product_name, product_price, quantity)
VALUES ('12979976-52c6-ab06-9d12-d90798a407f1', '7ddbed72-7deb-5ee4-0634-41d52192bad1', 'product_23', 1750.0, 1);
INSERT INTO order_items (order_id, product_id, product_name, product_price, quantity)
VALUES ('12979976-52c6-ab06-9d12-d90798a407f1', 'c0fb869e-f434-07cb-f666-b9f7e55d4032', 'product_113', 770.0, 1);
INSERT INTO order_items (order_id, product_id, product_name, product_price, quantity)
VALUES ('12979976-52c6-ab06-9d12-d90798a407f1', 'ce90a2e4-a08b-570d-aca7-50bb5d2d0ab2', 'product_112', 440.0, 1);
INSERT INTO order_items (order_id, product_id, product_name, product_price, quantity)
VALUES ('12979976-52c6-ab06-9d12-d90798a407f1', '9a06fa1f-d2b5-1b6f-d6c5-37c2ffa3adfd', 'product_168', 640.0, 1);
INSERT INTO order_items (order_id, product_id, product_name, product_price, quantity)
VALUES ('12979976-52c6-ab06-9d12-d90798a407f1', '12dd0c72-4671-5cd8-b7da-98389426555c', 'product_228', 0.0, 1);
INSERT INTO order_items (order_id, product_id, product_name, product_price, quantity)
VALUES ('12979976-52c6-ab06-9d12-d90798a407f1', '87a16f18-fe21-86fb-1acf-9c8cc486478a', 'product_122', 3100.0, 1);
INSERT INTO order_items (order_id, product_id, product_name, product_price, quantity)
VALUES ('12979976-52c6-ab06-9d12-d90798a407f1', '12dd0c72-4671-5cd8-b7da-98389426555c', 'product_228', 0.0, 1);
INSERT INTO order_items (order_id, product_id, product_name, product_price, quantity)
VALUES ('12979976-52c6-ab06-9d12-d90798a407f1', 'e532fcb4-dc6d-4091-b3da-fd41b40bb06e', 'product_136', 200.0, 2);
INSERT INTO order_items (order_id, product_id, product_name, product_price, quantity)
VALUES ('12979976-52c6-ab06-9d12-d90798a407f1', '09d404dd-f87b-b319-4eda-9ce7c697868d', 'product_32', 370.0, 1);
INSERT INTO order_items (order_id, product_id, product_name, product_price, quantity)
VALUES ('12979976-52c6-ab06-9d12-d90798a407f1', '81b3193a-f1f9-6ba6-5630-5c911f0c4a69', 'product_48', 220.0, 1);
INSERT INTO payments (order_id, venue_id, method, amount)
VALUES ('12979976-52c6-ab06-9d12-d90798a407f1', '00000000-0000-0000-0000-000000000010', 'card', 7690.0);
INSERT INTO orders (id, venue_id, number, status, total_amount, opened_at, closed_at, table_number)
VALUES ('1b7e0fc2-8caa-5cdf-edd7-040d1e4490f1', '00000000-0000-0000-0000-000000000010', '6533', 'paid', 560.0, '2026-03-08 21:12:07', '2026-03-08 21:12:07', '15');
INSERT INTO order_items (order_id, product_id, product_name, product_price, quantity)
VALUES ('1b7e0fc2-8caa-5cdf-edd7-040d1e4490f1', 'b9bdca4d-a423-6c36-2351-10cf52ff0eec', 'product_230', 0.0, 2);
INSERT INTO order_items (order_id, product_id, product_name, product_price, quantity)
VALUES ('1b7e0fc2-8caa-5cdf-edd7-040d1e4490f1', 'd46f67a1-e1dd-e079-0b5c-329f6422c4d4', 'product_60', 280.0, 2);
INSERT INTO orders (id, venue_id, number, status, total_amount, opened_at, closed_at, table_number)
VALUES ('323801e2-d013-7100-8293-7b803cb7b4c6', '00000000-0000-0000-0000-000000000010', '6532', 'paid', 0.0, '2026-03-08 21:11:38', '2026-03-08 21:11:38', '9');
INSERT INTO order_items (order_id, product_id, product_name, product_price, quantity)
VALUES ('323801e2-d013-7100-8293-7b803cb7b4c6', '82c55340-bd07-2a9a-a6cc-6ce377f958f2', 'product_148', 0.0, 1);
INSERT INTO orders (id, venue_id, number, status, total_amount, opened_at, closed_at, table_number)
VALUES ('513e1223-f813-33b6-7d09-808432b16ff1', '00000000-0000-0000-0000-000000000010', '6531', 'paid', 0.0, '2026-03-08 21:11:21', '2026-03-08 21:11:21', '9');
INSERT INTO order_items (order_id, product_id, product_name, product_price, quantity)
VALUES ('513e1223-f813-33b6-7d09-808432b16ff1', '1afe238c-a186-0e67-9e9d-d39b8c4abe8a', 'product_229', 0.0, 1);
INSERT INTO orders (id, venue_id, number, status, total_amount, opened_at, closed_at, table_number)
VALUES ('1ff22575-4d0e-9447-0c46-5e81b344a578', '00000000-0000-0000-0000-000000000010', '6530', 'paid', 4890.0, '2026-03-08 21:09:03', '2026-03-08 21:09:03', '8');
INSERT INTO order_items (order_id, product_id, product_name, product_price, quantity)
VALUES ('1ff22575-4d0e-9447-0c46-5e81b344a578', '7ddbed72-7deb-5ee4-0634-41d52192bad1', 'product_23', 1750.0, 1);
INSERT INTO order_items (order_id, product_id, product_name, product_price, quantity)
VALUES ('1ff22575-4d0e-9447-0c46-5e81b344a578', '89f7c252-16f5-61cd-3e79-006400fd853a', 'product_208', 1750.0, 1);
INSERT INTO order_items (order_id, product_id, product_name, product_price, quantity)
VALUES ('1ff22575-4d0e-9447-0c46-5e81b344a578', '7c7c305a-92ed-bc40-0bb5-1155fc4e313f', 'product_99', 220.0, 1);
INSERT INTO order_items (order_id, product_id, product_name, product_price, quantity)
VALUES ('1ff22575-4d0e-9447-0c46-5e81b344a578', '81b3193a-f1f9-6ba6-5630-5c911f0c4a69', 'product_48', 220.0, 1);
INSERT INTO order_items (order_id, product_id, product_name, product_price, quantity)
VALUES ('1ff22575-4d0e-9447-0c46-5e81b344a578', '6599a59a-6cf7-70c9-0971-07a0078ce7cf', 'product_128', 380.0, 2);
INSERT INTO order_items (order_id, product_id, product_name, product_price, quantity)
VALUES ('1ff22575-4d0e-9447-0c46-5e81b344a578', '0caff6fe-c574-8665-33ca-5f2cee71ebb2', 'product_35', 190.0, 1);
INSERT INTO payments (order_id, venue_id, method, amount)
VALUES ('1ff22575-4d0e-9447-0c46-5e81b344a578', '00000000-0000-0000-0000-000000000010', 'cash', 4890.0);
INSERT INTO orders (id, venue_id, number, status, total_amount, opened_at, closed_at, table_number)
VALUES ('d0dbed2a-89b4-7519-0c68-00a43c910bf6', '00000000-0000-0000-0000-000000000010', '6527', 'paid', 5060.0, '2026-03-08 18:45:24', '2026-03-08 18:45:24', '10');
INSERT INTO order_items (order_id, product_id, product_name, product_price, quantity)
VALUES ('d0dbed2a-89b4-7519-0c68-00a43c910bf6', '7ddbed72-7deb-5ee4-0634-41d52192bad1', 'product_23', 1750.0, 2);
INSERT INTO order_items (order_id, product_id, product_name, product_price, quantity)
VALUES ('d0dbed2a-89b4-7519-0c68-00a43c910bf6', '951f4bf6-be55-0e75-59a9-7e580a0d07c4', 'product_14', 640.0, 1);
INSERT INTO order_items (order_id, product_id, product_name, product_price, quantity)
VALUES ('d0dbed2a-89b4-7519-0c68-00a43c910bf6', '7a291d79-c795-0f76-118b-25d10a078238', 'product_191', 370.0, 1);
INSERT INTO order_items (order_id, product_id, product_name, product_price, quantity)
VALUES ('d0dbed2a-89b4-7519-0c68-00a43c910bf6', '1649694a-a1df-1a36-ccd0-08ba48ab2fd1', 'product_36', 550.0, 1);
INSERT INTO order_items (order_id, product_id, product_name, product_price, quantity)
VALUES ('d0dbed2a-89b4-7519-0c68-00a43c910bf6', '12dd0c72-4671-5cd8-b7da-98389426555c', 'product_228', 0.0, 1);
INSERT INTO payments (order_id, venue_id, method, amount)
VALUES ('d0dbed2a-89b4-7519-0c68-00a43c910bf6', '00000000-0000-0000-0000-000000000010', 'card', 5060.0);
INSERT INTO orders (id, venue_id, number, status, total_amount, opened_at, closed_at, table_number)
VALUES ('f4030161-5a15-5b10-107d-007fb3a2ced0', '00000000-0000-0000-0000-000000000010', '6526', 'paid', 190.0, '2026-03-08 13:57:38', '2026-03-08 13:57:38', '1');
INSERT INTO order_items (order_id, product_id, product_name, product_price, quantity)
VALUES ('f4030161-5a15-5b10-107d-007fb3a2ced0', '0caff6fe-c574-8665-33ca-5f2cee71ebb2', 'product_35', 190.0, 1);
INSERT INTO payments (order_id, venue_id, method, amount)
VALUES ('f4030161-5a15-5b10-107d-007fb3a2ced0', '00000000-0000-0000-0000-000000000010', 'card', 190.0);
INSERT INTO orders (id, venue_id, number, status, total_amount, opened_at, closed_at, table_number)
VALUES ('e35b18ab-4327-98eb-ecc6-d0ee797e0b7c', '00000000-0000-0000-0000-000000000010', '6525', 'paid', 780.0, '2026-03-08 13:20:05', '2026-03-08 13:20:05', '8');
INSERT INTO order_items (order_id, product_id, product_name, product_price, quantity)
VALUES ('e35b18ab-4327-98eb-ecc6-d0ee797e0b7c', 'd158543d-e9dc-0b2a-7902-b665a39db719', 'product_126', 410.0, 1);
INSERT INTO order_items (order_id, product_id, product_name, product_price, quantity)
VALUES ('e35b18ab-4327-98eb-ecc6-d0ee797e0b7c', '09d404dd-f87b-b319-4eda-9ce7c697868d', 'product_32', 370.0, 1);
INSERT INTO payments (order_id, venue_id, method, amount)
VALUES ('e35b18ab-4327-98eb-ecc6-d0ee797e0b7c', '00000000-0000-0000-0000-000000000010', 'card', 780.0);
INSERT INTO orders (id, venue_id, number, status, total_amount, opened_at, closed_at, table_number)
VALUES ('9f9ac3e3-89c6-b996-5fae-75a44579262e', '00000000-0000-0000-0000-000000000010', '6524', 'paid', 130.0, '2026-03-08 12:51:54', '2026-03-08 12:51:54', '1');
INSERT INTO order_items (order_id, product_id, product_name, product_price, quantity)
VALUES ('9f9ac3e3-89c6-b996-5fae-75a44579262e', '966437e8-b784-92e7-0afa-ff8bde6f1e53', 'product_145', 130.0, 1);
INSERT INTO payments (order_id, venue_id, method, amount)
VALUES ('9f9ac3e3-89c6-b996-5fae-75a44579262e', '00000000-0000-0000-0000-000000000010', 'card', 130.0);
INSERT INTO orders (id, venue_id, number, status, total_amount, opened_at, closed_at, table_number)
VALUES ('824c5ce9-60c6-fefe-39d3-bc7228737d40', '00000000-0000-0000-0000-000000000010', '6519', 'paid', 760.0, '2026-03-08 12:29:01', '2026-03-08 12:29:01', '11');
INSERT INTO order_items (order_id, product_id, product_name, product_price, quantity)
VALUES ('824c5ce9-60c6-fefe-39d3-bc7228737d40', '12dd0c72-4671-5cd8-b7da-98389426555c', 'product_228', 0.0, 1);
INSERT INTO order_items (order_id, product_id, product_name, product_price, quantity)
VALUES ('824c5ce9-60c6-fefe-39d3-bc7228737d40', '260b99e2-59bd-a3dc-c313-434aff0daf54', 'product_144', 190.0, 4);
INSERT INTO payments (order_id, venue_id, method, amount)
VALUES ('824c5ce9-60c6-fefe-39d3-bc7228737d40', '00000000-0000-0000-0000-000000000010', 'card', 760.0);
INSERT INTO orders (id, venue_id, number, status, total_amount, opened_at, closed_at, table_number)
VALUES ('7f7e95fe-711d-feb5-1797-89b275d2aa09', '00000000-0000-0000-0000-000000000010', '6523', 'paid', 0.0, '2026-03-08 12:25:38', '2026-03-08 12:25:38', '1');
INSERT INTO order_items (order_id, product_id, product_name, product_price, quantity)
VALUES ('7f7e95fe-711d-feb5-1797-89b275d2aa09', 'b9bdca4d-a423-6c36-2351-10cf52ff0eec', 'product_230', 0.0, 2);
INSERT INTO orders (id, venue_id, number, status, total_amount, opened_at, closed_at, table_number)
VALUES ('2de3f546-c0b2-95b4-8030-b8f46cc416bb', '00000000-0000-0000-0000-000000000010', '6518', 'paid', 960.0, '2026-03-08 11:12:34', '2026-03-08 11:12:34', '10');
INSERT INTO order_items (order_id, product_id, product_name, product_price, quantity)
VALUES ('2de3f546-c0b2-95b4-8030-b8f46cc416bb', 'b9bdca4d-a423-6c36-2351-10cf52ff0eec', 'product_230', 0.0, 2);
INSERT INTO order_items (order_id, product_id, product_name, product_price, quantity)
VALUES ('2de3f546-c0b2-95b4-8030-b8f46cc416bb', '8d266d35-f6a4-b267-e097-564510f7f857', 'product_12', 270.0, 1);
INSERT INTO order_items (order_id, product_id, product_name, product_price, quantity)
VALUES ('2de3f546-c0b2-95b4-8030-b8f46cc416bb', '12dd0c72-4671-5cd8-b7da-98389426555c', 'product_228', 0.0, 1);
INSERT INTO order_items (order_id, product_id, product_name, product_price, quantity)
VALUES ('2de3f546-c0b2-95b4-8030-b8f46cc416bb', '021231f4-e9fa-ecbb-5f2a-ad1321ca42ea', 'product_59', 230.0, 2);
INSERT INTO order_items (order_id, product_id, product_name, product_price, quantity)
VALUES ('2de3f546-c0b2-95b4-8030-b8f46cc416bb', '021231f4-e9fa-ecbb-5f2a-ad1321ca42ea', 'product_59', 230.0, 1);
INSERT INTO payments (order_id, venue_id, method, amount)
VALUES ('2de3f546-c0b2-95b4-8030-b8f46cc416bb', '00000000-0000-0000-0000-000000000010', 'cash', 230.0);
INSERT INTO orders (id, venue_id, number, status, total_amount, opened_at, closed_at, table_number)
VALUES ('9a1ca952-43bd-e091-bf97-91711d4252bd', '00000000-0000-0000-0000-000000000010', '6515', 'paid', 4360.0, '2026-03-08 10:55:48', '2026-03-08 10:55:48', '13');
INSERT INTO order_items (order_id, product_id, product_name, product_price, quantity)
VALUES ('9a1ca952-43bd-e091-bf97-91711d4252bd', 'fa1ac02b-7f93-b40e-a05d-de600d45dcdb', 'product_235', 200.0, 1);
INSERT INTO order_items (order_id, product_id, product_name, product_price, quantity)
VALUES ('9a1ca952-43bd-e091-bf97-91711d4252bd', '5c3938ac-271e-5674-37aa-116c20435202', 'product_234', 370.0, 1);
INSERT INTO order_items (order_id, product_id, product_name, product_price, quantity)
VALUES ('9a1ca952-43bd-e091-bf97-91711d4252bd', '30d3c4b2-8d8b-4d91-9c67-b3d72ab218cc', 'product_129', 470.0, 1);
INSERT INTO order_items (order_id, product_id, product_name, product_price, quantity)
VALUES ('9a1ca952-43bd-e091-bf97-91711d4252bd', '0f7cfc79-3a3f-41ac-1aa4-b27431de9236', 'product_29', 620.0, 1);
INSERT INTO order_items (order_id, product_id, product_name, product_price, quantity)
VALUES ('9a1ca952-43bd-e091-bf97-91711d4252bd', '6e00b5a0-6b62-d942-73e4-86982bcae389', 'product_21', 1370.0, 1);
INSERT INTO order_items (order_id, product_id, product_name, product_price, quantity)
VALUES ('9a1ca952-43bd-e091-bf97-91711d4252bd', '951f4bf6-be55-0e75-59a9-7e580a0d07c4', 'product_14', 640.0, 1);
INSERT INTO order_items (order_id, product_id, product_name, product_price, quantity)
VALUES ('9a1ca952-43bd-e091-bf97-91711d4252bd', '81b3193a-f1f9-6ba6-5630-5c911f0c4a69', 'product_48', 220.0, 1);
INSERT INTO order_items (order_id, product_id, product_name, product_price, quantity)
VALUES ('9a1ca952-43bd-e091-bf97-91711d4252bd', '7f688518-4003-c783-7333-b947a8856b49', 'product_28', 470.0, 1);
INSERT INTO payments (order_id, venue_id, method, amount)
VALUES ('9a1ca952-43bd-e091-bf97-91711d4252bd', '00000000-0000-0000-0000-000000000010', 'card', 4360.0);
INSERT INTO orders (id, venue_id, number, status, total_amount, opened_at, closed_at, table_number)
VALUES ('7a54eb3c-2fb6-c55f-c36f-5deabfb269ef', '00000000-0000-0000-0000-000000000010', '6522', 'paid', 510.0, '2026-03-08 10:55:06', '2026-03-08 10:55:06', '7');
INSERT INTO order_items (order_id, product_id, product_name, product_price, quantity)
VALUES ('7a54eb3c-2fb6-c55f-c36f-5deabfb269ef', 'b9bdca4d-a423-6c36-2351-10cf52ff0eec', 'product_230', 0.0, 2);
INSERT INTO order_items (order_id, product_id, product_name, product_price, quantity)
VALUES ('7a54eb3c-2fb6-c55f-c36f-5deabfb269ef', '58e4c43b-44e0-70ce-99e7-6b0093966f41', 'product_176', 320.0, 1);
INSERT INTO order_items (order_id, product_id, product_name, product_price, quantity)
VALUES ('7a54eb3c-2fb6-c55f-c36f-5deabfb269ef', '0caff6fe-c574-8665-33ca-5f2cee71ebb2', 'product_35', 190.0, 1);
INSERT INTO orders (id, venue_id, number, status, total_amount, opened_at, closed_at, table_number)
VALUES ('68502552-306e-e3aa-2865-b6b8201f0d04', '00000000-0000-0000-0000-000000000010', '6517', 'paid', 3260.0, '2026-03-08 08:57:30', '2026-03-08 08:57:30', '15');
INSERT INTO order_items (order_id, product_id, product_name, product_price, quantity)
VALUES ('68502552-306e-e3aa-2865-b6b8201f0d04', '12dd0c72-4671-5cd8-b7da-98389426555c', 'product_228', 0.0, 1);
INSERT INTO order_items (order_id, product_id, product_name, product_price, quantity)
VALUES ('68502552-306e-e3aa-2865-b6b8201f0d04', 'bc75aa2b-4910-21bf-56ff-d9769b039d8e', 'product_47', 220.0, 1);
INSERT INTO order_items (order_id, product_id, product_name, product_price, quantity)
VALUES ('68502552-306e-e3aa-2865-b6b8201f0d04', 'd46f67a1-e1dd-e079-0b5c-329f6422c4d4', 'product_60', 280.0, 2);
INSERT INTO order_items (order_id, product_id, product_name, product_price, quantity)
VALUES ('68502552-306e-e3aa-2865-b6b8201f0d04', '627b586a-57c8-d217-1549-c47bb32192ac', 'product_26', 460.0, 2);
INSERT INTO order_items (order_id, product_id, product_name, product_price, quantity)
VALUES ('68502552-306e-e3aa-2865-b6b8201f0d04', '7c7c305a-92ed-bc40-0bb5-1155fc4e313f', 'product_99', 220.0, 1);
INSERT INTO order_items (order_id, product_id, product_name, product_price, quantity)
VALUES ('68502552-306e-e3aa-2865-b6b8201f0d04', '1a9038b5-12c1-4b41-756a-ce6d8bb0fac8', 'product_114', 670.0, 2);
INSERT INTO payments (order_id, venue_id, method, amount)
VALUES ('68502552-306e-e3aa-2865-b6b8201f0d04', '00000000-0000-0000-0000-000000000010', 'card', 3260.0);
INSERT INTO orders (id, venue_id, number, status, total_amount, opened_at, closed_at, table_number)
VALUES ('3bbd5803-70af-44b7-0be0-d72e04212318', '00000000-0000-0000-0000-000000000010', '6520', 'paid', 370.0, '2026-03-07 23:25:21', '2026-03-07 23:25:21', '2');
INSERT INTO order_items (order_id, product_id, product_name, product_price, quantity)
VALUES ('3bbd5803-70af-44b7-0be0-d72e04212318', '09d404dd-f87b-b319-4eda-9ce7c697868d', 'product_32', 370.0, 1);
INSERT INTO payments (order_id, venue_id, method, amount)
VALUES ('3bbd5803-70af-44b7-0be0-d72e04212318', '00000000-0000-0000-0000-000000000010', 'card', 370.0);
INSERT INTO orders (id, venue_id, number, status, total_amount, opened_at, closed_at, table_number)
VALUES ('05b6bab4-8327-e5df-43ce-9384efc5de9c', '00000000-0000-0000-0000-000000000010', '6521', 'paid', 0.0, '2026-03-07 22:31:44', '2026-03-07 22:31:44', '9');
INSERT INTO order_items (order_id, product_id, product_name, product_price, quantity)
VALUES ('05b6bab4-8327-e5df-43ce-9384efc5de9c', '12dd0c72-4671-5cd8-b7da-98389426555c', 'product_228', 0.0, 1);
INSERT INTO order_items (order_id, product_id, product_name, product_price, quantity)
VALUES ('05b6bab4-8327-e5df-43ce-9384efc5de9c', '82c55340-bd07-2a9a-a6cc-6ce377f958f2', 'product_148', 0.0, 1);
INSERT INTO orders (id, venue_id, number, status, total_amount, opened_at, closed_at, table_number)
VALUES ('082a4846-8fa0-6693-d4f1-b685db30ef65', '00000000-0000-0000-0000-000000000010', '6516', 'paid', 5350.0, '2026-03-07 20:38:21', '2026-03-07 20:38:21', '10');
INSERT INTO order_items (order_id, product_id, product_name, product_price, quantity)
VALUES ('082a4846-8fa0-6693-d4f1-b685db30ef65', 'be5a3d23-0a5b-1ce3-2f38-ba9348e91024', 'product_207', 1750.0, 2);
INSERT INTO order_items (order_id, product_id, product_name, product_price, quantity)
VALUES ('082a4846-8fa0-6693-d4f1-b685db30ef65', 'bc75aa2b-4910-21bf-56ff-d9769b039d8e', 'product_47', 220.0, 1);
INSERT INTO order_items (order_id, product_id, product_name, product_price, quantity)
VALUES ('082a4846-8fa0-6693-d4f1-b685db30ef65', '0f7cfc79-3a3f-41ac-1aa4-b27431de9236', 'product_29', 620.0, 1);
INSERT INTO order_items (order_id, product_id, product_name, product_price, quantity)
VALUES ('082a4846-8fa0-6693-d4f1-b685db30ef65', 'fdb6f575-fe3f-282e-93d0-1dad56530fa5', 'product_15', 640.0, 1);
INSERT INTO order_items (order_id, product_id, product_name, product_price, quantity)
VALUES ('082a4846-8fa0-6693-d4f1-b685db30ef65', 'f35ae6ee-40da-7479-c64b-612bff507023', 'product_31', 370.0, 1);
INSERT INTO payments (order_id, venue_id, method, amount)
VALUES ('082a4846-8fa0-6693-d4f1-b685db30ef65', '00000000-0000-0000-0000-000000000010', 'cash', 5350.0);
INSERT INTO orders (id, venue_id, number, status, total_amount, opened_at, closed_at, table_number)
VALUES ('8a51a797-15c9-6869-ecb3-afc328f423e5', '00000000-0000-0000-0000-000000000010', '6514', 'paid', 2270.0, '2026-03-07 16:18:54', '2026-03-07 16:18:54', '7');
INSERT INTO order_items (order_id, product_id, product_name, product_price, quantity)
VALUES ('8a51a797-15c9-6869-ecb3-afc328f423e5', '9a06fa1f-d2b5-1b6f-d6c5-37c2ffa3adfd', 'product_168', 640.0, 1);
INSERT INTO order_items (order_id, product_id, product_name, product_price, quantity)
VALUES ('8a51a797-15c9-6869-ecb3-afc328f423e5', 'ce90a2e4-a08b-570d-aca7-50bb5d2d0ab2', 'product_112', 440.0, 1);
INSERT INTO order_items (order_id, product_id, product_name, product_price, quantity)
VALUES ('8a51a797-15c9-6869-ecb3-afc328f423e5', 'f35a1ebf-94b4-c196-4fdb-5698a8e21330', 'product_170', 820.0, 1);
INSERT INTO order_items (order_id, product_id, product_name, product_price, quantity)
VALUES ('8a51a797-15c9-6869-ecb3-afc328f423e5', '09d404dd-f87b-b319-4eda-9ce7c697868d', 'product_32', 370.0, 1);
INSERT INTO payments (order_id, venue_id, method, amount)
VALUES ('8a51a797-15c9-6869-ecb3-afc328f423e5', '00000000-0000-0000-0000-000000000010', 'card', 2270.0);
INSERT INTO orders (id, venue_id, number, status, total_amount, opened_at, closed_at, table_number)
VALUES ('c63b7479-b5e3-b337-fae7-889d9c4f5c88', '00000000-0000-0000-0000-000000000010', '6513', 'paid', 0.0, '2026-03-07 14:30:42', '2026-03-07 14:30:42', '9');
INSERT INTO order_items (order_id, product_id, product_name, product_price, quantity)
VALUES ('c63b7479-b5e3-b337-fae7-889d9c4f5c88', '1afe238c-a186-0e67-9e9d-d39b8c4abe8a', 'product_229', 0.0, 1);
INSERT INTO orders (id, venue_id, number, status, total_amount, opened_at, closed_at, table_number)
VALUES ('a0297124-7251-82a9-97dc-c5f82ac13ee7', '00000000-0000-0000-0000-000000000010', '6511', 'paid', 1340.0, '2026-03-07 14:30:32', '2026-03-07 14:30:32', '11');
INSERT INTO order_items (order_id, product_id, product_name, product_price, quantity)
VALUES ('a0297124-7251-82a9-97dc-c5f82ac13ee7', '7b0b5f60-47be-c07e-9585-af9a20b6d773', 'product_9', 460.0, 2);
INSERT INTO order_items (order_id, product_id, product_name, product_price, quantity)
VALUES ('a0297124-7251-82a9-97dc-c5f82ac13ee7', '021231f4-e9fa-ecbb-5f2a-ad1321ca42ea', 'product_59', 230.0, 1);
INSERT INTO order_items (order_id, product_id, product_name, product_price, quantity)
VALUES ('a0297124-7251-82a9-97dc-c5f82ac13ee7', '0caff6fe-c574-8665-33ca-5f2cee71ebb2', 'product_35', 190.0, 1);
INSERT INTO orders (id, venue_id, number, status, total_amount, opened_at, closed_at, table_number)
VALUES ('ff949b4d-66e6-89d8-1dbf-d791bcfbe15a', '00000000-0000-0000-0000-000000000010', '6512', 'paid', 190.0, '2026-03-07 14:24:17', '2026-03-07 14:24:17', '1');
INSERT INTO order_items (order_id, product_id, product_name, product_price, quantity)
VALUES ('ff949b4d-66e6-89d8-1dbf-d791bcfbe15a', '260b99e2-59bd-a3dc-c313-434aff0daf54', 'product_144', 190.0, 1);
INSERT INTO payments (order_id, venue_id, method, amount)
VALUES ('ff949b4d-66e6-89d8-1dbf-d791bcfbe15a', '00000000-0000-0000-0000-000000000010', 'cash', 190.0);
INSERT INTO orders (id, venue_id, number, status, total_amount, opened_at, closed_at, table_number)
VALUES ('f093836f-46ab-6921-d46d-e24ff363df9f', '00000000-0000-0000-0000-000000000010', '6510', 'paid', 0.0, '2026-03-06 20:50:51', '2026-03-06 20:50:51', '9');
INSERT INTO order_items (order_id, product_id, product_name, product_price, quantity)
VALUES ('f093836f-46ab-6921-d46d-e24ff363df9f', '1afe238c-a186-0e67-9e9d-d39b8c4abe8a', 'product_229', 0.0, 1);
INSERT INTO orders (id, venue_id, number, status, total_amount, opened_at, closed_at, table_number)
VALUES ('b6595346-4744-1f6b-05f9-dfad705a1b2e', '00000000-0000-0000-0000-000000000010', '6509', 'paid', 0.0, '2026-03-06 20:50:41', '2026-03-06 20:50:41', '9');
INSERT INTO order_items (order_id, product_id, product_name, product_price, quantity)
VALUES ('b6595346-4744-1f6b-05f9-dfad705a1b2e', '82c55340-bd07-2a9a-a6cc-6ce377f958f2', 'product_148', 0.0, 1);
INSERT INTO order_items (order_id, product_id, product_name, product_price, quantity)
VALUES ('b6595346-4744-1f6b-05f9-dfad705a1b2e', '12dd0c72-4671-5cd8-b7da-98389426555c', 'product_228', 0.0, 1);
INSERT INTO orders (id, venue_id, number, status, total_amount, opened_at, closed_at, table_number)
VALUES ('8215b47a-8c66-5e82-3122-5f7e9b74d484', '00000000-0000-0000-0000-000000000010', '6508', 'paid', 0.0, '2026-03-06 20:50:20', '2026-03-06 20:50:20', '9');
INSERT INTO order_items (order_id, product_id, product_name, product_price, quantity)
VALUES ('8215b47a-8c66-5e82-3122-5f7e9b74d484', '82c55340-bd07-2a9a-a6cc-6ce377f958f2', 'product_148', 0.0, 1);
INSERT INTO orders (id, venue_id, number, status, total_amount, opened_at, closed_at, table_number)
VALUES ('167b9077-8373-5e43-c466-dec4b5d54f33', '00000000-0000-0000-0000-000000000010', '6507', 'paid', 4010.0, '2026-03-06 17:07:36', '2026-03-06 17:07:36', '11');
INSERT INTO order_items (order_id, product_id, product_name, product_price, quantity)
VALUES ('167b9077-8373-5e43-c466-dec4b5d54f33', '6e00b5a0-6b62-d942-73e4-86982bcae389', 'product_21', 1370.0, 2);
INSERT INTO order_items (order_id, product_id, product_name, product_price, quantity)
VALUES ('167b9077-8373-5e43-c466-dec4b5d54f33', '81b3193a-f1f9-6ba6-5630-5c911f0c4a69', 'product_48', 220.0, 1);
INSERT INTO order_items (order_id, product_id, product_name, product_price, quantity)
VALUES ('167b9077-8373-5e43-c466-dec4b5d54f33', '951f4bf6-be55-0e75-59a9-7e580a0d07c4', 'product_14', 640.0, 1);
INSERT INTO order_items (order_id, product_id, product_name, product_price, quantity)
VALUES ('167b9077-8373-5e43-c466-dec4b5d54f33', '0caff6fe-c574-8665-33ca-5f2cee71ebb2', 'product_35', 190.0, 1);
INSERT INTO order_items (order_id, product_id, product_name, product_price, quantity)
VALUES ('167b9077-8373-5e43-c466-dec4b5d54f33', '7c7c305a-92ed-bc40-0bb5-1155fc4e313f', 'product_99', 220.0, 1);
INSERT INTO payments (order_id, venue_id, method, amount)
VALUES ('167b9077-8373-5e43-c466-dec4b5d54f33', '00000000-0000-0000-0000-000000000010', 'cash', 4010.0);
INSERT INTO orders (id, venue_id, number, status, total_amount, opened_at, closed_at, table_number)
VALUES ('80b20fff-c9b9-30b1-bcf4-196ab1c9625b', '00000000-0000-0000-0000-000000000010', '6506', 'paid', 1490.0, '2026-03-03 19:54:54', '2026-03-03 19:54:54', '1');
INSERT INTO order_items (order_id, product_id, product_name, product_price, quantity)
VALUES ('80b20fff-c9b9-30b1-bcf4-196ab1c9625b', 'b9bdca4d-a423-6c36-2351-10cf52ff0eec', 'product_230', 0.0, 2);
INSERT INTO order_items (order_id, product_id, product_name, product_price, quantity)
VALUES ('80b20fff-c9b9-30b1-bcf4-196ab1c9625b', '497d0040-b877-bebf-95b7-582bf7a5e783', 'product_174', 250.0, 2);
INSERT INTO order_items (order_id, product_id, product_name, product_price, quantity)
VALUES ('80b20fff-c9b9-30b1-bcf4-196ab1c9625b', '8d266d35-f6a4-b267-e097-564510f7f857', 'product_12', 270.0, 1);
INSERT INTO order_items (order_id, product_id, product_name, product_price, quantity)
VALUES ('80b20fff-c9b9-30b1-bcf4-196ab1c9625b', '021231f4-e9fa-ecbb-5f2a-ad1321ca42ea', 'product_59', 230.0, 2);
INSERT INTO order_items (order_id, product_id, product_name, product_price, quantity)
VALUES ('80b20fff-c9b9-30b1-bcf4-196ab1c9625b', '338bdc4d-fbd5-43ad-a7a7-3951ceca3a16', 'product_97', 260.0, 1);
INSERT INTO orders (id, venue_id, number, status, total_amount, opened_at, closed_at, table_number)
VALUES ('6224bf0d-b5c7-7f5e-195b-8251f1e206e5', '00000000-0000-0000-0000-000000000010', '6503', 'paid', 1890.0, '2026-03-03 12:52:14', '2026-03-03 12:52:14', '10');
INSERT INTO order_items (order_id, product_id, product_name, product_price, quantity)
VALUES ('6224bf0d-b5c7-7f5e-195b-8251f1e206e5', '4f62358e-97a1-94f3-88a7-2af7ee5afc60', 'product_182', 320.0, 1);
INSERT INTO order_items (order_id, product_id, product_name, product_price, quantity)
VALUES ('6224bf0d-b5c7-7f5e-195b-8251f1e206e5', '81b3193a-f1f9-6ba6-5630-5c911f0c4a69', 'product_48', 220.0, 2);
INSERT INTO order_items (order_id, product_id, product_name, product_price, quantity)
VALUES ('6224bf0d-b5c7-7f5e-195b-8251f1e206e5', 'bc75aa2b-4910-21bf-56ff-d9769b039d8e', 'product_47', 220.0, 1);
INSERT INTO order_items (order_id, product_id, product_name, product_price, quantity)
VALUES ('6224bf0d-b5c7-7f5e-195b-8251f1e206e5', '7c7c305a-92ed-bc40-0bb5-1155fc4e313f', 'product_99', 220.0, 1);
INSERT INTO order_items (order_id, product_id, product_name, product_price, quantity)
VALUES ('6224bf0d-b5c7-7f5e-195b-8251f1e206e5', '9a06fa1f-d2b5-1b6f-d6c5-37c2ffa3adfd', 'product_168', 640.0, 1);
INSERT INTO order_items (order_id, product_id, product_name, product_price, quantity)
VALUES ('6224bf0d-b5c7-7f5e-195b-8251f1e206e5', 'ba6fbcf2-1f2b-909a-e5f9-b9c5fe635c92', 'product_187', 50.0, 1);
INSERT INTO payments (order_id, venue_id, method, amount)
VALUES ('6224bf0d-b5c7-7f5e-195b-8251f1e206e5', '00000000-0000-0000-0000-000000000010', 'card', 1890.0);
INSERT INTO orders (id, venue_id, number, status, total_amount, opened_at, closed_at, table_number)
VALUES ('a83ce06b-17c1-08b1-2b9d-8e161002a5e4', '00000000-0000-0000-0000-000000000010', '6504', 'paid', 370.0, '2026-03-02 23:02:03', '2026-03-02 23:02:03', '3');
INSERT INTO order_items (order_id, product_id, product_name, product_price, quantity)
VALUES ('a83ce06b-17c1-08b1-2b9d-8e161002a5e4', '09d404dd-f87b-b319-4eda-9ce7c697868d', 'product_32', 370.0, 1);
INSERT INTO payments (order_id, venue_id, method, amount)
VALUES ('a83ce06b-17c1-08b1-2b9d-8e161002a5e4', '00000000-0000-0000-0000-000000000010', 'card', 370.0);
INSERT INTO orders (id, venue_id, number, status, total_amount, opened_at, closed_at, table_number)
VALUES ('c6de9504-7e45-2b58-7225-267bf91e6d8b', '00000000-0000-0000-0000-000000000010', '6505', 'paid', 0.0, '2026-03-02 22:57:50', '2026-03-02 22:57:50', '9');
INSERT INTO order_items (order_id, product_id, product_name, product_price, quantity)
VALUES ('c6de9504-7e45-2b58-7225-267bf91e6d8b', '82c55340-bd07-2a9a-a6cc-6ce377f958f2', 'product_148', 0.0, 1);
INSERT INTO orders (id, venue_id, number, status, total_amount, opened_at, closed_at, table_number)
VALUES ('7cf7ebd9-fd02-54ba-8bfe-c457baabf156', '00000000-0000-0000-0000-000000000010', '6498', 'paid', 0.0, '2026-03-02 22:57:36', '2026-03-02 22:57:36', '10');
INSERT INTO orders (id, venue_id, number, status, total_amount, opened_at, closed_at, table_number)
VALUES ('3fb8722c-2768-ce4c-21e8-be3a0d0905b4', '00000000-0000-0000-0000-000000000010', '6502', 'paid', 0.0, '2026-03-01 21:05:28', '2026-03-01 21:05:28', '9');
INSERT INTO order_items (order_id, product_id, product_name, product_price, quantity)
VALUES ('3fb8722c-2768-ce4c-21e8-be3a0d0905b4', '82c55340-bd07-2a9a-a6cc-6ce377f958f2', 'product_148', 0.0, 1);
INSERT INTO orders (id, venue_id, number, status, total_amount, opened_at, closed_at, table_number)
VALUES ('f929d16e-8996-2e78-771e-99935caa8d9b', '00000000-0000-0000-0000-000000000010', '6501', 'paid', 0.0, '2026-03-01 13:05:37', '2026-03-01 13:05:37', '9');
INSERT INTO order_items (order_id, product_id, product_name, product_price, quantity)
VALUES ('f929d16e-8996-2e78-771e-99935caa8d9b', '1afe238c-a186-0e67-9e9d-d39b8c4abe8a', 'product_229', 0.0, 1);
INSERT INTO order_items (order_id, product_id, product_name, product_price, quantity)
VALUES ('f929d16e-8996-2e78-771e-99935caa8d9b', '12dd0c72-4671-5cd8-b7da-98389426555c', 'product_228', 0.0, 1);
INSERT INTO orders (id, venue_id, number, status, total_amount, opened_at, closed_at, table_number)
VALUES ('55cb2246-0774-4994-d7da-5308deb3f7ab', '00000000-0000-0000-0000-000000000010', '6500', 'paid', 1300.0, '2026-03-01 13:03:47', '2026-03-01 13:03:47', '8');
INSERT INTO order_items (order_id, product_id, product_name, product_price, quantity)
VALUES ('55cb2246-0774-4994-d7da-5308deb3f7ab', '7b0b5f60-47be-c07e-9585-af9a20b6d773', 'product_9', 460.0, 2);
INSERT INTO order_items (order_id, product_id, product_name, product_price, quantity)
VALUES ('55cb2246-0774-4994-d7da-5308deb3f7ab', '2aea4c79-36dc-7b25-0bb9-c98c36e577c7', 'product_58', 200.0, 1);
INSERT INTO order_items (order_id, product_id, product_name, product_price, quantity)
VALUES ('55cb2246-0774-4994-d7da-5308deb3f7ab', 'da98da7c-a663-0228-294e-97c1fae50fd1', 'product_54', 180.0, 1);
INSERT INTO payments (order_id, venue_id, method, amount)
VALUES ('55cb2246-0774-4994-d7da-5308deb3f7ab', '00000000-0000-0000-0000-000000000010', 'card', 1300.0);
INSERT INTO orders (id, venue_id, number, status, total_amount, opened_at, closed_at, table_number)
VALUES ('bb60a092-677a-03b6-f6cc-b8e019b6abec', '00000000-0000-0000-0000-000000000010', '6499', 'paid', 2750.0, '2026-03-01 10:24:49', '2026-03-01 10:24:49', '15');
INSERT INTO order_items (order_id, product_id, product_name, product_price, quantity)
VALUES ('bb60a092-677a-03b6-f6cc-b8e019b6abec', '497d0040-b877-bebf-95b7-582bf7a5e783', 'product_174', 250.0, 2);
INSERT INTO order_items (order_id, product_id, product_name, product_price, quantity)
VALUES ('bb60a092-677a-03b6-f6cc-b8e019b6abec', '8d266d35-f6a4-b267-e097-564510f7f857', 'product_12', 270.0, 2);
INSERT INTO order_items (order_id, product_id, product_name, product_price, quantity)
VALUES ('bb60a092-677a-03b6-f6cc-b8e019b6abec', '94d2bddc-c99f-2985-f8eb-9d8a4a995ad3', 'product_10', 300.0, 2);
INSERT INTO order_items (order_id, product_id, product_name, product_price, quantity)
VALUES ('bb60a092-677a-03b6-f6cc-b8e019b6abec', 'b9bdca4d-a423-6c36-2351-10cf52ff0eec', 'product_230', 0.0, 4);
INSERT INTO order_items (order_id, product_id, product_name, product_price, quantity)
VALUES ('bb60a092-677a-03b6-f6cc-b8e019b6abec', '2836be19-8d27-0aa1-68ed-3bbc6cf94fb8', 'product_13', 270.0, 1);
INSERT INTO order_items (order_id, product_id, product_name, product_price, quantity)
VALUES ('bb60a092-677a-03b6-f6cc-b8e019b6abec', '0caff6fe-c574-8665-33ca-5f2cee71ebb2', 'product_35', 190.0, 3);
INSERT INTO order_items (order_id, product_id, product_name, product_price, quantity)
VALUES ('bb60a092-677a-03b6-f6cc-b8e019b6abec', '2836be19-8d27-0aa1-68ed-3bbc6cf94fb8', 'product_13', 270.0, 1);
INSERT INTO payments (order_id, venue_id, method, amount)
VALUES ('bb60a092-677a-03b6-f6cc-b8e019b6abec', '00000000-0000-0000-0000-000000000010', 'card', 870.0);
INSERT INTO orders (id, venue_id, number, status, total_amount, opened_at, closed_at, table_number)
VALUES ('4bbb4b2e-2027-fc9a-005f-f243712e4fdd', '00000000-0000-0000-0000-000000000010', '6497', 'paid', 0.0, '2026-02-28 22:06:53', '2026-02-28 22:06:53', '9');
INSERT INTO order_items (order_id, product_id, product_name, product_price, quantity)
VALUES ('4bbb4b2e-2027-fc9a-005f-f243712e4fdd', '82c55340-bd07-2a9a-a6cc-6ce377f958f2', 'product_148', 0.0, 1);
INSERT INTO order_items (order_id, product_id, product_name, product_price, quantity)
VALUES ('4bbb4b2e-2027-fc9a-005f-f243712e4fdd', '12dd0c72-4671-5cd8-b7da-98389426555c', 'product_228', 0.0, 1);
INSERT INTO orders (id, venue_id, number, status, total_amount, opened_at, closed_at, table_number)
VALUES ('00de4f15-3dd5-bb94-fbdb-0bcd10ba20f7', '00000000-0000-0000-0000-000000000010', '6495', 'paid', 0.0, '2026-02-28 21:50:06', '2026-02-28 21:50:06', '10');
INSERT INTO order_items (order_id, product_id, product_name, product_price, quantity)
VALUES ('00de4f15-3dd5-bb94-fbdb-0bcd10ba20f7', '12dd0c72-4671-5cd8-b7da-98389426555c', 'product_228', 0.0, 1);
INSERT INTO orders (id, venue_id, number, status, total_amount, opened_at, closed_at, table_number)
VALUES ('73c63860-9a98-c695-f648-4331fa138c4b', '00000000-0000-0000-0000-000000000010', '6496', 'paid', 1850.0, '2026-02-28 20:42:13', '2026-02-28 20:42:13', '8');
INSERT INTO order_items (order_id, product_id, product_name, product_price, quantity)
VALUES ('73c63860-9a98-c695-f648-4331fa138c4b', 'f35a1ebf-94b4-c196-4fdb-5698a8e21330', 'product_170', 820.0, 1);
INSERT INTO order_items (order_id, product_id, product_name, product_price, quantity)
VALUES ('73c63860-9a98-c695-f648-4331fa138c4b', '0f7cfc79-3a3f-41ac-1aa4-b27431de9236', 'product_29', 620.0, 1);
INSERT INTO order_items (order_id, product_id, product_name, product_price, quantity)
VALUES ('73c63860-9a98-c695-f648-4331fa138c4b', '81b3193a-f1f9-6ba6-5630-5c911f0c4a69', 'product_48', 220.0, 1);
INSERT INTO order_items (order_id, product_id, product_name, product_price, quantity)
VALUES ('73c63860-9a98-c695-f648-4331fa138c4b', '0caff6fe-c574-8665-33ca-5f2cee71ebb2', 'product_35', 190.0, 1);
INSERT INTO payments (order_id, venue_id, method, amount)
VALUES ('73c63860-9a98-c695-f648-4331fa138c4b', '00000000-0000-0000-0000-000000000010', 'card', 1850.0);
INSERT INTO orders (id, venue_id, number, status, total_amount, opened_at, closed_at, table_number)
VALUES ('e5207b08-51df-69f4-0a82-4ab2dcfb6982', '00000000-0000-0000-0000-000000000010', '6494', 'paid', 3270.0, '2026-02-27 18:33:38', '2026-02-27 18:33:38', '7');
INSERT INTO order_items (order_id, product_id, product_name, product_price, quantity)
VALUES ('e5207b08-51df-69f4-0a82-4ab2dcfb6982', '09d404dd-f87b-b319-4eda-9ce7c697868d', 'product_32', 370.0, 1);
INSERT INTO order_items (order_id, product_id, product_name, product_price, quantity)
VALUES ('e5207b08-51df-69f4-0a82-4ab2dcfb6982', '6e00b5a0-6b62-d942-73e4-86982bcae389', 'product_21', 1370.0, 1);
INSERT INTO order_items (order_id, product_id, product_name, product_price, quantity)
VALUES ('e5207b08-51df-69f4-0a82-4ab2dcfb6982', '951f4bf6-be55-0e75-59a9-7e580a0d07c4', 'product_14', 640.0, 1);
INSERT INTO order_items (order_id, product_id, product_name, product_price, quantity)
VALUES ('e5207b08-51df-69f4-0a82-4ab2dcfb6982', 'bc75aa2b-4910-21bf-56ff-d9769b039d8e', 'product_47', 220.0, 1);
INSERT INTO order_items (order_id, product_id, product_name, product_price, quantity)
VALUES ('e5207b08-51df-69f4-0a82-4ab2dcfb6982', '1a9038b5-12c1-4b41-756a-ce6d8bb0fac8', 'product_114', 670.0, 1);
INSERT INTO payments (order_id, venue_id, method, amount)
VALUES ('e5207b08-51df-69f4-0a82-4ab2dcfb6982', '00000000-0000-0000-0000-000000000010', 'card', 3270.0);
INSERT INTO orders (id, venue_id, number, status, total_amount, opened_at, closed_at, table_number)
VALUES ('2f3875de-f96a-2fe5-6eb4-c94f6734eff0', '00000000-0000-0000-0000-000000000010', '6493', 'paid', 0.0, '2026-02-26 21:46:13', '2026-02-26 21:46:13', '9');
INSERT INTO order_items (order_id, product_id, product_name, product_price, quantity)
VALUES ('2f3875de-f96a-2fe5-6eb4-c94f6734eff0', '1afe238c-a186-0e67-9e9d-d39b8c4abe8a', 'product_229', 0.0, 1);
INSERT INTO orders (id, venue_id, number, status, total_amount, opened_at, closed_at, table_number)
VALUES ('f0e676a9-f9f0-98db-3d9f-c8f4ec9cd0c9', '00000000-0000-0000-0000-000000000010', '6492', 'paid', 0.0, '2026-02-26 21:46:01', '2026-02-26 21:46:01', '9');
INSERT INTO order_items (order_id, product_id, product_name, product_price, quantity)
VALUES ('f0e676a9-f9f0-98db-3d9f-c8f4ec9cd0c9', '82c55340-bd07-2a9a-a6cc-6ce377f958f2', 'product_148', 0.0, 1);
INSERT INTO orders (id, venue_id, number, status, total_amount, opened_at, closed_at, table_number)
VALUES ('0b19a8c7-b896-65f4-94ee-64f438c5fc2e', '00000000-0000-0000-0000-000000000010', '6489', 'paid', 2280.0, '2026-02-26 09:33:15', '2026-02-26 09:33:15', '10');
INSERT INTO order_items (order_id, product_id, product_name, product_price, quantity)
VALUES ('0b19a8c7-b896-65f4-94ee-64f438c5fc2e', 'c0fb869e-f434-07cb-f666-b9f7e55d4032', 'product_113', 770.0, 1);
INSERT INTO order_items (order_id, product_id, product_name, product_price, quantity)
VALUES ('0b19a8c7-b896-65f4-94ee-64f438c5fc2e', '0f7cfc79-3a3f-41ac-1aa4-b27431de9236', 'product_29', 620.0, 1);
INSERT INTO order_items (order_id, product_id, product_name, product_price, quantity)
VALUES ('0b19a8c7-b896-65f4-94ee-64f438c5fc2e', '7f688518-4003-c783-7333-b947a8856b49', 'product_28', 470.0, 1);
INSERT INTO order_items (order_id, product_id, product_name, product_price, quantity)
VALUES ('0b19a8c7-b896-65f4-94ee-64f438c5fc2e', '62cdaaca-f6e8-fe1a-af41-d7fc95a79021', 'product_167', 40.0, 1);
INSERT INTO order_items (order_id, product_id, product_name, product_price, quantity)
VALUES ('0b19a8c7-b896-65f4-94ee-64f438c5fc2e', '260b99e2-59bd-a3dc-c313-434aff0daf54', 'product_144', 190.0, 2);
INSERT INTO payments (order_id, venue_id, method, amount)
VALUES ('0b19a8c7-b896-65f4-94ee-64f438c5fc2e', '00000000-0000-0000-0000-000000000010', 'card', 2280.0);
INSERT INTO orders (id, venue_id, number, status, total_amount, opened_at, closed_at, table_number)
VALUES ('368cf322-ca58-4195-fa0e-d8230f77048e', '00000000-0000-0000-0000-000000000010', '6485', 'paid', 5220.0, '2026-02-26 09:33:11', '2026-02-26 09:33:11', '10');
INSERT INTO order_items (order_id, product_id, product_name, product_price, quantity)
VALUES ('368cf322-ca58-4195-fa0e-d8230f77048e', 'ce90a2e4-a08b-570d-aca7-50bb5d2d0ab2', 'product_112', 440.0, 1);
INSERT INTO order_items (order_id, product_id, product_name, product_price, quantity)
VALUES ('368cf322-ca58-4195-fa0e-d8230f77048e', '8b7920ef-e954-d760-2a69-99cafc830c2e', 'product_171', 270.0, 4);
INSERT INTO order_items (order_id, product_id, product_name, product_price, quantity)
VALUES ('368cf322-ca58-4195-fa0e-d8230f77048e', 'fdb6f575-fe3f-282e-93d0-1dad56530fa5', 'product_15', 640.0, 3);
INSERT INTO order_items (order_id, product_id, product_name, product_price, quantity)
VALUES ('368cf322-ca58-4195-fa0e-d8230f77048e', '81b3193a-f1f9-6ba6-5630-5c911f0c4a69', 'product_48', 220.0, 4);
INSERT INTO order_items (order_id, product_id, product_name, product_price, quantity)
VALUES ('368cf322-ca58-4195-fa0e-d8230f77048e', '0f7cfc79-3a3f-41ac-1aa4-b27431de9236', 'product_29', 620.0, 1);
INSERT INTO order_items (order_id, product_id, product_name, product_price, quantity)
VALUES ('368cf322-ca58-4195-fa0e-d8230f77048e', 'd46f67a1-e1dd-e079-0b5c-329f6422c4d4', 'product_60', 280.0, 1);
INSERT INTO payments (order_id, venue_id, method, amount)
VALUES ('368cf322-ca58-4195-fa0e-d8230f77048e', '00000000-0000-0000-0000-000000000010', 'card', 5220.0);
INSERT INTO orders (id, venue_id, number, status, total_amount, opened_at, closed_at, table_number)
VALUES ('70057c9f-ab2e-8a9c-7c9f-82c7703085e3', '00000000-0000-0000-0000-000000000010', '6491', 'paid', 1080.0, '2026-02-26 09:31:18', '2026-02-26 09:31:18', '1');
INSERT INTO order_items (order_id, product_id, product_name, product_price, quantity)
VALUES ('70057c9f-ab2e-8a9c-7c9f-82c7703085e3', '338bdc4d-fbd5-43ad-a7a7-3951ceca3a16', 'product_97', 260.0, 2);
INSERT INTO order_items (order_id, product_id, product_name, product_price, quantity)
VALUES ('70057c9f-ab2e-8a9c-7c9f-82c7703085e3', 'd46f67a1-e1dd-e079-0b5c-329f6422c4d4', 'product_60', 280.0, 2);
INSERT INTO orders (id, venue_id, number, status, total_amount, opened_at, closed_at, table_number)
VALUES ('3526c179-7156-3232-a8fe-72bf21c0349f', '00000000-0000-0000-0000-000000000010', '6490', 'paid', 3120.0, '2026-02-25 13:02:59', '2026-02-25 13:02:59', '2');
INSERT INTO order_items (order_id, product_id, product_name, product_price, quantity)
VALUES ('3526c179-7156-3232-a8fe-72bf21c0349f', '38432f7f-ba41-eaa0-7e46-d791008e4b02', 'product_6', 510.0, 4);
INSERT INTO order_items (order_id, product_id, product_name, product_price, quantity)
VALUES ('3526c179-7156-3232-a8fe-72bf21c0349f', 'd46f67a1-e1dd-e079-0b5c-329f6422c4d4', 'product_60', 280.0, 2);
INSERT INTO order_items (order_id, product_id, product_name, product_price, quantity)
VALUES ('3526c179-7156-3232-a8fe-72bf21c0349f', '338bdc4d-fbd5-43ad-a7a7-3951ceca3a16', 'product_97', 260.0, 2);
INSERT INTO orders (id, venue_id, number, status, total_amount, opened_at, closed_at, table_number)
VALUES ('9f9e019f-8f0c-53b2-36fc-fef04d9abe05', '00000000-0000-0000-0000-000000000010', '6488', 'paid', 0.0, '2026-02-24 15:37:08', '2026-02-24 15:37:08', '9');
INSERT INTO order_items (order_id, product_id, product_name, product_price, quantity)
VALUES ('9f9e019f-8f0c-53b2-36fc-fef04d9abe05', '12dd0c72-4671-5cd8-b7da-98389426555c', 'product_228', 0.0, 1);
INSERT INTO order_items (order_id, product_id, product_name, product_price, quantity)
VALUES ('9f9e019f-8f0c-53b2-36fc-fef04d9abe05', '1afe238c-a186-0e67-9e9d-d39b8c4abe8a', 'product_229', 0.0, 1);
INSERT INTO order_items (order_id, product_id, product_name, product_price, quantity)
VALUES ('9f9e019f-8f0c-53b2-36fc-fef04d9abe05', '82c55340-bd07-2a9a-a6cc-6ce377f958f2', 'product_148', 0.0, 1);
INSERT INTO orders (id, venue_id, number, status, total_amount, opened_at, closed_at, table_number)
VALUES ('ae30e0e6-2ad1-1ca8-6113-b244a772805d', '00000000-0000-0000-0000-000000000010', '6487', 'paid', 3510.0, '2026-02-24 11:05:11', '2026-02-24 11:05:11', '13');
INSERT INTO order_items (order_id, product_id, product_name, product_price, quantity)
VALUES ('ae30e0e6-2ad1-1ca8-6113-b244a772805d', '6e00b5a0-6b62-d942-73e4-86982bcae389', 'product_21', 1370.0, 1);
INSERT INTO order_items (order_id, product_id, product_name, product_price, quantity)
VALUES ('ae30e0e6-2ad1-1ca8-6113-b244a772805d', '0d07baf4-74fe-e6af-ddf9-5304e58f2192', 'product_221', 850.0, 1);
INSERT INTO order_items (order_id, product_id, product_name, product_price, quantity)
VALUES ('ae30e0e6-2ad1-1ca8-6113-b244a772805d', '2334cdda-9fd8-40f0-0a18-b2cbad79aa33', 'product_225', 580.0, 1);
INSERT INTO order_items (order_id, product_id, product_name, product_price, quantity)
VALUES ('ae30e0e6-2ad1-1ca8-6113-b244a772805d', 'ef5a0fd9-15a0-6dc1-a208-29c4a17eb52f', 'product_222', 710.0, 1);
INSERT INTO payments (order_id, venue_id, method, amount)
VALUES ('ae30e0e6-2ad1-1ca8-6113-b244a772805d', '00000000-0000-0000-0000-000000000010', 'card', 3510.0);
INSERT INTO orders (id, venue_id, number, status, total_amount, opened_at, closed_at, table_number)
VALUES ('fa7ecd92-b89a-6b55-2171-68d9e8074980', '00000000-0000-0000-0000-000000000010', '6486', 'paid', 0.0, '2026-02-23 17:36:34', '2026-02-23 17:36:34', '9');
INSERT INTO order_items (order_id, product_id, product_name, product_price, quantity)
VALUES ('fa7ecd92-b89a-6b55-2171-68d9e8074980', '1afe238c-a186-0e67-9e9d-d39b8c4abe8a', 'product_229', 0.0, 1);
INSERT INTO order_items (order_id, product_id, product_name, product_price, quantity)
VALUES ('fa7ecd92-b89a-6b55-2171-68d9e8074980', '12dd0c72-4671-5cd8-b7da-98389426555c', 'product_228', 0.0, 1);
INSERT INTO order_items (order_id, product_id, product_name, product_price, quantity)
VALUES ('fa7ecd92-b89a-6b55-2171-68d9e8074980', '82c55340-bd07-2a9a-a6cc-6ce377f958f2', 'product_148', 0.0, 1);
INSERT INTO orders (id, venue_id, number, status, total_amount, opened_at, closed_at, table_number)
VALUES ('c74c7bd9-190d-19a4-38e6-c4a587e37ada', '00000000-0000-0000-0000-000000000010', '6484', 'paid', 320.0, '2026-02-22 18:22:09', '2026-02-22 18:22:09', '1');
INSERT INTO order_items (order_id, product_id, product_name, product_price, quantity)
VALUES ('c74c7bd9-190d-19a4-38e6-c4a587e37ada', '966437e8-b784-92e7-0afa-ff8bde6f1e53', 'product_145', 130.0, 1);
INSERT INTO order_items (order_id, product_id, product_name, product_price, quantity)
VALUES ('c74c7bd9-190d-19a4-38e6-c4a587e37ada', '260b99e2-59bd-a3dc-c313-434aff0daf54', 'product_144', 190.0, 1);
INSERT INTO payments (order_id, venue_id, method, amount)
VALUES ('c74c7bd9-190d-19a4-38e6-c4a587e37ada', '00000000-0000-0000-0000-000000000010', 'card', 320.0);
INSERT INTO orders (id, venue_id, number, status, total_amount, opened_at, closed_at, table_number)
VALUES ('34190be8-eab5-54f2-57a8-9f65f4709819', '00000000-0000-0000-0000-000000000010', '6483', 'paid', 0.0, '2026-02-22 16:46:18', '2026-02-22 16:46:18', '9');
INSERT INTO order_items (order_id, product_id, product_name, product_price, quantity)
VALUES ('34190be8-eab5-54f2-57a8-9f65f4709819', '82c55340-bd07-2a9a-a6cc-6ce377f958f2', 'product_148', 0.0, 1);
INSERT INTO orders (id, venue_id, number, status, total_amount, opened_at, closed_at, table_number)
VALUES ('b5f6029f-a764-de46-a240-c88c93b141df', '00000000-0000-0000-0000-000000000010', '6481', 'paid', 920.0, '2026-02-22 16:46:02', '2026-02-22 16:46:02', '1');
INSERT INTO order_items (order_id, product_id, product_name, product_price, quantity)
VALUES ('b5f6029f-a764-de46-a240-c88c93b141df', '12dd0c72-4671-5cd8-b7da-98389426555c', 'product_228', 0.0, 1);
INSERT INTO order_items (order_id, product_id, product_name, product_price, quantity)
VALUES ('b5f6029f-a764-de46-a240-c88c93b141df', '38432f7f-ba41-eaa0-7e46-d791008e4b02', 'product_6', 510.0, 1);
INSERT INTO order_items (order_id, product_id, product_name, product_price, quantity)
VALUES ('b5f6029f-a764-de46-a240-c88c93b141df', 'b9bdca4d-a423-6c36-2351-10cf52ff0eec', 'product_230', 0.0, 1);
INSERT INTO order_items (order_id, product_id, product_name, product_price, quantity)
VALUES ('b5f6029f-a764-de46-a240-c88c93b141df', 'da98da7c-a663-0228-294e-97c1fae50fd1', 'product_54', 180.0, 1);
INSERT INTO order_items (order_id, product_id, product_name, product_price, quantity)
VALUES ('b5f6029f-a764-de46-a240-c88c93b141df', '021231f4-e9fa-ecbb-5f2a-ad1321ca42ea', 'product_59', 230.0, 1);
INSERT INTO orders (id, venue_id, number, status, total_amount, opened_at, closed_at, table_number)
VALUES ('b86c7d99-f518-90fc-e8b3-f26c9d4ed34c', '00000000-0000-0000-0000-000000000010', '6478', 'paid', 2190.0, '2026-02-22 16:44:53', '2026-02-22 16:44:53', '11');
INSERT INTO order_items (order_id, product_id, product_name, product_price, quantity)
VALUES ('b86c7d99-f518-90fc-e8b3-f26c9d4ed34c', 'f5e07166-faf7-d429-5419-891577dc4984', 'product_180', 1750.0, 1);
INSERT INTO order_items (order_id, product_id, product_name, product_price, quantity)
VALUES ('b86c7d99-f518-90fc-e8b3-f26c9d4ed34c', '338bdc4d-fbd5-43ad-a7a7-3951ceca3a16', 'product_97', 260.0, 1);
INSERT INTO order_items (order_id, product_id, product_name, product_price, quantity)
VALUES ('b86c7d99-f518-90fc-e8b3-f26c9d4ed34c', 'da98da7c-a663-0228-294e-97c1fae50fd1', 'product_54', 180.0, 1);
INSERT INTO payments (order_id, venue_id, method, amount)
VALUES ('b86c7d99-f518-90fc-e8b3-f26c9d4ed34c', '00000000-0000-0000-0000-000000000010', 'card', 2190.0);
INSERT INTO orders (id, venue_id, number, status, total_amount, opened_at, closed_at, table_number)
VALUES ('2f8f716b-8b88-284a-f0f6-72f119c037c6', '00000000-0000-0000-0000-000000000010', '6482', 'paid', 570.0, '2026-02-22 16:44:25', '2026-02-22 16:44:25', '2');
INSERT INTO order_items (order_id, product_id, product_name, product_price, quantity)
VALUES ('2f8f716b-8b88-284a-f0f6-72f119c037c6', '260b99e2-59bd-a3dc-c313-434aff0daf54', 'product_144', 190.0, 3);
INSERT INTO payments (order_id, venue_id, method, amount)
VALUES ('2f8f716b-8b88-284a-f0f6-72f119c037c6', '00000000-0000-0000-0000-000000000010', 'card', 570.0);
INSERT INTO orders (id, venue_id, number, status, total_amount, opened_at, closed_at, table_number)
VALUES ('441ff125-906e-803b-971a-fd31c76739d4', '00000000-0000-0000-0000-000000000010', '6480', 'paid', 0.0, '2026-02-21 22:57:07', '2026-02-21 22:57:07', '9');
INSERT INTO order_items (order_id, product_id, product_name, product_price, quantity)
VALUES ('441ff125-906e-803b-971a-fd31c76739d4', '82c55340-bd07-2a9a-a6cc-6ce377f958f2', 'product_148', 0.0, 1);
INSERT INTO orders (id, venue_id, number, status, total_amount, opened_at, closed_at, table_number)
VALUES ('cb4bf334-9beb-dc65-2a35-6a4cc1f70663', '00000000-0000-0000-0000-000000000010', '6479', 'paid', 0.0, '2026-02-21 22:56:41', '2026-02-21 22:56:41', '9');
INSERT INTO order_items (order_id, product_id, product_name, product_price, quantity)
VALUES ('cb4bf334-9beb-dc65-2a35-6a4cc1f70663', '1afe238c-a186-0e67-9e9d-d39b8c4abe8a', 'product_229', 0.0, 1);
INSERT INTO orders (id, venue_id, number, status, total_amount, opened_at, closed_at, table_number)
VALUES ('f9469767-c06e-dcce-7971-ea98c2a2f113', '00000000-0000-0000-0000-000000000010', '6477', 'paid', 1240.0, '2026-02-21 20:36:06', '2026-02-21 20:36:06', '1');
INSERT INTO order_items (order_id, product_id, product_name, product_price, quantity)
VALUES ('f9469767-c06e-dcce-7971-ea98c2a2f113', '0f7cfc79-3a3f-41ac-1aa4-b27431de9236', 'product_29', 620.0, 2);
INSERT INTO payments (order_id, venue_id, method, amount)
VALUES ('f9469767-c06e-dcce-7971-ea98c2a2f113', '00000000-0000-0000-0000-000000000010', 'card', 992.0);
INSERT INTO orders (id, venue_id, number, status, total_amount, opened_at, closed_at, table_number)
VALUES ('41a01528-a93a-864e-ced8-22ec5c91ef14', '00000000-0000-0000-0000-000000000010', '6476', 'paid', 2630.0, '2026-02-21 19:53:40', '2026-02-21 19:53:40', '11');
INSERT INTO order_items (order_id, product_id, product_name, product_price, quantity)
VALUES ('41a01528-a93a-864e-ced8-22ec5c91ef14', '09d404dd-f87b-b319-4eda-9ce7c697868d', 'product_32', 370.0, 1);
INSERT INTO order_items (order_id, product_id, product_name, product_price, quantity)
VALUES ('41a01528-a93a-864e-ced8-22ec5c91ef14', '1a9038b5-12c1-4b41-756a-ce6d8bb0fac8', 'product_114', 670.0, 1);
INSERT INTO order_items (order_id, product_id, product_name, product_price, quantity)
VALUES ('41a01528-a93a-864e-ced8-22ec5c91ef14', 'da98da7c-a663-0228-294e-97c1fae50fd1', 'product_54', 180.0, 1);
INSERT INTO order_items (order_id, product_id, product_name, product_price, quantity)
VALUES ('41a01528-a93a-864e-ced8-22ec5c91ef14', 'fdb6f575-fe3f-282e-93d0-1dad56530fa5', 'product_15', 640.0, 1);
INSERT INTO order_items (order_id, product_id, product_name, product_price, quantity)
VALUES ('41a01528-a93a-864e-ced8-22ec5c91ef14', 'eb1260af-ca5f-c811-fd1c-bf1664229477', 'product_115', 310.0, 1);
INSERT INTO order_items (order_id, product_id, product_name, product_price, quantity)
VALUES ('41a01528-a93a-864e-ced8-22ec5c91ef14', '7b0b5f60-47be-c07e-9585-af9a20b6d773', 'product_9', 460.0, 1);
INSERT INTO payments (order_id, venue_id, method, amount)
VALUES ('41a01528-a93a-864e-ced8-22ec5c91ef14', '00000000-0000-0000-0000-000000000010', 'card', 2630.0);
INSERT INTO orders (id, venue_id, number, status, total_amount, opened_at, closed_at, table_number)
VALUES ('6e27eb67-03b4-6e82-d553-7ecb4bc92d58', '00000000-0000-0000-0000-000000000010', '6475', 'paid', 3150.0, '2026-02-20 22:41:50', '2026-02-20 22:41:50', '8');
INSERT INTO order_items (order_id, product_id, product_name, product_price, quantity)
VALUES ('6e27eb67-03b4-6e82-d553-7ecb4bc92d58', '951f4bf6-be55-0e75-59a9-7e580a0d07c4', 'product_14', 640.0, 1);
INSERT INTO order_items (order_id, product_id, product_name, product_price, quantity)
VALUES ('6e27eb67-03b4-6e82-d553-7ecb4bc92d58', '7f688518-4003-c783-7333-b947a8856b49', 'product_28', 470.0, 1);
INSERT INTO order_items (order_id, product_id, product_name, product_price, quantity)
VALUES ('6e27eb67-03b4-6e82-d553-7ecb4bc92d58', '0f7cfc79-3a3f-41ac-1aa4-b27431de9236', 'product_29', 620.0, 1);
INSERT INTO order_items (order_id, product_id, product_name, product_price, quantity)
VALUES ('6e27eb67-03b4-6e82-d553-7ecb4bc92d58', 'e81dc667-2a7e-c5f0-b886-e7a3451b0fd2', 'product_219', 570.0, 1);
INSERT INTO order_items (order_id, product_id, product_name, product_price, quantity)
VALUES ('6e27eb67-03b4-6e82-d553-7ecb4bc92d58', 'ce90a2e4-a08b-570d-aca7-50bb5d2d0ab2', 'product_112', 440.0, 1);
INSERT INTO order_items (order_id, product_id, product_name, product_price, quantity)
VALUES ('6e27eb67-03b4-6e82-d553-7ecb4bc92d58', '7c7c305a-92ed-bc40-0bb5-1155fc4e313f', 'product_99', 220.0, 1);
INSERT INTO order_items (order_id, product_id, product_name, product_price, quantity)
VALUES ('6e27eb67-03b4-6e82-d553-7ecb4bc92d58', '260b99e2-59bd-a3dc-c313-434aff0daf54', 'product_144', 190.0, 1);
INSERT INTO payments (order_id, venue_id, method, amount)
VALUES ('6e27eb67-03b4-6e82-d553-7ecb4bc92d58', '00000000-0000-0000-0000-000000000010', 'card', 3150.0);
INSERT INTO orders (id, venue_id, number, status, total_amount, opened_at, closed_at, table_number)
VALUES ('3f682e27-a8d2-ba64-b591-e70526b87585', '00000000-0000-0000-0000-000000000010', '6474', 'paid', 230.0, '2026-02-20 18:23:52', '2026-02-20 18:23:52', '1');
INSERT INTO order_items (order_id, product_id, product_name, product_price, quantity)
VALUES ('3f682e27-a8d2-ba64-b591-e70526b87585', '021231f4-e9fa-ecbb-5f2a-ad1321ca42ea', 'product_59', 230.0, 1);
INSERT INTO payments (order_id, venue_id, method, amount)
VALUES ('3f682e27-a8d2-ba64-b591-e70526b87585', '00000000-0000-0000-0000-000000000010', 'cash', 230.0);
INSERT INTO orders (id, venue_id, number, status, total_amount, opened_at, closed_at, table_number)
VALUES ('b8e2d7cf-1657-6f69-3ca0-c7f84fc0192a', '00000000-0000-0000-0000-000000000010', '6473', 'paid', 220.0, '2026-02-20 17:22:31', '2026-02-20 17:22:31', '1');
INSERT INTO order_items (order_id, product_id, product_name, product_price, quantity)
VALUES ('b8e2d7cf-1657-6f69-3ca0-c7f84fc0192a', '7c7c305a-92ed-bc40-0bb5-1155fc4e313f', 'product_99', 220.0, 1);
INSERT INTO payments (order_id, venue_id, method, amount)
VALUES ('b8e2d7cf-1657-6f69-3ca0-c7f84fc0192a', '00000000-0000-0000-0000-000000000010', 'card', 220.0);
INSERT INTO orders (id, venue_id, number, status, total_amount, opened_at, closed_at, table_number)
VALUES ('571dad7f-9277-f01d-a384-5527b9f73e7d', '00000000-0000-0000-0000-000000000010', '6472', 'paid', 3280.0, '2026-02-20 17:12:31', '2026-02-20 17:12:31', '1');
INSERT INTO order_items (order_id, product_id, product_name, product_price, quantity)
VALUES ('571dad7f-9277-f01d-a384-5527b9f73e7d', '5f05b996-99f5-dfcb-e4b9-79078ca1f540', 'product_100', 460.0, 2);
INSERT INTO order_items (order_id, product_id, product_name, product_price, quantity)
VALUES ('571dad7f-9277-f01d-a384-5527b9f73e7d', '0f7cfc79-3a3f-41ac-1aa4-b27431de9236', 'product_29', 620.0, 3);
INSERT INTO order_items (order_id, product_id, product_name, product_price, quantity)
VALUES ('571dad7f-9277-f01d-a384-5527b9f73e7d', '09d404dd-f87b-b319-4eda-9ce7c697868d', 'product_32', 370.0, 1);
INSERT INTO order_items (order_id, product_id, product_name, product_price, quantity)
VALUES ('571dad7f-9277-f01d-a384-5527b9f73e7d', '966437e8-b784-92e7-0afa-ff8bde6f1e53', 'product_145', 130.0, 1);
INSERT INTO payments (order_id, venue_id, method, amount)
VALUES ('571dad7f-9277-f01d-a384-5527b9f73e7d', '00000000-0000-0000-0000-000000000010', 'card', 3280.0);
INSERT INTO orders (id, venue_id, number, status, total_amount, opened_at, closed_at, table_number)
VALUES ('c572f592-a1be-44b2-99a7-0b71f6bb1b6e', '00000000-0000-0000-0000-000000000010', '6471', 'paid', 1020.0, '2026-02-20 16:01:36', '2026-02-20 16:01:36', '1');
INSERT INTO order_items (order_id, product_id, product_name, product_price, quantity)
VALUES ('c572f592-a1be-44b2-99a7-0b71f6bb1b6e', '12dd0c72-4671-5cd8-b7da-98389426555c', 'product_228', 0.0, 1);
INSERT INTO order_items (order_id, product_id, product_name, product_price, quantity)
VALUES ('c572f592-a1be-44b2-99a7-0b71f6bb1b6e', '38432f7f-ba41-eaa0-7e46-d791008e4b02', 'product_6', 510.0, 1);
INSERT INTO order_items (order_id, product_id, product_name, product_price, quantity)
VALUES ('c572f592-a1be-44b2-99a7-0b71f6bb1b6e', 'b9bdca4d-a423-6c36-2351-10cf52ff0eec', 'product_230', 0.0, 1);
INSERT INTO order_items (order_id, product_id, product_name, product_price, quantity)
VALUES ('c572f592-a1be-44b2-99a7-0b71f6bb1b6e', '021231f4-e9fa-ecbb-5f2a-ad1321ca42ea', 'product_59', 230.0, 1);
INSERT INTO order_items (order_id, product_id, product_name, product_price, quantity)
VALUES ('c572f592-a1be-44b2-99a7-0b71f6bb1b6e', 'd46f67a1-e1dd-e079-0b5c-329f6422c4d4', 'product_60', 280.0, 1);
INSERT INTO orders (id, venue_id, number, status, total_amount, opened_at, closed_at, table_number)
VALUES ('c23db4b3-8b07-b347-9a54-7884707805c1', '00000000-0000-0000-0000-000000000010', '6470', 'paid', 1220.0, '2026-02-20 11:58:14', '2026-02-20 11:58:14', '13');
INSERT INTO order_items (order_id, product_id, product_name, product_price, quantity)
VALUES ('c23db4b3-8b07-b347-9a54-7884707805c1', 'ec61223f-a380-dd08-f9eb-461b3c2f80e6', 'product_163', 120.0, 4);
INSERT INTO order_items (order_id, product_id, product_name, product_price, quantity)
VALUES ('c23db4b3-8b07-b347-9a54-7884707805c1', '338bdc4d-fbd5-43ad-a7a7-3951ceca3a16', 'product_97', 260.0, 2);
INSERT INTO order_items (order_id, product_id, product_name, product_price, quantity)
VALUES ('c23db4b3-8b07-b347-9a54-7884707805c1', '7c7c305a-92ed-bc40-0bb5-1155fc4e313f', 'product_99', 220.0, 1);
INSERT INTO payments (order_id, venue_id, method, amount)
VALUES ('c23db4b3-8b07-b347-9a54-7884707805c1', '00000000-0000-0000-0000-000000000010', 'card', 1220.0);
INSERT INTO orders (id, venue_id, number, status, total_amount, opened_at, closed_at, table_number)
VALUES ('2f625861-550e-4888-dafa-3bfed94f2e4c', '00000000-0000-0000-0000-000000000010', '6464', 'paid', 970.0, '2026-02-20 11:58:10', '2026-02-20 11:58:10', '13');
INSERT INTO order_items (order_id, product_id, product_name, product_price, quantity)
VALUES ('2f625861-550e-4888-dafa-3bfed94f2e4c', '7b0b5f60-47be-c07e-9585-af9a20b6d773', 'product_9', 460.0, 1);
INSERT INTO order_items (order_id, product_id, product_name, product_price, quantity)
VALUES ('2f625861-550e-4888-dafa-3bfed94f2e4c', '38432f7f-ba41-eaa0-7e46-d791008e4b02', 'product_6', 510.0, 1);
INSERT INTO payments (order_id, venue_id, method, amount)
VALUES ('2f625861-550e-4888-dafa-3bfed94f2e4c', '00000000-0000-0000-0000-000000000010', 'card', 970.0);
INSERT INTO orders (id, venue_id, number, status, total_amount, opened_at, closed_at, table_number)
VALUES ('cb10d4fd-1389-664a-dae0-997c21577df4', '00000000-0000-0000-0000-000000000010', '6468', 'paid', 3320.0, '2026-02-19 19:15:43', '2026-02-19 19:15:43', '1');
INSERT INTO order_items (order_id, product_id, product_name, product_price, quantity)
VALUES ('cb10d4fd-1389-664a-dae0-997c21577df4', '0caff6fe-c574-8665-33ca-5f2cee71ebb2', 'product_35', 190.0, 1);
INSERT INTO order_items (order_id, product_id, product_name, product_price, quantity)
VALUES ('cb10d4fd-1389-664a-dae0-997c21577df4', '1a9038b5-12c1-4b41-756a-ce6d8bb0fac8', 'product_114', 670.0, 1);
INSERT INTO order_items (order_id, product_id, product_name, product_price, quantity)
VALUES ('cb10d4fd-1389-664a-dae0-997c21577df4', 'c0fb869e-f434-07cb-f666-b9f7e55d4032', 'product_113', 770.0, 2);
INSERT INTO order_items (order_id, product_id, product_name, product_price, quantity)
VALUES ('cb10d4fd-1389-664a-dae0-997c21577df4', '627b586a-57c8-d217-1549-c47bb32192ac', 'product_26', 460.0, 2);
INSERT INTO payments (order_id, venue_id, method, amount)
VALUES ('cb10d4fd-1389-664a-dae0-997c21577df4', '00000000-0000-0000-0000-000000000010', 'card', 3320.0);
INSERT INTO orders (id, venue_id, number, status, total_amount, opened_at, closed_at, table_number)
VALUES ('f3d8166c-ee70-1f67-0f98-d230a15fbffa', '00000000-0000-0000-0000-000000000010', '6469', 'paid', 0.0, '2026-02-19 19:07:47', '2026-02-19 19:07:47', '9');
INSERT INTO order_items (order_id, product_id, product_name, product_price, quantity)
VALUES ('f3d8166c-ee70-1f67-0f98-d230a15fbffa', '12dd0c72-4671-5cd8-b7da-98389426555c', 'product_228', 0.0, 1);
INSERT INTO order_items (order_id, product_id, product_name, product_price, quantity)
VALUES ('f3d8166c-ee70-1f67-0f98-d230a15fbffa', '82c55340-bd07-2a9a-a6cc-6ce377f958f2', 'product_148', 0.0, 1);
INSERT INTO orders (id, venue_id, number, status, total_amount, opened_at, closed_at, table_number)
VALUES ('b161d2a4-8ec3-5399-759d-fe76c9a8ee53', '00000000-0000-0000-0000-000000000010', '6467', 'paid', 230.0, '2026-02-19 16:03:13', '2026-02-19 16:03:13', '1');
INSERT INTO order_items (order_id, product_id, product_name, product_price, quantity)
VALUES ('b161d2a4-8ec3-5399-759d-fe76c9a8ee53', '021231f4-e9fa-ecbb-5f2a-ad1321ca42ea', 'product_59', 230.0, 1);
INSERT INTO order_items (order_id, product_id, product_name, product_price, quantity)
VALUES ('b161d2a4-8ec3-5399-759d-fe76c9a8ee53', '12dd0c72-4671-5cd8-b7da-98389426555c', 'product_228', 0.0, 1);
INSERT INTO orders (id, venue_id, number, status, total_amount, opened_at, closed_at, table_number)
VALUES ('49349a69-e6f2-8624-796a-ff0e8bfb0bd8', '00000000-0000-0000-0000-000000000010', '6466', 'paid', 0.0, '2026-02-19 13:02:04', '2026-02-19 13:02:04', '9');
INSERT INTO order_items (order_id, product_id, product_name, product_price, quantity)
VALUES ('49349a69-e6f2-8624-796a-ff0e8bfb0bd8', '82c55340-bd07-2a9a-a6cc-6ce377f958f2', 'product_148', 0.0, 1);
INSERT INTO orders (id, venue_id, number, status, total_amount, opened_at, closed_at, table_number)
VALUES ('96e4b296-aca1-cf0a-2fee-fbe04e08f5d8', '00000000-0000-0000-0000-000000000010', '6465', 'paid', 0.0, '2026-02-19 13:01:48', '2026-02-19 13:01:48', '9');
INSERT INTO order_items (order_id, product_id, product_name, product_price, quantity)
VALUES ('96e4b296-aca1-cf0a-2fee-fbe04e08f5d8', '1afe238c-a186-0e67-9e9d-d39b8c4abe8a', 'product_229', 0.0, 1);
INSERT INTO orders (id, venue_id, number, status, total_amount, opened_at, closed_at, table_number)
VALUES ('a76773dd-5136-cbd8-c9eb-a7ac92751575', '00000000-0000-0000-0000-000000000010', '6463', 'paid', 2590.0, '2026-02-19 12:59:28', '2026-02-19 12:59:28', '11');
INSERT INTO order_items (order_id, product_id, product_name, product_price, quantity)
VALUES ('a76773dd-5136-cbd8-c9eb-a7ac92751575', '38432f7f-ba41-eaa0-7e46-d791008e4b02', 'product_6', 510.0, 2);
INSERT INTO order_items (order_id, product_id, product_name, product_price, quantity)
VALUES ('a76773dd-5136-cbd8-c9eb-a7ac92751575', 'b9bdca4d-a423-6c36-2351-10cf52ff0eec', 'product_230', 0.0, 2);
INSERT INTO order_items (order_id, product_id, product_name, product_price, quantity)
VALUES ('a76773dd-5136-cbd8-c9eb-a7ac92751575', '021231f4-e9fa-ecbb-5f2a-ad1321ca42ea', 'product_59', 230.0, 3);
INSERT INTO order_items (order_id, product_id, product_name, product_price, quantity)
VALUES ('a76773dd-5136-cbd8-c9eb-a7ac92751575', '0caff6fe-c574-8665-33ca-5f2cee71ebb2', 'product_35', 190.0, 1);
INSERT INTO order_items (order_id, product_id, product_name, product_price, quantity)
VALUES ('a76773dd-5136-cbd8-c9eb-a7ac92751575', 'a2b39819-292c-0b80-799d-c77d7020fc9d', 'product_34', 190.0, 1);
INSERT INTO order_items (order_id, product_id, product_name, product_price, quantity)
VALUES ('a76773dd-5136-cbd8-c9eb-a7ac92751575', '7b0b5f60-47be-c07e-9585-af9a20b6d773', 'product_9', 460.0, 1);
INSERT INTO order_items (order_id, product_id, product_name, product_price, quantity)
VALUES ('a76773dd-5136-cbd8-c9eb-a7ac92751575', '2a282418-43ba-4155-2773-748bfe3b0561', 'product_186', 40.0, 1);
INSERT INTO orders (id, venue_id, number, status, total_amount, opened_at, closed_at, table_number)
VALUES ('839b0f33-ffcd-42c7-8721-5cbd0923ebe4', '00000000-0000-0000-0000-000000000010', '6462', 'paid', 1190.0, '2026-02-19 12:59:07', '2026-02-19 12:59:07', '10');
INSERT INTO order_items (order_id, product_id, product_name, product_price, quantity)
VALUES ('839b0f33-ffcd-42c7-8721-5cbd0923ebe4', '38432f7f-ba41-eaa0-7e46-d791008e4b02', 'product_6', 510.0, 1);
INSERT INTO order_items (order_id, product_id, product_name, product_price, quantity)
VALUES ('839b0f33-ffcd-42c7-8721-5cbd0923ebe4', 'b9bdca4d-a423-6c36-2351-10cf52ff0eec', 'product_230', 0.0, 1);
INSERT INTO order_items (order_id, product_id, product_name, product_price, quantity)
VALUES ('839b0f33-ffcd-42c7-8721-5cbd0923ebe4', 'ec61223f-a380-dd08-f9eb-461b3c2f80e6', 'product_163', 120.0, 1);
INSERT INTO order_items (order_id, product_id, product_name, product_price, quantity)
VALUES ('839b0f33-ffcd-42c7-8721-5cbd0923ebe4', '021231f4-e9fa-ecbb-5f2a-ad1321ca42ea', 'product_59', 230.0, 2);
INSERT INTO order_items (order_id, product_id, product_name, product_price, quantity)
VALUES ('839b0f33-ffcd-42c7-8721-5cbd0923ebe4', '2a282418-43ba-4155-2773-748bfe3b0561', 'product_186', 100.0, 1);
INSERT INTO orders (id, venue_id, number, status, total_amount, opened_at, closed_at, table_number)
VALUES ('dcaea9d9-8811-541b-51b1-25c480b7d2ac', '00000000-0000-0000-0000-000000000010', '6459', 'paid', 1910.0, '2026-02-18 20:49:43', '2026-02-18 20:49:43', '2');
INSERT INTO order_items (order_id, product_id, product_name, product_price, quantity)
VALUES ('dcaea9d9-8811-541b-51b1-25c480b7d2ac', 'ce90a2e4-a08b-570d-aca7-50bb5d2d0ab2', 'product_112', 440.0, 1);
INSERT INTO order_items (order_id, product_id, product_name, product_price, quantity)
VALUES ('dcaea9d9-8811-541b-51b1-25c480b7d2ac', '627b586a-57c8-d217-1549-c47bb32192ac', 'product_26', 460.0, 2);
INSERT INTO order_items (order_id, product_id, product_name, product_price, quantity)
VALUES ('dcaea9d9-8811-541b-51b1-25c480b7d2ac', '1649694a-a1df-1a36-ccd0-08ba48ab2fd1', 'product_36', 550.0, 1);
INSERT INTO payments (order_id, venue_id, method, amount)
VALUES ('dcaea9d9-8811-541b-51b1-25c480b7d2ac', '00000000-0000-0000-0000-000000000010', 'card', 1910.0);
INSERT INTO orders (id, venue_id, number, status, total_amount, opened_at, closed_at, table_number)
VALUES ('fc9cf4d3-d2e2-eef1-3c1e-da397be630f2', '00000000-0000-0000-0000-000000000010', '6461', 'paid', 1890.0, '2026-02-18 20:35:17', '2026-02-18 20:35:17', '6');
INSERT INTO order_items (order_id, product_id, product_name, product_price, quantity)
VALUES ('fc9cf4d3-d2e2-eef1-3c1e-da397be630f2', '1a9038b5-12c1-4b41-756a-ce6d8bb0fac8', 'product_114', 670.0, 2);
INSERT INTO order_items (order_id, product_id, product_name, product_price, quantity)
VALUES ('fc9cf4d3-d2e2-eef1-3c1e-da397be630f2', '1649694a-a1df-1a36-ccd0-08ba48ab2fd1', 'product_36', 550.0, 1);
INSERT INTO payments (order_id, venue_id, method, amount)
VALUES ('fc9cf4d3-d2e2-eef1-3c1e-da397be630f2', '00000000-0000-0000-0000-000000000010', 'card', 1890.0);
INSERT INTO orders (id, venue_id, number, status, total_amount, opened_at, closed_at, table_number)
VALUES ('9656051a-1376-952c-73ee-1f894ebe2251', '00000000-0000-0000-0000-000000000010', '6460', 'paid', 3240.0, '2026-02-18 19:39:43', '2026-02-18 19:39:43', '1');
INSERT INTO order_items (order_id, product_id, product_name, product_price, quantity)
VALUES ('9656051a-1376-952c-73ee-1f894ebe2251', '1649694a-a1df-1a36-ccd0-08ba48ab2fd1', 'product_36', 550.0, 1);
INSERT INTO order_items (order_id, product_id, product_name, product_price, quantity)
VALUES ('9656051a-1376-952c-73ee-1f894ebe2251', '6e00b5a0-6b62-d942-73e4-86982bcae389', 'product_21', 1370.0, 1);
INSERT INTO order_items (order_id, product_id, product_name, product_price, quantity)
VALUES ('9656051a-1376-952c-73ee-1f894ebe2251', 'fdb6f575-fe3f-282e-93d0-1dad56530fa5', 'product_15', 640.0, 1);
INSERT INTO order_items (order_id, product_id, product_name, product_price, quantity)
VALUES ('9656051a-1376-952c-73ee-1f894ebe2251', '81b3193a-f1f9-6ba6-5630-5c911f0c4a69', 'product_48', 220.0, 1);
INSERT INTO order_items (order_id, product_id, product_name, product_price, quantity)
VALUES ('9656051a-1376-952c-73ee-1f894ebe2251', '5f05b996-99f5-dfcb-e4b9-79078ca1f540', 'product_100', 460.0, 1);
INSERT INTO payments (order_id, venue_id, method, amount)
VALUES ('9656051a-1376-952c-73ee-1f894ebe2251', '00000000-0000-0000-0000-000000000010', 'card', 3240.0);
INSERT INTO orders (id, venue_id, number, status, total_amount, opened_at, closed_at, table_number)
VALUES ('e8dc8664-7227-1378-6dac-a74bb57b093a', '00000000-0000-0000-0000-000000000010', '6458', 'paid', 1430.0, '2026-02-18 12:11:09', '2026-02-18 12:11:09', '1');
INSERT INTO order_items (order_id, product_id, product_name, product_price, quantity)
VALUES ('e8dc8664-7227-1378-6dac-a74bb57b093a', '7b0b5f60-47be-c07e-9585-af9a20b6d773', 'product_9', 460.0, 2);
INSERT INTO order_items (order_id, product_id, product_name, product_price, quantity)
VALUES ('e8dc8664-7227-1378-6dac-a74bb57b093a', '021231f4-e9fa-ecbb-5f2a-ad1321ca42ea', 'product_59', 230.0, 1);
INSERT INTO order_items (order_id, product_id, product_name, product_price, quantity)
VALUES ('e8dc8664-7227-1378-6dac-a74bb57b093a', 'd46f67a1-e1dd-e079-0b5c-329f6422c4d4', 'product_60', 280.0, 1);
INSERT INTO payments (order_id, venue_id, method, amount)
VALUES ('e8dc8664-7227-1378-6dac-a74bb57b093a', '00000000-0000-0000-0000-000000000010', 'card', 1430.0);
INSERT INTO orders (id, venue_id, number, status, total_amount, opened_at, closed_at, table_number)
VALUES ('20d97fc7-e0b5-9374-0f46-0f81a3d0a878', '00000000-0000-0000-0000-000000000010', '6457', 'paid', 1150.0, '2026-02-17 22:56:19', '2026-02-17 22:56:19', '1');
INSERT INTO order_items (order_id, product_id, product_name, product_price, quantity)
VALUES ('20d97fc7-e0b5-9374-0f46-0f81a3d0a878', '120437cb-67b8-9406-9251-d8a348262f65', 'product_135', 480.0, 2);
INSERT INTO order_items (order_id, product_id, product_name, product_price, quantity)
VALUES ('20d97fc7-e0b5-9374-0f46-0f81a3d0a878', '260b99e2-59bd-a3dc-c313-434aff0daf54', 'product_144', 190.0, 1);
INSERT INTO payments (order_id, venue_id, method, amount)
VALUES ('20d97fc7-e0b5-9374-0f46-0f81a3d0a878', '00000000-0000-0000-0000-000000000010', 'card', 1150.0);
INSERT INTO orders (id, venue_id, number, status, total_amount, opened_at, closed_at, table_number)
VALUES ('40d0f2e6-e10f-0c9c-b688-1567ad658a51', '00000000-0000-0000-0000-000000000010', '6456', 'paid', 1020.0, '2026-02-17 22:51:08', '2026-02-17 22:51:08', '1');
INSERT INTO order_items (order_id, product_id, product_name, product_price, quantity)
VALUES ('40d0f2e6-e10f-0c9c-b688-1567ad658a51', 'd46f67a1-e1dd-e079-0b5c-329f6422c4d4', 'product_60', 280.0, 3);
INSERT INTO order_items (order_id, product_id, product_name, product_price, quantity)
VALUES ('40d0f2e6-e10f-0c9c-b688-1567ad658a51', 'da98da7c-a663-0228-294e-97c1fae50fd1', 'product_54', 180.0, 1);
INSERT INTO payments (order_id, venue_id, method, amount)
VALUES ('40d0f2e6-e10f-0c9c-b688-1567ad658a51', '00000000-0000-0000-0000-000000000010', 'cash', 1020.0);
INSERT INTO orders (id, venue_id, number, status, total_amount, opened_at, closed_at, table_number)
VALUES ('3497768c-11ab-bc78-b1af-1fec20ea7b83', '00000000-0000-0000-0000-000000000010', '6455', 'paid', 12300.0, '2026-02-17 22:33:22', '2026-02-17 22:33:22', '7');
INSERT INTO order_items (order_id, product_id, product_name, product_price, quantity)
VALUES ('3497768c-11ab-bc78-b1af-1fec20ea7b83', 'eb1260af-ca5f-c811-fd1c-bf1664229477', 'product_115', 310.0, 12);
INSERT INTO order_items (order_id, product_id, product_name, product_price, quantity)
VALUES ('3497768c-11ab-bc78-b1af-1fec20ea7b83', 'fa279504-c591-b5b8-70cb-6c4c299a37d8', 'product_22', 1370.0, 2);
INSERT INTO order_items (order_id, product_id, product_name, product_price, quantity)
VALUES ('3497768c-11ab-bc78-b1af-1fec20ea7b83', 'f5e07166-faf7-d429-5419-891577dc4984', 'product_180', 1750.0, 1);
INSERT INTO order_items (order_id, product_id, product_name, product_price, quantity)
VALUES ('3497768c-11ab-bc78-b1af-1fec20ea7b83', '7ddbed72-7deb-5ee4-0634-41d52192bad1', 'product_23', 1750.0, 1);
INSERT INTO order_items (order_id, product_id, product_name, product_price, quantity)
VALUES ('3497768c-11ab-bc78-b1af-1fec20ea7b83', '81b3193a-f1f9-6ba6-5630-5c911f0c4a69', 'product_48', 220.0, 2);
INSERT INTO order_items (order_id, product_id, product_name, product_price, quantity)
VALUES ('3497768c-11ab-bc78-b1af-1fec20ea7b83', '09d404dd-f87b-b319-4eda-9ce7c697868d', 'product_32', 370.0, 1);
INSERT INTO order_items (order_id, product_id, product_name, product_price, quantity)
VALUES ('3497768c-11ab-bc78-b1af-1fec20ea7b83', '260b99e2-59bd-a3dc-c313-434aff0daf54', 'product_144', 190.0, 3);
INSERT INTO order_items (order_id, product_id, product_name, product_price, quantity)
VALUES ('3497768c-11ab-bc78-b1af-1fec20ea7b83', '120437cb-67b8-9406-9251-d8a348262f65', 'product_135', 480.0, 2);
INSERT INTO payments (order_id, venue_id, method, amount)
VALUES ('3497768c-11ab-bc78-b1af-1fec20ea7b83', '00000000-0000-0000-0000-000000000010', 'cash', 5000.0);
INSERT INTO payments (order_id, venue_id, method, amount)
VALUES ('3497768c-11ab-bc78-b1af-1fec20ea7b83', '00000000-0000-0000-0000-000000000010', 'card', 7300.0);
INSERT INTO orders (id, venue_id, number, status, total_amount, opened_at, closed_at, table_number)
VALUES ('5a087b16-e51c-d194-2351-a087ea21b428', '00000000-0000-0000-0000-000000000010', '6453', 'paid', 1500.0, '2026-02-17 20:14:51', '2026-02-17 20:14:51', '1');
INSERT INTO order_items (order_id, product_id, product_name, product_price, quantity)
VALUES ('5a087b16-e51c-d194-2351-a087ea21b428', 'fdb6f575-fe3f-282e-93d0-1dad56530fa5', 'product_15', 640.0, 1);
INSERT INTO order_items (order_id, product_id, product_name, product_price, quantity)
VALUES ('5a087b16-e51c-d194-2351-a087ea21b428', '260b99e2-59bd-a3dc-c313-434aff0daf54', 'product_144', 190.0, 1);
INSERT INTO order_items (order_id, product_id, product_name, product_price, quantity)
VALUES ('5a087b16-e51c-d194-2351-a087ea21b428', 'f56fcbab-7287-0b1b-0fc6-5b72f220c734', 'product_78', 670.0, 1);
INSERT INTO payments (order_id, venue_id, method, amount)
VALUES ('5a087b16-e51c-d194-2351-a087ea21b428', '00000000-0000-0000-0000-000000000010', 'card', 1500.0);
INSERT INTO orders (id, venue_id, number, status, total_amount, opened_at, closed_at, table_number)
VALUES ('5f645121-ec86-3b53-b15b-e294f3a92cfb', '00000000-0000-0000-0000-000000000010', '6454', 'paid', 0.0, '2026-02-17 18:23:26', '2026-02-17 18:23:26', '11');
INSERT INTO order_items (order_id, product_id, product_name, product_price, quantity)
VALUES ('5f645121-ec86-3b53-b15b-e294f3a92cfb', '12dd0c72-4671-5cd8-b7da-98389426555c', 'product_228', 0.0, 1);
INSERT INTO orders (id, venue_id, number, status, total_amount, opened_at, closed_at, table_number)
VALUES ('90981bb2-e459-e4c9-3a2e-cec84f031bfe', '00000000-0000-0000-0000-000000000010', '6436', 'paid', 0.0, '2026-02-17 16:33:44', '2026-02-17 16:33:44', '2');
INSERT INTO orders (id, venue_id, number, status, total_amount, opened_at, closed_at, table_number)
VALUES ('a0547083-30dc-f371-0985-c8f13da5959d', '00000000-0000-0000-0000-000000000010', '6452', 'paid', 0.0, '2026-02-17 13:33:09', '2026-02-17 13:33:09', '9');
INSERT INTO order_items (order_id, product_id, product_name, product_price, quantity)
VALUES ('a0547083-30dc-f371-0985-c8f13da5959d', '12dd0c72-4671-5cd8-b7da-98389426555c', 'product_228', 0.0, 1);
INSERT INTO order_items (order_id, product_id, product_name, product_price, quantity)
VALUES ('a0547083-30dc-f371-0985-c8f13da5959d', '1afe238c-a186-0e67-9e9d-d39b8c4abe8a', 'product_229', 0.0, 1);
INSERT INTO order_items (order_id, product_id, product_name, product_price, quantity)
VALUES ('a0547083-30dc-f371-0985-c8f13da5959d', '82c55340-bd07-2a9a-a6cc-6ce377f958f2', 'product_148', 0.0, 1);
INSERT INTO orders (id, venue_id, number, status, total_amount, opened_at, closed_at, table_number)
VALUES ('15eedd65-1e2f-8b05-a945-95c1c623013e', '00000000-0000-0000-0000-000000000010', '6449', 'paid', 2070.0, '2026-02-17 13:32:14', '2026-02-17 13:32:14', '13');
INSERT INTO order_items (order_id, product_id, product_name, product_price, quantity)
VALUES ('15eedd65-1e2f-8b05-a945-95c1c623013e', '7b0b5f60-47be-c07e-9585-af9a20b6d773', 'product_9', 460.0, 3);
INSERT INTO order_items (order_id, product_id, product_name, product_price, quantity)
VALUES ('15eedd65-1e2f-8b05-a945-95c1c623013e', '021231f4-e9fa-ecbb-5f2a-ad1321ca42ea', 'product_59', 230.0, 3);
INSERT INTO orders (id, venue_id, number, status, total_amount, opened_at, closed_at, table_number)
VALUES ('d4eaceab-2bd6-6182-5801-407a0451d859', '00000000-0000-0000-0000-000000000010', '6450', 'paid', 1420.0, '2026-02-17 13:32:07', '2026-02-17 13:32:07', '11');
INSERT INTO order_items (order_id, product_id, product_name, product_price, quantity)
VALUES ('d4eaceab-2bd6-6182-5801-407a0451d859', '7b0b5f60-47be-c07e-9585-af9a20b6d773', 'product_9', 460.0, 1);
INSERT INTO order_items (order_id, product_id, product_name, product_price, quantity)
VALUES ('d4eaceab-2bd6-6182-5801-407a0451d859', '94d2bddc-c99f-2985-f8eb-9d8a4a995ad3', 'product_10', 300.0, 1);
INSERT INTO order_items (order_id, product_id, product_name, product_price, quantity)
VALUES ('d4eaceab-2bd6-6182-5801-407a0451d859', '9d00fee6-5b1a-acb8-1114-e668525ce1a6', 'product_200', 330.0, 2);
INSERT INTO orders (id, venue_id, number, status, total_amount, opened_at, closed_at, table_number)
VALUES ('e5bc45c7-42d2-2351-9a3b-6d633c3bc360', '00000000-0000-0000-0000-000000000010', '6451', 'paid', 650.0, '2026-02-17 13:32:02', '2026-02-17 13:32:02', '12');
INSERT INTO order_items (order_id, product_id, product_name, product_price, quantity)
VALUES ('e5bc45c7-42d2-2351-9a3b-6d633c3bc360', '7b0b5f60-47be-c07e-9585-af9a20b6d773', 'product_9', 460.0, 1);
INSERT INTO order_items (order_id, product_id, product_name, product_price, quantity)
VALUES ('e5bc45c7-42d2-2351-9a3b-6d633c3bc360', 'a2b39819-292c-0b80-799d-c77d7020fc9d', 'product_34', 190.0, 1);
INSERT INTO orders (id, venue_id, number, status, total_amount, opened_at, closed_at, table_number)
VALUES ('a992cdc8-d3e7-8cd1-53cf-52106fd36b85', '00000000-0000-0000-0000-000000000010', '6448', 'paid', 270.0, '2026-02-17 10:34:26', '2026-02-17 10:34:26', '10');
INSERT INTO order_items (order_id, product_id, product_name, product_price, quantity)
VALUES ('a992cdc8-d3e7-8cd1-53cf-52106fd36b85', '8b7920ef-e954-d760-2a69-99cafc830c2e', 'product_171', 270.0, 1);
INSERT INTO payments (order_id, venue_id, method, amount)
VALUES ('a992cdc8-d3e7-8cd1-53cf-52106fd36b85', '00000000-0000-0000-0000-000000000010', 'card', 270.0);
INSERT INTO orders (id, venue_id, number, status, total_amount, opened_at, closed_at, table_number)
VALUES ('34fa0a5a-2b2b-6e71-7a2d-0f64731b7b1c', '00000000-0000-0000-0000-000000000010', '6447', 'paid', 1500.0, '2026-02-17 10:11:13', '2026-02-17 10:11:13', '7');
INSERT INTO order_items (order_id, product_id, product_name, product_price, quantity)
VALUES ('34fa0a5a-2b2b-6e71-7a2d-0f64731b7b1c', '0caff6fe-c574-8665-33ca-5f2cee71ebb2', 'product_35', 190.0, 1);
INSERT INTO order_items (order_id, product_id, product_name, product_price, quantity)
VALUES ('34fa0a5a-2b2b-6e71-7a2d-0f64731b7b1c', '7b0b5f60-47be-c07e-9585-af9a20b6d773', 'product_9', 460.0, 1);
INSERT INTO order_items (order_id, product_id, product_name, product_price, quantity)
VALUES ('34fa0a5a-2b2b-6e71-7a2d-0f64731b7b1c', '94d2bddc-c99f-2985-f8eb-9d8a4a995ad3', 'product_10', 300.0, 1);
INSERT INTO order_items (order_id, product_id, product_name, product_price, quantity)
VALUES ('34fa0a5a-2b2b-6e71-7a2d-0f64731b7b1c', '8d266d35-f6a4-b267-e097-564510f7f857', 'product_12', 270.0, 1);
INSERT INTO order_items (order_id, product_id, product_name, product_price, quantity)
VALUES ('34fa0a5a-2b2b-6e71-7a2d-0f64731b7b1c', 'd46f67a1-e1dd-e079-0b5c-329f6422c4d4', 'product_60', 280.0, 1);
INSERT INTO orders (id, venue_id, number, status, total_amount, opened_at, closed_at, table_number)
VALUES ('f3984f11-f462-8749-6178-58c0ae149a42', '00000000-0000-0000-0000-000000000010', '6445', 'paid', 460.0, '2026-02-16 21:00:59', '2026-02-16 21:00:59', '7');
INSERT INTO order_items (order_id, product_id, product_name, product_price, quantity)
VALUES ('f3984f11-f462-8749-6178-58c0ae149a42', '0caff6fe-c574-8665-33ca-5f2cee71ebb2', 'product_35', 190.0, 1);
INSERT INTO order_items (order_id, product_id, product_name, product_price, quantity)
VALUES ('f3984f11-f462-8749-6178-58c0ae149a42', '8b7920ef-e954-d760-2a69-99cafc830c2e', 'product_171', 270.0, 1);
INSERT INTO payments (order_id, venue_id, method, amount)
VALUES ('f3984f11-f462-8749-6178-58c0ae149a42', '00000000-0000-0000-0000-000000000010', 'card', 460.0);
INSERT INTO orders (id, venue_id, number, status, total_amount, opened_at, closed_at, table_number)
VALUES ('5b980418-9ed0-b7d2-74d1-9318efe59d91', '00000000-0000-0000-0000-000000000010', '6446', 'paid', 0.0, '2026-02-16 20:33:33', '2026-02-16 20:33:33', '9');
INSERT INTO order_items (order_id, product_id, product_name, product_price, quantity)
VALUES ('5b980418-9ed0-b7d2-74d1-9318efe59d91', '12dd0c72-4671-5cd8-b7da-98389426555c', 'product_228', 0.0, 1);
INSERT INTO order_items (order_id, product_id, product_name, product_price, quantity)
VALUES ('5b980418-9ed0-b7d2-74d1-9318efe59d91', '1afe238c-a186-0e67-9e9d-d39b8c4abe8a', 'product_229', 0.0, 1);
INSERT INTO order_items (order_id, product_id, product_name, product_price, quantity)
VALUES ('5b980418-9ed0-b7d2-74d1-9318efe59d91', '82c55340-bd07-2a9a-a6cc-6ce377f958f2', 'product_148', 0.0, 1);
INSERT INTO orders (id, venue_id, number, status, total_amount, opened_at, closed_at, table_number)
VALUES ('d26adc3d-cd30-a4cf-2ceb-be4215a2f590', '00000000-0000-0000-0000-000000000010', '6444', 'paid', 2700.0, '2026-02-16 16:59:31', '2026-02-16 16:59:31', '1');
INSERT INTO order_items (order_id, product_id, product_name, product_price, quantity)
VALUES ('d26adc3d-cd30-a4cf-2ceb-be4215a2f590', 'fdb6f575-fe3f-282e-93d0-1dad56530fa5', 'product_15', 640.0, 1);
INSERT INTO order_items (order_id, product_id, product_name, product_price, quantity)
VALUES ('d26adc3d-cd30-a4cf-2ceb-be4215a2f590', '1a9038b5-12c1-4b41-756a-ce6d8bb0fac8', 'product_114', 670.0, 1);
INSERT INTO order_items (order_id, product_id, product_name, product_price, quantity)
VALUES ('d26adc3d-cd30-a4cf-2ceb-be4215a2f590', '5f05b996-99f5-dfcb-e4b9-79078ca1f540', 'product_100', 460.0, 1);
INSERT INTO order_items (order_id, product_id, product_name, product_price, quantity)
VALUES ('d26adc3d-cd30-a4cf-2ceb-be4215a2f590', '627b586a-57c8-d217-1549-c47bb32192ac', 'product_26', 460.0, 1);
INSERT INTO order_items (order_id, product_id, product_name, product_price, quantity)
VALUES ('d26adc3d-cd30-a4cf-2ceb-be4215a2f590', '0caff6fe-c574-8665-33ca-5f2cee71ebb2', 'product_35', 190.0, 1);
INSERT INTO order_items (order_id, product_id, product_name, product_price, quantity)
VALUES ('d26adc3d-cd30-a4cf-2ceb-be4215a2f590', 'd46f67a1-e1dd-e079-0b5c-329f6422c4d4', 'product_60', 280.0, 1);
INSERT INTO payments (order_id, venue_id, method, amount)
VALUES ('d26adc3d-cd30-a4cf-2ceb-be4215a2f590', '00000000-0000-0000-0000-000000000010', 'card', 2700.0);
INSERT INTO orders (id, venue_id, number, status, total_amount, opened_at, closed_at, table_number)
VALUES ('25416a5c-b9df-cc29-5d8b-91200a227226', '00000000-0000-0000-0000-000000000010', '6442', 'paid', 9550.0, '2026-02-16 16:16:41', '2026-02-16 16:16:41', '7');
INSERT INTO order_items (order_id, product_id, product_name, product_price, quantity)
VALUES ('25416a5c-b9df-cc29-5d8b-91200a227226', 'be5a3d23-0a5b-1ce3-2f38-ba9348e91024', 'product_207', 1750.0, 1);
INSERT INTO order_items (order_id, product_id, product_name, product_price, quantity)
VALUES ('25416a5c-b9df-cc29-5d8b-91200a227226', '89f7c252-16f5-61cd-3e79-006400fd853a', 'product_208', 1750.0, 2);
INSERT INTO order_items (order_id, product_id, product_name, product_price, quantity)
VALUES ('25416a5c-b9df-cc29-5d8b-91200a227226', '4cb15d99-ad0e-d256-a257-afdad4bf887e', 'product_110', 1750.0, 1);
INSERT INTO order_items (order_id, product_id, product_name, product_price, quantity)
VALUES ('25416a5c-b9df-cc29-5d8b-91200a227226', 'fdb6f575-fe3f-282e-93d0-1dad56530fa5', 'product_15', 640.0, 1);
INSERT INTO order_items (order_id, product_id, product_name, product_price, quantity)
VALUES ('25416a5c-b9df-cc29-5d8b-91200a227226', '951f4bf6-be55-0e75-59a9-7e580a0d07c4', 'product_14', 640.0, 1);
INSERT INTO order_items (order_id, product_id, product_name, product_price, quantity)
VALUES ('25416a5c-b9df-cc29-5d8b-91200a227226', '9a06fa1f-d2b5-1b6f-d6c5-37c2ffa3adfd', 'product_168', 640.0, 1);
INSERT INTO order_items (order_id, product_id, product_name, product_price, quantity)
VALUES ('25416a5c-b9df-cc29-5d8b-91200a227226', '7c7c305a-92ed-bc40-0bb5-1155fc4e313f', 'product_99', 220.0, 2);
INSERT INTO order_items (order_id, product_id, product_name, product_price, quantity)
VALUES ('25416a5c-b9df-cc29-5d8b-91200a227226', '0caff6fe-c574-8665-33ca-5f2cee71ebb2', 'product_35', 190.0, 1);
INSERT INTO payments (order_id, venue_id, method, amount)
VALUES ('25416a5c-b9df-cc29-5d8b-91200a227226', '00000000-0000-0000-0000-000000000010', 'card', 9550.0);
INSERT INTO orders (id, venue_id, number, status, total_amount, opened_at, closed_at, table_number)
VALUES ('ee7657b3-87b4-33e1-2d61-78690ecac340', '00000000-0000-0000-0000-000000000010', '6443', 'paid', 570.0, '2026-02-16 15:16:54', '2026-02-16 15:16:54', '9');
INSERT INTO order_items (order_id, product_id, product_name, product_price, quantity)
VALUES ('ee7657b3-87b4-33e1-2d61-78690ecac340', '260b99e2-59bd-a3dc-c313-434aff0daf54', 'product_144', 190.0, 3);
INSERT INTO payments (order_id, venue_id, method, amount)
VALUES ('ee7657b3-87b4-33e1-2d61-78690ecac340', '00000000-0000-0000-0000-000000000010', 'cash', 570.0);
INSERT INTO orders (id, venue_id, number, status, total_amount, opened_at, closed_at, table_number)
VALUES ('ff08a1f0-e62a-c324-fc7e-eec0167f522a', '00000000-0000-0000-0000-000000000010', '6441', 'paid', 1400.0, '2026-02-16 10:07:36', '2026-02-16 10:07:36', '10');
INSERT INTO order_items (order_id, product_id, product_name, product_price, quantity)
VALUES ('ff08a1f0-e62a-c324-fc7e-eec0167f522a', '7b0b5f60-47be-c07e-9585-af9a20b6d773', 'product_9', 460.0, 2);
INSERT INTO order_items (order_id, product_id, product_name, product_price, quantity)
VALUES ('ff08a1f0-e62a-c324-fc7e-eec0167f522a', '4695b67d-781a-20db-f80e-66824f8cfc13', 'product_55', 250.0, 1);
INSERT INTO order_items (order_id, product_id, product_name, product_price, quantity)
VALUES ('ff08a1f0-e62a-c324-fc7e-eec0167f522a', '021231f4-e9fa-ecbb-5f2a-ad1321ca42ea', 'product_59', 230.0, 1);
INSERT INTO orders (id, venue_id, number, status, total_amount, opened_at, closed_at, table_number)
VALUES ('505de109-b25a-0b19-11ed-2da5773949dd', '00000000-0000-0000-0000-000000000010', '6440', 'paid', 1860.0, '2026-02-15 20:57:34', '2026-02-15 20:57:34', '14');
INSERT INTO order_items (order_id, product_id, product_name, product_price, quantity)
VALUES ('505de109-b25a-0b19-11ed-2da5773949dd', 'b627abd9-fb00-28f4-a09b-09fcb24019c0', 'product_132', 150.0, 6);
INSERT INTO order_items (order_id, product_id, product_name, product_price, quantity)
VALUES ('505de109-b25a-0b19-11ed-2da5773949dd', '120437cb-67b8-9406-9251-d8a348262f65', 'product_135', 480.0, 2);
INSERT INTO payments (order_id, venue_id, method, amount)
VALUES ('505de109-b25a-0b19-11ed-2da5773949dd', '00000000-0000-0000-0000-000000000010', 'cash', 1860.0);
INSERT INTO orders (id, venue_id, number, status, total_amount, opened_at, closed_at, table_number)
VALUES ('5a83b700-e1fe-6601-13a1-108954f4ba3e', '00000000-0000-0000-0000-000000000010', '6439', 'paid', 1790.0, '2026-02-15 19:10:39', '2026-02-15 19:10:39', '1');
INSERT INTO order_items (order_id, product_id, product_name, product_price, quantity)
VALUES ('5a83b700-e1fe-6601-13a1-108954f4ba3e', '1a9038b5-12c1-4b41-756a-ce6d8bb0fac8', 'product_114', 670.0, 1);
INSERT INTO order_items (order_id, product_id, product_name, product_price, quantity)
VALUES ('5a83b700-e1fe-6601-13a1-108954f4ba3e', '7f688518-4003-c783-7333-b947a8856b49', 'product_28', 470.0, 1);
INSERT INTO order_items (order_id, product_id, product_name, product_price, quantity)
VALUES ('5a83b700-e1fe-6601-13a1-108954f4ba3e', '8b7920ef-e954-d760-2a69-99cafc830c2e', 'product_171', 270.0, 1);
INSERT INTO order_items (order_id, product_id, product_name, product_price, quantity)
VALUES ('5a83b700-e1fe-6601-13a1-108954f4ba3e', '260b99e2-59bd-a3dc-c313-434aff0daf54', 'product_144', 190.0, 2);
INSERT INTO payments (order_id, venue_id, method, amount)
VALUES ('5a83b700-e1fe-6601-13a1-108954f4ba3e', '00000000-0000-0000-0000-000000000010', 'card', 1790.0);
INSERT INTO orders (id, venue_id, number, status, total_amount, opened_at, closed_at, table_number)
VALUES ('2a398dc6-78de-c915-efeb-05cbc9453c31', '00000000-0000-0000-0000-000000000010', '6437', 'paid', 130.0, '2026-02-15 14:37:05', '2026-02-15 14:37:05', '1');
INSERT INTO order_items (order_id, product_id, product_name, product_price, quantity)
VALUES ('2a398dc6-78de-c915-efeb-05cbc9453c31', '966437e8-b784-92e7-0afa-ff8bde6f1e53', 'product_145', 130.0, 1);
INSERT INTO payments (order_id, venue_id, method, amount)
VALUES ('2a398dc6-78de-c915-efeb-05cbc9453c31', '00000000-0000-0000-0000-000000000010', 'cash', 130.0);
INSERT INTO orders (id, venue_id, number, status, total_amount, opened_at, closed_at, table_number)
VALUES ('1b5c660c-38c6-4f54-61b3-052314260c34', '00000000-0000-0000-0000-000000000010', '6438', 'paid', 0.0, '2026-02-15 14:32:58', '2026-02-15 14:32:58', '9');
INSERT INTO order_items (order_id, product_id, product_name, product_price, quantity)
VALUES ('1b5c660c-38c6-4f54-61b3-052314260c34', '1afe238c-a186-0e67-9e9d-d39b8c4abe8a', 'product_229', 0.0, 1);
INSERT INTO orders (id, venue_id, number, status, total_amount, opened_at, closed_at, table_number)
VALUES ('dcfda2f2-cb02-4e87-cc6d-6c7ca1a4f386', '00000000-0000-0000-0000-000000000010', '6434', 'paid', 4340.0, '2026-02-15 13:55:22', '2026-02-15 13:55:22', '1');
INSERT INTO order_items (order_id, product_id, product_name, product_price, quantity)
VALUES ('dcfda2f2-cb02-4e87-cc6d-6c7ca1a4f386', '2836be19-8d27-0aa1-68ed-3bbc6cf94fb8', 'product_13', 270.0, 1);
INSERT INTO order_items (order_id, product_id, product_name, product_price, quantity)
VALUES ('dcfda2f2-cb02-4e87-cc6d-6c7ca1a4f386', '0f7cfc79-3a3f-41ac-1aa4-b27431de9236', 'product_29', 620.0, 3);
INSERT INTO order_items (order_id, product_id, product_name, product_price, quantity)
VALUES ('dcfda2f2-cb02-4e87-cc6d-6c7ca1a4f386', '8b7920ef-e954-d760-2a69-99cafc830c2e', 'product_171', 270.0, 1);
INSERT INTO order_items (order_id, product_id, product_name, product_price, quantity)
VALUES ('dcfda2f2-cb02-4e87-cc6d-6c7ca1a4f386', '8d266d35-f6a4-b267-e097-564510f7f857', 'product_12', 270.0, 1);
INSERT INTO order_items (order_id, product_id, product_name, product_price, quantity)
VALUES ('dcfda2f2-cb02-4e87-cc6d-6c7ca1a4f386', '0caff6fe-c574-8665-33ca-5f2cee71ebb2', 'product_35', 190.0, 1);
INSERT INTO order_items (order_id, product_id, product_name, product_price, quantity)
VALUES ('dcfda2f2-cb02-4e87-cc6d-6c7ca1a4f386', 'd6248727-8d48-1513-14ba-2abe0e9b6abf', 'product_39', 370.0, 2);
INSERT INTO order_items (order_id, product_id, product_name, product_price, quantity)
VALUES ('dcfda2f2-cb02-4e87-cc6d-6c7ca1a4f386', '3b80474c-9414-a513-7578-5a4d84e49583', 'product_38', 370.0, 2);
INSERT INTO payments (order_id, venue_id, method, amount)
VALUES ('dcfda2f2-cb02-4e87-cc6d-6c7ca1a4f386', '00000000-0000-0000-0000-000000000010', 'card', 4340.0);
INSERT INTO orders (id, venue_id, number, status, total_amount, opened_at, closed_at, table_number)
VALUES ('2859084b-fe51-8553-ae3b-879d2424d44b', '00000000-0000-0000-0000-000000000010', '6435', 'paid', 0.0, '2026-02-15 12:53:40', '2026-02-15 12:53:40', '10');
INSERT INTO order_items (order_id, product_id, product_name, product_price, quantity)
VALUES ('2859084b-fe51-8553-ae3b-879d2424d44b', '12dd0c72-4671-5cd8-b7da-98389426555c', 'product_228', 0.0, 1);
INSERT INTO orders (id, venue_id, number, status, total_amount, opened_at, closed_at, table_number)
VALUES ('61aa36ab-430d-c7ef-6a81-3f27e48b6f1d', '00000000-0000-0000-0000-000000000010', '6433', 'paid', 960.0, '2026-02-15 12:12:07', '2026-02-15 12:12:07', '3');
INSERT INTO order_items (order_id, product_id, product_name, product_price, quantity)
VALUES ('61aa36ab-430d-c7ef-6a81-3f27e48b6f1d', '497d0040-b877-bebf-95b7-582bf7a5e783', 'product_174', 250.0, 1);
INSERT INTO order_items (order_id, product_id, product_name, product_price, quantity)
VALUES ('61aa36ab-430d-c7ef-6a81-3f27e48b6f1d', '94d2bddc-c99f-2985-f8eb-9d8a4a995ad3', 'product_10', 300.0, 1);
INSERT INTO order_items (order_id, product_id, product_name, product_price, quantity)
VALUES ('61aa36ab-430d-c7ef-6a81-3f27e48b6f1d', 'da98da7c-a663-0228-294e-97c1fae50fd1', 'product_54', 180.0, 1);
INSERT INTO order_items (order_id, product_id, product_name, product_price, quantity)
VALUES ('61aa36ab-430d-c7ef-6a81-3f27e48b6f1d', '021231f4-e9fa-ecbb-5f2a-ad1321ca42ea', 'product_59', 230.0, 1);
INSERT INTO orders (id, venue_id, number, status, total_amount, opened_at, closed_at, table_number)
VALUES ('b5552414-7de3-13ca-4e26-f0c3dfd32728', '00000000-0000-0000-0000-000000000010', '6416', 'paid', 1030.0, '2026-02-15 12:10:49', '2026-02-15 12:10:49', '13');
INSERT INTO order_items (order_id, product_id, product_name, product_price, quantity)
VALUES ('b5552414-7de3-13ca-4e26-f0c3dfd32728', '6599a59a-6cf7-70c9-0971-07a0078ce7cf', 'product_128', 380.0, 2);
INSERT INTO order_items (order_id, product_id, product_name, product_price, quantity)
VALUES ('b5552414-7de3-13ca-4e26-f0c3dfd32728', '8b7920ef-e954-d760-2a69-99cafc830c2e', 'product_171', 270.0, 1);
INSERT INTO order_items (order_id, product_id, product_name, product_price, quantity)
VALUES ('b5552414-7de3-13ca-4e26-f0c3dfd32728', '12dd0c72-4671-5cd8-b7da-98389426555c', 'product_228', 0.0, 2);
INSERT INTO payments (order_id, venue_id, method, amount)
VALUES ('b5552414-7de3-13ca-4e26-f0c3dfd32728', '00000000-0000-0000-0000-000000000010', 'cash', 1030.0);
INSERT INTO orders (id, venue_id, number, status, total_amount, opened_at, closed_at, table_number)
VALUES ('ac5752f7-6bd5-9f8b-d89e-729c8279cddb', '00000000-0000-0000-0000-000000000010', '6418', 'paid', 3500.0, '2026-02-15 10:55:51', '2026-02-15 10:55:51', '10');
INSERT INTO order_items (order_id, product_id, product_name, product_price, quantity)
VALUES ('ac5752f7-6bd5-9f8b-d89e-729c8279cddb', 'b627abd9-fb00-28f4-a09b-09fcb24019c0', 'product_132', 150.0, 2);
INSERT INTO order_items (order_id, product_id, product_name, product_price, quantity)
VALUES ('ac5752f7-6bd5-9f8b-d89e-729c8279cddb', '021231f4-e9fa-ecbb-5f2a-ad1321ca42ea', 'product_59', 230.0, 1);
INSERT INTO order_items (order_id, product_id, product_name, product_price, quantity)
VALUES ('ac5752f7-6bd5-9f8b-d89e-729c8279cddb', 'da98da7c-a663-0228-294e-97c1fae50fd1', 'product_54', 180.0, 1);
INSERT INTO order_items (order_id, product_id, product_name, product_price, quantity)
VALUES ('ac5752f7-6bd5-9f8b-d89e-729c8279cddb', '951f4bf6-be55-0e75-59a9-7e580a0d07c4', 'product_14', 640.0, 1);
INSERT INTO order_items (order_id, product_id, product_name, product_price, quantity)
VALUES ('ac5752f7-6bd5-9f8b-d89e-729c8279cddb', '5f05b996-99f5-dfcb-e4b9-79078ca1f540', 'product_100', 460.0, 1);
INSERT INTO order_items (order_id, product_id, product_name, product_price, quantity)
VALUES ('ac5752f7-6bd5-9f8b-d89e-729c8279cddb', '73f062e8-2ade-a467-1943-fa856c717a43', 'product_51', 260.0, 1);
INSERT INTO order_items (order_id, product_id, product_name, product_price, quantity)
VALUES ('ac5752f7-6bd5-9f8b-d89e-729c8279cddb', '1a9038b5-12c1-4b41-756a-ce6d8bb0fac8', 'product_114', 670.0, 1);
INSERT INTO order_items (order_id, product_id, product_name, product_price, quantity)
VALUES ('ac5752f7-6bd5-9f8b-d89e-729c8279cddb', '6599a59a-6cf7-70c9-0971-07a0078ce7cf', 'product_128', 380.0, 2);
INSERT INTO payments (order_id, venue_id, method, amount)
VALUES ('ac5752f7-6bd5-9f8b-d89e-729c8279cddb', '00000000-0000-0000-0000-000000000010', 'card', 3500.0);
INSERT INTO orders (id, venue_id, number, status, total_amount, opened_at, closed_at, table_number)
VALUES ('1c0966f9-52e4-9dbb-46c6-e3bd38f833da', '00000000-0000-0000-0000-000000000010', '6432', 'paid', 530.0, '2026-02-15 10:46:36', '2026-02-15 10:46:36', '12');
INSERT INTO order_items (order_id, product_id, product_name, product_price, quantity)
VALUES ('1c0966f9-52e4-9dbb-46c6-e3bd38f833da', '12dd0c72-4671-5cd8-b7da-98389426555c', 'product_228', 0.0, 1);
INSERT INTO order_items (order_id, product_id, product_name, product_price, quantity)
VALUES ('1c0966f9-52e4-9dbb-46c6-e3bd38f833da', '94d2bddc-c99f-2985-f8eb-9d8a4a995ad3', 'product_10', 300.0, 1);
INSERT INTO order_items (order_id, product_id, product_name, product_price, quantity)
VALUES ('1c0966f9-52e4-9dbb-46c6-e3bd38f833da', 'b9bdca4d-a423-6c36-2351-10cf52ff0eec', 'product_230', 0.0, 1);
INSERT INTO order_items (order_id, product_id, product_name, product_price, quantity)
VALUES ('1c0966f9-52e4-9dbb-46c6-e3bd38f833da', '021231f4-e9fa-ecbb-5f2a-ad1321ca42ea', 'product_59', 230.0, 1);
INSERT INTO orders (id, venue_id, number, status, total_amount, opened_at, closed_at, table_number)
VALUES ('81d4c744-35e4-8468-bc13-799ccd284ec5', '00000000-0000-0000-0000-000000000010', '6430', 'paid', 490.0, '2026-02-15 10:46:27', '2026-02-15 10:46:27', '2');
INSERT INTO order_items (order_id, product_id, product_name, product_price, quantity)
VALUES ('81d4c744-35e4-8468-bc13-799ccd284ec5', 'b9bdca4d-a423-6c36-2351-10cf52ff0eec', 'product_230', 0.0, 2);
INSERT INTO order_items (order_id, product_id, product_name, product_price, quantity)
VALUES ('81d4c744-35e4-8468-bc13-799ccd284ec5', '021231f4-e9fa-ecbb-5f2a-ad1321ca42ea', 'product_59', 230.0, 1);
INSERT INTO order_items (order_id, product_id, product_name, product_price, quantity)
VALUES ('81d4c744-35e4-8468-bc13-799ccd284ec5', '338bdc4d-fbd5-43ad-a7a7-3951ceca3a16', 'product_97', 260.0, 1);
INSERT INTO orders (id, venue_id, number, status, total_amount, opened_at, closed_at, table_number)
VALUES ('50103a3c-c0f9-ebd8-8538-bd8392d4bf62', '00000000-0000-0000-0000-000000000010', '6431', 'paid', 410.0, '2026-02-15 10:46:21', '2026-02-15 10:46:21', '1');
INSERT INTO order_items (order_id, product_id, product_name, product_price, quantity)
VALUES ('50103a3c-c0f9-ebd8-8538-bd8392d4bf62', '021231f4-e9fa-ecbb-5f2a-ad1321ca42ea', 'product_59', 230.0, 1);
INSERT INTO order_items (order_id, product_id, product_name, product_price, quantity)
VALUES ('50103a3c-c0f9-ebd8-8538-bd8392d4bf62', 'da98da7c-a663-0228-294e-97c1fae50fd1', 'product_54', 180.0, 1);
INSERT INTO order_items (order_id, product_id, product_name, product_price, quantity)
VALUES ('50103a3c-c0f9-ebd8-8538-bd8392d4bf62', '12dd0c72-4671-5cd8-b7da-98389426555c', 'product_228', 0.0, 1);
INSERT INTO order_items (order_id, product_id, product_name, product_price, quantity)
VALUES ('50103a3c-c0f9-ebd8-8538-bd8392d4bf62', 'b9bdca4d-a423-6c36-2351-10cf52ff0eec', 'product_230', 0.0, 2);
INSERT INTO orders (id, venue_id, number, status, total_amount, opened_at, closed_at, table_number)
VALUES ('51f1de22-ce1a-86ea-ab47-a0fe85e1bbf1', '00000000-0000-0000-0000-000000000010', '6429', 'paid', 1270.0, '2026-02-15 10:02:36', '2026-02-15 10:02:36', '1');
INSERT INTO order_items (order_id, product_id, product_name, product_price, quantity)
VALUES ('51f1de22-ce1a-86ea-ab47-a0fe85e1bbf1', '94d2bddc-c99f-2985-f8eb-9d8a4a995ad3', 'product_10', 300.0, 1);
INSERT INTO order_items (order_id, product_id, product_name, product_price, quantity)
VALUES ('51f1de22-ce1a-86ea-ab47-a0fe85e1bbf1', 'b9bdca4d-a423-6c36-2351-10cf52ff0eec', 'product_230', 0.0, 1);
INSERT INTO order_items (order_id, product_id, product_name, product_price, quantity)
VALUES ('51f1de22-ce1a-86ea-ab47-a0fe85e1bbf1', '38432f7f-ba41-eaa0-7e46-d791008e4b02', 'product_6', 510.0, 1);
INSERT INTO order_items (order_id, product_id, product_name, product_price, quantity)
VALUES ('51f1de22-ce1a-86ea-ab47-a0fe85e1bbf1', '021231f4-e9fa-ecbb-5f2a-ad1321ca42ea', 'product_59', 230.0, 2);
INSERT INTO order_items (order_id, product_id, product_name, product_price, quantity)
VALUES ('51f1de22-ce1a-86ea-ab47-a0fe85e1bbf1', '12dd0c72-4671-5cd8-b7da-98389426555c', 'product_228', 0.0, 1);
INSERT INTO payments (order_id, venue_id, method, amount)
VALUES ('51f1de22-ce1a-86ea-ab47-a0fe85e1bbf1', '00000000-0000-0000-0000-000000000010', 'cash', 300.0);
INSERT INTO orders (id, venue_id, number, status, total_amount, opened_at, closed_at, table_number)
VALUES ('e46f1ba5-128b-fd23-e204-5381476c3406', '00000000-0000-0000-0000-000000000010', '6427', 'paid', 2790.0, '2026-02-14 22:17:34', '2026-02-14 22:17:34', '2');
INSERT INTO order_items (order_id, product_id, product_name, product_price, quantity)
VALUES ('e46f1ba5-128b-fd23-e204-5381476c3406', 'c0fb869e-f434-07cb-f666-b9f7e55d4032', 'product_113', 770.0, 2);
INSERT INTO order_items (order_id, product_id, product_name, product_price, quantity)
VALUES ('e46f1ba5-128b-fd23-e204-5381476c3406', 'c10f6483-27d9-ca48-5e52-fb5a740be095', 'product_166', 40.0, 1);
INSERT INTO order_items (order_id, product_id, product_name, product_price, quantity)
VALUES ('e46f1ba5-128b-fd23-e204-5381476c3406', '951f4bf6-be55-0e75-59a9-7e580a0d07c4', 'product_14', 640.0, 1);
INSERT INTO order_items (order_id, product_id, product_name, product_price, quantity)
VALUES ('e46f1ba5-128b-fd23-e204-5381476c3406', '0caff6fe-c574-8665-33ca-5f2cee71ebb2', 'product_35', 190.0, 1);
INSERT INTO order_items (order_id, product_id, product_name, product_price, quantity)
VALUES ('e46f1ba5-128b-fd23-e204-5381476c3406', '260b99e2-59bd-a3dc-c313-434aff0daf54', 'product_144', 190.0, 2);
INSERT INTO payments (order_id, venue_id, method, amount)
VALUES ('e46f1ba5-128b-fd23-e204-5381476c3406', '00000000-0000-0000-0000-000000000010', 'card', 2790.0);
INSERT INTO orders (id, venue_id, number, status, total_amount, opened_at, closed_at, table_number)
VALUES ('106315ac-5b0e-cf24-1e1c-cbd721f9e3d3', '00000000-0000-0000-0000-000000000010', '6428', 'paid', 2790.0, '2026-02-14 21:30:52', '2026-02-14 21:30:52', '11');
INSERT INTO order_items (order_id, product_id, product_name, product_price, quantity)
VALUES ('106315ac-5b0e-cf24-1e1c-cbd721f9e3d3', '6e00b5a0-6b62-d942-73e4-86982bcae389', 'product_21', 1370.0, 1);
INSERT INTO order_items (order_id, product_id, product_name, product_price, quantity)
VALUES ('106315ac-5b0e-cf24-1e1c-cbd721f9e3d3', '0caff6fe-c574-8665-33ca-5f2cee71ebb2', 'product_35', 190.0, 1);
INSERT INTO order_items (order_id, product_id, product_name, product_price, quantity)
VALUES ('106315ac-5b0e-cf24-1e1c-cbd721f9e3d3', '627b586a-57c8-d217-1549-c47bb32192ac', 'product_26', 460.0, 1);
INSERT INTO order_items (order_id, product_id, product_name, product_price, quantity)
VALUES ('106315ac-5b0e-cf24-1e1c-cbd721f9e3d3', 'c0fb869e-f434-07cb-f666-b9f7e55d4032', 'product_113', 770.0, 1);
INSERT INTO payments (order_id, venue_id, method, amount)
VALUES ('106315ac-5b0e-cf24-1e1c-cbd721f9e3d3', '00000000-0000-0000-0000-000000000010', 'cash', 2790.0);
INSERT INTO orders (id, venue_id, number, status, total_amount, opened_at, closed_at, table_number)
VALUES ('55ea3ccb-ea8b-753d-6a13-ab6e7ae77d9f', '00000000-0000-0000-0000-000000000010', '6424', 'paid', 11010.0, '2026-02-14 20:41:57', '2026-02-14 20:41:57', '7');
INSERT INTO order_items (order_id, product_id, product_name, product_price, quantity)
VALUES ('55ea3ccb-ea8b-753d-6a13-ab6e7ae77d9f', '81b3193a-f1f9-6ba6-5630-5c911f0c4a69', 'product_48', 220.0, 3);
INSERT INTO order_items (order_id, product_id, product_name, product_price, quantity)
VALUES ('55ea3ccb-ea8b-753d-6a13-ab6e7ae77d9f', 'c0fb869e-f434-07cb-f666-b9f7e55d4032', 'product_113', 770.0, 4);
INSERT INTO order_items (order_id, product_id, product_name, product_price, quantity)
VALUES ('55ea3ccb-ea8b-753d-6a13-ab6e7ae77d9f', '1a9038b5-12c1-4b41-756a-ce6d8bb0fac8', 'product_114', 670.0, 2);
INSERT INTO order_items (order_id, product_id, product_name, product_price, quantity)
VALUES ('55ea3ccb-ea8b-753d-6a13-ab6e7ae77d9f', '951f4bf6-be55-0e75-59a9-7e580a0d07c4', 'product_14', 640.0, 1);
INSERT INTO order_items (order_id, product_id, product_name, product_price, quantity)
VALUES ('55ea3ccb-ea8b-753d-6a13-ab6e7ae77d9f', '9a06fa1f-d2b5-1b6f-d6c5-37c2ffa3adfd', 'product_168', 640.0, 1);
INSERT INTO order_items (order_id, product_id, product_name, product_price, quantity)
VALUES ('55ea3ccb-ea8b-753d-6a13-ab6e7ae77d9f', 'f35ae6ee-40da-7479-c64b-612bff507023', 'product_31', 370.0, 1);
INSERT INTO order_items (order_id, product_id, product_name, product_price, quantity)
VALUES ('55ea3ccb-ea8b-753d-6a13-ab6e7ae77d9f', '0d07baf4-74fe-e6af-ddf9-5304e58f2192', 'product_221', 850.0, 1);
INSERT INTO order_items (order_id, product_id, product_name, product_price, quantity)
VALUES ('55ea3ccb-ea8b-753d-6a13-ab6e7ae77d9f', 'ef5a0fd9-15a0-6dc1-a208-29c4a17eb52f', 'product_222', 710.0, 1);
INSERT INTO order_items (order_id, product_id, product_name, product_price, quantity)
VALUES ('55ea3ccb-ea8b-753d-6a13-ab6e7ae77d9f', '260b99e2-59bd-a3dc-c313-434aff0daf54', 'product_144', 190.0, 7);
INSERT INTO order_items (order_id, product_id, product_name, product_price, quantity)
VALUES ('55ea3ccb-ea8b-753d-6a13-ab6e7ae77d9f', 'eb1260af-ca5f-c811-fd1c-bf1664229477', 'product_115', 310.0, 3);
INSERT INTO order_items (order_id, product_id, product_name, product_price, quantity)
VALUES ('55ea3ccb-ea8b-753d-6a13-ab6e7ae77d9f', '7c7c305a-92ed-bc40-0bb5-1155fc4e313f', 'product_99', 220.0, 1);
INSERT INTO order_items (order_id, product_id, product_name, product_price, quantity)
VALUES ('55ea3ccb-ea8b-753d-6a13-ab6e7ae77d9f', 'ba6fbcf2-1f2b-909a-e5f9-b9c5fe635c92', 'product_187', 50.0, 1);
INSERT INTO order_items (order_id, product_id, product_name, product_price, quantity)
VALUES ('55ea3ccb-ea8b-753d-6a13-ab6e7ae77d9f', '0caff6fe-c574-8665-33ca-5f2cee71ebb2', 'product_35', 190.0, 1);
INSERT INTO payments (order_id, venue_id, method, amount)
VALUES ('55ea3ccb-ea8b-753d-6a13-ab6e7ae77d9f', '00000000-0000-0000-0000-000000000010', 'cash', 3000.0);
INSERT INTO payments (order_id, venue_id, method, amount)
VALUES ('55ea3ccb-ea8b-753d-6a13-ab6e7ae77d9f', '00000000-0000-0000-0000-000000000010', 'card', 8010.0);
INSERT INTO orders (id, venue_id, number, status, total_amount, opened_at, closed_at, table_number)
VALUES ('73179928-19a6-029f-bac6-9aa7ce8f3001', '00000000-0000-0000-0000-000000000010', '6426', 'paid', 5510.0, '2026-02-14 20:08:50', '2026-02-14 20:08:50', '2');
INSERT INTO order_items (order_id, product_id, product_name, product_price, quantity)
VALUES ('73179928-19a6-029f-bac6-9aa7ce8f3001', '4cb15d99-ad0e-d256-a257-afdad4bf887e', 'product_110', 1750.0, 1);
INSERT INTO order_items (order_id, product_id, product_name, product_price, quantity)
VALUES ('73179928-19a6-029f-bac6-9aa7ce8f3001', 'be5a3d23-0a5b-1ce3-2f38-ba9348e91024', 'product_207', 1750.0, 1);
INSERT INTO order_items (order_id, product_id, product_name, product_price, quantity)
VALUES ('73179928-19a6-029f-bac6-9aa7ce8f3001', '951f4bf6-be55-0e75-59a9-7e580a0d07c4', 'product_14', 640.0, 1);
INSERT INTO order_items (order_id, product_id, product_name, product_price, quantity)
VALUES ('73179928-19a6-029f-bac6-9aa7ce8f3001', 'f35ae6ee-40da-7479-c64b-612bff507023', 'product_31', 370.0, 1);
INSERT INTO order_items (order_id, product_id, product_name, product_price, quantity)
VALUES ('73179928-19a6-029f-bac6-9aa7ce8f3001', 'c0fb869e-f434-07cb-f666-b9f7e55d4032', 'product_113', 770.0, 1);
INSERT INTO order_items (order_id, product_id, product_name, product_price, quantity)
VALUES ('73179928-19a6-029f-bac6-9aa7ce8f3001', '021231f4-e9fa-ecbb-5f2a-ad1321ca42ea', 'product_59', 230.0, 1);
INSERT INTO payments (order_id, venue_id, method, amount)
VALUES ('73179928-19a6-029f-bac6-9aa7ce8f3001', '00000000-0000-0000-0000-000000000010', 'card', 5510.0);
INSERT INTO orders (id, venue_id, number, status, total_amount, opened_at, closed_at, table_number)
VALUES ('86e4c1be-e63c-f45f-84f1-aac6cd163eb6', '00000000-0000-0000-0000-000000000010', '6425', 'paid', 1290.0, '2026-02-14 18:54:40', '2026-02-14 18:54:40', '12');
INSERT INTO order_items (order_id, product_id, product_name, product_price, quantity)
VALUES ('86e4c1be-e63c-f45f-84f1-aac6cd163eb6', '09d404dd-f87b-b319-4eda-9ce7c697868d', 'product_32', 370.0, 1);
INSERT INTO order_items (order_id, product_id, product_name, product_price, quantity)
VALUES ('86e4c1be-e63c-f45f-84f1-aac6cd163eb6', '627b586a-57c8-d217-1549-c47bb32192ac', 'product_26', 460.0, 2);
INSERT INTO payments (order_id, venue_id, method, amount)
VALUES ('86e4c1be-e63c-f45f-84f1-aac6cd163eb6', '00000000-0000-0000-0000-000000000010', 'card', 1290.0);
INSERT INTO orders (id, venue_id, number, status, total_amount, opened_at, closed_at, table_number)
VALUES ('33b9628b-6e8a-d2c4-06dc-a3984ba11d46', '00000000-0000-0000-0000-000000000010', '6423', 'paid', 5860.0, '2026-02-14 17:58:53', '2026-02-14 17:58:53', '8');
INSERT INTO order_items (order_id, product_id, product_name, product_price, quantity)
VALUES ('33b9628b-6e8a-d2c4-06dc-a3984ba11d46', 'f35a1ebf-94b4-c196-4fdb-5698a8e21330', 'product_170', 820.0, 1);
INSERT INTO order_items (order_id, product_id, product_name, product_price, quantity)
VALUES ('33b9628b-6e8a-d2c4-06dc-a3984ba11d46', '9a06fa1f-d2b5-1b6f-d6c5-37c2ffa3adfd', 'product_168', 640.0, 1);
INSERT INTO order_items (order_id, product_id, product_name, product_price, quantity)
VALUES ('33b9628b-6e8a-d2c4-06dc-a3984ba11d46', '5c3938ac-271e-5674-37aa-116c20435202', 'product_234', 370.0, 2);
INSERT INTO order_items (order_id, product_id, product_name, product_price, quantity)
VALUES ('33b9628b-6e8a-d2c4-06dc-a3984ba11d46', 'bc75aa2b-4910-21bf-56ff-d9769b039d8e', 'product_47', 220.0, 2);
INSERT INTO order_items (order_id, product_id, product_name, product_price, quantity)
VALUES ('33b9628b-6e8a-d2c4-06dc-a3984ba11d46', '4cb15d99-ad0e-d256-a257-afdad4bf887e', 'product_110', 1750.0, 1);
INSERT INTO order_items (order_id, product_id, product_name, product_price, quantity)
VALUES ('33b9628b-6e8a-d2c4-06dc-a3984ba11d46', 'b627abd9-fb00-28f4-a09b-09fcb24019c0', 'product_132', 150.0, 6);
INSERT INTO order_items (order_id, product_id, product_name, product_price, quantity)
VALUES ('33b9628b-6e8a-d2c4-06dc-a3984ba11d46', '260b99e2-59bd-a3dc-c313-434aff0daf54', 'product_144', 190.0, 3);
INSERT INTO payments (order_id, venue_id, method, amount)
VALUES ('33b9628b-6e8a-d2c4-06dc-a3984ba11d46', '00000000-0000-0000-0000-000000000010', 'cash', 5860.0);
INSERT INTO orders (id, venue_id, number, status, total_amount, opened_at, closed_at, table_number)
VALUES ('26ccb99a-71d5-4eec-7746-766be93a104d', '00000000-0000-0000-0000-000000000010', '6422', 'paid', 4530.0, '2026-02-14 17:28:44', '2026-02-14 17:28:44', '3');
INSERT INTO order_items (order_id, product_id, product_name, product_price, quantity)
VALUES ('26ccb99a-71d5-4eec-7746-766be93a104d', '6e00b5a0-6b62-d942-73e4-86982bcae389', 'product_21', 1370.0, 1);
INSERT INTO order_items (order_id, product_id, product_name, product_price, quantity)
VALUES ('26ccb99a-71d5-4eec-7746-766be93a104d', 'be5a3d23-0a5b-1ce3-2f38-ba9348e91024', 'product_207', 1750.0, 1);
INSERT INTO order_items (order_id, product_id, product_name, product_price, quantity)
VALUES ('26ccb99a-71d5-4eec-7746-766be93a104d', '951f4bf6-be55-0e75-59a9-7e580a0d07c4', 'product_14', 640.0, 1);
INSERT INTO order_items (order_id, product_id, product_name, product_price, quantity)
VALUES ('26ccb99a-71d5-4eec-7746-766be93a104d', '5c3938ac-271e-5674-37aa-116c20435202', 'product_234', 370.0, 1);
INSERT INTO order_items (order_id, product_id, product_name, product_price, quantity)
VALUES ('26ccb99a-71d5-4eec-7746-766be93a104d', '2aea4c79-36dc-7b25-0bb9-c98c36e577c7', 'product_58', 200.0, 2);
INSERT INTO payments (order_id, venue_id, method, amount)
VALUES ('26ccb99a-71d5-4eec-7746-766be93a104d', '00000000-0000-0000-0000-000000000010', 'card', 4530.0);
INSERT INTO orders (id, venue_id, number, status, total_amount, opened_at, closed_at, table_number)
VALUES ('87d0309a-d4e3-b6b1-04cb-dea57b2bec14', '00000000-0000-0000-0000-000000000010', '6421', 'paid', 0.0, '2026-02-14 13:23:56', '2026-02-14 13:23:56', '9');
INSERT INTO order_items (order_id, product_id, product_name, product_price, quantity)
VALUES ('87d0309a-d4e3-b6b1-04cb-dea57b2bec14', '1afe238c-a186-0e67-9e9d-d39b8c4abe8a', 'product_229', 0.0, 1);
INSERT INTO orders (id, venue_id, number, status, total_amount, opened_at, closed_at, table_number)
VALUES ('5cc88140-0177-4a13-b062-46cdd315e117', '00000000-0000-0000-0000-000000000010', '6419', 'paid', 1000.0, '2026-02-14 10:57:31', '2026-02-14 10:57:31', '1');
INSERT INTO order_items (order_id, product_id, product_name, product_price, quantity)
VALUES ('5cc88140-0177-4a13-b062-46cdd315e117', 'b9bdca4d-a423-6c36-2351-10cf52ff0eec', 'product_230', 0.0, 1);
INSERT INTO order_items (order_id, product_id, product_name, product_price, quantity)
VALUES ('5cc88140-0177-4a13-b062-46cdd315e117', '38432f7f-ba41-eaa0-7e46-d791008e4b02', 'product_6', 510.0, 1);
INSERT INTO order_items (order_id, product_id, product_name, product_price, quantity)
VALUES ('5cc88140-0177-4a13-b062-46cdd315e117', '021231f4-e9fa-ecbb-5f2a-ad1321ca42ea', 'product_59', 230.0, 1);
INSERT INTO order_items (order_id, product_id, product_name, product_price, quantity)
VALUES ('5cc88140-0177-4a13-b062-46cdd315e117', '338bdc4d-fbd5-43ad-a7a7-3951ceca3a16', 'product_97', 260.0, 1);
INSERT INTO orders (id, venue_id, number, status, total_amount, opened_at, closed_at, table_number)
VALUES ('654e59e1-7e34-03c3-924e-e4fbe27598e1', '00000000-0000-0000-0000-000000000010', '6420', 'paid', 1100.0, '2026-02-14 10:57:26', '2026-02-14 10:57:26', '2');
INSERT INTO order_items (order_id, product_id, product_name, product_price, quantity)
VALUES ('654e59e1-7e34-03c3-924e-e4fbe27598e1', '12dd0c72-4671-5cd8-b7da-98389426555c', 'product_228', 0.0, 1);
INSERT INTO order_items (order_id, product_id, product_name, product_price, quantity)
VALUES ('654e59e1-7e34-03c3-924e-e4fbe27598e1', '7b0b5f60-47be-c07e-9585-af9a20b6d773', 'product_9', 460.0, 1);
INSERT INTO order_items (order_id, product_id, product_name, product_price, quantity)
VALUES ('654e59e1-7e34-03c3-924e-e4fbe27598e1', 'da98da7c-a663-0228-294e-97c1fae50fd1', 'product_54', 180.0, 1);
INSERT INTO order_items (order_id, product_id, product_name, product_price, quantity)
VALUES ('654e59e1-7e34-03c3-924e-e4fbe27598e1', '021231f4-e9fa-ecbb-5f2a-ad1321ca42ea', 'product_59', 230.0, 2);
INSERT INTO orders (id, venue_id, number, status, total_amount, opened_at, closed_at, table_number)
VALUES ('77dad93a-feb4-b8cd-c809-82f998bdc0e4', '00000000-0000-0000-0000-000000000010', '6412', 'paid', 3810.0, '2026-02-13 20:56:06', '2026-02-13 20:56:06', '12');
INSERT INTO order_items (order_id, product_id, product_name, product_price, quantity)
VALUES ('77dad93a-feb4-b8cd-c809-82f998bdc0e4', '81b3193a-f1f9-6ba6-5630-5c911f0c4a69', 'product_48', 220.0, 1);
INSERT INTO order_items (order_id, product_id, product_name, product_price, quantity)
VALUES ('77dad93a-feb4-b8cd-c809-82f998bdc0e4', '7a291d79-c795-0f76-118b-25d10a078238', 'product_191', 370.0, 1);
INSERT INTO order_items (order_id, product_id, product_name, product_price, quantity)
VALUES ('77dad93a-feb4-b8cd-c809-82f998bdc0e4', '0d07baf4-74fe-e6af-ddf9-5304e58f2192', 'product_221', 850.0, 2);
INSERT INTO order_items (order_id, product_id, product_name, product_price, quantity)
VALUES ('77dad93a-feb4-b8cd-c809-82f998bdc0e4', '6599a59a-6cf7-70c9-0971-07a0078ce7cf', 'product_128', 380.0, 4);
INSERT INTO order_items (order_id, product_id, product_name, product_price, quantity)
VALUES ('77dad93a-feb4-b8cd-c809-82f998bdc0e4', '12dd0c72-4671-5cd8-b7da-98389426555c', 'product_228', 0.0, 2);
INSERT INTO payments (order_id, venue_id, method, amount)
VALUES ('77dad93a-feb4-b8cd-c809-82f998bdc0e4', '00000000-0000-0000-0000-000000000010', 'cash', 3810.0);
INSERT INTO orders (id, venue_id, number, status, total_amount, opened_at, closed_at, table_number)
VALUES ('d72eb78f-397b-46af-abf8-c15d15caf0f0', '00000000-0000-0000-0000-000000000010', '6417', 'paid', 0.0, '2026-02-13 20:46:25', '2026-02-13 20:46:25', '13');
INSERT INTO order_items (order_id, product_id, product_name, product_price, quantity)
VALUES ('d72eb78f-397b-46af-abf8-c15d15caf0f0', '12dd0c72-4671-5cd8-b7da-98389426555c', 'product_228', 0.0, 1);
INSERT INTO orders (id, venue_id, number, status, total_amount, opened_at, closed_at, table_number)
VALUES ('983736c6-5e37-e7b1-7951-b41de87677c5', '00000000-0000-0000-0000-000000000010', '6413', 'paid', 2690.0, '2026-02-13 20:41:31', '2026-02-13 20:41:31', '13');
INSERT INTO order_items (order_id, product_id, product_name, product_price, quantity)
VALUES ('983736c6-5e37-e7b1-7951-b41de87677c5', '6599a59a-6cf7-70c9-0971-07a0078ce7cf', 'product_128', 380.0, 3);
INSERT INTO order_items (order_id, product_id, product_name, product_price, quantity)
VALUES ('983736c6-5e37-e7b1-7951-b41de87677c5', '627b586a-57c8-d217-1549-c47bb32192ac', 'product_26', 460.0, 1);
INSERT INTO order_items (order_id, product_id, product_name, product_price, quantity)
VALUES ('983736c6-5e37-e7b1-7951-b41de87677c5', '8b7920ef-e954-d760-2a69-99cafc830c2e', 'product_171', 270.0, 1);
INSERT INTO order_items (order_id, product_id, product_name, product_price, quantity)
VALUES ('983736c6-5e37-e7b1-7951-b41de87677c5', 'f35a1ebf-94b4-c196-4fdb-5698a8e21330', 'product_170', 820.0, 1);
INSERT INTO payments (order_id, venue_id, method, amount)
VALUES ('983736c6-5e37-e7b1-7951-b41de87677c5', '00000000-0000-0000-0000-000000000010', 'card', 2690.0);
INSERT INTO orders (id, venue_id, number, status, total_amount, opened_at, closed_at, table_number)
VALUES ('6ab3979b-6f1b-d7cd-06e5-a571cf96dd98', '00000000-0000-0000-0000-000000000010', '6415', 'paid', 2160.0, '2026-02-13 20:32:16', '2026-02-13 20:32:16', '10');
INSERT INTO order_items (order_id, product_id, product_name, product_price, quantity)
VALUES ('6ab3979b-6f1b-d7cd-06e5-a571cf96dd98', '627b586a-57c8-d217-1549-c47bb32192ac', 'product_26', 460.0, 2);
INSERT INTO order_items (order_id, product_id, product_name, product_price, quantity)
VALUES ('6ab3979b-6f1b-d7cd-06e5-a571cf96dd98', '4f62358e-97a1-94f3-88a7-2af7ee5afc60', 'product_182', 320.0, 1);
INSERT INTO order_items (order_id, product_id, product_name, product_price, quantity)
VALUES ('6ab3979b-6f1b-d7cd-06e5-a571cf96dd98', 'eb1260af-ca5f-c811-fd1c-bf1664229477', 'product_115', 310.0, 1);
INSERT INTO order_items (order_id, product_id, product_name, product_price, quantity)
VALUES ('6ab3979b-6f1b-d7cd-06e5-a571cf96dd98', '12dd0c72-4671-5cd8-b7da-98389426555c', 'product_228', 0.0, 1);
INSERT INTO order_items (order_id, product_id, product_name, product_price, quantity)
VALUES ('6ab3979b-6f1b-d7cd-06e5-a571cf96dd98', 'ca58c9ff-fe24-427b-5955-2cd4feccec48', 'product_116', 310.0, 1);
INSERT INTO order_items (order_id, product_id, product_name, product_price, quantity)
VALUES ('6ab3979b-6f1b-d7cd-06e5-a571cf96dd98', 'b627abd9-fb00-28f4-a09b-09fcb24019c0', 'product_132', 150.0, 2);
INSERT INTO payments (order_id, venue_id, method, amount)
VALUES ('6ab3979b-6f1b-d7cd-06e5-a571cf96dd98', '00000000-0000-0000-0000-000000000010', 'card', 2160.0);
INSERT INTO orders (id, venue_id, number, status, total_amount, opened_at, closed_at, table_number)
VALUES ('0b8e3570-68f6-ed60-eb91-dfefdca826fd', '00000000-0000-0000-0000-000000000010', '6414', 'paid', 0.0, '2026-02-13 18:32:23', '2026-02-13 18:32:23', '9');
INSERT INTO order_items (order_id, product_id, product_name, product_price, quantity)
VALUES ('0b8e3570-68f6-ed60-eb91-dfefdca826fd', '82c55340-bd07-2a9a-a6cc-6ce377f958f2', 'product_148', 0.0, 1);
INSERT INTO order_items (order_id, product_id, product_name, product_price, quantity)
VALUES ('0b8e3570-68f6-ed60-eb91-dfefdca826fd', '12dd0c72-4671-5cd8-b7da-98389426555c', 'product_228', 0.0, 1);
INSERT INTO orders (id, venue_id, number, status, total_amount, opened_at, closed_at, table_number)
VALUES ('bdbba08a-04e3-650e-d356-816934645605', '00000000-0000-0000-0000-000000000010', '6411', 'paid', 870.0, '2026-02-13 14:19:34', '2026-02-13 14:19:34', '1');
INSERT INTO order_items (order_id, product_id, product_name, product_price, quantity)
VALUES ('bdbba08a-04e3-650e-d356-816934645605', 'da98da7c-a663-0228-294e-97c1fae50fd1', 'product_54', 180.0, 2);
INSERT INTO order_items (order_id, product_id, product_name, product_price, quantity)
VALUES ('bdbba08a-04e3-650e-d356-816934645605', 'b9bdca4d-a423-6c36-2351-10cf52ff0eec', 'product_230', 0.0, 1);
INSERT INTO order_items (order_id, product_id, product_name, product_price, quantity)
VALUES ('bdbba08a-04e3-650e-d356-816934645605', '38432f7f-ba41-eaa0-7e46-d791008e4b02', 'product_6', 510.0, 1);
INSERT INTO orders (id, venue_id, number, status, total_amount, opened_at, closed_at, table_number)
VALUES ('98bb839e-4c1b-5b9a-c617-de5311b12ac6', '00000000-0000-0000-0000-000000000010', '6407', 'paid', 2270.0, '2026-02-13 13:26:32', '2026-02-13 13:26:32', '11');
INSERT INTO order_items (order_id, product_id, product_name, product_price, quantity)
VALUES ('98bb839e-4c1b-5b9a-c617-de5311b12ac6', 'bc75aa2b-4910-21bf-56ff-d9769b039d8e', 'product_47', 220.0, 1);
INSERT INTO order_items (order_id, product_id, product_name, product_price, quantity)
VALUES ('98bb839e-4c1b-5b9a-c617-de5311b12ac6', '81b3193a-f1f9-6ba6-5630-5c911f0c4a69', 'product_48', 220.0, 1);
INSERT INTO order_items (order_id, product_id, product_name, product_price, quantity)
VALUES ('98bb839e-4c1b-5b9a-c617-de5311b12ac6', '5f05b996-99f5-dfcb-e4b9-79078ca1f540', 'product_100', 460.0, 1);
INSERT INTO order_items (order_id, product_id, product_name, product_price, quantity)
VALUES ('98bb839e-4c1b-5b9a-c617-de5311b12ac6', '6e00b5a0-6b62-d942-73e4-86982bcae389', 'product_21', 1370.0, 1);
INSERT INTO payments (order_id, venue_id, method, amount)
VALUES ('98bb839e-4c1b-5b9a-c617-de5311b12ac6', '00000000-0000-0000-0000-000000000010', 'card', 2270.0);
INSERT INTO orders (id, venue_id, number, status, total_amount, opened_at, closed_at, table_number)
VALUES ('2d888036-f507-3e77-7dd3-6f53241d19ae', '00000000-0000-0000-0000-000000000010', '6410', 'paid', 410.0, '2026-02-13 10:10:26', '2026-02-13 10:10:26', '12');
INSERT INTO order_items (order_id, product_id, product_name, product_price, quantity)
VALUES ('2d888036-f507-3e77-7dd3-6f53241d19ae', 'b9bdca4d-a423-6c36-2351-10cf52ff0eec', 'product_230', 0.0, 2);
INSERT INTO order_items (order_id, product_id, product_name, product_price, quantity)
VALUES ('2d888036-f507-3e77-7dd3-6f53241d19ae', '021231f4-e9fa-ecbb-5f2a-ad1321ca42ea', 'product_59', 230.0, 1);
INSERT INTO order_items (order_id, product_id, product_name, product_price, quantity)
VALUES ('2d888036-f507-3e77-7dd3-6f53241d19ae', 'da98da7c-a663-0228-294e-97c1fae50fd1', 'product_54', 180.0, 1);
INSERT INTO order_items (order_id, product_id, product_name, product_price, quantity)
VALUES ('2d888036-f507-3e77-7dd3-6f53241d19ae', '12dd0c72-4671-5cd8-b7da-98389426555c', 'product_228', 0.0, 1);
INSERT INTO orders (id, venue_id, number, status, total_amount, opened_at, closed_at, table_number)
VALUES ('2f414840-5761-2c6c-222c-a897744343a8', '00000000-0000-0000-0000-000000000010', '6409', 'paid', 0.0, '2026-02-13 09:21:03', '2026-02-13 09:21:03', '9');
INSERT INTO order_items (order_id, product_id, product_name, product_price, quantity)
VALUES ('2f414840-5761-2c6c-222c-a897744343a8', '82c55340-bd07-2a9a-a6cc-6ce377f958f2', 'product_148', 0.0, 1);
INSERT INTO order_items (order_id, product_id, product_name, product_price, quantity)
VALUES ('2f414840-5761-2c6c-222c-a897744343a8', '12dd0c72-4671-5cd8-b7da-98389426555c', 'product_228', 0.0, 1);
INSERT INTO orders (id, venue_id, number, status, total_amount, opened_at, closed_at, table_number)
VALUES ('7c297c69-d7c8-ee29-95cf-e728ad5d5c88', '00000000-0000-0000-0000-000000000010', '6408', 'paid', 0.0, '2026-02-13 09:20:45', '2026-02-13 09:20:45', '9');
INSERT INTO order_items (order_id, product_id, product_name, product_price, quantity)
VALUES ('7c297c69-d7c8-ee29-95cf-e728ad5d5c88', '1afe238c-a186-0e67-9e9d-d39b8c4abe8a', 'product_229', 0.0, 1);
INSERT INTO orders (id, venue_id, number, status, total_amount, opened_at, closed_at, table_number)
VALUES ('0930ab74-ecc3-2ecc-a66c-a0ae6b6c48b8', '00000000-0000-0000-0000-000000000010', '6406', 'paid', 3270.0, '2026-02-12 20:38:33', '2026-02-12 20:38:33', '12');
INSERT INTO order_items (order_id, product_id, product_name, product_price, quantity)
VALUES ('0930ab74-ecc3-2ecc-a66c-a0ae6b6c48b8', '7f688518-4003-c783-7333-b947a8856b49', 'product_28', 470.0, 1);
INSERT INTO order_items (order_id, product_id, product_name, product_price, quantity)
VALUES ('0930ab74-ecc3-2ecc-a66c-a0ae6b6c48b8', '6e00b5a0-6b62-d942-73e4-86982bcae389', 'product_21', 1370.0, 1);
INSERT INTO order_items (order_id, product_id, product_name, product_price, quantity)
VALUES ('0930ab74-ecc3-2ecc-a66c-a0ae6b6c48b8', 'ce90a2e4-a08b-570d-aca7-50bb5d2d0ab2', 'product_112', 440.0, 1);
INSERT INTO order_items (order_id, product_id, product_name, product_price, quantity)
VALUES ('0930ab74-ecc3-2ecc-a66c-a0ae6b6c48b8', 'ca58c9ff-fe24-427b-5955-2cd4feccec48', 'product_116', 310.0, 2);
INSERT INTO order_items (order_id, product_id, product_name, product_price, quantity)
VALUES ('0930ab74-ecc3-2ecc-a66c-a0ae6b6c48b8', '09d404dd-f87b-b319-4eda-9ce7c697868d', 'product_32', 370.0, 1);
INSERT INTO payments (order_id, venue_id, method, amount)
VALUES ('0930ab74-ecc3-2ecc-a66c-a0ae6b6c48b8', '00000000-0000-0000-0000-000000000010', 'cash', 3270.0);
INSERT INTO orders (id, venue_id, number, status, total_amount, opened_at, closed_at, table_number)
VALUES ('359e59c5-870a-c42c-5605-86ece3989c61', '00000000-0000-0000-0000-000000000010', '6405', 'paid', 760.0, '2026-02-12 15:47:15', '2026-02-12 15:47:15', '12');
INSERT INTO order_items (order_id, product_id, product_name, product_price, quantity)
VALUES ('359e59c5-870a-c42c-5605-86ece3989c61', '6599a59a-6cf7-70c9-0971-07a0078ce7cf', 'product_128', 380.0, 2);
INSERT INTO payments (order_id, venue_id, method, amount)
VALUES ('359e59c5-870a-c42c-5605-86ece3989c61', '00000000-0000-0000-0000-000000000010', 'cash', 760.0);
INSERT INTO orders (id, venue_id, number, status, total_amount, opened_at, closed_at, table_number)
VALUES ('0c96ba5c-9b38-3f16-13bf-7e047531dbe6', '00000000-0000-0000-0000-000000000010', '6404', 'paid', 410.0, '2026-02-12 11:55:15', '2026-02-12 11:55:15', '1');
INSERT INTO order_items (order_id, product_id, product_name, product_price, quantity)
VALUES ('0c96ba5c-9b38-3f16-13bf-7e047531dbe6', '021231f4-e9fa-ecbb-5f2a-ad1321ca42ea', 'product_59', 230.0, 1);
INSERT INTO order_items (order_id, product_id, product_name, product_price, quantity)
VALUES ('0c96ba5c-9b38-3f16-13bf-7e047531dbe6', 'da98da7c-a663-0228-294e-97c1fae50fd1', 'product_54', 180.0, 1);
INSERT INTO payments (order_id, venue_id, method, amount)
VALUES ('0c96ba5c-9b38-3f16-13bf-7e047531dbe6', '00000000-0000-0000-0000-000000000010', 'card', 410.0);
INSERT INTO orders (id, venue_id, number, status, total_amount, opened_at, closed_at, table_number)
VALUES ('a4633ee5-7f7d-00bc-e0d6-55eac6384238', '00000000-0000-0000-0000-000000000010', '6403', 'paid', 840.0, '2026-02-12 11:53:03', '2026-02-12 11:53:03', '13');
INSERT INTO order_items (order_id, product_id, product_name, product_price, quantity)
VALUES ('a4633ee5-7f7d-00bc-e0d6-55eac6384238', '2a282418-43ba-4155-2773-748bfe3b0561', 'product_186', 200.0, 1);
INSERT INTO order_items (order_id, product_id, product_name, product_price, quantity)
VALUES ('a4633ee5-7f7d-00bc-e0d6-55eac6384238', '7c7c305a-92ed-bc40-0bb5-1155fc4e313f', 'product_99', 220.0, 1);
INSERT INTO order_items (order_id, product_id, product_name, product_price, quantity)
VALUES ('a4633ee5-7f7d-00bc-e0d6-55eac6384238', 'ec61223f-a380-dd08-f9eb-461b3c2f80e6', 'product_163', 120.0, 2);
INSERT INTO order_items (order_id, product_id, product_name, product_price, quantity)
VALUES ('a4633ee5-7f7d-00bc-e0d6-55eac6384238', '2e331f2f-b6fd-7898-11b0-9b0e3a2e58be', 'product_57', 180.0, 1);
INSERT INTO orders (id, venue_id, number, status, total_amount, opened_at, closed_at, table_number)
VALUES ('710bc5cc-7546-bd9a-a0ab-9eee5e917c3b', '00000000-0000-0000-0000-000000000010', '6402', 'paid', 2730.0, '2026-02-11 20:10:42', '2026-02-11 20:10:42', '13');
INSERT INTO order_items (order_id, product_id, product_name, product_price, quantity)
VALUES ('710bc5cc-7546-bd9a-a0ab-9eee5e917c3b', 'da98da7c-a663-0228-294e-97c1fae50fd1', 'product_54', 180.0, 1);
INSERT INTO order_items (order_id, product_id, product_name, product_price, quantity)
VALUES ('710bc5cc-7546-bd9a-a0ab-9eee5e917c3b', '021231f4-e9fa-ecbb-5f2a-ad1321ca42ea', 'product_59', 230.0, 1);
INSERT INTO order_items (order_id, product_id, product_name, product_price, quantity)
VALUES ('710bc5cc-7546-bd9a-a0ab-9eee5e917c3b', 'ba729be8-36f6-fb9a-7e2c-4b99753cb652', 'product_217', 600.0, 1);
INSERT INTO order_items (order_id, product_id, product_name, product_price, quantity)
VALUES ('710bc5cc-7546-bd9a-a0ab-9eee5e917c3b', '5f05b996-99f5-dfcb-e4b9-79078ca1f540', 'product_100', 460.0, 1);
INSERT INTO order_items (order_id, product_id, product_name, product_price, quantity)
VALUES ('710bc5cc-7546-bd9a-a0ab-9eee5e917c3b', '951f4bf6-be55-0e75-59a9-7e580a0d07c4', 'product_14', 640.0, 1);
INSERT INTO order_items (order_id, product_id, product_name, product_price, quantity)
VALUES ('710bc5cc-7546-bd9a-a0ab-9eee5e917c3b', '0f7cfc79-3a3f-41ac-1aa4-b27431de9236', 'product_29', 620.0, 1);
INSERT INTO payments (order_id, venue_id, method, amount)
VALUES ('710bc5cc-7546-bd9a-a0ab-9eee5e917c3b', '00000000-0000-0000-0000-000000000010', 'card', 2730.0);
INSERT INTO orders (id, venue_id, number, status, total_amount, opened_at, closed_at, table_number)
VALUES ('dab4be6a-aa92-d913-7f30-1402e9243023', '00000000-0000-0000-0000-000000000010', '6401', 'paid', 0.0, '2026-02-11 17:35:30', '2026-02-11 17:35:30', '9');
INSERT INTO order_items (order_id, product_id, product_name, product_price, quantity)
VALUES ('dab4be6a-aa92-d913-7f30-1402e9243023', '12dd0c72-4671-5cd8-b7da-98389426555c', 'product_228', 0.0, 1);
INSERT INTO order_items (order_id, product_id, product_name, product_price, quantity)
VALUES ('dab4be6a-aa92-d913-7f30-1402e9243023', '82c55340-bd07-2a9a-a6cc-6ce377f958f2', 'product_148', 0.0, 1);
INSERT INTO orders (id, venue_id, number, status, total_amount, opened_at, closed_at, table_number)
VALUES ('b650766d-823d-906c-00dd-4d76fb5204b2', '00000000-0000-0000-0000-000000000010', '6400', 'paid', 0.0, '2026-02-11 17:34:44', '2026-02-11 17:34:44', '9');
INSERT INTO order_items (order_id, product_id, product_name, product_price, quantity)
VALUES ('b650766d-823d-906c-00dd-4d76fb5204b2', '1afe238c-a186-0e67-9e9d-d39b8c4abe8a', 'product_229', 0.0, 1);
INSERT INTO orders (id, venue_id, number, status, total_amount, opened_at, closed_at, table_number)
VALUES ('b8316f20-c8d7-0fc1-152c-9e4d5bdad2a4', '00000000-0000-0000-0000-000000000010', '6399', 'paid', 2020.0, '2026-02-10 21:45:07', '2026-02-10 21:45:07', '1');
INSERT INTO order_items (order_id, product_id, product_name, product_price, quantity)
VALUES ('b8316f20-c8d7-0fc1-152c-9e4d5bdad2a4', 'e2e0597c-8c7b-c017-0aeb-164d7e7401db', 'product_173', 1060.0, 1);
INSERT INTO order_items (order_id, product_id, product_name, product_price, quantity)
VALUES ('b8316f20-c8d7-0fc1-152c-9e4d5bdad2a4', '6599a59a-6cf7-70c9-0971-07a0078ce7cf', 'product_128', 380.0, 2);
INSERT INTO order_items (order_id, product_id, product_name, product_price, quantity)
VALUES ('b8316f20-c8d7-0fc1-152c-9e4d5bdad2a4', 'fa1ac02b-7f93-b40e-a05d-de600d45dcdb', 'product_235', 200.0, 1);
INSERT INTO payments (order_id, venue_id, method, amount)
VALUES ('b8316f20-c8d7-0fc1-152c-9e4d5bdad2a4', '00000000-0000-0000-0000-000000000010', 'card', 2020.0);
INSERT INTO orders (id, venue_id, number, status, total_amount, opened_at, closed_at, table_number)
VALUES ('34ca2c49-6ef0-83ee-5e59-bedd7751f815', '00000000-0000-0000-0000-000000000010', '6398', 'paid', 810.0, '2026-02-10 21:38:18', '2026-02-10 21:38:18', '10');
INSERT INTO order_items (order_id, product_id, product_name, product_price, quantity)
VALUES ('34ca2c49-6ef0-83ee-5e59-bedd7751f815', 'b9bdca4d-a423-6c36-2351-10cf52ff0eec', 'product_230', 0.0, 2);
INSERT INTO order_items (order_id, product_id, product_name, product_price, quantity)
VALUES ('34ca2c49-6ef0-83ee-5e59-bedd7751f815', '338bdc4d-fbd5-43ad-a7a7-3951ceca3a16', 'product_97', 260.0, 1);
INSERT INTO order_items (order_id, product_id, product_name, product_price, quantity)
VALUES ('34ca2c49-6ef0-83ee-5e59-bedd7751f815', 'd46f67a1-e1dd-e079-0b5c-329f6422c4d4', 'product_60', 280.0, 1);
INSERT INTO order_items (order_id, product_id, product_name, product_price, quantity)
VALUES ('34ca2c49-6ef0-83ee-5e59-bedd7751f815', '8b7920ef-e954-d760-2a69-99cafc830c2e', 'product_171', 270.0, 1);
INSERT INTO payments (order_id, venue_id, method, amount)
VALUES ('34ca2c49-6ef0-83ee-5e59-bedd7751f815', '00000000-0000-0000-0000-000000000010', 'card', 270.0);
INSERT INTO orders (id, venue_id, number, status, total_amount, opened_at, closed_at, table_number)
VALUES ('59f0f708-6b44-3bec-2bee-20fe4f61da3f', '00000000-0000-0000-0000-000000000010', '6395', 'paid', 2070.0, '2026-02-10 17:56:18', '2026-02-10 17:56:18', '1');
INSERT INTO order_items (order_id, product_id, product_name, product_price, quantity)
VALUES ('59f0f708-6b44-3bec-2bee-20fe4f61da3f', '0d07baf4-74fe-e6af-ddf9-5304e58f2192', 'product_221', 850.0, 1);
INSERT INTO order_items (order_id, product_id, product_name, product_price, quantity)
VALUES ('59f0f708-6b44-3bec-2bee-20fe4f61da3f', '0f7cfc79-3a3f-41ac-1aa4-b27431de9236', 'product_29', 620.0, 1);
INSERT INTO order_items (order_id, product_id, product_name, product_price, quantity)
VALUES ('59f0f708-6b44-3bec-2bee-20fe4f61da3f', '021231f4-e9fa-ecbb-5f2a-ad1321ca42ea', 'product_59', 230.0, 1);
INSERT INTO order_items (order_id, product_id, product_name, product_price, quantity)
VALUES ('59f0f708-6b44-3bec-2bee-20fe4f61da3f', '5c3938ac-271e-5674-37aa-116c20435202', 'product_234', 370.0, 1);
INSERT INTO payments (order_id, venue_id, method, amount)
VALUES ('59f0f708-6b44-3bec-2bee-20fe4f61da3f', '00000000-0000-0000-0000-000000000010', 'card', 2070.0);
INSERT INTO orders (id, venue_id, number, status, total_amount, opened_at, closed_at, table_number)
VALUES ('3767c42f-78a9-a4b1-6115-7fb755c5aa05', '00000000-0000-0000-0000-000000000010', '6397', 'paid', 0.0, '2026-02-10 17:09:30', '2026-02-10 17:09:30', '9');
INSERT INTO order_items (order_id, product_id, product_name, product_price, quantity)
VALUES ('3767c42f-78a9-a4b1-6115-7fb755c5aa05', '82c55340-bd07-2a9a-a6cc-6ce377f958f2', 'product_148', 0.0, 1);
INSERT INTO order_items (order_id, product_id, product_name, product_price, quantity)
VALUES ('3767c42f-78a9-a4b1-6115-7fb755c5aa05', '12dd0c72-4671-5cd8-b7da-98389426555c', 'product_228', 0.0, 1);
INSERT INTO orders (id, venue_id, number, status, total_amount, opened_at, closed_at, table_number)
VALUES ('12ff3a43-95d3-0699-3870-31691fc078ed', '00000000-0000-0000-0000-000000000010', '6396', 'paid', 0.0, '2026-02-10 17:08:51', '2026-02-10 17:08:51', '9');
INSERT INTO order_items (order_id, product_id, product_name, product_price, quantity)
VALUES ('12ff3a43-95d3-0699-3870-31691fc078ed', '1afe238c-a186-0e67-9e9d-d39b8c4abe8a', 'product_229', 0.0, 1);
INSERT INTO orders (id, venue_id, number, status, total_amount, opened_at, closed_at, table_number)
VALUES ('da2b63cc-62f3-e3d5-93e8-e248583fd571', '00000000-0000-0000-0000-000000000010', '6394', 'paid', 1190.0, '2026-02-10 16:56:38', '2026-02-10 16:56:38', '10');
INSERT INTO order_items (order_id, product_id, product_name, product_price, quantity)
VALUES ('da2b63cc-62f3-e3d5-93e8-e248583fd571', 'e81dc667-2a7e-c5f0-b886-e7a3451b0fd2', 'product_219', 570.0, 1);
INSERT INTO order_items (order_id, product_id, product_name, product_price, quantity)
VALUES ('da2b63cc-62f3-e3d5-93e8-e248583fd571', '0f7cfc79-3a3f-41ac-1aa4-b27431de9236', 'product_29', 620.0, 1);
INSERT INTO payments (order_id, venue_id, method, amount)
VALUES ('da2b63cc-62f3-e3d5-93e8-e248583fd571', '00000000-0000-0000-0000-000000000010', 'card', 1190.0);
INSERT INTO orders (id, venue_id, number, status, total_amount, opened_at, closed_at, table_number)
VALUES ('e2d04979-0461-7d37-521f-2438fcd629d9', '00000000-0000-0000-0000-000000000010', '6393', 'paid', 230.0, '2026-02-10 15:44:20', '2026-02-10 15:44:20', '14');
INSERT INTO order_items (order_id, product_id, product_name, product_price, quantity)
VALUES ('e2d04979-0461-7d37-521f-2438fcd629d9', '021231f4-e9fa-ecbb-5f2a-ad1321ca42ea', 'product_59', 230.0, 1);
INSERT INTO payments (order_id, venue_id, method, amount)
VALUES ('e2d04979-0461-7d37-521f-2438fcd629d9', '00000000-0000-0000-0000-000000000010', 'card', 230.0);
INSERT INTO orders (id, venue_id, number, status, total_amount, opened_at, closed_at, table_number)
VALUES ('b90461c9-110f-1274-4ec4-9e75b82ade0f', '00000000-0000-0000-0000-000000000010', '6392', 'paid', 340.0, '2026-02-10 12:16:47', '2026-02-10 12:16:47', '13');
INSERT INTO order_items (order_id, product_id, product_name, product_price, quantity)
VALUES ('b90461c9-110f-1274-4ec4-9e75b82ade0f', 'ba6fbcf2-1f2b-909a-e5f9-b9c5fe635c92', 'product_187', 150.0, 1);
INSERT INTO order_items (order_id, product_id, product_name, product_price, quantity)
VALUES ('b90461c9-110f-1274-4ec4-9e75b82ade0f', '0caff6fe-c574-8665-33ca-5f2cee71ebb2', 'product_35', 190.0, 1);
INSERT INTO orders (id, venue_id, number, status, total_amount, opened_at, closed_at, table_number)
VALUES ('3f134f31-eae3-42ec-fcef-6b50b0b8c365', '00000000-0000-0000-0000-000000000010', '6391', 'paid', 460.0, '2026-02-10 11:51:53', '2026-02-10 11:51:53', '11');
INSERT INTO order_items (order_id, product_id, product_name, product_price, quantity)
VALUES ('3f134f31-eae3-42ec-fcef-6b50b0b8c365', 'fdc9a1d9-d212-6915-9a25-025e9880e5ea', 'product_165', 0.0, 1);
INSERT INTO order_items (order_id, product_id, product_name, product_price, quantity)
VALUES ('3f134f31-eae3-42ec-fcef-6b50b0b8c365', '2e331f2f-b6fd-7898-11b0-9b0e3a2e58be', 'product_57', 180.0, 2);
INSERT INTO order_items (order_id, product_id, product_name, product_price, quantity)
VALUES ('3f134f31-eae3-42ec-fcef-6b50b0b8c365', '12dd0c72-4671-5cd8-b7da-98389426555c', 'product_228', 0.0, 2);
INSERT INTO order_items (order_id, product_id, product_name, product_price, quantity)
VALUES ('3f134f31-eae3-42ec-fcef-6b50b0b8c365', '2a282418-43ba-4155-2773-748bfe3b0561', 'product_186', 100.0, 1);
INSERT INTO order_items (order_id, product_id, product_name, product_price, quantity)
VALUES ('3f134f31-eae3-42ec-fcef-6b50b0b8c365', 'fdc9a1d9-d212-6915-9a25-025e9880e5ea', 'product_165', 0.0, 1);
INSERT INTO orders (id, venue_id, number, status, total_amount, opened_at, closed_at, table_number)
VALUES ('eea3190b-95bb-83bc-d729-a3f9d22286bf', '00000000-0000-0000-0000-000000000010', '6386', 'paid', 1230.0, '2026-02-10 11:51:29', '2026-02-10 11:51:29', '11');
INSERT INTO order_items (order_id, product_id, product_name, product_price, quantity)
VALUES ('eea3190b-95bb-83bc-d729-a3f9d22286bf', '5f05b996-99f5-dfcb-e4b9-79078ca1f540', 'product_100', 460.0, 2);
INSERT INTO order_items (order_id, product_id, product_name, product_price, quantity)
VALUES ('eea3190b-95bb-83bc-d729-a3f9d22286bf', 'ca58c9ff-fe24-427b-5955-2cd4feccec48', 'product_116', 310.0, 1);
INSERT INTO order_items (order_id, product_id, product_name, product_price, quantity)
VALUES ('eea3190b-95bb-83bc-d729-a3f9d22286bf', '12dd0c72-4671-5cd8-b7da-98389426555c', 'product_228', 0.0, 1);
INSERT INTO payments (order_id, venue_id, method, amount)
VALUES ('eea3190b-95bb-83bc-d729-a3f9d22286bf', '00000000-0000-0000-0000-000000000010', 'card', 1230.0);
INSERT INTO orders (id, venue_id, number, status, total_amount, opened_at, closed_at, table_number)
VALUES ('2693cdb0-6497-afca-7e09-5bb8677578e6', '00000000-0000-0000-0000-000000000010', '6388', 'paid', 1400.0, '2026-02-10 10:47:16', '2026-02-10 10:47:16', '13');
INSERT INTO order_items (order_id, product_id, product_name, product_price, quantity)
VALUES ('2693cdb0-6497-afca-7e09-5bb8677578e6', '7b0b5f60-47be-c07e-9585-af9a20b6d773', 'product_9', 460.0, 2);
INSERT INTO order_items (order_id, product_id, product_name, product_price, quantity)
VALUES ('2693cdb0-6497-afca-7e09-5bb8677578e6', '021231f4-e9fa-ecbb-5f2a-ad1321ca42ea', 'product_59', 230.0, 1);
INSERT INTO order_items (order_id, product_id, product_name, product_price, quantity)
VALUES ('2693cdb0-6497-afca-7e09-5bb8677578e6', '4695b67d-781a-20db-f80e-66824f8cfc13', 'product_55', 250.0, 1);
INSERT INTO orders (id, venue_id, number, status, total_amount, opened_at, closed_at, table_number)
VALUES ('28b7e413-ac8e-7e1f-7307-52e285006f5c', '00000000-0000-0000-0000-000000000010', '6390', 'paid', 2070.0, '2026-02-10 10:47:11', '2026-02-10 10:47:11', '12');
INSERT INTO order_items (order_id, product_id, product_name, product_price, quantity)
VALUES ('28b7e413-ac8e-7e1f-7307-52e285006f5c', '38432f7f-ba41-eaa0-7e46-d791008e4b02', 'product_6', 510.0, 2);
INSERT INTO order_items (order_id, product_id, product_name, product_price, quantity)
VALUES ('28b7e413-ac8e-7e1f-7307-52e285006f5c', '497d0040-b877-bebf-95b7-582bf7a5e783', 'product_174', 250.0, 1);
INSERT INTO order_items (order_id, product_id, product_name, product_price, quantity)
VALUES ('28b7e413-ac8e-7e1f-7307-52e285006f5c', 'd46f67a1-e1dd-e079-0b5c-329f6422c4d4', 'product_60', 280.0, 1);
INSERT INTO order_items (order_id, product_id, product_name, product_price, quantity)
VALUES ('28b7e413-ac8e-7e1f-7307-52e285006f5c', '338bdc4d-fbd5-43ad-a7a7-3951ceca3a16', 'product_97', 260.0, 2);
INSERT INTO orders (id, venue_id, number, status, total_amount, opened_at, closed_at, table_number)
VALUES ('8fc45cda-6d5a-4a4d-f408-eca3df4acf3e', '00000000-0000-0000-0000-000000000010', '6389', 'paid', 2060.0, '2026-02-10 10:46:56', '2026-02-10 10:46:56', '10');
INSERT INTO order_items (order_id, product_id, product_name, product_price, quantity)
VALUES ('8fc45cda-6d5a-4a4d-f408-eca3df4acf3e', '7b0b5f60-47be-c07e-9585-af9a20b6d773', 'product_9', 460.0, 2);
INSERT INTO order_items (order_id, product_id, product_name, product_price, quantity)
VALUES ('8fc45cda-6d5a-4a4d-f408-eca3df4acf3e', '94d2bddc-c99f-2985-f8eb-9d8a4a995ad3', 'product_10', 300.0, 1);
INSERT INTO order_items (order_id, product_id, product_name, product_price, quantity)
VALUES ('8fc45cda-6d5a-4a4d-f408-eca3df4acf3e', '021231f4-e9fa-ecbb-5f2a-ad1321ca42ea', 'product_59', 230.0, 1);
INSERT INTO order_items (order_id, product_id, product_name, product_price, quantity)
VALUES ('8fc45cda-6d5a-4a4d-f408-eca3df4acf3e', 'd46f67a1-e1dd-e079-0b5c-329f6422c4d4', 'product_60', 280.0, 1);
INSERT INTO order_items (order_id, product_id, product_name, product_price, quantity)
VALUES ('8fc45cda-6d5a-4a4d-f408-eca3df4acf3e', '9d00fee6-5b1a-acb8-1114-e668525ce1a6', 'product_200', 330.0, 1);
INSERT INTO orders (id, venue_id, number, status, total_amount, opened_at, closed_at, table_number)
VALUES ('832b8496-2772-82f9-7832-e6807d6e5733', '00000000-0000-0000-0000-000000000010', '6387', 'paid', 1460.0, '2026-02-09 21:06:50', '2026-02-09 21:06:50', '10');
INSERT INTO order_items (order_id, product_id, product_name, product_price, quantity)
VALUES ('832b8496-2772-82f9-7832-e6807d6e5733', 'e81dc667-2a7e-c5f0-b886-e7a3451b0fd2', 'product_219', 570.0, 1);
INSERT INTO order_items (order_id, product_id, product_name, product_price, quantity)
VALUES ('832b8496-2772-82f9-7832-e6807d6e5733', '0f7cfc79-3a3f-41ac-1aa4-b27431de9236', 'product_29', 620.0, 1);
INSERT INTO order_items (order_id, product_id, product_name, product_price, quantity)
VALUES ('832b8496-2772-82f9-7832-e6807d6e5733', '8b7920ef-e954-d760-2a69-99cafc830c2e', 'product_171', 270.0, 1);
INSERT INTO payments (order_id, venue_id, method, amount)
VALUES ('832b8496-2772-82f9-7832-e6807d6e5733', '00000000-0000-0000-0000-000000000010', 'card', 1460.0);
INSERT INTO orders (id, venue_id, number, status, total_amount, opened_at, closed_at, table_number)
VALUES ('529bab47-cf65-1872-40af-3c81f8b5e0f7', '00000000-0000-0000-0000-000000000010', '6385', 'paid', 0.0, '2026-02-09 19:29:41', '2026-02-09 19:29:41', '9');
INSERT INTO order_items (order_id, product_id, product_name, product_price, quantity)
VALUES ('529bab47-cf65-1872-40af-3c81f8b5e0f7', '1afe238c-a186-0e67-9e9d-d39b8c4abe8a', 'product_229', 0.0, 1);
INSERT INTO orders (id, venue_id, number, status, total_amount, opened_at, closed_at, table_number)
VALUES ('401b0914-a03c-b62f-98b4-744ef7b05139', '00000000-0000-0000-0000-000000000010', '6384', 'paid', 0.0, '2026-02-09 19:29:06', '2026-02-09 19:29:06', '14');
INSERT INTO order_items (order_id, product_id, product_name, product_price, quantity)
VALUES ('401b0914-a03c-b62f-98b4-744ef7b05139', '12dd0c72-4671-5cd8-b7da-98389426555c', 'product_228', 0.0, 3);
INSERT INTO order_items (order_id, product_id, product_name, product_price, quantity)
VALUES ('401b0914-a03c-b62f-98b4-744ef7b05139', '82c55340-bd07-2a9a-a6cc-6ce377f958f2', 'product_148', 0.0, 1);
INSERT INTO orders (id, venue_id, number, status, total_amount, opened_at, closed_at, table_number)
VALUES ('76c96c09-7c7a-da74-d07f-05888733744c', '00000000-0000-0000-0000-000000000010', '6383', 'paid', 480.0, '2026-02-09 19:05:04', '2026-02-09 19:05:04', '10');
INSERT INTO order_items (order_id, product_id, product_name, product_price, quantity)
VALUES ('76c96c09-7c7a-da74-d07f-05888733744c', '81b3193a-f1f9-6ba6-5630-5c911f0c4a69', 'product_48', 220.0, 1);
INSERT INTO order_items (order_id, product_id, product_name, product_price, quantity)
VALUES ('76c96c09-7c7a-da74-d07f-05888733744c', '338bdc4d-fbd5-43ad-a7a7-3951ceca3a16', 'product_97', 260.0, 1);
INSERT INTO payments (order_id, venue_id, method, amount)
VALUES ('76c96c09-7c7a-da74-d07f-05888733744c', '00000000-0000-0000-0000-000000000010', 'card', 480.0);
INSERT INTO orders (id, venue_id, number, status, total_amount, opened_at, closed_at, table_number)
VALUES ('9ca8a12a-d10b-6145-6cec-cca16fbb59bd', '00000000-0000-0000-0000-000000000010', '6353', 'paid', 4590.0, '2026-02-09 18:28:50', '2026-02-09 18:28:50', '11');
INSERT INTO order_items (order_id, product_id, product_name, product_price, quantity)
VALUES ('9ca8a12a-d10b-6145-6cec-cca16fbb59bd', '2836be19-8d27-0aa1-68ed-3bbc6cf94fb8', 'product_13', 270.0, 1);
INSERT INTO order_items (order_id, product_id, product_name, product_price, quantity)
VALUES ('9ca8a12a-d10b-6145-6cec-cca16fbb59bd', 'da98da7c-a663-0228-294e-97c1fae50fd1', 'product_54', 180.0, 1);
INSERT INTO order_items (order_id, product_id, product_name, product_price, quantity)
VALUES ('9ca8a12a-d10b-6145-6cec-cca16fbb59bd', '7c7c305a-92ed-bc40-0bb5-1155fc4e313f', 'product_99', 220.0, 1);
INSERT INTO order_items (order_id, product_id, product_name, product_price, quantity)
VALUES ('9ca8a12a-d10b-6145-6cec-cca16fbb59bd', 'e81dc667-2a7e-c5f0-b886-e7a3451b0fd2', 'product_219', 570.0, 1);
INSERT INTO order_items (order_id, product_id, product_name, product_price, quantity)
VALUES ('9ca8a12a-d10b-6145-6cec-cca16fbb59bd', '2a282418-43ba-4155-2773-748bfe3b0561', 'product_186', 200.0, 1);
INSERT INTO order_items (order_id, product_id, product_name, product_price, quantity)
VALUES ('9ca8a12a-d10b-6145-6cec-cca16fbb59bd', '62cdaaca-f6e8-fe1a-af41-d7fc95a79021', 'product_167', 40.0, 4);
INSERT INTO order_items (order_id, product_id, product_name, product_price, quantity)
VALUES ('9ca8a12a-d10b-6145-6cec-cca16fbb59bd', '2e331f2f-b6fd-7898-11b0-9b0e3a2e58be', 'product_57', 180.0, 1);
INSERT INTO order_items (order_id, product_id, product_name, product_price, quantity)
VALUES ('9ca8a12a-d10b-6145-6cec-cca16fbb59bd', '338bdc4d-fbd5-43ad-a7a7-3951ceca3a16', 'product_97', 260.0, 1);
INSERT INTO order_items (order_id, product_id, product_name, product_price, quantity)
VALUES ('9ca8a12a-d10b-6145-6cec-cca16fbb59bd', 'ca58c9ff-fe24-427b-5955-2cd4feccec48', 'product_116', 310.0, 2);
INSERT INTO order_items (order_id, product_id, product_name, product_price, quantity)
VALUES ('9ca8a12a-d10b-6145-6cec-cca16fbb59bd', '12dd0c72-4671-5cd8-b7da-98389426555c', 'product_228', 0.0, 2);
INSERT INTO order_items (order_id, product_id, product_name, product_price, quantity)
VALUES ('9ca8a12a-d10b-6145-6cec-cca16fbb59bd', 'd158543d-e9dc-0b2a-7902-b665a39db719', 'product_126', 410.0, 1);
INSERT INTO order_items (order_id, product_id, product_name, product_price, quantity)
VALUES ('9ca8a12a-d10b-6145-6cec-cca16fbb59bd', 'ce90a2e4-a08b-570d-aca7-50bb5d2d0ab2', 'product_112', 440.0, 1);
INSERT INTO order_items (order_id, product_id, product_name, product_price, quantity)
VALUES ('9ca8a12a-d10b-6145-6cec-cca16fbb59bd', '81b3193a-f1f9-6ba6-5630-5c911f0c4a69', 'product_48', 220.0, 2);
INSERT INTO order_items (order_id, product_id, product_name, product_price, quantity)
VALUES ('9ca8a12a-d10b-6145-6cec-cca16fbb59bd', '951f4bf6-be55-0e75-59a9-7e580a0d07c4', 'product_14', 640.0, 1);
INSERT INTO payments (order_id, venue_id, method, amount)
VALUES ('9ca8a12a-d10b-6145-6cec-cca16fbb59bd', '00000000-0000-0000-0000-000000000010', 'card', 4140.0);
INSERT INTO orders (id, venue_id, number, status, total_amount, opened_at, closed_at, table_number)
VALUES ('3be28111-576b-b1f8-4a6f-dbb99686de16', '00000000-0000-0000-0000-000000000010', '6369', 'paid', 1800.0, '2026-02-09 18:28:42', '2026-02-09 18:28:42', '11');
INSERT INTO order_items (order_id, product_id, product_name, product_price, quantity)
VALUES ('3be28111-576b-b1f8-4a6f-dbb99686de16', '7f688518-4003-c783-7333-b947a8856b49', 'product_28', 470.0, 1);
INSERT INTO order_items (order_id, product_id, product_name, product_price, quantity)
VALUES ('3be28111-576b-b1f8-4a6f-dbb99686de16', 'e81dc667-2a7e-c5f0-b886-e7a3451b0fd2', 'product_219', 570.0, 1);
INSERT INTO order_items (order_id, product_id, product_name, product_price, quantity)
VALUES ('3be28111-576b-b1f8-4a6f-dbb99686de16', '260b99e2-59bd-a3dc-c313-434aff0daf54', 'product_144', 190.0, 1);
INSERT INTO order_items (order_id, product_id, product_name, product_price, quantity)
VALUES ('3be28111-576b-b1f8-4a6f-dbb99686de16', 'ca58c9ff-fe24-427b-5955-2cd4feccec48', 'product_116', 310.0, 1);
INSERT INTO order_items (order_id, product_id, product_name, product_price, quantity)
VALUES ('3be28111-576b-b1f8-4a6f-dbb99686de16', '12dd0c72-4671-5cd8-b7da-98389426555c', 'product_228', 0.0, 1);
INSERT INTO order_items (order_id, product_id, product_name, product_price, quantity)
VALUES ('3be28111-576b-b1f8-4a6f-dbb99686de16', '338bdc4d-fbd5-43ad-a7a7-3951ceca3a16', 'product_97', 260.0, 1);
INSERT INTO order_items (order_id, product_id, product_name, product_price, quantity)
VALUES ('3be28111-576b-b1f8-4a6f-dbb99686de16', '12dd0c72-4671-5cd8-b7da-98389426555c', 'product_228', 0.0, 3);
INSERT INTO payments (order_id, venue_id, method, amount)
VALUES ('3be28111-576b-b1f8-4a6f-dbb99686de16', '00000000-0000-0000-0000-000000000010', 'card', 1800.0);
INSERT INTO orders (id, venue_id, number, status, total_amount, opened_at, closed_at, table_number)
VALUES ('c4d8ca80-c870-c810-8814-a6c3de71af95', '00000000-0000-0000-0000-000000000010', '6380', 'paid', 2290.0, '2026-02-09 18:28:36', '2026-02-09 18:28:36', '11');
INSERT INTO order_items (order_id, product_id, product_name, product_price, quantity)
VALUES ('c4d8ca80-c870-c810-8814-a6c3de71af95', '9a06fa1f-d2b5-1b6f-d6c5-37c2ffa3adfd', 'product_168', 640.0, 1);
INSERT INTO order_items (order_id, product_id, product_name, product_price, quantity)
VALUES ('c4d8ca80-c870-c810-8814-a6c3de71af95', 'bc75aa2b-4910-21bf-56ff-d9769b039d8e', 'product_47', 220.0, 1);
INSERT INTO order_items (order_id, product_id, product_name, product_price, quantity)
VALUES ('c4d8ca80-c870-c810-8814-a6c3de71af95', '12dd0c72-4671-5cd8-b7da-98389426555c', 'product_228', 0.0, 1);
INSERT INTO order_items (order_id, product_id, product_name, product_price, quantity)
VALUES ('c4d8ca80-c870-c810-8814-a6c3de71af95', '260b99e2-59bd-a3dc-c313-434aff0daf54', 'product_144', 190.0, 1);
INSERT INTO order_items (order_id, product_id, product_name, product_price, quantity)
VALUES ('c4d8ca80-c870-c810-8814-a6c3de71af95', '1a9038b5-12c1-4b41-756a-ce6d8bb0fac8', 'product_114', 670.0, 1);
INSERT INTO order_items (order_id, product_id, product_name, product_price, quantity)
VALUES ('c4d8ca80-c870-c810-8814-a6c3de71af95', '338bdc4d-fbd5-43ad-a7a7-3951ceca3a16', 'product_97', 260.0, 1);
INSERT INTO order_items (order_id, product_id, product_name, product_price, quantity)
VALUES ('c4d8ca80-c870-c810-8814-a6c3de71af95', 'ca58c9ff-fe24-427b-5955-2cd4feccec48', 'product_116', 310.0, 1);
INSERT INTO payments (order_id, venue_id, method, amount)
VALUES ('c4d8ca80-c870-c810-8814-a6c3de71af95', '00000000-0000-0000-0000-000000000010', 'card', 2290.0);
INSERT INTO orders (id, venue_id, number, status, total_amount, opened_at, closed_at, table_number)
VALUES ('2fb2fde0-a105-5d9a-9d75-9ac7f016d4df', '00000000-0000-0000-0000-000000000010', '6378', 'paid', 180.0, '2026-02-09 18:23:20', '2026-02-09 18:23:20', '11');
INSERT INTO order_items (order_id, product_id, product_name, product_price, quantity)
VALUES ('2fb2fde0-a105-5d9a-9d75-9ac7f016d4df', 'fdc9a1d9-d212-6915-9a25-025e9880e5ea', 'product_165', 0.0, 1);
INSERT INTO order_items (order_id, product_id, product_name, product_price, quantity)
VALUES ('2fb2fde0-a105-5d9a-9d75-9ac7f016d4df', '2e331f2f-b6fd-7898-11b0-9b0e3a2e58be', 'product_57', 180.0, 1);
INSERT INTO orders (id, venue_id, number, status, total_amount, opened_at, closed_at, table_number)
VALUES ('331e8a5c-1cc0-d10e-234c-6cb976700333', '00000000-0000-0000-0000-000000000010', '6382', 'paid', 2150.0, '2026-02-09 18:15:39', '2026-02-09 18:15:39', '12');
INSERT INTO order_items (order_id, product_id, product_name, product_price, quantity)
VALUES ('331e8a5c-1cc0-d10e-234c-6cb976700333', 'c0fb869e-f434-07cb-f666-b9f7e55d4032', 'product_113', 770.0, 1);
INSERT INTO order_items (order_id, product_id, product_name, product_price, quantity)
VALUES ('331e8a5c-1cc0-d10e-234c-6cb976700333', '627b586a-57c8-d217-1549-c47bb32192ac', 'product_26', 460.0, 1);
INSERT INTO order_items (order_id, product_id, product_name, product_price, quantity)
VALUES ('331e8a5c-1cc0-d10e-234c-6cb976700333', '8b7920ef-e954-d760-2a69-99cafc830c2e', 'product_171', 270.0, 1);
INSERT INTO order_items (order_id, product_id, product_name, product_price, quantity)
VALUES ('331e8a5c-1cc0-d10e-234c-6cb976700333', 'd46f67a1-e1dd-e079-0b5c-329f6422c4d4', 'product_60', 280.0, 1);
INSERT INTO order_items (order_id, product_id, product_name, product_price, quantity)
VALUES ('331e8a5c-1cc0-d10e-234c-6cb976700333', '134318a5-b3ba-8433-c9f4-446b46b10995', 'product_37', 370.0, 1);
INSERT INTO payments (order_id, venue_id, method, amount)
VALUES ('331e8a5c-1cc0-d10e-234c-6cb976700333', '00000000-0000-0000-0000-000000000010', 'cash', 2150.0);
INSERT INTO orders (id, venue_id, number, status, total_amount, opened_at, closed_at, table_number)
VALUES ('d925fe7d-74c7-d89e-54d7-e0728cb989c9', '00000000-0000-0000-0000-000000000010', '6381', 'paid', 2580.0, '2026-02-09 16:23:20', '2026-02-09 16:23:20', '7');
INSERT INTO order_items (order_id, product_id, product_name, product_price, quantity)
VALUES ('d925fe7d-74c7-d89e-54d7-e0728cb989c9', '1a9038b5-12c1-4b41-756a-ce6d8bb0fac8', 'product_114', 670.0, 3);
INSERT INTO order_items (order_id, product_id, product_name, product_price, quantity)
VALUES ('d925fe7d-74c7-d89e-54d7-e0728cb989c9', '260b99e2-59bd-a3dc-c313-434aff0daf54', 'product_144', 190.0, 3);
INSERT INTO payments (order_id, venue_id, method, amount)
VALUES ('d925fe7d-74c7-d89e-54d7-e0728cb989c9', '00000000-0000-0000-0000-000000000010', 'cash', 2580.0);
INSERT INTO orders (id, venue_id, number, status, total_amount, opened_at, closed_at, table_number)
VALUES ('b759be8d-c5c6-03c0-92d4-fb2eefb92656', '00000000-0000-0000-0000-000000000010', '6376', 'paid', 2270.0, '2026-02-09 12:05:47', '2026-02-09 12:05:47', '10');
INSERT INTO order_items (order_id, product_id, product_name, product_price, quantity)
VALUES ('b759be8d-c5c6-03c0-92d4-fb2eefb92656', '12dd0c72-4671-5cd8-b7da-98389426555c', 'product_228', 0.0, 1);
INSERT INTO order_items (order_id, product_id, product_name, product_price, quantity)
VALUES ('b759be8d-c5c6-03c0-92d4-fb2eefb92656', '94d2bddc-c99f-2985-f8eb-9d8a4a995ad3', 'product_10', 300.0, 2);
INSERT INTO order_items (order_id, product_id, product_name, product_price, quantity)
VALUES ('b759be8d-c5c6-03c0-92d4-fb2eefb92656', '2836be19-8d27-0aa1-68ed-3bbc6cf94fb8', 'product_13', 270.0, 1);
INSERT INTO order_items (order_id, product_id, product_name, product_price, quantity)
VALUES ('b759be8d-c5c6-03c0-92d4-fb2eefb92656', '497d0040-b877-bebf-95b7-582bf7a5e783', 'product_174', 250.0, 1);
INSERT INTO order_items (order_id, product_id, product_name, product_price, quantity)
VALUES ('b759be8d-c5c6-03c0-92d4-fb2eefb92656', 'd46f67a1-e1dd-e079-0b5c-329f6422c4d4', 'product_60', 280.0, 1);
INSERT INTO order_items (order_id, product_id, product_name, product_price, quantity)
VALUES ('b759be8d-c5c6-03c0-92d4-fb2eefb92656', 'bd63cdca-84b0-4bda-520e-13725e4b4e60', 'product_33', 370.0, 1);
INSERT INTO order_items (order_id, product_id, product_name, product_price, quantity)
VALUES ('b759be8d-c5c6-03c0-92d4-fb2eefb92656', '8d266d35-f6a4-b267-e097-564510f7f857', 'product_12', 270.0, 1);
INSERT INTO order_items (order_id, product_id, product_name, product_price, quantity)
VALUES ('b759be8d-c5c6-03c0-92d4-fb2eefb92656', '021231f4-e9fa-ecbb-5f2a-ad1321ca42ea', 'product_59', 230.0, 1);
INSERT INTO payments (order_id, venue_id, method, amount)
VALUES ('b759be8d-c5c6-03c0-92d4-fb2eefb92656', '00000000-0000-0000-0000-000000000010', 'card', 370.0);
INSERT INTO orders (id, venue_id, number, status, total_amount, opened_at, closed_at, table_number)
VALUES ('9cee03d7-9a5d-9dfa-913c-7aee9b985e5a', '00000000-0000-0000-0000-000000000010', '6363', 'paid', 890.0, '2026-02-09 11:54:28', '2026-02-09 11:54:28', '13');
INSERT INTO order_items (order_id, product_id, product_name, product_price, quantity)
VALUES ('9cee03d7-9a5d-9dfa-913c-7aee9b985e5a', '94d2bddc-c99f-2985-f8eb-9d8a4a995ad3', 'product_10', 300.0, 1);
INSERT INTO order_items (order_id, product_id, product_name, product_price, quantity)
VALUES ('9cee03d7-9a5d-9dfa-913c-7aee9b985e5a', 'b9bdca4d-a423-6c36-2351-10cf52ff0eec', 'product_230', 0.0, 1);
INSERT INTO order_items (order_id, product_id, product_name, product_price, quantity)
VALUES ('9cee03d7-9a5d-9dfa-913c-7aee9b985e5a', 'da98da7c-a663-0228-294e-97c1fae50fd1', 'product_54', 180.0, 1);
INSERT INTO order_items (order_id, product_id, product_name, product_price, quantity)
VALUES ('9cee03d7-9a5d-9dfa-913c-7aee9b985e5a', 'a2b39819-292c-0b80-799d-c77d7020fc9d', 'product_34', 190.0, 1);
INSERT INTO order_items (order_id, product_id, product_name, product_price, quantity)
VALUES ('9cee03d7-9a5d-9dfa-913c-7aee9b985e5a', 'bc75aa2b-4910-21bf-56ff-d9769b039d8e', 'product_47', 220.0, 1);
INSERT INTO order_items (order_id, product_id, product_name, product_price, quantity)
VALUES ('9cee03d7-9a5d-9dfa-913c-7aee9b985e5a', '12dd0c72-4671-5cd8-b7da-98389426555c', 'product_228', 0.0, 4);
INSERT INTO payments (order_id, venue_id, method, amount)
VALUES ('9cee03d7-9a5d-9dfa-913c-7aee9b985e5a', '00000000-0000-0000-0000-000000000010', 'cash', 220.0);
INSERT INTO orders (id, venue_id, number, status, total_amount, opened_at, closed_at, table_number)
VALUES ('97c80d12-92c9-cda2-9503-69a2b26d4120', '00000000-0000-0000-0000-000000000010', '6379', 'paid', 300.0, '2026-02-09 11:54:22', '2026-02-09 11:54:22', '12');
INSERT INTO order_items (order_id, product_id, product_name, product_price, quantity)
VALUES ('97c80d12-92c9-cda2-9503-69a2b26d4120', 'b627abd9-fb00-28f4-a09b-09fcb24019c0', 'product_132', 150.0, 2);
INSERT INTO payments (order_id, venue_id, method, amount)
VALUES ('97c80d12-92c9-cda2-9503-69a2b26d4120', '00000000-0000-0000-0000-000000000010', 'card', 300.0);
INSERT INTO orders (id, venue_id, number, status, total_amount, opened_at, closed_at, table_number)
VALUES ('fbfdf0ec-7418-8bb5-268e-ebf062e39cb5', '00000000-0000-0000-0000-000000000010', '6370', 'paid', 5200.0, '2026-02-09 11:32:40', '2026-02-09 11:32:40', '12');
INSERT INTO order_items (order_id, product_id, product_name, product_price, quantity)
VALUES ('fbfdf0ec-7418-8bb5-268e-ebf062e39cb5', '627b586a-57c8-d217-1549-c47bb32192ac', 'product_26', 460.0, 2);
INSERT INTO order_items (order_id, product_id, product_name, product_price, quantity)
VALUES ('fbfdf0ec-7418-8bb5-268e-ebf062e39cb5', 'b627abd9-fb00-28f4-a09b-09fcb24019c0', 'product_132', 150.0, 15);
INSERT INTO order_items (order_id, product_id, product_name, product_price, quantity)
VALUES ('fbfdf0ec-7418-8bb5-268e-ebf062e39cb5', '260b99e2-59bd-a3dc-c313-434aff0daf54', 'product_144', 190.0, 1);
INSERT INTO order_items (order_id, product_id, product_name, product_price, quantity)
VALUES ('fbfdf0ec-7418-8bb5-268e-ebf062e39cb5', 'c0fb869e-f434-07cb-f666-b9f7e55d4032', 'product_113', 770.0, 2);
INSERT INTO order_items (order_id, product_id, product_name, product_price, quantity)
VALUES ('fbfdf0ec-7418-8bb5-268e-ebf062e39cb5', 'ba6fbcf2-1f2b-909a-e5f9-b9c5fe635c92', 'product_187', 100.0, 3);
INSERT INTO payments (order_id, venue_id, method, amount)
VALUES ('fbfdf0ec-7418-8bb5-268e-ebf062e39cb5', '00000000-0000-0000-0000-000000000010', 'card', 5200.0);
INSERT INTO orders (id, venue_id, number, status, total_amount, opened_at, closed_at, table_number)
VALUES ('2bf31880-884f-601b-97b3-f91ad2cd2b5f', '00000000-0000-0000-0000-000000000010', '6377', 'paid', 370.0, '2026-02-09 11:08:31', '2026-02-09 11:08:31', '11');
INSERT INTO order_items (order_id, product_id, product_name, product_price, quantity)
VALUES ('2bf31880-884f-601b-97b3-f91ad2cd2b5f', 'fdc9a1d9-d212-6915-9a25-025e9880e5ea', 'product_165', 0.0, 1);
INSERT INTO order_items (order_id, product_id, product_name, product_price, quantity)
VALUES ('2bf31880-884f-601b-97b3-f91ad2cd2b5f', 'fdc9a1d9-d212-6915-9a25-025e9880e5ea', 'product_165', 0.0, 1);
INSERT INTO order_items (order_id, product_id, product_name, product_price, quantity)
VALUES ('2bf31880-884f-601b-97b3-f91ad2cd2b5f', '2e331f2f-b6fd-7898-11b0-9b0e3a2e58be', 'product_57', 180.0, 1);
INSERT INTO order_items (order_id, product_id, product_name, product_price, quantity)
VALUES ('2bf31880-884f-601b-97b3-f91ad2cd2b5f', '0caff6fe-c574-8665-33ca-5f2cee71ebb2', 'product_35', 190.0, 1);
INSERT INTO orders (id, venue_id, number, status, total_amount, opened_at, closed_at, table_number)
VALUES ('f4c243fe-418b-93f9-5535-53eb047524e4', '00000000-0000-0000-0000-000000000010', '6375', 'paid', 1430.0, '2026-02-09 10:36:52', '2026-02-09 10:36:52', '13');
INSERT INTO order_items (order_id, product_id, product_name, product_price, quantity)
VALUES ('f4c243fe-418b-93f9-5535-53eb047524e4', '2a282418-43ba-4155-2773-748bfe3b0561', 'product_186', 200.0, 1);
INSERT INTO order_items (order_id, product_id, product_name, product_price, quantity)
VALUES ('f4c243fe-418b-93f9-5535-53eb047524e4', '7b0b5f60-47be-c07e-9585-af9a20b6d773', 'product_9', 460.0, 2);
INSERT INTO order_items (order_id, product_id, product_name, product_price, quantity)
VALUES ('f4c243fe-418b-93f9-5535-53eb047524e4', 'ec61223f-a380-dd08-f9eb-461b3c2f80e6', 'product_163', 120.0, 1);
INSERT INTO order_items (order_id, product_id, product_name, product_price, quantity)
VALUES ('f4c243fe-418b-93f9-5535-53eb047524e4', '12dd0c72-4671-5cd8-b7da-98389426555c', 'product_228', 0.0, 1);
INSERT INTO order_items (order_id, product_id, product_name, product_price, quantity)
VALUES ('f4c243fe-418b-93f9-5535-53eb047524e4', '0caff6fe-c574-8665-33ca-5f2cee71ebb2', 'product_35', 190.0, 1);
INSERT INTO orders (id, venue_id, number, status, total_amount, opened_at, closed_at, table_number)
VALUES ('c128017e-d5a2-94a8-539a-a8bcbce7b199', '00000000-0000-0000-0000-000000000010', '6374', 'paid', 1380.0, '2026-02-09 09:59:39', '2026-02-09 09:59:39', '12');
INSERT INTO order_items (order_id, product_id, product_name, product_price, quantity)
VALUES ('c128017e-d5a2-94a8-539a-a8bcbce7b199', '7b0b5f60-47be-c07e-9585-af9a20b6d773', 'product_9', 460.0, 2);
INSERT INTO order_items (order_id, product_id, product_name, product_price, quantity)
VALUES ('c128017e-d5a2-94a8-539a-a8bcbce7b199', '021231f4-e9fa-ecbb-5f2a-ad1321ca42ea', 'product_59', 230.0, 2);
INSERT INTO orders (id, venue_id, number, status, total_amount, opened_at, closed_at, table_number)
VALUES ('54188d87-3734-3bd9-5c43-c0ef8ef8c05d', '00000000-0000-0000-0000-000000000010', '6373', 'paid', 470.0, '2026-02-08 19:56:07', '2026-02-08 19:56:07', '2');
INSERT INTO order_items (order_id, product_id, product_name, product_price, quantity)
VALUES ('54188d87-3734-3bd9-5c43-c0ef8ef8c05d', '0caff6fe-c574-8665-33ca-5f2cee71ebb2', 'product_35', 190.0, 1);
INSERT INTO order_items (order_id, product_id, product_name, product_price, quantity)
VALUES ('54188d87-3734-3bd9-5c43-c0ef8ef8c05d', 'ba6fbcf2-1f2b-909a-e5f9-b9c5fe635c92', 'product_187', 50.0, 1);
INSERT INTO order_items (order_id, product_id, product_name, product_price, quantity)
VALUES ('54188d87-3734-3bd9-5c43-c0ef8ef8c05d', '021231f4-e9fa-ecbb-5f2a-ad1321ca42ea', 'product_59', 230.0, 1);
INSERT INTO payments (order_id, venue_id, method, amount)
VALUES ('54188d87-3734-3bd9-5c43-c0ef8ef8c05d', '00000000-0000-0000-0000-000000000010', 'card', 470.0);
INSERT INTO orders (id, venue_id, number, status, total_amount, opened_at, closed_at, table_number)
VALUES ('d6801ede-fc64-0e88-6b19-87a6a9aed94a', '00000000-0000-0000-0000-000000000010', '6371', 'paid', 1930.0, '2026-02-08 19:06:35', '2026-02-08 19:06:35', '1');
INSERT INTO order_items (order_id, product_id, product_name, product_price, quantity)
VALUES ('d6801ede-fc64-0e88-6b19-87a6a9aed94a', '338bdc4d-fbd5-43ad-a7a7-3951ceca3a16', 'product_97', 260.0, 2);
INSERT INTO order_items (order_id, product_id, product_name, product_price, quantity)
VALUES ('d6801ede-fc64-0e88-6b19-87a6a9aed94a', '5c3938ac-271e-5674-37aa-116c20435202', 'product_234', 370.0, 1);
INSERT INTO order_items (order_id, product_id, product_name, product_price, quantity)
VALUES ('d6801ede-fc64-0e88-6b19-87a6a9aed94a', '81b3193a-f1f9-6ba6-5630-5c911f0c4a69', 'product_48', 220.0, 1);
INSERT INTO order_items (order_id, product_id, product_name, product_price, quantity)
VALUES ('d6801ede-fc64-0e88-6b19-87a6a9aed94a', 'f35a1ebf-94b4-c196-4fdb-5698a8e21330', 'product_170', 820.0, 1);
INSERT INTO payments (order_id, venue_id, method, amount)
VALUES ('d6801ede-fc64-0e88-6b19-87a6a9aed94a', '00000000-0000-0000-0000-000000000010', 'card', 1930.0);
INSERT INTO orders (id, venue_id, number, status, total_amount, opened_at, closed_at, table_number)
VALUES ('ecf4e1fe-b221-88d9-0624-9ea81f6db4c6', '00000000-0000-0000-0000-000000000010', '6372', 'paid', 2180.0, '2026-02-08 17:13:41', '2026-02-08 17:13:41', '2');
INSERT INTO order_items (order_id, product_id, product_name, product_price, quantity)
VALUES ('ecf4e1fe-b221-88d9-0624-9ea81f6db4c6', 'c0fb869e-f434-07cb-f666-b9f7e55d4032', 'product_113', 770.0, 2);
INSERT INTO order_items (order_id, product_id, product_name, product_price, quantity)
VALUES ('ecf4e1fe-b221-88d9-0624-9ea81f6db4c6', '8b7920ef-e954-d760-2a69-99cafc830c2e', 'product_171', 270.0, 1);
INSERT INTO order_items (order_id, product_id, product_name, product_price, quantity)
VALUES ('ecf4e1fe-b221-88d9-0624-9ea81f6db4c6', '09d404dd-f87b-b319-4eda-9ce7c697868d', 'product_32', 370.0, 1);
INSERT INTO payments (order_id, venue_id, method, amount)
VALUES ('ecf4e1fe-b221-88d9-0624-9ea81f6db4c6', '00000000-0000-0000-0000-000000000010', 'cash', 2180.0);
INSERT INTO orders (id, venue_id, number, status, total_amount, opened_at, closed_at, table_number)
VALUES ('cdf3f3f7-200e-f2c2-5fd7-7d776fd1c894', '00000000-0000-0000-0000-000000000010', '6368', 'paid', 380.0, '2026-02-08 15:50:22', '2026-02-08 15:50:22', '10');
INSERT INTO order_items (order_id, product_id, product_name, product_price, quantity)
VALUES ('cdf3f3f7-200e-f2c2-5fd7-7d776fd1c894', '260b99e2-59bd-a3dc-c313-434aff0daf54', 'product_144', 190.0, 2);
INSERT INTO payments (order_id, venue_id, method, amount)
VALUES ('cdf3f3f7-200e-f2c2-5fd7-7d776fd1c894', '00000000-0000-0000-0000-000000000010', 'card', 380.0);
INSERT INTO orders (id, venue_id, number, status, total_amount, opened_at, closed_at, table_number)
VALUES ('932b561f-f313-4276-f6a7-889d374eb26a', '00000000-0000-0000-0000-000000000010', '6367', 'paid', 920.0, '2026-02-08 14:26:34', '2026-02-08 14:26:34', '7');
INSERT INTO order_items (order_id, product_id, product_name, product_price, quantity)
VALUES ('932b561f-f313-4276-f6a7-889d374eb26a', '627b586a-57c8-d217-1549-c47bb32192ac', 'product_26', 460.0, 2);
INSERT INTO payments (order_id, venue_id, method, amount)
VALUES ('932b561f-f313-4276-f6a7-889d374eb26a', '00000000-0000-0000-0000-000000000010', 'card', 920.0);
INSERT INTO orders (id, venue_id, number, status, total_amount, opened_at, closed_at, table_number)
VALUES ('8273a0fc-76d0-d6e7-fc43-8f743a00ce3c', '00000000-0000-0000-0000-000000000010', '6362', 'paid', 620.0, '2026-02-08 13:39:35', '2026-02-08 13:39:35', '3');
INSERT INTO order_items (order_id, product_id, product_name, product_price, quantity)
VALUES ('8273a0fc-76d0-d6e7-fc43-8f743a00ce3c', '12dd0c72-4671-5cd8-b7da-98389426555c', 'product_228', 0.0, 1);
INSERT INTO order_items (order_id, product_id, product_name, product_price, quantity)
VALUES ('8273a0fc-76d0-d6e7-fc43-8f743a00ce3c', '2e331f2f-b6fd-7898-11b0-9b0e3a2e58be', 'product_57', 180.0, 2);
INSERT INTO order_items (order_id, product_id, product_name, product_price, quantity)
VALUES ('8273a0fc-76d0-d6e7-fc43-8f743a00ce3c', '338bdc4d-fbd5-43ad-a7a7-3951ceca3a16', 'product_97', 260.0, 1);
INSERT INTO orders (id, venue_id, number, status, total_amount, opened_at, closed_at, table_number)
VALUES ('6e1e9621-f0eb-f918-ace4-bcf48e33b249', '00000000-0000-0000-0000-000000000010', '6366', 'paid', 0.0, '2026-02-08 13:39:28', '2026-02-08 13:39:28', '9');
INSERT INTO order_items (order_id, product_id, product_name, product_price, quantity)
VALUES ('6e1e9621-f0eb-f918-ace4-bcf48e33b249', '82c55340-bd07-2a9a-a6cc-6ce377f958f2', 'product_148', 0.0, 1);
INSERT INTO orders (id, venue_id, number, status, total_amount, opened_at, closed_at, table_number)
VALUES ('5377b77b-ec23-721a-7cf7-e54b5b555dab', '00000000-0000-0000-0000-000000000010', '6361', 'paid', 2440.0, '2026-02-08 10:52:51', '2026-02-08 10:52:51', '1');
INSERT INTO order_items (order_id, product_id, product_name, product_price, quantity)
VALUES ('5377b77b-ec23-721a-7cf7-e54b5b555dab', '8d266d35-f6a4-b267-e097-564510f7f857', 'product_12', 270.0, 2);
INSERT INTO order_items (order_id, product_id, product_name, product_price, quantity)
VALUES ('5377b77b-ec23-721a-7cf7-e54b5b555dab', '2836be19-8d27-0aa1-68ed-3bbc6cf94fb8', 'product_13', 270.0, 1);
INSERT INTO order_items (order_id, product_id, product_name, product_price, quantity)
VALUES ('5377b77b-ec23-721a-7cf7-e54b5b555dab', '497d0040-b877-bebf-95b7-582bf7a5e783', 'product_174', 250.0, 1);
INSERT INTO order_items (order_id, product_id, product_name, product_price, quantity)
VALUES ('5377b77b-ec23-721a-7cf7-e54b5b555dab', '021231f4-e9fa-ecbb-5f2a-ad1321ca42ea', 'product_59', 230.0, 1);
INSERT INTO order_items (order_id, product_id, product_name, product_price, quantity)
VALUES ('5377b77b-ec23-721a-7cf7-e54b5b555dab', 'd46f67a1-e1dd-e079-0b5c-329f6422c4d4', 'product_60', 280.0, 1);
INSERT INTO order_items (order_id, product_id, product_name, product_price, quantity)
VALUES ('5377b77b-ec23-721a-7cf7-e54b5b555dab', '0caff6fe-c574-8665-33ca-5f2cee71ebb2', 'product_35', 190.0, 1);
INSERT INTO order_items (order_id, product_id, product_name, product_price, quantity)
VALUES ('5377b77b-ec23-721a-7cf7-e54b5b555dab', '12dd0c72-4671-5cd8-b7da-98389426555c', 'product_228', 0.0, 1);
INSERT INTO order_items (order_id, product_id, product_name, product_price, quantity)
VALUES ('5377b77b-ec23-721a-7cf7-e54b5b555dab', '7c7c305a-92ed-bc40-0bb5-1155fc4e313f', 'product_99', 220.0, 1);
INSERT INTO order_items (order_id, product_id, product_name, product_price, quantity)
VALUES ('5377b77b-ec23-721a-7cf7-e54b5b555dab', '7b0b5f60-47be-c07e-9585-af9a20b6d773', 'product_9', 460.0, 1);
INSERT INTO payments (order_id, venue_id, method, amount)
VALUES ('5377b77b-ec23-721a-7cf7-e54b5b555dab', '00000000-0000-0000-0000-000000000010', 'card', 680.0);
INSERT INTO orders (id, venue_id, number, status, total_amount, opened_at, closed_at, table_number)
VALUES ('71084228-ad63-850f-18a6-3f5f3dc6e19e', '00000000-0000-0000-0000-000000000010', '6365', 'paid', 0.0, '2026-02-08 10:48:43', '2026-02-08 10:48:43', '9');
INSERT INTO order_items (order_id, product_id, product_name, product_price, quantity)
VALUES ('71084228-ad63-850f-18a6-3f5f3dc6e19e', '1afe238c-a186-0e67-9e9d-d39b8c4abe8a', 'product_229', 0.0, 1);
INSERT INTO orders (id, venue_id, number, status, total_amount, opened_at, closed_at, table_number)
VALUES ('7cffe2b6-5de5-3ab9-5f03-d1ba5266d927', '00000000-0000-0000-0000-000000000010', '6364', 'paid', 0.0, '2026-02-08 10:48:30', '2026-02-08 10:48:30', '9');
INSERT INTO order_items (order_id, product_id, product_name, product_price, quantity)
VALUES ('7cffe2b6-5de5-3ab9-5f03-d1ba5266d927', '82c55340-bd07-2a9a-a6cc-6ce377f958f2', 'product_148', 0.0, 1);
INSERT INTO orders (id, venue_id, number, status, total_amount, opened_at, closed_at, table_number)
VALUES ('cc55b9ea-55e0-4530-0019-98af211b485e', '00000000-0000-0000-0000-000000000010', '6359', 'paid', 4030.0, '2026-02-08 09:29:06', '2026-02-08 09:29:06', '12');
INSERT INTO order_items (order_id, product_id, product_name, product_price, quantity)
VALUES ('cc55b9ea-55e0-4530-0019-98af211b485e', '338bdc4d-fbd5-43ad-a7a7-3951ceca3a16', 'product_97', 260.0, 1);
INSERT INTO order_items (order_id, product_id, product_name, product_price, quantity)
VALUES ('cc55b9ea-55e0-4530-0019-98af211b485e', 'eb1260af-ca5f-c811-fd1c-bf1664229477', 'product_115', 310.0, 3);
INSERT INTO order_items (order_id, product_id, product_name, product_price, quantity)
VALUES ('cc55b9ea-55e0-4530-0019-98af211b485e', 'c0fb869e-f434-07cb-f666-b9f7e55d4032', 'product_113', 770.0, 2);
INSERT INTO order_items (order_id, product_id, product_name, product_price, quantity)
VALUES ('cc55b9ea-55e0-4530-0019-98af211b485e', '6599a59a-6cf7-70c9-0971-07a0078ce7cf', 'product_128', 380.0, 2);
INSERT INTO order_items (order_id, product_id, product_name, product_price, quantity)
VALUES ('cc55b9ea-55e0-4530-0019-98af211b485e', '8b7920ef-e954-d760-2a69-99cafc830c2e', 'product_171', 270.0, 2);
INSERT INTO payments (order_id, venue_id, method, amount)
VALUES ('cc55b9ea-55e0-4530-0019-98af211b485e', '00000000-0000-0000-0000-000000000010', 'card', 4030.0);
INSERT INTO orders (id, venue_id, number, status, total_amount, opened_at, closed_at, table_number)
VALUES ('fff5c900-d175-e4cc-4e79-ca28067a9f85', '00000000-0000-0000-0000-000000000010', '6360', 'paid', 2830.0, '2026-02-07 20:17:16', '2026-02-07 20:17:16', '7');
INSERT INTO order_items (order_id, product_id, product_name, product_price, quantity)
VALUES ('fff5c900-d175-e4cc-4e79-ca28067a9f85', '7a291d79-c795-0f76-118b-25d10a078238', 'product_191', 370.0, 1);
INSERT INTO order_items (order_id, product_id, product_name, product_price, quantity)
VALUES ('fff5c900-d175-e4cc-4e79-ca28067a9f85', '627b586a-57c8-d217-1549-c47bb32192ac', 'product_26', 460.0, 2);
INSERT INTO order_items (order_id, product_id, product_name, product_price, quantity)
VALUES ('fff5c900-d175-e4cc-4e79-ca28067a9f85', 'badf5f45-b516-78fa-fbe7-ff32ed526953', 'product_226', 720.0, 1);
INSERT INTO order_items (order_id, product_id, product_name, product_price, quantity)
VALUES ('fff5c900-d175-e4cc-4e79-ca28067a9f85', 'ba729be8-36f6-fb9a-7e2c-4b99753cb652', 'product_217', 600.0, 1);
INSERT INTO order_items (order_id, product_id, product_name, product_price, quantity)
VALUES ('fff5c900-d175-e4cc-4e79-ca28067a9f85', '7c7c305a-92ed-bc40-0bb5-1155fc4e313f', 'product_99', 220.0, 1);
INSERT INTO payments (order_id, venue_id, method, amount)
VALUES ('fff5c900-d175-e4cc-4e79-ca28067a9f85', '00000000-0000-0000-0000-000000000010', 'card', 2830.0);
INSERT INTO orders (id, venue_id, number, status, total_amount, opened_at, closed_at, table_number)
VALUES ('c060640a-d470-5f20-1ef4-4afc06ca1296', '00000000-0000-0000-0000-000000000010', '6357', 'paid', 5570.0, '2026-02-07 18:44:38', '2026-02-07 18:44:38', '7');
INSERT INTO order_items (order_id, product_id, product_name, product_price, quantity)
VALUES ('c060640a-d470-5f20-1ef4-4afc06ca1296', 'c0fb869e-f434-07cb-f666-b9f7e55d4032', 'product_113', 770.0, 6);
INSERT INTO order_items (order_id, product_id, product_name, product_price, quantity)
VALUES ('c060640a-d470-5f20-1ef4-4afc06ca1296', '260b99e2-59bd-a3dc-c313-434aff0daf54', 'product_144', 190.0, 5);
INSERT INTO payments (order_id, venue_id, method, amount)
VALUES ('c060640a-d470-5f20-1ef4-4afc06ca1296', '00000000-0000-0000-0000-000000000010', 'card', 5570.0);
INSERT INTO orders (id, venue_id, number, status, total_amount, opened_at, closed_at, table_number)
VALUES ('271d0599-5d96-6cd0-75aa-7fd49ff138af', '00000000-0000-0000-0000-000000000010', '6358', 'paid', 1540.0, '2026-02-07 18:26:43', '2026-02-07 18:26:43', '1');
INSERT INTO order_items (order_id, product_id, product_name, product_price, quantity)
VALUES ('271d0599-5d96-6cd0-75aa-7fd49ff138af', '021231f4-e9fa-ecbb-5f2a-ad1321ca42ea', 'product_59', 230.0, 2);
INSERT INTO order_items (order_id, product_id, product_name, product_price, quantity)
VALUES ('271d0599-5d96-6cd0-75aa-7fd49ff138af', 'd46f67a1-e1dd-e079-0b5c-329f6422c4d4', 'product_60', 280.0, 1);
INSERT INTO order_items (order_id, product_id, product_name, product_price, quantity)
VALUES ('271d0599-5d96-6cd0-75aa-7fd49ff138af', 'da98da7c-a663-0228-294e-97c1fae50fd1', 'product_54', 180.0, 1);
INSERT INTO order_items (order_id, product_id, product_name, product_price, quantity)
VALUES ('271d0599-5d96-6cd0-75aa-7fd49ff138af', 'eb1260af-ca5f-c811-fd1c-bf1664229477', 'product_115', 310.0, 2);
INSERT INTO payments (order_id, venue_id, method, amount)
VALUES ('271d0599-5d96-6cd0-75aa-7fd49ff138af', '00000000-0000-0000-0000-000000000010', 'cash', 1540.0);
INSERT INTO orders (id, venue_id, number, status, total_amount, opened_at, closed_at, table_number)
VALUES ('e4d67873-65ed-8d29-c9aa-b90de9a5b226', '00000000-0000-0000-0000-000000000010', '6356', 'paid', 1110.0, '2026-02-07 16:30:30', '2026-02-07 16:30:30', '1');
INSERT INTO order_items (order_id, product_id, product_name, product_price, quantity)
VALUES ('e4d67873-65ed-8d29-c9aa-b90de9a5b226', '021231f4-e9fa-ecbb-5f2a-ad1321ca42ea', 'product_59', 230.0, 2);
INSERT INTO order_items (order_id, product_id, product_name, product_price, quantity)
VALUES ('e4d67873-65ed-8d29-c9aa-b90de9a5b226', 'f35ae6ee-40da-7479-c64b-612bff507023', 'product_31', 370.0, 1);
INSERT INTO order_items (order_id, product_id, product_name, product_price, quantity)
VALUES ('e4d67873-65ed-8d29-c9aa-b90de9a5b226', 'd46f67a1-e1dd-e079-0b5c-329f6422c4d4', 'product_60', 280.0, 1);
INSERT INTO payments (order_id, venue_id, method, amount)
VALUES ('e4d67873-65ed-8d29-c9aa-b90de9a5b226', '00000000-0000-0000-0000-000000000010', 'card', 1110.0);
INSERT INTO orders (id, venue_id, number, status, total_amount, opened_at, closed_at, table_number)
VALUES ('35143339-912a-d0e9-f573-3ac338a525fe', '00000000-0000-0000-0000-000000000010', '6354', 'paid', 2290.0, '2026-02-07 16:02:48', '2026-02-07 16:02:48', '2');
INSERT INTO order_items (order_id, product_id, product_name, product_price, quantity)
VALUES ('35143339-912a-d0e9-f573-3ac338a525fe', '1a9038b5-12c1-4b41-756a-ce6d8bb0fac8', 'product_114', 670.0, 1);
INSERT INTO order_items (order_id, product_id, product_name, product_price, quantity)
VALUES ('35143339-912a-d0e9-f573-3ac338a525fe', '81b3193a-f1f9-6ba6-5630-5c911f0c4a69', 'product_48', 220.0, 1);
INSERT INTO order_items (order_id, product_id, product_name, product_price, quantity)
VALUES ('35143339-912a-d0e9-f573-3ac338a525fe', 'da98da7c-a663-0228-294e-97c1fae50fd1', 'product_54', 180.0, 1);
INSERT INTO order_items (order_id, product_id, product_name, product_price, quantity)
VALUES ('35143339-912a-d0e9-f573-3ac338a525fe', '5c3938ac-271e-5674-37aa-116c20435202', 'product_234', 370.0, 1);
INSERT INTO order_items (order_id, product_id, product_name, product_price, quantity)
VALUES ('35143339-912a-d0e9-f573-3ac338a525fe', 'badf5f45-b516-78fa-fbe7-ff32ed526953', 'product_226', 720.0, 1);
INSERT INTO order_items (order_id, product_id, product_name, product_price, quantity)
VALUES ('35143339-912a-d0e9-f573-3ac338a525fe', '966437e8-b784-92e7-0afa-ff8bde6f1e53', 'product_145', 130.0, 1);
INSERT INTO payments (order_id, venue_id, method, amount)
VALUES ('35143339-912a-d0e9-f573-3ac338a525fe', '00000000-0000-0000-0000-000000000010', 'card', 2290.0);
INSERT INTO orders (id, venue_id, number, status, total_amount, opened_at, closed_at, table_number)
VALUES ('85c1aa38-00be-6f00-442f-10b3ec59ebe5', '00000000-0000-0000-0000-000000000010', '6355', 'paid', 230.0, '2026-02-07 15:43:35', '2026-02-07 15:43:35', '16');
INSERT INTO order_items (order_id, product_id, product_name, product_price, quantity)
VALUES ('85c1aa38-00be-6f00-442f-10b3ec59ebe5', '021231f4-e9fa-ecbb-5f2a-ad1321ca42ea', 'product_59', 230.0, 1);
INSERT INTO payments (order_id, venue_id, method, amount)
VALUES ('85c1aa38-00be-6f00-442f-10b3ec59ebe5', '00000000-0000-0000-0000-000000000010', 'card', 230.0);
INSERT INTO orders (id, venue_id, number, status, total_amount, opened_at, closed_at, table_number)
VALUES ('ebd205f4-271d-5afa-c8a2-269a5e04c517', '00000000-0000-0000-0000-000000000010', '6352', 'paid', 3600.0, '2026-02-07 15:30:13', '2026-02-07 15:30:13', '7');
INSERT INTO order_items (order_id, product_id, product_name, product_price, quantity)
VALUES ('ebd205f4-271d-5afa-c8a2-269a5e04c517', '7a291d79-c795-0f76-118b-25d10a078238', 'product_191', 370.0, 1);
INSERT INTO order_items (order_id, product_id, product_name, product_price, quantity)
VALUES ('ebd205f4-271d-5afa-c8a2-269a5e04c517', '09d404dd-f87b-b319-4eda-9ce7c697868d', 'product_32', 370.0, 1);
INSERT INTO order_items (order_id, product_id, product_name, product_price, quantity)
VALUES ('ebd205f4-271d-5afa-c8a2-269a5e04c517', '38432f7f-ba41-eaa0-7e46-d791008e4b02', 'product_6', 510.0, 2);
INSERT INTO order_items (order_id, product_id, product_name, product_price, quantity)
VALUES ('ebd205f4-271d-5afa-c8a2-269a5e04c517', '7b0b5f60-47be-c07e-9585-af9a20b6d773', 'product_9', 460.0, 2);
INSERT INTO order_items (order_id, product_id, product_name, product_price, quantity)
VALUES ('ebd205f4-271d-5afa-c8a2-269a5e04c517', '627b586a-57c8-d217-1549-c47bb32192ac', 'product_26', 460.0, 2);
INSERT INTO payments (order_id, venue_id, method, amount)
VALUES ('ebd205f4-271d-5afa-c8a2-269a5e04c517', '00000000-0000-0000-0000-000000000010', 'card', 3600.0);
INSERT INTO orders (id, venue_id, number, status, total_amount, opened_at, closed_at, table_number)
VALUES ('f4161195-362d-b246-2590-318f447617bd', '00000000-0000-0000-0000-000000000010', '6349', 'paid', 930.0, '2026-02-07 12:54:20', '2026-02-07 12:54:20', '2');
INSERT INTO order_items (order_id, product_id, product_name, product_price, quantity)
VALUES ('f4161195-362d-b246-2590-318f447617bd', 'b9bdca4d-a423-6c36-2351-10cf52ff0eec', 'product_230', 0.0, 1);
INSERT INTO order_items (order_id, product_id, product_name, product_price, quantity)
VALUES ('f4161195-362d-b246-2590-318f447617bd', '2836be19-8d27-0aa1-68ed-3bbc6cf94fb8', 'product_13', 270.0, 1);
INSERT INTO order_items (order_id, product_id, product_name, product_price, quantity)
VALUES ('f4161195-362d-b246-2590-318f447617bd', '9d00fee6-5b1a-acb8-1114-e668525ce1a6', 'product_200', 330.0, 2);
INSERT INTO orders (id, venue_id, number, status, total_amount, opened_at, closed_at, table_number)
VALUES ('decf1a43-0483-0fc2-6283-9a0595de4a6e', '00000000-0000-0000-0000-000000000010', '6351', 'paid', 820.0, '2026-02-07 12:53:59', '2026-02-07 12:53:59', '13');
INSERT INTO order_items (order_id, product_id, product_name, product_price, quantity)
VALUES ('decf1a43-0483-0fc2-6283-9a0595de4a6e', 'b9bdca4d-a423-6c36-2351-10cf52ff0eec', 'product_230', 0.0, 1);
INSERT INTO order_items (order_id, product_id, product_name, product_price, quantity)
VALUES ('decf1a43-0483-0fc2-6283-9a0595de4a6e', '94d2bddc-c99f-2985-f8eb-9d8a4a995ad3', 'product_10', 300.0, 1);
INSERT INTO order_items (order_id, product_id, product_name, product_price, quantity)
VALUES ('decf1a43-0483-0fc2-6283-9a0595de4a6e', 'a2b39819-292c-0b80-799d-c77d7020fc9d', 'product_34', 190.0, 1);
INSERT INTO order_items (order_id, product_id, product_name, product_price, quantity)
VALUES ('decf1a43-0483-0fc2-6283-9a0595de4a6e', '9d00fee6-5b1a-acb8-1114-e668525ce1a6', 'product_200', 330.0, 1);
INSERT INTO orders (id, venue_id, number, status, total_amount, opened_at, closed_at, table_number)
VALUES ('bddea1e3-92fd-0a24-6858-08a3f48b09f9', '00000000-0000-0000-0000-000000000010', '6348', 'paid', 2270.0, '2026-02-07 11:25:22', '2026-02-07 11:25:22', '1');
INSERT INTO order_items (order_id, product_id, product_name, product_price, quantity)
VALUES ('bddea1e3-92fd-0a24-6858-08a3f48b09f9', '6599a59a-6cf7-70c9-0971-07a0078ce7cf', 'product_128', 380.0, 2);
INSERT INTO order_items (order_id, product_id, product_name, product_price, quantity)
VALUES ('bddea1e3-92fd-0a24-6858-08a3f48b09f9', '260b99e2-59bd-a3dc-c313-434aff0daf54', 'product_144', 190.0, 4);
INSERT INTO order_items (order_id, product_id, product_name, product_price, quantity)
VALUES ('bddea1e3-92fd-0a24-6858-08a3f48b09f9', 'b627abd9-fb00-28f4-a09b-09fcb24019c0', 'product_132', 150.0, 5);
INSERT INTO payments (order_id, venue_id, method, amount)
VALUES ('bddea1e3-92fd-0a24-6858-08a3f48b09f9', '00000000-0000-0000-0000-000000000010', 'cash', 2270.0);
INSERT INTO orders (id, venue_id, number, status, total_amount, opened_at, closed_at, table_number)
VALUES ('02be13a3-123c-f07a-1c86-6187826ad93c', '00000000-0000-0000-0000-000000000010', '6347', 'paid', 2700.0, '2026-02-07 11:23:27', '2026-02-07 11:23:27', '10');
INSERT INTO order_items (order_id, product_id, product_name, product_price, quantity)
VALUES ('02be13a3-123c-f07a-1c86-6187826ad93c', 'badf5f45-b516-78fa-fbe7-ff32ed526953', 'product_226', 720.0, 1);
INSERT INTO order_items (order_id, product_id, product_name, product_price, quantity)
VALUES ('02be13a3-123c-f07a-1c86-6187826ad93c', 'c0fb869e-f434-07cb-f666-b9f7e55d4032', 'product_113', 770.0, 1);
INSERT INTO order_items (order_id, product_id, product_name, product_price, quantity)
VALUES ('02be13a3-123c-f07a-1c86-6187826ad93c', '951f4bf6-be55-0e75-59a9-7e580a0d07c4', 'product_14', 640.0, 1);
INSERT INTO order_items (order_id, product_id, product_name, product_price, quantity)
VALUES ('02be13a3-123c-f07a-1c86-6187826ad93c', '7a291d79-c795-0f76-118b-25d10a078238', 'product_191', 370.0, 1);
INSERT INTO order_items (order_id, product_id, product_name, product_price, quantity)
VALUES ('02be13a3-123c-f07a-1c86-6187826ad93c', '09d9bcce-e54b-d518-c5bf-1c5d4b683d38', 'product_50', 200.0, 1);
INSERT INTO payments (order_id, venue_id, method, amount)
VALUES ('02be13a3-123c-f07a-1c86-6187826ad93c', '00000000-0000-0000-0000-000000000010', 'card', 2700.0);
INSERT INTO orders (id, venue_id, number, status, total_amount, opened_at, closed_at, table_number)
VALUES ('2b4f2a89-3317-eab8-05e7-0719c0f4e562', '00000000-0000-0000-0000-000000000010', '6350', 'paid', 460.0, '2026-02-07 11:22:59', '2026-02-07 11:22:59', '3');
INSERT INTO order_items (order_id, product_id, product_name, product_price, quantity)
VALUES ('2b4f2a89-3317-eab8-05e7-0719c0f4e562', '021231f4-e9fa-ecbb-5f2a-ad1321ca42ea', 'product_59', 230.0, 2);
INSERT INTO payments (order_id, venue_id, method, amount)
VALUES ('2b4f2a89-3317-eab8-05e7-0719c0f4e562', '00000000-0000-0000-0000-000000000010', 'cash', 460.0);
INSERT INTO orders (id, venue_id, number, status, total_amount, opened_at, closed_at, table_number)
VALUES ('0f033189-c088-699c-8868-d8fbf3309218', '00000000-0000-0000-0000-000000000010', '6346', 'paid', 0.0, '2026-02-05 12:40:07', '2026-02-05 12:40:07', '9');
INSERT INTO order_items (order_id, product_id, product_name, product_price, quantity)
VALUES ('0f033189-c088-699c-8868-d8fbf3309218', '1afe238c-a186-0e67-9e9d-d39b8c4abe8a', 'product_229', 0.0, 1);
INSERT INTO orders (id, venue_id, number, status, total_amount, opened_at, closed_at, table_number)
VALUES ('fc4e48c8-b872-ec97-ab41-3af531fb33bc', '00000000-0000-0000-0000-000000000010', '6338', 'paid', 0.0, '2026-02-05 12:35:36', '2026-02-05 12:35:36', '11');
INSERT INTO orders (id, venue_id, number, status, total_amount, opened_at, closed_at, table_number)
VALUES ('952fb665-d52f-8a05-1c98-2caf1792476d', '00000000-0000-0000-0000-000000000010', '6345', 'paid', 910.0, '2026-02-05 12:35:28', '2026-02-05 12:35:28', '10');
INSERT INTO order_items (order_id, product_id, product_name, product_price, quantity)
VALUES ('952fb665-d52f-8a05-1c98-2caf1792476d', '94d2bddc-c99f-2985-f8eb-9d8a4a995ad3', 'product_10', 300.0, 1);
INSERT INTO order_items (order_id, product_id, product_name, product_price, quantity)
VALUES ('952fb665-d52f-8a05-1c98-2caf1792476d', 'b9bdca4d-a423-6c36-2351-10cf52ff0eec', 'product_230', 0.0, 3);
INSERT INTO order_items (order_id, product_id, product_name, product_price, quantity)
VALUES ('952fb665-d52f-8a05-1c98-2caf1792476d', 'd46f67a1-e1dd-e079-0b5c-329f6422c4d4', 'product_60', 280.0, 1);
INSERT INTO order_items (order_id, product_id, product_name, product_price, quantity)
VALUES ('952fb665-d52f-8a05-1c98-2caf1792476d', '9d00fee6-5b1a-acb8-1114-e668525ce1a6', 'product_200', 330.0, 1);
INSERT INTO orders (id, venue_id, number, status, total_amount, opened_at, closed_at, table_number)
VALUES ('bda4ef4c-4916-64c6-6310-72fb81ea8722', '00000000-0000-0000-0000-000000000010', '6343', 'paid', 370.0, '2026-02-05 12:24:46', '2026-02-05 12:24:46', '3');
INSERT INTO order_items (order_id, product_id, product_name, product_price, quantity)
VALUES ('bda4ef4c-4916-64c6-6310-72fb81ea8722', 'da98da7c-a663-0228-294e-97c1fae50fd1', 'product_54', 180.0, 1);
INSERT INTO order_items (order_id, product_id, product_name, product_price, quantity)
VALUES ('bda4ef4c-4916-64c6-6310-72fb81ea8722', '0caff6fe-c574-8665-33ca-5f2cee71ebb2', 'product_35', 190.0, 1);
INSERT INTO payments (order_id, venue_id, method, amount)
VALUES ('bda4ef4c-4916-64c6-6310-72fb81ea8722', '00000000-0000-0000-0000-000000000010', 'cash', 370.0);
INSERT INTO orders (id, venue_id, number, status, total_amount, opened_at, closed_at, table_number)
VALUES ('465ce4a9-814b-512c-ce54-6fbeb914d797', '00000000-0000-0000-0000-000000000010', '6316', 'paid', 4030.0, '2026-02-05 12:22:15', '2026-02-05 12:22:15', '13');
INSERT INTO order_items (order_id, product_id, product_name, product_price, quantity)
VALUES ('465ce4a9-814b-512c-ce54-6fbeb914d797', 'c0fb869e-f434-07cb-f666-b9f7e55d4032', 'product_113', 770.0, 1);
INSERT INTO order_items (order_id, product_id, product_name, product_price, quantity)
VALUES ('465ce4a9-814b-512c-ce54-6fbeb914d797', '021231f4-e9fa-ecbb-5f2a-ad1321ca42ea', 'product_59', 230.0, 3);
INSERT INTO order_items (order_id, product_id, product_name, product_price, quantity)
VALUES ('465ce4a9-814b-512c-ce54-6fbeb914d797', '81b3193a-f1f9-6ba6-5630-5c911f0c4a69', 'product_48', 220.0, 1);
INSERT INTO order_items (order_id, product_id, product_name, product_price, quantity)
VALUES ('465ce4a9-814b-512c-ce54-6fbeb914d797', '1a9038b5-12c1-4b41-756a-ce6d8bb0fac8', 'product_114', 670.0, 2);
INSERT INTO order_items (order_id, product_id, product_name, product_price, quantity)
VALUES ('465ce4a9-814b-512c-ce54-6fbeb914d797', '5f05b996-99f5-dfcb-e4b9-79078ca1f540', 'product_100', 460.0, 1);
INSERT INTO order_items (order_id, product_id, product_name, product_price, quantity)
VALUES ('465ce4a9-814b-512c-ce54-6fbeb914d797', '1649694a-a1df-1a36-ccd0-08ba48ab2fd1', 'product_36', 550.0, 1);
INSERT INTO payments (order_id, venue_id, method, amount)
VALUES ('465ce4a9-814b-512c-ce54-6fbeb914d797', '00000000-0000-0000-0000-000000000010', 'card', 4030.0);
INSERT INTO orders (id, venue_id, number, status, total_amount, opened_at, closed_at, table_number)
VALUES ('a80d4c03-4b3c-2cb7-410d-1ac8bb345dcb', '00000000-0000-0000-0000-000000000010', '6336', 'paid', 1540.0, '2026-02-05 10:56:59', '2026-02-05 10:56:59', '12');
INSERT INTO order_items (order_id, product_id, product_name, product_price, quantity)
VALUES ('a80d4c03-4b3c-2cb7-410d-1ac8bb345dcb', '7f688518-4003-c783-7333-b947a8856b49', 'product_28', 470.0, 1);
INSERT INTO order_items (order_id, product_id, product_name, product_price, quantity)
VALUES ('a80d4c03-4b3c-2cb7-410d-1ac8bb345dcb', 'e81dc667-2a7e-c5f0-b886-e7a3451b0fd2', 'product_219', 570.0, 1);
INSERT INTO order_items (order_id, product_id, product_name, product_price, quantity)
VALUES ('a80d4c03-4b3c-2cb7-410d-1ac8bb345dcb', '09d9bcce-e54b-d518-c5bf-1c5d4b683d38', 'product_50', 200.0, 1);
INSERT INTO order_items (order_id, product_id, product_name, product_price, quantity)
VALUES ('a80d4c03-4b3c-2cb7-410d-1ac8bb345dcb', '94d2bddc-c99f-2985-f8eb-9d8a4a995ad3', 'product_10', 300.0, 1);
INSERT INTO order_items (order_id, product_id, product_name, product_price, quantity)
VALUES ('a80d4c03-4b3c-2cb7-410d-1ac8bb345dcb', '12dd0c72-4671-5cd8-b7da-98389426555c', 'product_228', 0.0, 3);
INSERT INTO payments (order_id, venue_id, method, amount)
VALUES ('a80d4c03-4b3c-2cb7-410d-1ac8bb345dcb', '00000000-0000-0000-0000-000000000010', 'cash', 1540.0);
INSERT INTO orders (id, venue_id, number, status, total_amount, opened_at, closed_at, table_number)
VALUES ('102b85e7-9c37-d89a-ada2-1bf05bbbf23f', '00000000-0000-0000-0000-000000000010', '6322', 'paid', 5070.0, '2026-02-05 10:56:54', '2026-02-05 10:56:54', '12');
INSERT INTO order_items (order_id, product_id, product_name, product_price, quantity)
VALUES ('102b85e7-9c37-d89a-ada2-1bf05bbbf23f', '09d9bcce-e54b-d518-c5bf-1c5d4b683d38', 'product_50', 200.0, 2);
INSERT INTO order_items (order_id, product_id, product_name, product_price, quantity)
VALUES ('102b85e7-9c37-d89a-ada2-1bf05bbbf23f', 'ec61223f-a380-dd08-f9eb-461b3c2f80e6', 'product_163', 120.0, 4);
INSERT INTO order_items (order_id, product_id, product_name, product_price, quantity)
VALUES ('102b85e7-9c37-d89a-ada2-1bf05bbbf23f', '627b586a-57c8-d217-1549-c47bb32192ac', 'product_26', 460.0, 5);
INSERT INTO order_items (order_id, product_id, product_name, product_price, quantity)
VALUES ('102b85e7-9c37-d89a-ada2-1bf05bbbf23f', 'b9bdca4d-a423-6c36-2351-10cf52ff0eec', 'product_230', 0.0, 1);
INSERT INTO order_items (order_id, product_id, product_name, product_price, quantity)
VALUES ('102b85e7-9c37-d89a-ada2-1bf05bbbf23f', '338bdc4d-fbd5-43ad-a7a7-3951ceca3a16', 'product_97', 260.0, 2);
INSERT INTO order_items (order_id, product_id, product_name, product_price, quantity)
VALUES ('102b85e7-9c37-d89a-ada2-1bf05bbbf23f', '7c7c305a-92ed-bc40-0bb5-1155fc4e313f', 'product_99', 220.0, 1);
INSERT INTO order_items (order_id, product_id, product_name, product_price, quantity)
VALUES ('102b85e7-9c37-d89a-ada2-1bf05bbbf23f', 'd46f67a1-e1dd-e079-0b5c-329f6422c4d4', 'product_60', 280.0, 1);
INSERT INTO order_items (order_id, product_id, product_name, product_price, quantity)
VALUES ('102b85e7-9c37-d89a-ada2-1bf05bbbf23f', 'ce90a2e4-a08b-570d-aca7-50bb5d2d0ab2', 'product_112', 440.0, 1);
INSERT INTO order_items (order_id, product_id, product_name, product_price, quantity)
VALUES ('102b85e7-9c37-d89a-ada2-1bf05bbbf23f', '94d2bddc-c99f-2985-f8eb-9d8a4a995ad3', 'product_10', 300.0, 1);
INSERT INTO order_items (order_id, product_id, product_name, product_price, quantity)
VALUES ('102b85e7-9c37-d89a-ada2-1bf05bbbf23f', 'eed148a6-7f8f-38d6-85f9-602481bbc846', 'product_146', 130.0, 1);
INSERT INTO payments (order_id, venue_id, method, amount)
VALUES ('102b85e7-9c37-d89a-ada2-1bf05bbbf23f', '00000000-0000-0000-0000-000000000010', 'cash', 5070.0);
INSERT INTO orders (id, venue_id, number, status, total_amount, opened_at, closed_at, table_number)
VALUES ('f5b439c9-38e7-c338-203d-234bab01ea1b', '00000000-0000-0000-0000-000000000010', '6337', 'paid', 2380.0, '2026-02-05 10:56:46', '2026-02-05 10:56:46', '11');
INSERT INTO order_items (order_id, product_id, product_name, product_price, quantity)
VALUES ('f5b439c9-38e7-c338-203d-234bab01ea1b', 'f35a1ebf-94b4-c196-4fdb-5698a8e21330', 'product_170', 820.0, 1);
INSERT INTO order_items (order_id, product_id, product_name, product_price, quantity)
VALUES ('f5b439c9-38e7-c338-203d-234bab01ea1b', '09d9bcce-e54b-d518-c5bf-1c5d4b683d38', 'product_50', 200.0, 4);
INSERT INTO order_items (order_id, product_id, product_name, product_price, quantity)
VALUES ('f5b439c9-38e7-c338-203d-234bab01ea1b', '627b586a-57c8-d217-1549-c47bb32192ac', 'product_26', 460.0, 1);
INSERT INTO order_items (order_id, product_id, product_name, product_price, quantity)
VALUES ('f5b439c9-38e7-c338-203d-234bab01ea1b', '94d2bddc-c99f-2985-f8eb-9d8a4a995ad3', 'product_10', 300.0, 1);
INSERT INTO order_items (order_id, product_id, product_name, product_price, quantity)
VALUES ('f5b439c9-38e7-c338-203d-234bab01ea1b', '12dd0c72-4671-5cd8-b7da-98389426555c', 'product_228', 0.0, 1);
INSERT INTO payments (order_id, venue_id, method, amount)
VALUES ('f5b439c9-38e7-c338-203d-234bab01ea1b', '00000000-0000-0000-0000-000000000010', 'cash', 2380.0);
INSERT INTO orders (id, venue_id, number, status, total_amount, opened_at, closed_at, table_number)
VALUES ('fcc381e9-3653-6768-aa16-372ab42a06c4', '00000000-0000-0000-0000-000000000010', '6335', 'paid', 1970.0, '2026-02-05 10:56:41', '2026-02-05 10:56:41', '11');
INSERT INTO order_items (order_id, product_id, product_name, product_price, quantity)
VALUES ('fcc381e9-3653-6768-aa16-372ab42a06c4', 'f5e07166-faf7-d429-5419-891577dc4984', 'product_180', 1750.0, 1);
INSERT INTO order_items (order_id, product_id, product_name, product_price, quantity)
VALUES ('fcc381e9-3653-6768-aa16-372ab42a06c4', '3e9ef73d-3da6-3a82-456a-d27d4a1c4254', 'product_49', 220.0, 1);
INSERT INTO order_items (order_id, product_id, product_name, product_price, quantity)
VALUES ('fcc381e9-3653-6768-aa16-372ab42a06c4', '12dd0c72-4671-5cd8-b7da-98389426555c', 'product_228', 0.0, 1);
INSERT INTO payments (order_id, venue_id, method, amount)
VALUES ('fcc381e9-3653-6768-aa16-372ab42a06c4', '00000000-0000-0000-0000-000000000010', 'cash', 1970.0);
INSERT INTO orders (id, venue_id, number, status, total_amount, opened_at, closed_at, table_number)
VALUES ('8b5dff9a-04f4-9859-3042-e3e8369d1d9e', '00000000-0000-0000-0000-000000000010', '6326', 'paid', 10820.0, '2026-02-05 10:56:37', '2026-02-05 10:56:37', '11');
INSERT INTO order_items (order_id, product_id, product_name, product_price, quantity)
VALUES ('8b5dff9a-04f4-9859-3042-e3e8369d1d9e', '627b586a-57c8-d217-1549-c47bb32192ac', 'product_26', 460.0, 6);
INSERT INTO order_items (order_id, product_id, product_name, product_price, quantity)
VALUES ('8b5dff9a-04f4-9859-3042-e3e8369d1d9e', '1a9038b5-12c1-4b41-756a-ce6d8bb0fac8', 'product_114', 670.0, 3);
INSERT INTO order_items (order_id, product_id, product_name, product_price, quantity)
VALUES ('8b5dff9a-04f4-9859-3042-e3e8369d1d9e', '94d2bddc-c99f-2985-f8eb-9d8a4a995ad3', 'product_10', 300.0, 1);
INSERT INTO order_items (order_id, product_id, product_name, product_price, quantity)
VALUES ('8b5dff9a-04f4-9859-3042-e3e8369d1d9e', 'e81dc667-2a7e-c5f0-b886-e7a3451b0fd2', 'product_219', 570.0, 1);
INSERT INTO order_items (order_id, product_id, product_name, product_price, quantity)
VALUES ('8b5dff9a-04f4-9859-3042-e3e8369d1d9e', '338bdc4d-fbd5-43ad-a7a7-3951ceca3a16', 'product_97', 260.0, 4);
INSERT INTO order_items (order_id, product_id, product_name, product_price, quantity)
VALUES ('8b5dff9a-04f4-9859-3042-e3e8369d1d9e', '8d266d35-f6a4-b267-e097-564510f7f857', 'product_12', 270.0, 1);
INSERT INTO order_items (order_id, product_id, product_name, product_price, quantity)
VALUES ('8b5dff9a-04f4-9859-3042-e3e8369d1d9e', 'ec61223f-a380-dd08-f9eb-461b3c2f80e6', 'product_163', 120.0, 1);
INSERT INTO order_items (order_id, product_id, product_name, product_price, quantity)
VALUES ('8b5dff9a-04f4-9859-3042-e3e8369d1d9e', '7f688518-4003-c783-7333-b947a8856b49', 'product_28', 470.0, 1);
INSERT INTO order_items (order_id, product_id, product_name, product_price, quantity)
VALUES ('8b5dff9a-04f4-9859-3042-e3e8369d1d9e', '3e9ef73d-3da6-3a82-456a-d27d4a1c4254', 'product_49', 220.0, 1);
INSERT INTO order_items (order_id, product_id, product_name, product_price, quantity)
VALUES ('8b5dff9a-04f4-9859-3042-e3e8369d1d9e', '7c7c305a-92ed-bc40-0bb5-1155fc4e313f', 'product_99', 220.0, 1);
INSERT INTO order_items (order_id, product_id, product_name, product_price, quantity)
VALUES ('8b5dff9a-04f4-9859-3042-e3e8369d1d9e', '7ddbed72-7deb-5ee4-0634-41d52192bad1', 'product_23', 1750.0, 1);
INSERT INTO order_items (order_id, product_id, product_name, product_price, quantity)
VALUES ('8b5dff9a-04f4-9859-3042-e3e8369d1d9e', 'f35a1ebf-94b4-c196-4fdb-5698a8e21330', 'product_170', 820.0, 1);
INSERT INTO order_items (order_id, product_id, product_name, product_price, quantity)
VALUES ('8b5dff9a-04f4-9859-3042-e3e8369d1d9e', '8b7920ef-e954-d760-2a69-99cafc830c2e', 'product_171', 270.0, 1);
INSERT INTO order_items (order_id, product_id, product_name, product_price, quantity)
VALUES ('8b5dff9a-04f4-9859-3042-e3e8369d1d9e', '12dd0c72-4671-5cd8-b7da-98389426555c', 'product_228', 0.0, 1);
INSERT INTO payments (order_id, venue_id, method, amount)
VALUES ('8b5dff9a-04f4-9859-3042-e3e8369d1d9e', '00000000-0000-0000-0000-000000000010', 'cash', 10820.0);
INSERT INTO orders (id, venue_id, number, status, total_amount, opened_at, closed_at, table_number)
VALUES ('f2d9b142-27ca-04ac-88c0-c8ded45fd8a5', '00000000-0000-0000-0000-000000000010', '6333', 'paid', 1220.0, '2026-02-05 10:56:31', '2026-02-05 10:56:31', '12');
INSERT INTO order_items (order_id, product_id, product_name, product_price, quantity)
VALUES ('f2d9b142-27ca-04ac-88c0-c8ded45fd8a5', '338bdc4d-fbd5-43ad-a7a7-3951ceca3a16', 'product_97', 260.0, 4);
INSERT INTO order_items (order_id, product_id, product_name, product_price, quantity)
VALUES ('f2d9b142-27ca-04ac-88c0-c8ded45fd8a5', 'da98da7c-a663-0228-294e-97c1fae50fd1', 'product_54', 180.0, 1);
INSERT INTO payments (order_id, venue_id, method, amount)
VALUES ('f2d9b142-27ca-04ac-88c0-c8ded45fd8a5', '00000000-0000-0000-0000-000000000010', 'cash', 1220.0);
INSERT INTO orders (id, venue_id, number, status, total_amount, opened_at, closed_at, table_number)
VALUES ('7a3a5870-7248-a6b0-afea-497f80eeed23', '00000000-0000-0000-0000-000000000010', '6342', 'paid', 500.0, '2026-02-05 10:56:08', '2026-02-05 10:56:08', '2');
INSERT INTO order_items (order_id, product_id, product_name, product_price, quantity)
VALUES ('7a3a5870-7248-a6b0-afea-497f80eeed23', '94d2bddc-c99f-2985-f8eb-9d8a4a995ad3', 'product_10', 300.0, 1);
INSERT INTO order_items (order_id, product_id, product_name, product_price, quantity)
VALUES ('7a3a5870-7248-a6b0-afea-497f80eeed23', '09d9bcce-e54b-d518-c5bf-1c5d4b683d38', 'product_50', 200.0, 1);
INSERT INTO payments (order_id, venue_id, method, amount)
VALUES ('7a3a5870-7248-a6b0-afea-497f80eeed23', '00000000-0000-0000-0000-000000000010', 'cash', 500.0);
INSERT INTO orders (id, venue_id, number, status, total_amount, opened_at, closed_at, table_number)
VALUES ('57b43ca6-c936-819d-e784-a5e61b4351eb', '00000000-0000-0000-0000-000000000010', '6344', 'paid', 450.0, '2026-02-05 10:55:53', '2026-02-05 10:55:53', '4');
INSERT INTO order_items (order_id, product_id, product_name, product_price, quantity)
VALUES ('57b43ca6-c936-819d-e784-a5e61b4351eb', '2a282418-43ba-4155-2773-748bfe3b0561', 'product_186', 100.0, 1);
INSERT INTO order_items (order_id, product_id, product_name, product_price, quantity)
VALUES ('57b43ca6-c936-819d-e784-a5e61b4351eb', 'ec61223f-a380-dd08-f9eb-461b3c2f80e6', 'product_163', 120.0, 1);
INSERT INTO order_items (order_id, product_id, product_name, product_price, quantity)
VALUES ('57b43ca6-c936-819d-e784-a5e61b4351eb', '021231f4-e9fa-ecbb-5f2a-ad1321ca42ea', 'product_59', 230.0, 1);
INSERT INTO orders (id, venue_id, number, status, total_amount, opened_at, closed_at, table_number)
VALUES ('4cdef94b-a10f-ee0f-1163-356d77c2cd56', '00000000-0000-0000-0000-000000000010', '6341', 'paid', 1910.0, '2026-02-05 10:55:34', '2026-02-05 10:55:34', '1');
INSERT INTO order_items (order_id, product_id, product_name, product_price, quantity)
VALUES ('4cdef94b-a10f-ee0f-1163-356d77c2cd56', 'b9bdca4d-a423-6c36-2351-10cf52ff0eec', 'product_230', 0.0, 4);
INSERT INTO order_items (order_id, product_id, product_name, product_price, quantity)
VALUES ('4cdef94b-a10f-ee0f-1163-356d77c2cd56', '94d2bddc-c99f-2985-f8eb-9d8a4a995ad3', 'product_10', 300.0, 1);
INSERT INTO order_items (order_id, product_id, product_name, product_price, quantity)
VALUES ('4cdef94b-a10f-ee0f-1163-356d77c2cd56', 'ec61223f-a380-dd08-f9eb-461b3c2f80e6', 'product_163', 120.0, 1);
INSERT INTO order_items (order_id, product_id, product_name, product_price, quantity)
VALUES ('4cdef94b-a10f-ee0f-1163-356d77c2cd56', '021231f4-e9fa-ecbb-5f2a-ad1321ca42ea', 'product_59', 230.0, 3);
INSERT INTO order_items (order_id, product_id, product_name, product_price, quantity)
VALUES ('4cdef94b-a10f-ee0f-1163-356d77c2cd56', 'd46f67a1-e1dd-e079-0b5c-329f6422c4d4', 'product_60', 280.0, 1);
INSERT INTO order_items (order_id, product_id, product_name, product_price, quantity)
VALUES ('4cdef94b-a10f-ee0f-1163-356d77c2cd56', '338bdc4d-fbd5-43ad-a7a7-3951ceca3a16', 'product_97', 260.0, 2);
INSERT INTO orders (id, venue_id, number, status, total_amount, opened_at, closed_at, table_number)
VALUES ('7dfc1489-3c1a-d3fd-81a7-636de00b608d', '00000000-0000-0000-0000-000000000010', '6340', 'paid', 0.0, '2026-02-04 22:48:50', '2026-02-04 22:48:50', '9');
INSERT INTO order_items (order_id, product_id, product_name, product_price, quantity)
VALUES ('7dfc1489-3c1a-d3fd-81a7-636de00b608d', '12dd0c72-4671-5cd8-b7da-98389426555c', 'product_228', 0.0, 1);
INSERT INTO order_items (order_id, product_id, product_name, product_price, quantity)
VALUES ('7dfc1489-3c1a-d3fd-81a7-636de00b608d', '82c55340-bd07-2a9a-a6cc-6ce377f958f2', 'product_148', 0.0, 1);
INSERT INTO orders (id, venue_id, number, status, total_amount, opened_at, closed_at, table_number)
VALUES ('f901b25e-c07e-715f-8a6d-34bf4a7cdc35', '00000000-0000-0000-0000-000000000010', '6339', 'paid', 0.0, '2026-02-04 22:48:01', '2026-02-04 22:48:01', '9');
INSERT INTO order_items (order_id, product_id, product_name, product_price, quantity)
VALUES ('f901b25e-c07e-715f-8a6d-34bf4a7cdc35', '1afe238c-a186-0e67-9e9d-d39b8c4abe8a', 'product_229', 0.0, 1);
INSERT INTO orders (id, venue_id, number, status, total_amount, opened_at, closed_at, table_number)
VALUES ('f3309a5c-728a-20f5-8eaa-e99c883bb3ba', '00000000-0000-0000-0000-000000000010', '6323', 'paid', 670.0, '2026-02-04 19:31:34', '2026-02-04 19:31:34', '13');
INSERT INTO order_items (order_id, product_id, product_name, product_price, quantity)
VALUES ('f3309a5c-728a-20f5-8eaa-e99c883bb3ba', '2a282418-43ba-4155-2773-748bfe3b0561', 'product_186', 100.0, 2);
INSERT INTO order_items (order_id, product_id, product_name, product_price, quantity)
VALUES ('f3309a5c-728a-20f5-8eaa-e99c883bb3ba', 'ec61223f-a380-dd08-f9eb-461b3c2f80e6', 'product_163', 120.0, 2);
INSERT INTO order_items (order_id, product_id, product_name, product_price, quantity)
VALUES ('f3309a5c-728a-20f5-8eaa-e99c883bb3ba', '021231f4-e9fa-ecbb-5f2a-ad1321ca42ea', 'product_59', 230.0, 1);
INSERT INTO orders (id, venue_id, number, status, total_amount, opened_at, closed_at, table_number)
VALUES ('29c3be30-07d7-cd46-c039-3a6de17849e3', '00000000-0000-0000-0000-000000000010', '6331', 'paid', 4360.0, '2026-02-04 19:25:44', '2026-02-04 19:25:44', '7');
INSERT INTO order_items (order_id, product_id, product_name, product_price, quantity)
VALUES ('29c3be30-07d7-cd46-c039-3a6de17849e3', '7b0b5f60-47be-c07e-9585-af9a20b6d773', 'product_9', 460.0, 6);
INSERT INTO order_items (order_id, product_id, product_name, product_price, quantity)
VALUES ('29c3be30-07d7-cd46-c039-3a6de17849e3', 'd46f67a1-e1dd-e079-0b5c-329f6422c4d4', 'product_60', 280.0, 2);
INSERT INTO order_items (order_id, product_id, product_name, product_price, quantity)
VALUES ('29c3be30-07d7-cd46-c039-3a6de17849e3', '338bdc4d-fbd5-43ad-a7a7-3951ceca3a16', 'product_97', 260.0, 4);
INSERT INTO orders (id, venue_id, number, status, total_amount, opened_at, closed_at, table_number)
VALUES ('2bcf1ef3-c7b0-90cc-6cc5-754423f58784', '00000000-0000-0000-0000-000000000010', '6334', 'paid', 2120.0, '2026-02-04 19:08:58', '2026-02-04 19:08:58', '10');
INSERT INTO order_items (order_id, product_id, product_name, product_price, quantity)
VALUES ('2bcf1ef3-c7b0-90cc-6cc5-754423f58784', '6e00b5a0-6b62-d942-73e4-86982bcae389', 'product_21', 1370.0, 1);
INSERT INTO order_items (order_id, product_id, product_name, product_price, quantity)
VALUES ('2bcf1ef3-c7b0-90cc-6cc5-754423f58784', '09d9bcce-e54b-d518-c5bf-1c5d4b683d38', 'product_50', 200.0, 1);
INSERT INTO order_items (order_id, product_id, product_name, product_price, quantity)
VALUES ('2bcf1ef3-c7b0-90cc-6cc5-754423f58784', '1649694a-a1df-1a36-ccd0-08ba48ab2fd1', 'product_36', 550.0, 1);
INSERT INTO payments (order_id, venue_id, method, amount)
VALUES ('2bcf1ef3-c7b0-90cc-6cc5-754423f58784', '00000000-0000-0000-0000-000000000010', 'card', 2120.0);
INSERT INTO orders (id, venue_id, number, status, total_amount, opened_at, closed_at, table_number)
VALUES ('1141630e-acf3-5af2-ce52-1a5876adf966', '00000000-0000-0000-0000-000000000010', '6332', 'paid', 690.0, '2026-02-04 13:11:48', '2026-02-04 13:11:48', '6');
INSERT INTO order_items (order_id, product_id, product_name, product_price, quantity)
VALUES ('1141630e-acf3-5af2-ce52-1a5876adf966', '09d404dd-f87b-b319-4eda-9ce7c697868d', 'product_32', 370.0, 1);
INSERT INTO order_items (order_id, product_id, product_name, product_price, quantity)
VALUES ('1141630e-acf3-5af2-ce52-1a5876adf966', '58e4c43b-44e0-70ce-99e7-6b0093966f41', 'product_176', 320.0, 1);
INSERT INTO payments (order_id, venue_id, method, amount)
VALUES ('1141630e-acf3-5af2-ce52-1a5876adf966', '00000000-0000-0000-0000-000000000010', 'card', 690.0);
INSERT INTO orders (id, venue_id, number, status, total_amount, opened_at, closed_at, table_number)
VALUES ('4a9d234e-5bf6-52c0-14da-93e155906509', '00000000-0000-0000-0000-000000000010', '6324', 'paid', 0.0, '2026-02-04 12:30:32', '2026-02-04 12:30:32', '1');
INSERT INTO order_items (order_id, product_id, product_name, product_price, quantity)
VALUES ('4a9d234e-5bf6-52c0-14da-93e155906509', '12dd0c72-4671-5cd8-b7da-98389426555c', 'product_228', 0.0, 1);
INSERT INTO orders (id, venue_id, number, status, total_amount, opened_at, closed_at, table_number)
VALUES ('81c55ba0-3bb1-7239-e79e-bd0ecee35427', '00000000-0000-0000-0000-000000000010', '6330', 'paid', 0.0, '2026-02-03 23:19:09', '2026-02-03 23:19:09', '9');
INSERT INTO order_items (order_id, product_id, product_name, product_price, quantity)
VALUES ('81c55ba0-3bb1-7239-e79e-bd0ecee35427', '82c55340-bd07-2a9a-a6cc-6ce377f958f2', 'product_148', 0.0, 1);
INSERT INTO orders (id, venue_id, number, status, total_amount, opened_at, closed_at, table_number)
VALUES ('61c4df6e-cd17-9b9e-0e1a-7805e2285344', '00000000-0000-0000-0000-000000000010', '6329', 'paid', 0.0, '2026-02-03 23:18:53', '2026-02-03 23:18:53', '9');
INSERT INTO order_items (order_id, product_id, product_name, product_price, quantity)
VALUES ('61c4df6e-cd17-9b9e-0e1a-7805e2285344', '12dd0c72-4671-5cd8-b7da-98389426555c', 'product_228', 0.0, 1);
INSERT INTO orders (id, venue_id, number, status, total_amount, opened_at, closed_at, table_number)
VALUES ('9b640f5e-046c-4c85-fb2d-cd2f0c061879', '00000000-0000-0000-0000-000000000010', '6328', 'paid', 0.0, '2026-02-03 23:18:36', '2026-02-03 23:18:36', '9');
INSERT INTO order_items (order_id, product_id, product_name, product_price, quantity)
VALUES ('9b640f5e-046c-4c85-fb2d-cd2f0c061879', '1afe238c-a186-0e67-9e9d-d39b8c4abe8a', 'product_229', 0.0, 1);
INSERT INTO orders (id, venue_id, number, status, total_amount, opened_at, closed_at, table_number)
VALUES ('da988f54-afe2-ccb0-5f60-693d3161d62a', '00000000-0000-0000-0000-000000000010', '6327', 'paid', 8980.0, '2026-02-03 23:00:26', '2026-02-03 23:00:26', '7');
INSERT INTO order_items (order_id, product_id, product_name, product_price, quantity)
VALUES ('da988f54-afe2-ccb0-5f60-693d3161d62a', '1a9038b5-12c1-4b41-756a-ce6d8bb0fac8', 'product_114', 670.0, 4);
INSERT INTO order_items (order_id, product_id, product_name, product_price, quantity)
VALUES ('da988f54-afe2-ccb0-5f60-693d3161d62a', 'fdb6f575-fe3f-282e-93d0-1dad56530fa5', 'product_15', 640.0, 1);
INSERT INTO order_items (order_id, product_id, product_name, product_price, quantity)
VALUES ('da988f54-afe2-ccb0-5f60-693d3161d62a', 'f35a1ebf-94b4-c196-4fdb-5698a8e21330', 'product_170', 820.0, 2);
INSERT INTO order_items (order_id, product_id, product_name, product_price, quantity)
VALUES ('da988f54-afe2-ccb0-5f60-693d3161d62a', '0caff6fe-c574-8665-33ca-5f2cee71ebb2', 'product_35', 190.0, 1);
INSERT INTO order_items (order_id, product_id, product_name, product_price, quantity)
VALUES ('da988f54-afe2-ccb0-5f60-693d3161d62a', '260b99e2-59bd-a3dc-c313-434aff0daf54', 'product_144', 190.0, 5);
INSERT INTO order_items (order_id, product_id, product_name, product_price, quantity)
VALUES ('da988f54-afe2-ccb0-5f60-693d3161d62a', '120437cb-67b8-9406-9251-d8a348262f65', 'product_135', 480.0, 6);
INSERT INTO payments (order_id, venue_id, method, amount)
VALUES ('da988f54-afe2-ccb0-5f60-693d3161d62a', '00000000-0000-0000-0000-000000000010', 'card', 8980.0);
INSERT INTO orders (id, venue_id, number, status, total_amount, opened_at, closed_at, table_number)
VALUES ('91df7cb4-e87a-1866-9873-e7477bbb6369', '00000000-0000-0000-0000-000000000010', '6312', 'paid', 8810.0, '2026-02-03 19:46:46', '2026-02-03 19:46:46', '10');
INSERT INTO order_items (order_id, product_id, product_name, product_price, quantity)
VALUES ('91df7cb4-e87a-1866-9873-e7477bbb6369', '6599a59a-6cf7-70c9-0971-07a0078ce7cf', 'product_128', 380.0, 4);
INSERT INTO order_items (order_id, product_id, product_name, product_price, quantity)
VALUES ('91df7cb4-e87a-1866-9873-e7477bbb6369', '260b99e2-59bd-a3dc-c313-434aff0daf54', 'product_144', 190.0, 1);
INSERT INTO order_items (order_id, product_id, product_name, product_price, quantity)
VALUES ('91df7cb4-e87a-1866-9873-e7477bbb6369', '1d55740b-7a2f-ce7c-d33a-454fb2de27dc', 'product_155', 420.0, 3);
INSERT INTO order_items (order_id, product_id, product_name, product_price, quantity)
VALUES ('91df7cb4-e87a-1866-9873-e7477bbb6369', 'e81dc667-2a7e-c5f0-b886-e7a3451b0fd2', 'product_219', 570.0, 2);
INSERT INTO order_items (order_id, product_id, product_name, product_price, quantity)
VALUES ('91df7cb4-e87a-1866-9873-e7477bbb6369', '30d3c4b2-8d8b-4d91-9c67-b3d72ab218cc', 'product_129', 470.0, 8);
INSERT INTO order_items (order_id, product_id, product_name, product_price, quantity)
VALUES ('91df7cb4-e87a-1866-9873-e7477bbb6369', '1a9038b5-12c1-4b41-756a-ce6d8bb0fac8', 'product_114', 670.0, 1);
INSERT INTO order_items (order_id, product_id, product_name, product_price, quantity)
VALUES ('91df7cb4-e87a-1866-9873-e7477bbb6369', '8b7920ef-e954-d760-2a69-99cafc830c2e', 'product_171', 270.0, 1);
INSERT INTO payments (order_id, venue_id, method, amount)
VALUES ('91df7cb4-e87a-1866-9873-e7477bbb6369', '00000000-0000-0000-0000-000000000010', 'card', 8810.0);
INSERT INTO orders (id, venue_id, number, status, total_amount, opened_at, closed_at, table_number)
VALUES ('3c7f946a-f6b1-ffaf-9181-b2ea743b0fef', '00000000-0000-0000-0000-000000000010', '6325', 'paid', 1010.0, '2026-02-03 18:42:16', '2026-02-03 18:42:16', '3');
INSERT INTO order_items (order_id, product_id, product_name, product_price, quantity)
VALUES ('3c7f946a-f6b1-ffaf-9181-b2ea743b0fef', 'fdb6f575-fe3f-282e-93d0-1dad56530fa5', 'product_15', 640.0, 1);
INSERT INTO order_items (order_id, product_id, product_name, product_price, quantity)
VALUES ('3c7f946a-f6b1-ffaf-9181-b2ea743b0fef', '5c3938ac-271e-5674-37aa-116c20435202', 'product_234', 370.0, 1);
INSERT INTO payments (order_id, venue_id, method, amount)
VALUES ('3c7f946a-f6b1-ffaf-9181-b2ea743b0fef', '00000000-0000-0000-0000-000000000010', 'card', 1010.0);
INSERT INTO orders (id, venue_id, number, status, total_amount, opened_at, closed_at, table_number)
VALUES ('a546972c-4ad9-850c-9b6e-b2c24c8b1aea', '00000000-0000-0000-0000-000000000010', '6321', 'paid', 180.0, '2026-02-03 10:39:58', '2026-02-03 10:39:58', '1');
INSERT INTO order_items (order_id, product_id, product_name, product_price, quantity)
VALUES ('a546972c-4ad9-850c-9b6e-b2c24c8b1aea', 'b9bdca4d-a423-6c36-2351-10cf52ff0eec', 'product_230', 0.0, 1);
INSERT INTO order_items (order_id, product_id, product_name, product_price, quantity)
VALUES ('a546972c-4ad9-850c-9b6e-b2c24c8b1aea', 'da98da7c-a663-0228-294e-97c1fae50fd1', 'product_54', 180.0, 1);
INSERT INTO orders (id, venue_id, number, status, total_amount, opened_at, closed_at, table_number)
VALUES ('39d2e5d2-9ca6-47de-6a06-6da31de4be11', '00000000-0000-0000-0000-000000000010', '6320', 'paid', 5160.0, '2026-02-02 21:18:44', '2026-02-02 21:18:44', '7');
INSERT INTO order_items (order_id, product_id, product_name, product_price, quantity)
VALUES ('39d2e5d2-9ca6-47de-6a06-6da31de4be11', '7ddbed72-7deb-5ee4-0634-41d52192bad1', 'product_23', 1750.0, 2);
INSERT INTO order_items (order_id, product_id, product_name, product_price, quantity)
VALUES ('39d2e5d2-9ca6-47de-6a06-6da31de4be11', '951f4bf6-be55-0e75-59a9-7e580a0d07c4', 'product_14', 640.0, 1);
INSERT INTO order_items (order_id, product_id, product_name, product_price, quantity)
VALUES ('39d2e5d2-9ca6-47de-6a06-6da31de4be11', '81b3193a-f1f9-6ba6-5630-5c911f0c4a69', 'product_48', 220.0, 1);
INSERT INTO order_items (order_id, product_id, product_name, product_price, quantity)
VALUES ('39d2e5d2-9ca6-47de-6a06-6da31de4be11', 'f35ae6ee-40da-7479-c64b-612bff507023', 'product_31', 370.0, 1);
INSERT INTO order_items (order_id, product_id, product_name, product_price, quantity)
VALUES ('39d2e5d2-9ca6-47de-6a06-6da31de4be11', 'c6df6494-4f53-4174-6660-06fb0dc02db5', 'product_199', 430.0, 1);
INSERT INTO payments (order_id, venue_id, method, amount)
VALUES ('39d2e5d2-9ca6-47de-6a06-6da31de4be11', '00000000-0000-0000-0000-000000000010', 'cash', 5160.0);
INSERT INTO orders (id, venue_id, number, status, total_amount, opened_at, closed_at, table_number)
VALUES ('447961ab-ffa9-b166-863c-5cb47f166f76', '00000000-0000-0000-0000-000000000010', '6319', 'paid', 0.0, '2026-02-02 18:55:02', '2026-02-02 18:55:02', '9');
INSERT INTO order_items (order_id, product_id, product_name, product_price, quantity)
VALUES ('447961ab-ffa9-b166-863c-5cb47f166f76', '12dd0c72-4671-5cd8-b7da-98389426555c', 'product_228', 0.0, 1);
INSERT INTO orders (id, venue_id, number, status, total_amount, opened_at, closed_at, table_number)
VALUES ('a7a2f057-ea4b-14e9-4df0-4cf1152cd63f', '00000000-0000-0000-0000-000000000010', '6318', 'paid', 1580.0, '2026-02-02 18:08:09', '2026-02-02 18:08:09', '1');
INSERT INTO order_items (order_id, product_id, product_name, product_price, quantity)
VALUES ('a7a2f057-ea4b-14e9-4df0-4cf1152cd63f', '0f7cfc79-3a3f-41ac-1aa4-b27431de9236', 'product_29', 620.0, 1);
INSERT INTO order_items (order_id, product_id, product_name, product_price, quantity)
VALUES ('a7a2f057-ea4b-14e9-4df0-4cf1152cd63f', 'c0fb869e-f434-07cb-f666-b9f7e55d4032', 'product_113', 770.0, 1);
INSERT INTO order_items (order_id, product_id, product_name, product_price, quantity)
VALUES ('a7a2f057-ea4b-14e9-4df0-4cf1152cd63f', 'a2b39819-292c-0b80-799d-c77d7020fc9d', 'product_34', 190.0, 1);
INSERT INTO payments (order_id, venue_id, method, amount)
VALUES ('a7a2f057-ea4b-14e9-4df0-4cf1152cd63f', '00000000-0000-0000-0000-000000000010', 'card', 1580.0);
INSERT INTO orders (id, venue_id, number, status, total_amount, opened_at, closed_at, table_number)
VALUES ('de1bc175-b594-9540-d158-f76cce0dedd4', '00000000-0000-0000-0000-000000000010', '6245', 'paid', 1380.0, '2026-02-02 16:37:58', '2026-02-02 16:37:58', '14');
INSERT INTO order_items (order_id, product_id, product_name, product_price, quantity)
VALUES ('de1bc175-b594-9540-d158-f76cce0dedd4', '021231f4-e9fa-ecbb-5f2a-ad1321ca42ea', 'product_59', 230.0, 4);
INSERT INTO order_items (order_id, product_id, product_name, product_price, quantity)
VALUES ('de1bc175-b594-9540-d158-f76cce0dedd4', 'da98da7c-a663-0228-294e-97c1fae50fd1', 'product_54', 180.0, 1);
INSERT INTO order_items (order_id, product_id, product_name, product_price, quantity)
VALUES ('de1bc175-b594-9540-d158-f76cce0dedd4', 'd46f67a1-e1dd-e079-0b5c-329f6422c4d4', 'product_60', 280.0, 1);
INSERT INTO orders (id, venue_id, number, status, total_amount, opened_at, closed_at, table_number)
VALUES ('449af4af-ad3e-2a99-b1fb-bb460f1d2b9b', '00000000-0000-0000-0000-000000000010', '6317', 'paid', 5530.0, '2026-02-02 15:29:56', '2026-02-02 15:29:56', '3');
INSERT INTO order_items (order_id, product_id, product_name, product_price, quantity)
VALUES ('449af4af-ad3e-2a99-b1fb-bb460f1d2b9b', 'c0fb869e-f434-07cb-f666-b9f7e55d4032', 'product_113', 770.0, 3);
INSERT INTO order_items (order_id, product_id, product_name, product_price, quantity)
VALUES ('449af4af-ad3e-2a99-b1fb-bb460f1d2b9b', '1a9038b5-12c1-4b41-756a-ce6d8bb0fac8', 'product_114', 670.0, 1);
INSERT INTO order_items (order_id, product_id, product_name, product_price, quantity)
VALUES ('449af4af-ad3e-2a99-b1fb-bb460f1d2b9b', 'ba729be8-36f6-fb9a-7e2c-4b99753cb652', 'product_217', 600.0, 1);
INSERT INTO order_items (order_id, product_id, product_name, product_price, quantity)
VALUES ('449af4af-ad3e-2a99-b1fb-bb460f1d2b9b', '0f7cfc79-3a3f-41ac-1aa4-b27431de9236', 'product_29', 620.0, 1);
INSERT INTO order_items (order_id, product_id, product_name, product_price, quantity)
VALUES ('449af4af-ad3e-2a99-b1fb-bb460f1d2b9b', '260b99e2-59bd-a3dc-c313-434aff0daf54', 'product_144', 190.0, 7);
INSERT INTO payments (order_id, venue_id, method, amount)
VALUES ('449af4af-ad3e-2a99-b1fb-bb460f1d2b9b', '00000000-0000-0000-0000-000000000010', 'cash', 5530.0);
INSERT INTO orders (id, venue_id, number, status, total_amount, opened_at, closed_at, table_number)
VALUES ('aea375aa-4741-b2b6-8238-28c3664c034d', '00000000-0000-0000-0000-000000000010', '6315', 'paid', 350.0, '2026-02-02 14:43:05', '2026-02-02 14:43:05', '13');
INSERT INTO order_items (order_id, product_id, product_name, product_price, quantity)
VALUES ('aea375aa-4741-b2b6-8238-28c3664c034d', 'ec61223f-a380-dd08-f9eb-461b3c2f80e6', 'product_163', 120.0, 1);
INSERT INTO order_items (order_id, product_id, product_name, product_price, quantity)
VALUES ('aea375aa-4741-b2b6-8238-28c3664c034d', '021231f4-e9fa-ecbb-5f2a-ad1321ca42ea', 'product_59', 230.0, 1);
INSERT INTO orders (id, venue_id, number, status, total_amount, opened_at, closed_at, table_number)
VALUES ('1918380a-58a8-0e05-1c02-6c5736aad30f', '00000000-0000-0000-0000-000000000010', '6313', 'paid', 180.0, '2026-02-02 14:43:01', '2026-02-02 14:43:01', '1');
INSERT INTO order_items (order_id, product_id, product_name, product_price, quantity)
VALUES ('1918380a-58a8-0e05-1c02-6c5736aad30f', 'b9bdca4d-a423-6c36-2351-10cf52ff0eec', 'product_230', 0.0, 1);
INSERT INTO order_items (order_id, product_id, product_name, product_price, quantity)
VALUES ('1918380a-58a8-0e05-1c02-6c5736aad30f', 'da98da7c-a663-0228-294e-97c1fae50fd1', 'product_54', 180.0, 1);
INSERT INTO orders (id, venue_id, number, status, total_amount, opened_at, closed_at, table_number)
VALUES ('48c291a7-790c-664d-4647-acc8083df7d9', '00000000-0000-0000-0000-000000000010', '6314', 'paid', 0.0, '2026-02-02 11:48:06', '2026-02-02 11:48:06', '9');
INSERT INTO order_items (order_id, product_id, product_name, product_price, quantity)
VALUES ('48c291a7-790c-664d-4647-acc8083df7d9', '1afe238c-a186-0e67-9e9d-d39b8c4abe8a', 'product_229', 0.0, 1);
INSERT INTO order_items (order_id, product_id, product_name, product_price, quantity)
VALUES ('48c291a7-790c-664d-4647-acc8083df7d9', '82c55340-bd07-2a9a-a6cc-6ce377f958f2', 'product_148', 0.0, 1);
INSERT INTO order_items (order_id, product_id, product_name, product_price, quantity)
VALUES ('48c291a7-790c-664d-4647-acc8083df7d9', '12dd0c72-4671-5cd8-b7da-98389426555c', 'product_228', 0.0, 1);
INSERT INTO orders (id, venue_id, number, status, total_amount, opened_at, closed_at, table_number)
VALUES ('8848f6ef-4403-0189-040d-a435bff839df', '00000000-0000-0000-0000-000000000010', '6306', 'paid', 3500.0, '2026-02-01 22:02:20', '2026-02-01 22:02:20', '15');
INSERT INTO order_items (order_id, product_id, product_name, product_price, quantity)
VALUES ('8848f6ef-4403-0189-040d-a435bff839df', '7ddbed72-7deb-5ee4-0634-41d52192bad1', 'product_23', 1750.0, 2);
INSERT INTO payments (order_id, venue_id, method, amount)
VALUES ('8848f6ef-4403-0189-040d-a435bff839df', '00000000-0000-0000-0000-000000000010', 'cash', 3500.0);
INSERT INTO orders (id, venue_id, number, status, total_amount, opened_at, closed_at, table_number)
VALUES ('22c28b95-b844-0e45-eaf7-af8384b4ec6d', '00000000-0000-0000-0000-000000000010', '6311', 'paid', 190.0, '2026-02-01 19:26:37', '2026-02-01 19:26:37', '1');
INSERT INTO order_items (order_id, product_id, product_name, product_price, quantity)
VALUES ('22c28b95-b844-0e45-eaf7-af8384b4ec6d', '0caff6fe-c574-8665-33ca-5f2cee71ebb2', 'product_35', 190.0, 1);
INSERT INTO payments (order_id, venue_id, method, amount)
VALUES ('22c28b95-b844-0e45-eaf7-af8384b4ec6d', '00000000-0000-0000-0000-000000000010', 'cash', 190.0);
INSERT INTO orders (id, venue_id, number, status, total_amount, opened_at, closed_at, table_number)
VALUES ('dd4feabd-cf2a-11c4-8f0e-93927137e0d9', '00000000-0000-0000-0000-000000000010', '6310', 'paid', 230.0, '2026-02-01 16:21:21', '2026-02-01 16:21:21', '1');
INSERT INTO order_items (order_id, product_id, product_name, product_price, quantity)
VALUES ('dd4feabd-cf2a-11c4-8f0e-93927137e0d9', '021231f4-e9fa-ecbb-5f2a-ad1321ca42ea', 'product_59', 230.0, 1);
INSERT INTO payments (order_id, venue_id, method, amount)
VALUES ('dd4feabd-cf2a-11c4-8f0e-93927137e0d9', '00000000-0000-0000-0000-000000000010', 'card', 230.0);
INSERT INTO orders (id, venue_id, number, status, total_amount, opened_at, closed_at, table_number)
VALUES ('04990b9f-ba97-b61b-a99f-7c00e788aefa', '00000000-0000-0000-0000-000000000010', '6309', 'paid', 510.0, '2026-02-01 16:00:18', '2026-02-01 16:00:18', '1');
INSERT INTO order_items (order_id, product_id, product_name, product_price, quantity)
VALUES ('04990b9f-ba97-b61b-a99f-7c00e788aefa', '021231f4-e9fa-ecbb-5f2a-ad1321ca42ea', 'product_59', 230.0, 1);
INSERT INTO order_items (order_id, product_id, product_name, product_price, quantity)
VALUES ('04990b9f-ba97-b61b-a99f-7c00e788aefa', 'd46f67a1-e1dd-e079-0b5c-329f6422c4d4', 'product_60', 280.0, 1);
INSERT INTO payments (order_id, venue_id, method, amount)
VALUES ('04990b9f-ba97-b61b-a99f-7c00e788aefa', '00000000-0000-0000-0000-000000000010', 'cash', 510.0);
INSERT INTO orders (id, venue_id, number, status, total_amount, opened_at, closed_at, table_number)
VALUES ('c634f008-15b9-6acb-7a4d-ae91bbef6ece', '00000000-0000-0000-0000-000000000010', '6307', 'paid', 11790.0, '2026-02-01 15:49:18', '2026-02-01 15:49:18', '7');
INSERT INTO order_items (order_id, product_id, product_name, product_price, quantity)
VALUES ('c634f008-15b9-6acb-7a4d-ae91bbef6ece', '260b99e2-59bd-a3dc-c313-434aff0daf54', 'product_144', 190.0, 6);
INSERT INTO order_items (order_id, product_id, product_name, product_price, quantity)
VALUES ('c634f008-15b9-6acb-7a4d-ae91bbef6ece', 'a2b39819-292c-0b80-799d-c77d7020fc9d', 'product_34', 190.0, 2);
INSERT INTO order_items (order_id, product_id, product_name, product_price, quantity)
VALUES ('c634f008-15b9-6acb-7a4d-ae91bbef6ece', '6e00b5a0-6b62-d942-73e4-86982bcae389', 'product_21', 1370.0, 4);
INSERT INTO order_items (order_id, product_id, product_name, product_price, quantity)
VALUES ('c634f008-15b9-6acb-7a4d-ae91bbef6ece', '951f4bf6-be55-0e75-59a9-7e580a0d07c4', 'product_14', 640.0, 1);
INSERT INTO order_items (order_id, product_id, product_name, product_price, quantity)
VALUES ('c634f008-15b9-6acb-7a4d-ae91bbef6ece', '2334cdda-9fd8-40f0-0a18-b2cbad79aa33', 'product_225', 580.0, 1);
INSERT INTO order_items (order_id, product_id, product_name, product_price, quantity)
VALUES ('c634f008-15b9-6acb-7a4d-ae91bbef6ece', 'b627abd9-fb00-28f4-a09b-09fcb24019c0', 'product_132', 150.0, 10);
INSERT INTO order_items (order_id, product_id, product_name, product_price, quantity)
VALUES ('c634f008-15b9-6acb-7a4d-ae91bbef6ece', 'f35a1ebf-94b4-c196-4fdb-5698a8e21330', 'product_170', 820.0, 2);
INSERT INTO order_items (order_id, product_id, product_name, product_price, quantity)
VALUES ('c634f008-15b9-6acb-7a4d-ae91bbef6ece', '88c713d7-09a9-d70c-f6d9-2b28eb664bd5', 'product_138', 430.0, 1);
INSERT INTO payments (order_id, venue_id, method, amount)
VALUES ('c634f008-15b9-6acb-7a4d-ae91bbef6ece', '00000000-0000-0000-0000-000000000010', 'cash', 11790.0);
INSERT INTO orders (id, venue_id, number, status, total_amount, opened_at, closed_at, table_number)
VALUES ('74161a25-61d4-8138-267e-db047dffe0d3', '00000000-0000-0000-0000-000000000010', '6308', 'paid', 510.0, '2026-02-01 14:57:56', '2026-02-01 14:57:56', '1');
INSERT INTO order_items (order_id, product_id, product_name, product_price, quantity)
VALUES ('74161a25-61d4-8138-267e-db047dffe0d3', '021231f4-e9fa-ecbb-5f2a-ad1321ca42ea', 'product_59', 230.0, 1);
INSERT INTO order_items (order_id, product_id, product_name, product_price, quantity)
VALUES ('74161a25-61d4-8138-267e-db047dffe0d3', 'd46f67a1-e1dd-e079-0b5c-329f6422c4d4', 'product_60', 280.0, 1);
INSERT INTO payments (order_id, venue_id, method, amount)
VALUES ('74161a25-61d4-8138-267e-db047dffe0d3', '00000000-0000-0000-0000-000000000010', 'cash', 510.0);
INSERT INTO orders (id, venue_id, number, status, total_amount, opened_at, closed_at, table_number)
VALUES ('ff0537ea-245d-c3a7-63a5-84aa27f459e2', '00000000-0000-0000-0000-000000000010', '6294', 'paid', 180.0, '2026-02-01 13:46:58', '2026-02-01 13:46:58', '1');
INSERT INTO order_items (order_id, product_id, product_name, product_price, quantity)
VALUES ('ff0537ea-245d-c3a7-63a5-84aa27f459e2', 'da98da7c-a663-0228-294e-97c1fae50fd1', 'product_54', 180.0, 1);
INSERT INTO payments (order_id, venue_id, method, amount)
VALUES ('ff0537ea-245d-c3a7-63a5-84aa27f459e2', '00000000-0000-0000-0000-000000000010', 'card', 180.0);
INSERT INTO orders (id, venue_id, number, status, total_amount, opened_at, closed_at, table_number)
VALUES ('65f8bb45-2740-3c73-d4bd-b27fd847ad95', '00000000-0000-0000-0000-000000000010', '6305', 'paid', 0.0, '2026-02-01 13:27:53', '2026-02-01 13:27:53', '9');
INSERT INTO order_items (order_id, product_id, product_name, product_price, quantity)
VALUES ('65f8bb45-2740-3c73-d4bd-b27fd847ad95', '82c55340-bd07-2a9a-a6cc-6ce377f958f2', 'product_148', 0.0, 1);
INSERT INTO order_items (order_id, product_id, product_name, product_price, quantity)
VALUES ('65f8bb45-2740-3c73-d4bd-b27fd847ad95', '12dd0c72-4671-5cd8-b7da-98389426555c', 'product_228', 0.0, 1);
INSERT INTO orders (id, venue_id, number, status, total_amount, opened_at, closed_at, table_number)
VALUES ('99f7e24b-71d9-805e-c5ac-f2e2a0a0845e', '00000000-0000-0000-0000-000000000010', '6304', 'paid', 0.0, '2026-02-01 13:27:36', '2026-02-01 13:27:36', '9');
INSERT INTO order_items (order_id, product_id, product_name, product_price, quantity)
VALUES ('99f7e24b-71d9-805e-c5ac-f2e2a0a0845e', '1afe238c-a186-0e67-9e9d-d39b8c4abe8a', 'product_229', 0.0, 1);
INSERT INTO orders (id, venue_id, number, status, total_amount, opened_at, closed_at, table_number)
VALUES ('0235fdb4-f5e5-0115-2d38-2d0cfdaa697b', '00000000-0000-0000-0000-000000000010', '6286', 'paid', 4590.0, '2026-02-01 11:06:10', '2026-02-01 11:06:10', '15');
INSERT INTO order_items (order_id, product_id, product_name, product_price, quantity)
VALUES ('0235fdb4-f5e5-0115-2d38-2d0cfdaa697b', '12dd0c72-4671-5cd8-b7da-98389426555c', 'product_228', 0.0, 3);
INSERT INTO order_items (order_id, product_id, product_name, product_price, quantity)
VALUES ('0235fdb4-f5e5-0115-2d38-2d0cfdaa697b', 'da98da7c-a663-0228-294e-97c1fae50fd1', 'product_54', 180.0, 1);
INSERT INTO order_items (order_id, product_id, product_name, product_price, quantity)
VALUES ('0235fdb4-f5e5-0115-2d38-2d0cfdaa697b', '2e331f2f-b6fd-7898-11b0-9b0e3a2e58be', 'product_57', 180.0, 1);
INSERT INTO order_items (order_id, product_id, product_name, product_price, quantity)
VALUES ('0235fdb4-f5e5-0115-2d38-2d0cfdaa697b', 'bd63cdca-84b0-4bda-520e-13725e4b4e60', 'product_33', 370.0, 1);
INSERT INTO order_items (order_id, product_id, product_name, product_price, quantity)
VALUES ('0235fdb4-f5e5-0115-2d38-2d0cfdaa697b', '0caff6fe-c574-8665-33ca-5f2cee71ebb2', 'product_35', 190.0, 1);
INSERT INTO order_items (order_id, product_id, product_name, product_price, quantity)
VALUES ('0235fdb4-f5e5-0115-2d38-2d0cfdaa697b', '338bdc4d-fbd5-43ad-a7a7-3951ceca3a16', 'product_97', 260.0, 5);
INSERT INTO order_items (order_id, product_id, product_name, product_price, quantity)
VALUES ('0235fdb4-f5e5-0115-2d38-2d0cfdaa697b', 'c0fb869e-f434-07cb-f666-b9f7e55d4032', 'product_113', 770.0, 1);
INSERT INTO order_items (order_id, product_id, product_name, product_price, quantity)
VALUES ('0235fdb4-f5e5-0115-2d38-2d0cfdaa697b', '6e00b5a0-6b62-d942-73e4-86982bcae389', 'product_21', 1370.0, 1);
INSERT INTO order_items (order_id, product_id, product_name, product_price, quantity)
VALUES ('0235fdb4-f5e5-0115-2d38-2d0cfdaa697b', '021231f4-e9fa-ecbb-5f2a-ad1321ca42ea', 'product_59', 230.0, 1);
INSERT INTO order_items (order_id, product_id, product_name, product_price, quantity)
VALUES ('0235fdb4-f5e5-0115-2d38-2d0cfdaa697b', '12dd0c72-4671-5cd8-b7da-98389426555c', 'product_228', 0.0, 1);
INSERT INTO payments (order_id, venue_id, method, amount)
VALUES ('0235fdb4-f5e5-0115-2d38-2d0cfdaa697b', '00000000-0000-0000-0000-000000000010', 'card', 4590.0);
INSERT INTO orders (id, venue_id, number, status, total_amount, opened_at, closed_at, table_number)
VALUES ('1579bf98-d43f-82b7-62e5-6661df4bf8ca', '00000000-0000-0000-0000-000000000010', '6301', 'paid', 850.0, '2026-02-01 11:00:51', '2026-02-01 11:00:51', '13');
INSERT INTO order_items (order_id, product_id, product_name, product_price, quantity)
VALUES ('1579bf98-d43f-82b7-62e5-6661df4bf8ca', '2a282418-43ba-4155-2773-748bfe3b0561', 'product_186', 100.0, 1);
INSERT INTO order_items (order_id, product_id, product_name, product_price, quantity)
VALUES ('1579bf98-d43f-82b7-62e5-6661df4bf8ca', '7c7c305a-92ed-bc40-0bb5-1155fc4e313f', 'product_99', 220.0, 1);
INSERT INTO order_items (order_id, product_id, product_name, product_price, quantity)
VALUES ('1579bf98-d43f-82b7-62e5-6661df4bf8ca', '94d2bddc-c99f-2985-f8eb-9d8a4a995ad3', 'product_10', 300.0, 1);
INSERT INTO order_items (order_id, product_id, product_name, product_price, quantity)
VALUES ('1579bf98-d43f-82b7-62e5-6661df4bf8ca', '021231f4-e9fa-ecbb-5f2a-ad1321ca42ea', 'product_59', 230.0, 1);
INSERT INTO orders (id, venue_id, number, status, total_amount, opened_at, closed_at, table_number)
VALUES ('d08081cb-8b62-a64a-834a-7904c2444fbc', '00000000-0000-0000-0000-000000000010', '6302', 'paid', 1030.0, '2026-02-01 11:00:31', '2026-02-01 11:00:31', '11');
INSERT INTO order_items (order_id, product_id, product_name, product_price, quantity)
VALUES ('d08081cb-8b62-a64a-834a-7904c2444fbc', 'b9bdca4d-a423-6c36-2351-10cf52ff0eec', 'product_230', 0.0, 1);
INSERT INTO order_items (order_id, product_id, product_name, product_price, quantity)
VALUES ('d08081cb-8b62-a64a-834a-7904c2444fbc', 'ec61223f-a380-dd08-f9eb-461b3c2f80e6', 'product_163', 120.0, 2);
INSERT INTO order_items (order_id, product_id, product_name, product_price, quantity)
VALUES ('d08081cb-8b62-a64a-834a-7904c2444fbc', '021231f4-e9fa-ecbb-5f2a-ad1321ca42ea', 'product_59', 230.0, 2);
INSERT INTO order_items (order_id, product_id, product_name, product_price, quantity)
VALUES ('d08081cb-8b62-a64a-834a-7904c2444fbc', '9d00fee6-5b1a-acb8-1114-e668525ce1a6', 'product_200', 330.0, 1);
INSERT INTO orders (id, venue_id, number, status, total_amount, opened_at, closed_at, table_number)
VALUES ('3dbb104f-ae30-210f-520f-831b1e1027c2', '00000000-0000-0000-0000-000000000010', '6303', 'paid', 790.0, '2026-02-01 11:00:28', '2026-02-01 11:00:28', '10');
INSERT INTO order_items (order_id, product_id, product_name, product_price, quantity)
VALUES ('3dbb104f-ae30-210f-520f-831b1e1027c2', 'b9bdca4d-a423-6c36-2351-10cf52ff0eec', 'product_230', 0.0, 3);
INSERT INTO order_items (order_id, product_id, product_name, product_price, quantity)
VALUES ('3dbb104f-ae30-210f-520f-831b1e1027c2', '021231f4-e9fa-ecbb-5f2a-ad1321ca42ea', 'product_59', 230.0, 2);
INSERT INTO order_items (order_id, product_id, product_name, product_price, quantity)
VALUES ('3dbb104f-ae30-210f-520f-831b1e1027c2', '9d00fee6-5b1a-acb8-1114-e668525ce1a6', 'product_200', 330.0, 1);
INSERT INTO orders (id, venue_id, number, status, total_amount, opened_at, closed_at, table_number)
VALUES ('4bcdfcba-d949-1cd8-c4f6-c5860851c4dc', '00000000-0000-0000-0000-000000000010', '6299', 'paid', 1470.0, '2026-02-01 11:00:24', '2026-02-01 11:00:24', '2');
INSERT INTO order_items (order_id, product_id, product_name, product_price, quantity)
VALUES ('4bcdfcba-d949-1cd8-c4f6-c5860851c4dc', '2836be19-8d27-0aa1-68ed-3bbc6cf94fb8', 'product_13', 270.0, 1);
INSERT INTO order_items (order_id, product_id, product_name, product_price, quantity)
VALUES ('4bcdfcba-d949-1cd8-c4f6-c5860851c4dc', 'b9bdca4d-a423-6c36-2351-10cf52ff0eec', 'product_230', 0.0, 2);
INSERT INTO order_items (order_id, product_id, product_name, product_price, quantity)
VALUES ('4bcdfcba-d949-1cd8-c4f6-c5860851c4dc', 'ec61223f-a380-dd08-f9eb-461b3c2f80e6', 'product_163', 120.0, 1);
INSERT INTO order_items (order_id, product_id, product_name, product_price, quantity)
VALUES ('4bcdfcba-d949-1cd8-c4f6-c5860851c4dc', '021231f4-e9fa-ecbb-5f2a-ad1321ca42ea', 'product_59', 230.0, 1);
INSERT INTO order_items (order_id, product_id, product_name, product_price, quantity)
VALUES ('4bcdfcba-d949-1cd8-c4f6-c5860851c4dc', '9d00fee6-5b1a-acb8-1114-e668525ce1a6', 'product_200', 330.0, 2);
INSERT INTO order_items (order_id, product_id, product_name, product_price, quantity)
VALUES ('4bcdfcba-d949-1cd8-c4f6-c5860851c4dc', '0caff6fe-c574-8665-33ca-5f2cee71ebb2', 'product_35', 190.0, 1);
INSERT INTO orders (id, venue_id, number, status, total_amount, opened_at, closed_at, table_number)
VALUES ('4b41b549-f448-4292-8efe-37eae9b31a7a', '00000000-0000-0000-0000-000000000010', '6300', 'paid', 2580.0, '2026-01-31 21:34:38', '2026-01-31 21:34:38', '3');
INSERT INTO order_items (order_id, product_id, product_name, product_price, quantity)
VALUES ('4b41b549-f448-4292-8efe-37eae9b31a7a', '86a31dd0-97f1-eb78-7de1-45e29021b34e', 'product_119', 2580.0, 1);
INSERT INTO payments (order_id, venue_id, method, amount)
VALUES ('4b41b549-f448-4292-8efe-37eae9b31a7a', '00000000-0000-0000-0000-000000000010', 'card', 2580.0);
INSERT INTO orders (id, venue_id, number, status, total_amount, opened_at, closed_at, table_number)
VALUES ('28ba1426-a273-497c-3dd5-75142286e893', '00000000-0000-0000-0000-000000000010', '6298', 'paid', 620.0, '2026-01-31 19:03:08', '2026-01-31 19:03:08', '3');
INSERT INTO order_items (order_id, product_id, product_name, product_price, quantity)
VALUES ('28ba1426-a273-497c-3dd5-75142286e893', '0f7cfc79-3a3f-41ac-1aa4-b27431de9236', 'product_29', 620.0, 1);
INSERT INTO payments (order_id, venue_id, method, amount)
VALUES ('28ba1426-a273-497c-3dd5-75142286e893', '00000000-0000-0000-0000-000000000010', 'card', 620.0);
INSERT INTO orders (id, venue_id, number, status, total_amount, opened_at, closed_at, table_number)
VALUES ('4c9f7226-4baf-b5ec-4f4d-d3694a4e7d9f', '00000000-0000-0000-0000-000000000010', '6297', 'paid', 1600.0, '2026-01-31 19:02:25', '2026-01-31 19:02:25', '5');
INSERT INTO order_items (order_id, product_id, product_name, product_price, quantity)
VALUES ('4c9f7226-4baf-b5ec-4f4d-d3694a4e7d9f', 'c0fb869e-f434-07cb-f666-b9f7e55d4032', 'product_113', 770.0, 1);
INSERT INTO order_items (order_id, product_id, product_name, product_price, quantity)
VALUES ('4c9f7226-4baf-b5ec-4f4d-d3694a4e7d9f', '951f4bf6-be55-0e75-59a9-7e580a0d07c4', 'product_14', 640.0, 1);
INSERT INTO order_items (order_id, product_id, product_name, product_price, quantity)
VALUES ('4c9f7226-4baf-b5ec-4f4d-d3694a4e7d9f', 'a2b39819-292c-0b80-799d-c77d7020fc9d', 'product_34', 190.0, 1);
INSERT INTO payments (order_id, venue_id, method, amount)
VALUES ('4c9f7226-4baf-b5ec-4f4d-d3694a4e7d9f', '00000000-0000-0000-0000-000000000010', 'card', 1600.0);
INSERT INTO orders (id, venue_id, number, status, total_amount, opened_at, closed_at, table_number)
VALUES ('63b6bcf3-2669-1f90-6f54-176ca258997c', '00000000-0000-0000-0000-000000000010', '6296', 'paid', 770.0, '2026-01-31 19:01:25', '2026-01-31 19:01:25', '6');
INSERT INTO order_items (order_id, product_id, product_name, product_price, quantity)
VALUES ('63b6bcf3-2669-1f90-6f54-176ca258997c', 'c0fb869e-f434-07cb-f666-b9f7e55d4032', 'product_113', 770.0, 1);
INSERT INTO payments (order_id, venue_id, method, amount)
VALUES ('63b6bcf3-2669-1f90-6f54-176ca258997c', '00000000-0000-0000-0000-000000000010', 'card', 770.0);
INSERT INTO orders (id, venue_id, number, status, total_amount, opened_at, closed_at, table_number)
VALUES ('58971dea-3575-a5c7-3b51-665cf9a8f18f', '00000000-0000-0000-0000-000000000010', '6295', 'paid', 3050.0, '2026-01-31 18:08:48', '2026-01-31 18:08:48', '2');
INSERT INTO order_items (order_id, product_id, product_name, product_price, quantity)
VALUES ('58971dea-3575-a5c7-3b51-665cf9a8f18f', 'c0fb869e-f434-07cb-f666-b9f7e55d4032', 'product_113', 770.0, 3);
INSERT INTO order_items (order_id, product_id, product_name, product_price, quantity)
VALUES ('58971dea-3575-a5c7-3b51-665cf9a8f18f', '021231f4-e9fa-ecbb-5f2a-ad1321ca42ea', 'product_59', 230.0, 2);
INSERT INTO order_items (order_id, product_id, product_name, product_price, quantity)
VALUES ('58971dea-3575-a5c7-3b51-665cf9a8f18f', 'd46f67a1-e1dd-e079-0b5c-329f6422c4d4', 'product_60', 280.0, 1);
INSERT INTO payments (order_id, venue_id, method, amount)
VALUES ('58971dea-3575-a5c7-3b51-665cf9a8f18f', '00000000-0000-0000-0000-000000000010', 'card', 3050.0);
INSERT INTO orders (id, venue_id, number, status, total_amount, opened_at, closed_at, table_number)
VALUES ('451c5318-2747-25d9-7162-07e49d5e5283', '00000000-0000-0000-0000-000000000010', '6293', 'paid', 370.0, '2026-01-31 18:04:15', '2026-01-31 18:04:15', '7');
INSERT INTO order_items (order_id, product_id, product_name, product_price, quantity)
VALUES ('451c5318-2747-25d9-7162-07e49d5e5283', '09d404dd-f87b-b319-4eda-9ce7c697868d', 'product_32', 370.0, 1);
INSERT INTO payments (order_id, venue_id, method, amount)
VALUES ('451c5318-2747-25d9-7162-07e49d5e5283', '00000000-0000-0000-0000-000000000010', 'cash', 370.0);
INSERT INTO orders (id, venue_id, number, status, total_amount, opened_at, closed_at, table_number)
VALUES ('46936ee3-312f-abd5-aa33-77fd53a253c1', '00000000-0000-0000-0000-000000000010', '6292', 'paid', 410.0, '2026-01-31 15:49:21', '2026-01-31 15:49:21', '1');
INSERT INTO order_items (order_id, product_id, product_name, product_price, quantity)
VALUES ('46936ee3-312f-abd5-aa33-77fd53a253c1', 'da98da7c-a663-0228-294e-97c1fae50fd1', 'product_54', 180.0, 1);
INSERT INTO order_items (order_id, product_id, product_name, product_price, quantity)
VALUES ('46936ee3-312f-abd5-aa33-77fd53a253c1', '021231f4-e9fa-ecbb-5f2a-ad1321ca42ea', 'product_59', 230.0, 1);
INSERT INTO payments (order_id, venue_id, method, amount)
VALUES ('46936ee3-312f-abd5-aa33-77fd53a253c1', '00000000-0000-0000-0000-000000000010', 'card', 410.0);
INSERT INTO orders (id, venue_id, number, status, total_amount, opened_at, closed_at, table_number)
VALUES ('94286cab-43d1-8c85-f425-c4ea701a73b0', '00000000-0000-0000-0000-000000000010', '6291', 'paid', 3070.0, '2026-01-31 15:40:56', '2026-01-31 15:40:56', '8');
INSERT INTO order_items (order_id, product_id, product_name, product_price, quantity)
VALUES ('94286cab-43d1-8c85-f425-c4ea701a73b0', 'c0fb869e-f434-07cb-f666-b9f7e55d4032', 'product_113', 770.0, 3);
INSERT INTO order_items (order_id, product_id, product_name, product_price, quantity)
VALUES ('94286cab-43d1-8c85-f425-c4ea701a73b0', '260b99e2-59bd-a3dc-c313-434aff0daf54', 'product_144', 190.0, 3);
INSERT INTO order_items (order_id, product_id, product_name, product_price, quantity)
VALUES ('94286cab-43d1-8c85-f425-c4ea701a73b0', '0caff6fe-c574-8665-33ca-5f2cee71ebb2', 'product_35', 190.0, 1);
INSERT INTO payments (order_id, venue_id, method, amount)
VALUES ('94286cab-43d1-8c85-f425-c4ea701a73b0', '00000000-0000-0000-0000-000000000010', 'cash', 3070.0);
INSERT INTO orders (id, venue_id, number, status, total_amount, opened_at, closed_at, table_number)
VALUES ('47b88e16-ccea-9195-54a9-b5c6fcfeb0d4', '00000000-0000-0000-0000-000000000010', '6290', 'paid', 1300.0, '2026-01-31 14:50:43', '2026-01-31 14:50:43', '3');
INSERT INTO order_items (order_id, product_id, product_name, product_price, quantity)
VALUES ('47b88e16-ccea-9195-54a9-b5c6fcfeb0d4', '8d266d35-f6a4-b267-e097-564510f7f857', 'product_12', 270.0, 2);
INSERT INTO order_items (order_id, product_id, product_name, product_price, quantity)
VALUES ('47b88e16-ccea-9195-54a9-b5c6fcfeb0d4', '338bdc4d-fbd5-43ad-a7a7-3951ceca3a16', 'product_97', 260.0, 1);
INSERT INTO order_items (order_id, product_id, product_name, product_price, quantity)
VALUES ('47b88e16-ccea-9195-54a9-b5c6fcfeb0d4', 'da98da7c-a663-0228-294e-97c1fae50fd1', 'product_54', 180.0, 1);
INSERT INTO order_items (order_id, product_id, product_name, product_price, quantity)
VALUES ('47b88e16-ccea-9195-54a9-b5c6fcfeb0d4', '2a282418-43ba-4155-2773-748bfe3b0561', 'product_186', 100.0, 1);
INSERT INTO order_items (order_id, product_id, product_name, product_price, quantity)
VALUES ('47b88e16-ccea-9195-54a9-b5c6fcfeb0d4', '7c7c305a-92ed-bc40-0bb5-1155fc4e313f', 'product_99', 220.0, 1);
INSERT INTO payments (order_id, venue_id, method, amount)
VALUES ('47b88e16-ccea-9195-54a9-b5c6fcfeb0d4', '00000000-0000-0000-0000-000000000010', 'cash', 1300.0);
INSERT INTO orders (id, venue_id, number, status, total_amount, opened_at, closed_at, table_number)
VALUES ('b2bab467-eedc-6b77-d285-a18a33bb0e44', '00000000-0000-0000-0000-000000000010', '6287', 'paid', 1420.0, '2026-01-31 14:36:44', '2026-01-31 14:36:44', '1');
INSERT INTO order_items (order_id, product_id, product_name, product_price, quantity)
VALUES ('b2bab467-eedc-6b77-d285-a18a33bb0e44', 'a2b39819-292c-0b80-799d-c77d7020fc9d', 'product_34', 190.0, 1);
INSERT INTO order_items (order_id, product_id, product_name, product_price, quantity)
VALUES ('b2bab467-eedc-6b77-d285-a18a33bb0e44', '338bdc4d-fbd5-43ad-a7a7-3951ceca3a16', 'product_97', 260.0, 2);
INSERT INTO order_items (order_id, product_id, product_name, product_price, quantity)
VALUES ('b2bab467-eedc-6b77-d285-a18a33bb0e44', '81b3193a-f1f9-6ba6-5630-5c911f0c4a69', 'product_48', 220.0, 2);
INSERT INTO order_items (order_id, product_id, product_name, product_price, quantity)
VALUES ('b2bab467-eedc-6b77-d285-a18a33bb0e44', '8b7920ef-e954-d760-2a69-99cafc830c2e', 'product_171', 270.0, 1);
INSERT INTO payments (order_id, venue_id, method, amount)
VALUES ('b2bab467-eedc-6b77-d285-a18a33bb0e44', '00000000-0000-0000-0000-000000000010', 'card', 1420.0);
INSERT INTO orders (id, venue_id, number, status, total_amount, opened_at, closed_at, table_number)
VALUES ('4d9c9c03-51df-0b69-ae43-30f4046da957', '00000000-0000-0000-0000-000000000010', '6289', 'paid', 460.0, '2026-01-31 13:41:23', '2026-01-31 13:41:23', '10');
INSERT INTO order_items (order_id, product_id, product_name, product_price, quantity)
VALUES ('4d9c9c03-51df-0b69-ae43-30f4046da957', '021231f4-e9fa-ecbb-5f2a-ad1321ca42ea', 'product_59', 230.0, 2);
INSERT INTO payments (order_id, venue_id, method, amount)
VALUES ('4d9c9c03-51df-0b69-ae43-30f4046da957', '00000000-0000-0000-0000-000000000010', 'card', 460.0);
INSERT INTO orders (id, venue_id, number, status, total_amount, opened_at, closed_at, table_number)
VALUES ('07d7e61d-616d-a7d6-017f-e50f2a63a05a', '00000000-0000-0000-0000-000000000010', '6288', 'paid', 2310.0, '2026-01-31 13:37:28', '2026-01-31 13:37:28', '8');
INSERT INTO order_items (order_id, product_id, product_name, product_price, quantity)
VALUES ('07d7e61d-616d-a7d6-017f-e50f2a63a05a', '7b0b5f60-47be-c07e-9585-af9a20b6d773', 'product_9', 460.0, 2);
INSERT INTO order_items (order_id, product_id, product_name, product_price, quantity)
VALUES ('07d7e61d-616d-a7d6-017f-e50f2a63a05a', '5b7828a6-fad3-dc3f-06c7-979905efbff1', 'product_61', 350.0, 1);
INSERT INTO order_items (order_id, product_id, product_name, product_price, quantity)
VALUES ('07d7e61d-616d-a7d6-017f-e50f2a63a05a', '021231f4-e9fa-ecbb-5f2a-ad1321ca42ea', 'product_59', 230.0, 1);
INSERT INTO order_items (order_id, product_id, product_name, product_price, quantity)
VALUES ('07d7e61d-616d-a7d6-017f-e50f2a63a05a', 'f35ae6ee-40da-7479-c64b-612bff507023', 'product_31', 370.0, 1);
INSERT INTO order_items (order_id, product_id, product_name, product_price, quantity)
VALUES ('07d7e61d-616d-a7d6-017f-e50f2a63a05a', 'ce90a2e4-a08b-570d-aca7-50bb5d2d0ab2', 'product_112', 440.0, 1);
INSERT INTO payments (order_id, venue_id, method, amount)
VALUES ('07d7e61d-616d-a7d6-017f-e50f2a63a05a', '00000000-0000-0000-0000-000000000010', 'card', 2310.0);
INSERT INTO orders (id, venue_id, number, status, total_amount, opened_at, closed_at, table_number)
VALUES ('d4f5cfaf-8b87-88b1-27df-115fa67bb91c', '00000000-0000-0000-0000-000000000010', '6283', 'paid', 670.0, '2026-01-31 12:06:25', '2026-01-31 12:06:25', '3');
INSERT INTO order_items (order_id, product_id, product_name, product_price, quantity)
VALUES ('d4f5cfaf-8b87-88b1-27df-115fa67bb91c', 'b9bdca4d-a423-6c36-2351-10cf52ff0eec', 'product_230', 0.0, 1);
INSERT INTO order_items (order_id, product_id, product_name, product_price, quantity)
VALUES ('d4f5cfaf-8b87-88b1-27df-115fa67bb91c', '94d2bddc-c99f-2985-f8eb-9d8a4a995ad3', 'product_10', 300.0, 1);
INSERT INTO order_items (order_id, product_id, product_name, product_price, quantity)
VALUES ('d4f5cfaf-8b87-88b1-27df-115fa67bb91c', '12dd0c72-4671-5cd8-b7da-98389426555c', 'product_228', 0.0, 1);
INSERT INTO order_items (order_id, product_id, product_name, product_price, quantity)
VALUES ('d4f5cfaf-8b87-88b1-27df-115fa67bb91c', '7a291d79-c795-0f76-118b-25d10a078238', 'product_191', 370.0, 1);
INSERT INTO orders (id, venue_id, number, status, total_amount, opened_at, closed_at, table_number)
VALUES ('1e870958-09a9-6359-5d46-7c9f9627c5aa', '00000000-0000-0000-0000-000000000010', '6272', 'paid', 3240.0, '2026-01-31 11:59:46', '2026-01-31 11:59:46', '12');
INSERT INTO order_items (order_id, product_id, product_name, product_price, quantity)
VALUES ('1e870958-09a9-6359-5d46-7c9f9627c5aa', '7ddbed72-7deb-5ee4-0634-41d52192bad1', 'product_23', 1750.0, 1);
INSERT INTO order_items (order_id, product_id, product_name, product_price, quantity)
VALUES ('1e870958-09a9-6359-5d46-7c9f9627c5aa', 'd158543d-e9dc-0b2a-7902-b665a39db719', 'product_126', 410.0, 1);
INSERT INTO order_items (order_id, product_id, product_name, product_price, quantity)
VALUES ('1e870958-09a9-6359-5d46-7c9f9627c5aa', 'ce90a2e4-a08b-570d-aca7-50bb5d2d0ab2', 'product_112', 440.0, 1);
INSERT INTO order_items (order_id, product_id, product_name, product_price, quantity)
VALUES ('1e870958-09a9-6359-5d46-7c9f9627c5aa', '951f4bf6-be55-0e75-59a9-7e580a0d07c4', 'product_14', 640.0, 1);
INSERT INTO payments (order_id, venue_id, method, amount)
VALUES ('1e870958-09a9-6359-5d46-7c9f9627c5aa', '00000000-0000-0000-0000-000000000010', 'card', 3240.0);
INSERT INTO orders (id, venue_id, number, status, total_amount, opened_at, closed_at, table_number)
VALUES ('9ec62b73-5d3a-bd23-3f32-7f0cc2c4cb2d', '00000000-0000-0000-0000-000000000010', '6274', 'paid', 690.0, '2026-01-31 11:24:16', '2026-01-31 11:24:16', '11');
INSERT INTO order_items (order_id, product_id, product_name, product_price, quantity)
VALUES ('9ec62b73-5d3a-bd23-3f32-7f0cc2c4cb2d', 'b9bdca4d-a423-6c36-2351-10cf52ff0eec', 'product_230', 0.0, 3);
INSERT INTO order_items (order_id, product_id, product_name, product_price, quantity)
VALUES ('9ec62b73-5d3a-bd23-3f32-7f0cc2c4cb2d', '021231f4-e9fa-ecbb-5f2a-ad1321ca42ea', 'product_59', 230.0, 3);
INSERT INTO order_items (order_id, product_id, product_name, product_price, quantity)
VALUES ('9ec62b73-5d3a-bd23-3f32-7f0cc2c4cb2d', '12dd0c72-4671-5cd8-b7da-98389426555c', 'product_228', 0.0, 1);
INSERT INTO orders (id, venue_id, number, status, total_amount, opened_at, closed_at, table_number)
VALUES ('c9fc7599-8fe5-4ccf-a7f0-2d3a7b24aedb', '00000000-0000-0000-0000-000000000010', '6282', 'paid', 1700.0, '2026-01-31 11:24:08', '2026-01-31 11:24:08', '1');
INSERT INTO order_items (order_id, product_id, product_name, product_price, quantity)
VALUES ('c9fc7599-8fe5-4ccf-a7f0-2d3a7b24aedb', '2836be19-8d27-0aa1-68ed-3bbc6cf94fb8', 'product_13', 270.0, 1);
INSERT INTO order_items (order_id, product_id, product_name, product_price, quantity)
VALUES ('c9fc7599-8fe5-4ccf-a7f0-2d3a7b24aedb', 'b9bdca4d-a423-6c36-2351-10cf52ff0eec', 'product_230', 0.0, 3);
INSERT INTO order_items (order_id, product_id, product_name, product_price, quantity)
VALUES ('c9fc7599-8fe5-4ccf-a7f0-2d3a7b24aedb', '12dd0c72-4671-5cd8-b7da-98389426555c', 'product_228', 0.0, 2);
INSERT INTO order_items (order_id, product_id, product_name, product_price, quantity)
VALUES ('c9fc7599-8fe5-4ccf-a7f0-2d3a7b24aedb', 'a2b39819-292c-0b80-799d-c77d7020fc9d', 'product_34', 190.0, 2);
INSERT INTO order_items (order_id, product_id, product_name, product_price, quantity)
VALUES ('c9fc7599-8fe5-4ccf-a7f0-2d3a7b24aedb', '94d2bddc-c99f-2985-f8eb-9d8a4a995ad3', 'product_10', 300.0, 1);
INSERT INTO order_items (order_id, product_id, product_name, product_price, quantity)
VALUES ('c9fc7599-8fe5-4ccf-a7f0-2d3a7b24aedb', '021231f4-e9fa-ecbb-5f2a-ad1321ca42ea', 'product_59', 230.0, 1);
INSERT INTO order_items (order_id, product_id, product_name, product_price, quantity)
VALUES ('c9fc7599-8fe5-4ccf-a7f0-2d3a7b24aedb', '338bdc4d-fbd5-43ad-a7a7-3951ceca3a16', 'product_97', 260.0, 2);
INSERT INTO orders (id, venue_id, number, status, total_amount, opened_at, closed_at, table_number)
VALUES ('b0068194-4564-2da6-dc23-dd487bd6b840', '00000000-0000-0000-0000-000000000010', '6275', 'paid', 3160.0, '2026-01-31 11:15:46', '2026-01-31 11:15:46', '15');
INSERT INTO order_items (order_id, product_id, product_name, product_price, quantity)
VALUES ('b0068194-4564-2da6-dc23-dd487bd6b840', '89f7c252-16f5-61cd-3e79-006400fd853a', 'product_208', 1750.0, 1);
INSERT INTO order_items (order_id, product_id, product_name, product_price, quantity)
VALUES ('b0068194-4564-2da6-dc23-dd487bd6b840', '627b586a-57c8-d217-1549-c47bb32192ac', 'product_26', 460.0, 2);
INSERT INTO order_items (order_id, product_id, product_name, product_price, quantity)
VALUES ('b0068194-4564-2da6-dc23-dd487bd6b840', '81b3193a-f1f9-6ba6-5630-5c911f0c4a69', 'product_48', 220.0, 1);
INSERT INTO order_items (order_id, product_id, product_name, product_price, quantity)
VALUES ('b0068194-4564-2da6-dc23-dd487bd6b840', '8b7920ef-e954-d760-2a69-99cafc830c2e', 'product_171', 270.0, 1);
INSERT INTO payments (order_id, venue_id, method, amount)
VALUES ('b0068194-4564-2da6-dc23-dd487bd6b840', '00000000-0000-0000-0000-000000000010', 'card', 3160.0);
INSERT INTO orders (id, venue_id, number, status, total_amount, opened_at, closed_at, table_number)
VALUES ('4f222033-2afb-2124-3f46-ab00fc693f70', '00000000-0000-0000-0000-000000000010', '6284', 'paid', 910.0, '2026-01-31 11:15:36', '2026-01-31 11:15:36', '2');
INSERT INTO order_items (order_id, product_id, product_name, product_price, quantity)
VALUES ('4f222033-2afb-2124-3f46-ab00fc693f70', '8d266d35-f6a4-b267-e097-564510f7f857', 'product_12', 270.0, 1);
INSERT INTO order_items (order_id, product_id, product_name, product_price, quantity)
VALUES ('4f222033-2afb-2124-3f46-ab00fc693f70', '2836be19-8d27-0aa1-68ed-3bbc6cf94fb8', 'product_13', 270.0, 1);
INSERT INTO order_items (order_id, product_id, product_name, product_price, quantity)
VALUES ('4f222033-2afb-2124-3f46-ab00fc693f70', 'a2b39819-292c-0b80-799d-c77d7020fc9d', 'product_34', 190.0, 1);
INSERT INTO order_items (order_id, product_id, product_name, product_price, quantity)
VALUES ('4f222033-2afb-2124-3f46-ab00fc693f70', 'da98da7c-a663-0228-294e-97c1fae50fd1', 'product_54', 180.0, 1);
INSERT INTO payments (order_id, venue_id, method, amount)
VALUES ('4f222033-2afb-2124-3f46-ab00fc693f70', '00000000-0000-0000-0000-000000000010', 'card', 910.0);
INSERT INTO orders (id, venue_id, number, status, total_amount, opened_at, closed_at, table_number)
VALUES ('9a64380d-3cdf-81a0-bbca-95bd5b4bcf62', '00000000-0000-0000-0000-000000000010', '6285', 'paid', 0.0, '2026-01-31 11:01:23', '2026-01-31 11:01:23', '9');
INSERT INTO order_items (order_id, product_id, product_name, product_price, quantity)
VALUES ('9a64380d-3cdf-81a0-bbca-95bd5b4bcf62', '82c55340-bd07-2a9a-a6cc-6ce377f958f2', 'product_148', 0.0, 1);
INSERT INTO order_items (order_id, product_id, product_name, product_price, quantity)
VALUES ('9a64380d-3cdf-81a0-bbca-95bd5b4bcf62', '12dd0c72-4671-5cd8-b7da-98389426555c', 'product_228', 0.0, 1);
INSERT INTO orders (id, venue_id, number, status, total_amount, opened_at, closed_at, table_number)
VALUES ('359e4564-38a1-3c83-b2a6-ffcb3d5dfe5a', '00000000-0000-0000-0000-000000000010', '6281', 'paid', 0.0, '2026-01-31 09:06:41', '2026-01-31 09:06:41', '9');
INSERT INTO order_items (order_id, product_id, product_name, product_price, quantity)
VALUES ('359e4564-38a1-3c83-b2a6-ffcb3d5dfe5a', '1afe238c-a186-0e67-9e9d-d39b8c4abe8a', 'product_229', 0.0, 1);
INSERT INTO orders (id, venue_id, number, status, total_amount, opened_at, closed_at, table_number)
VALUES ('a6c599f8-aff4-c17a-9605-68ee894ed290', '00000000-0000-0000-0000-000000000010', '6280', 'paid', 230.0, '2026-01-31 09:02:15', '2026-01-31 09:02:15', '1');
INSERT INTO order_items (order_id, product_id, product_name, product_price, quantity)
VALUES ('a6c599f8-aff4-c17a-9605-68ee894ed290', '021231f4-e9fa-ecbb-5f2a-ad1321ca42ea', 'product_59', 230.0, 1);
INSERT INTO payments (order_id, venue_id, method, amount)
VALUES ('a6c599f8-aff4-c17a-9605-68ee894ed290', '00000000-0000-0000-0000-000000000010', 'card', 230.0);
INSERT INTO orders (id, venue_id, number, status, total_amount, opened_at, closed_at, table_number)
VALUES ('84a29f01-9945-d40a-2386-5ef7efe198b2', '00000000-0000-0000-0000-000000000010', '6278', 'paid', 370.0, '2026-01-30 21:36:16', '2026-01-30 21:36:16', '1');
INSERT INTO order_items (order_id, product_id, product_name, product_price, quantity)
VALUES ('84a29f01-9945-d40a-2386-5ef7efe198b2', '09d404dd-f87b-b319-4eda-9ce7c697868d', 'product_32', 370.0, 1);
INSERT INTO payments (order_id, venue_id, method, amount)
VALUES ('84a29f01-9945-d40a-2386-5ef7efe198b2', '00000000-0000-0000-0000-000000000010', 'card', 370.0);
INSERT INTO orders (id, venue_id, number, status, total_amount, opened_at, closed_at, table_number)
VALUES ('08efe0de-6693-6410-cbc2-691acc2cdad5', '00000000-0000-0000-0000-000000000010', '6279', 'paid', 370.0, '2026-01-30 21:36:12', '2026-01-30 21:36:12', '2');
INSERT INTO order_items (order_id, product_id, product_name, product_price, quantity)
VALUES ('08efe0de-6693-6410-cbc2-691acc2cdad5', '09d404dd-f87b-b319-4eda-9ce7c697868d', 'product_32', 370.0, 1);
INSERT INTO payments (order_id, venue_id, method, amount)
VALUES ('08efe0de-6693-6410-cbc2-691acc2cdad5', '00000000-0000-0000-0000-000000000010', 'card', 370.0);
INSERT INTO orders (id, venue_id, number, status, total_amount, opened_at, closed_at, table_number)
VALUES ('3b849768-2f42-a148-a1f0-5c6460fefb69', '00000000-0000-0000-0000-000000000010', '6277', 'paid', 0.0, '2026-01-30 20:28:46', '2026-01-30 20:28:46', '9');
INSERT INTO order_items (order_id, product_id, product_name, product_price, quantity)
VALUES ('3b849768-2f42-a148-a1f0-5c6460fefb69', '82c55340-bd07-2a9a-a6cc-6ce377f958f2', 'product_148', 0.0, 1);
INSERT INTO orders (id, venue_id, number, status, total_amount, opened_at, closed_at, table_number)
VALUES ('dc6f41da-2cdc-44da-25db-c037da3f8179', '00000000-0000-0000-0000-000000000010', '6276', 'paid', 0.0, '2026-01-30 20:28:32', '2026-01-30 20:28:32', '9');
INSERT INTO order_items (order_id, product_id, product_name, product_price, quantity)
VALUES ('dc6f41da-2cdc-44da-25db-c037da3f8179', '1afe238c-a186-0e67-9e9d-d39b8c4abe8a', 'product_229', 0.0, 1);
INSERT INTO orders (id, venue_id, number, status, total_amount, opened_at, closed_at, table_number)
VALUES ('5e87982c-f69a-12a8-1df4-a426c42dd60f', '00000000-0000-0000-0000-000000000010', '6273', 'paid', 4140.0, '2026-01-30 17:58:25', '2026-01-30 17:58:25', '11');
INSERT INTO order_items (order_id, product_id, product_name, product_price, quantity)
VALUES ('5e87982c-f69a-12a8-1df4-a426c42dd60f', '260b99e2-59bd-a3dc-c313-434aff0daf54', 'product_144', 190.0, 1);
INSERT INTO order_items (order_id, product_id, product_name, product_price, quantity)
VALUES ('5e87982c-f69a-12a8-1df4-a426c42dd60f', '12dd0c72-4671-5cd8-b7da-98389426555c', 'product_228', 0.0, 2);
INSERT INTO order_items (order_id, product_id, product_name, product_price, quantity)
VALUES ('5e87982c-f69a-12a8-1df4-a426c42dd60f', '021231f4-e9fa-ecbb-5f2a-ad1321ca42ea', 'product_59', 230.0, 1);
INSERT INTO order_items (order_id, product_id, product_name, product_price, quantity)
VALUES ('5e87982c-f69a-12a8-1df4-a426c42dd60f', '1a9038b5-12c1-4b41-756a-ce6d8bb0fac8', 'product_114', 670.0, 1);
INSERT INTO order_items (order_id, product_id, product_name, product_price, quantity)
VALUES ('5e87982c-f69a-12a8-1df4-a426c42dd60f', 'fdb6f575-fe3f-282e-93d0-1dad56530fa5', 'product_15', 640.0, 1);
INSERT INTO order_items (order_id, product_id, product_name, product_price, quantity)
VALUES ('5e87982c-f69a-12a8-1df4-a426c42dd60f', '6e00b5a0-6b62-d942-73e4-86982bcae389', 'product_21', 1370.0, 1);
INSERT INTO order_items (order_id, product_id, product_name, product_price, quantity)
VALUES ('5e87982c-f69a-12a8-1df4-a426c42dd60f', 'f35a1ebf-94b4-c196-4fdb-5698a8e21330', 'product_170', 820.0, 1);
INSERT INTO order_items (order_id, product_id, product_name, product_price, quantity)
VALUES ('5e87982c-f69a-12a8-1df4-a426c42dd60f', 'bc75aa2b-4910-21bf-56ff-d9769b039d8e', 'product_47', 220.0, 1);
INSERT INTO payments (order_id, venue_id, method, amount)
VALUES ('5e87982c-f69a-12a8-1df4-a426c42dd60f', '00000000-0000-0000-0000-000000000010', 'card', 4140.0);
INSERT INTO orders (id, venue_id, number, status, total_amount, opened_at, closed_at, table_number)
VALUES ('67d9b6ad-149c-4683-263e-1d8799b4ac4a', '00000000-0000-0000-0000-000000000010', '6271', 'paid', 460.0, '2026-01-30 16:52:57', '2026-01-30 16:52:57', '12');
INSERT INTO order_items (order_id, product_id, product_name, product_price, quantity)
VALUES ('67d9b6ad-149c-4683-263e-1d8799b4ac4a', 'b9bdca4d-a423-6c36-2351-10cf52ff0eec', 'product_230', 0.0, 1);
INSERT INTO order_items (order_id, product_id, product_name, product_price, quantity)
VALUES ('67d9b6ad-149c-4683-263e-1d8799b4ac4a', 'f84367c9-6f4c-dad3-017a-1b34c7bccb0f', 'product_232', 0.0, 1);
INSERT INTO order_items (order_id, product_id, product_name, product_price, quantity)
VALUES ('67d9b6ad-149c-4683-263e-1d8799b4ac4a', '021231f4-e9fa-ecbb-5f2a-ad1321ca42ea', 'product_59', 230.0, 2);
INSERT INTO orders (id, venue_id, number, status, total_amount, opened_at, closed_at, table_number)
VALUES ('a6c344af-0b2f-1397-4864-4ce2a4c927d4', '00000000-0000-0000-0000-000000000010', '6270', 'paid', 3630.0, '2026-01-29 20:58:53', '2026-01-29 20:58:53', '11');
INSERT INTO order_items (order_id, product_id, product_name, product_price, quantity)
VALUES ('a6c344af-0b2f-1397-4864-4ce2a4c927d4', 'ba729be8-36f6-fb9a-7e2c-4b99753cb652', 'product_217', 600.0, 2);
INSERT INTO order_items (order_id, product_id, product_name, product_price, quantity)
VALUES ('a6c344af-0b2f-1397-4864-4ce2a4c927d4', 'ce90a2e4-a08b-570d-aca7-50bb5d2d0ab2', 'product_112', 440.0, 1);
INSERT INTO order_items (order_id, product_id, product_name, product_price, quantity)
VALUES ('a6c344af-0b2f-1397-4864-4ce2a4c927d4', '0f7cfc79-3a3f-41ac-1aa4-b27431de9236', 'product_29', 620.0, 1);
INSERT INTO order_items (order_id, product_id, product_name, product_price, quantity)
VALUES ('a6c344af-0b2f-1397-4864-4ce2a4c927d4', '6e00b5a0-6b62-d942-73e4-86982bcae389', 'product_21', 1370.0, 1);
INSERT INTO payments (order_id, venue_id, method, amount)
VALUES ('a6c344af-0b2f-1397-4864-4ce2a4c927d4', '00000000-0000-0000-0000-000000000010', 'card', 3630.0);
INSERT INTO orders (id, venue_id, number, status, total_amount, opened_at, closed_at, table_number)
VALUES ('3b2d8c77-f682-8447-19dc-43b28f35a606', '00000000-0000-0000-0000-000000000010', '6269', 'paid', 1670.0, '2026-01-29 20:18:08', '2026-01-29 20:18:08', '10');
INSERT INTO order_items (order_id, product_id, product_name, product_price, quantity)
VALUES ('3b2d8c77-f682-8447-19dc-43b28f35a606', '0f7cfc79-3a3f-41ac-1aa4-b27431de9236', 'product_29', 620.0, 2);
INSERT INTO order_items (order_id, product_id, product_name, product_price, quantity)
VALUES ('3b2d8c77-f682-8447-19dc-43b28f35a606', 'c6df6494-4f53-4174-6660-06fb0dc02db5', 'product_199', 430.0, 1);
INSERT INTO payments (order_id, venue_id, method, amount)
VALUES ('3b2d8c77-f682-8447-19dc-43b28f35a606', '00000000-0000-0000-0000-000000000010', 'cash', 1670.0);
INSERT INTO orders (id, venue_id, number, status, total_amount, opened_at, closed_at, table_number)
VALUES ('cf9ddcd1-64f3-2567-0175-da32b1df8cc9', '00000000-0000-0000-0000-000000000010', '6268', 'paid', 930.0, '2026-01-29 10:55:57', '2026-01-29 10:55:57', '10');
INSERT INTO order_items (order_id, product_id, product_name, product_price, quantity)
VALUES ('cf9ddcd1-64f3-2567-0175-da32b1df8cc9', '8d266d35-f6a4-b267-e097-564510f7f857', 'product_12', 270.0, 1);
INSERT INTO order_items (order_id, product_id, product_name, product_price, quantity)
VALUES ('cf9ddcd1-64f3-2567-0175-da32b1df8cc9', 'b9bdca4d-a423-6c36-2351-10cf52ff0eec', 'product_230', 0.0, 2);
INSERT INTO order_items (order_id, product_id, product_name, product_price, quantity)
VALUES ('cf9ddcd1-64f3-2567-0175-da32b1df8cc9', '9d00fee6-5b1a-acb8-1114-e668525ce1a6', 'product_200', 330.0, 2);
INSERT INTO orders (id, venue_id, number, status, total_amount, opened_at, closed_at, table_number)
VALUES ('52e0fa87-e422-4062-297d-e47250293f37', '00000000-0000-0000-0000-000000000010', '6267', 'paid', 0.0, '2026-01-29 09:57:06', '2026-01-29 09:57:06', '9');
INSERT INTO order_items (order_id, product_id, product_name, product_price, quantity)
VALUES ('52e0fa87-e422-4062-297d-e47250293f37', '82c55340-bd07-2a9a-a6cc-6ce377f958f2', 'product_148', 0.0, 1);
INSERT INTO orders (id, venue_id, number, status, total_amount, opened_at, closed_at, table_number)
VALUES ('da696e16-f3b9-d243-8fa6-a36ba975b0a5', '00000000-0000-0000-0000-000000000010', '6266', 'paid', 0.0, '2026-01-29 09:56:48', '2026-01-29 09:56:48', '9');
INSERT INTO order_items (order_id, product_id, product_name, product_price, quantity)
VALUES ('da696e16-f3b9-d243-8fa6-a36ba975b0a5', '1afe238c-a186-0e67-9e9d-d39b8c4abe8a', 'product_229', 0.0, 1);
INSERT INTO orders (id, venue_id, number, status, total_amount, opened_at, closed_at, table_number)
VALUES ('0a0b952d-d692-e2cf-eba7-efdd5c91b733', '00000000-0000-0000-0000-000000000010', '6265', 'paid', 2840.0, '2026-01-28 21:39:48', '2026-01-28 21:39:48', '11');
INSERT INTO order_items (order_id, product_id, product_name, product_price, quantity)
VALUES ('0a0b952d-d692-e2cf-eba7-efdd5c91b733', '7ddbed72-7deb-5ee4-0634-41d52192bad1', 'product_23', 1750.0, 1);
INSERT INTO order_items (order_id, product_id, product_name, product_price, quantity)
VALUES ('0a0b952d-d692-e2cf-eba7-efdd5c91b733', '09d9bcce-e54b-d518-c5bf-1c5d4b683d38', 'product_50', 200.0, 2);
INSERT INTO order_items (order_id, product_id, product_name, product_price, quantity)
VALUES ('0a0b952d-d692-e2cf-eba7-efdd5c91b733', '7f688518-4003-c783-7333-b947a8856b49', 'product_28', 470.0, 1);
INSERT INTO order_items (order_id, product_id, product_name, product_price, quantity)
VALUES ('0a0b952d-d692-e2cf-eba7-efdd5c91b733', '4f5dfe3a-4ba6-edc6-1a39-a54a344ea46a', 'product_159', 220.0, 1);
INSERT INTO payments (order_id, venue_id, method, amount)
VALUES ('0a0b952d-d692-e2cf-eba7-efdd5c91b733', '00000000-0000-0000-0000-000000000010', 'card', 2840.0);
INSERT INTO orders (id, venue_id, number, status, total_amount, opened_at, closed_at, table_number)
VALUES ('5414182d-a969-9416-bcc9-770994cd4037', '00000000-0000-0000-0000-000000000010', '6263', 'paid', 410.0, '2026-01-28 16:15:53', '2026-01-28 16:15:53', '10');
INSERT INTO order_items (order_id, product_id, product_name, product_price, quantity)
VALUES ('5414182d-a969-9416-bcc9-770994cd4037', 'b9bdca4d-a423-6c36-2351-10cf52ff0eec', 'product_230', 0.0, 2);
INSERT INTO order_items (order_id, product_id, product_name, product_price, quantity)
VALUES ('5414182d-a969-9416-bcc9-770994cd4037', '021231f4-e9fa-ecbb-5f2a-ad1321ca42ea', 'product_59', 230.0, 1);
INSERT INTO order_items (order_id, product_id, product_name, product_price, quantity)
VALUES ('5414182d-a969-9416-bcc9-770994cd4037', 'da98da7c-a663-0228-294e-97c1fae50fd1', 'product_54', 180.0, 1);
INSERT INTO orders (id, venue_id, number, status, total_amount, opened_at, closed_at, table_number)
VALUES ('6fb92575-cfb2-c58c-9fae-8146932f11f8', '00000000-0000-0000-0000-000000000010', '6264', 'paid', 1850.0, '2026-01-28 10:52:07', '2026-01-28 10:52:07', '11');
INSERT INTO order_items (order_id, product_id, product_name, product_price, quantity)
VALUES ('6fb92575-cfb2-c58c-9fae-8146932f11f8', '7b0b5f60-47be-c07e-9585-af9a20b6d773', 'product_9', 460.0, 2);
INSERT INTO order_items (order_id, product_id, product_name, product_price, quantity)
VALUES ('6fb92575-cfb2-c58c-9fae-8146932f11f8', '12dd0c72-4671-5cd8-b7da-98389426555c', 'product_228', 0.0, 1);
INSERT INTO order_items (order_id, product_id, product_name, product_price, quantity)
VALUES ('6fb92575-cfb2-c58c-9fae-8146932f11f8', '9d00fee6-5b1a-acb8-1114-e668525ce1a6', 'product_200', 330.0, 2);
INSERT INTO order_items (order_id, product_id, product_name, product_price, quantity)
VALUES ('6fb92575-cfb2-c58c-9fae-8146932f11f8', '2836be19-8d27-0aa1-68ed-3bbc6cf94fb8', 'product_13', 270.0, 1);
INSERT INTO payments (order_id, venue_id, method, amount)
VALUES ('6fb92575-cfb2-c58c-9fae-8146932f11f8', '00000000-0000-0000-0000-000000000010', 'card', 270.0);
INSERT INTO orders (id, venue_id, number, status, total_amount, opened_at, closed_at, table_number)
VALUES ('6eeb315e-c7e9-e6fe-49d5-729cfa0331a4', '00000000-0000-0000-0000-000000000010', '6262', 'paid', 370.0, '2026-01-27 22:38:12', '2026-01-27 22:38:12', '1');
INSERT INTO order_items (order_id, product_id, product_name, product_price, quantity)
VALUES ('6eeb315e-c7e9-e6fe-49d5-729cfa0331a4', '5c3938ac-271e-5674-37aa-116c20435202', 'product_234', 370.0, 1);
INSERT INTO payments (order_id, venue_id, method, amount)
VALUES ('6eeb315e-c7e9-e6fe-49d5-729cfa0331a4', '00000000-0000-0000-0000-000000000010', 'card', 370.0);
INSERT INTO orders (id, venue_id, number, status, total_amount, opened_at, closed_at, table_number)
VALUES ('c62bcc10-7342-322e-2729-44c35eb03cff', '00000000-0000-0000-0000-000000000010', '6261', 'paid', 2460.0, '2026-01-27 21:28:08', '2026-01-27 21:28:08', '1');
INSERT INTO order_items (order_id, product_id, product_name, product_price, quantity)
VALUES ('c62bcc10-7342-322e-2729-44c35eb03cff', '627b586a-57c8-d217-1549-c47bb32192ac', 'product_26', 460.0, 1);
INSERT INTO order_items (order_id, product_id, product_name, product_price, quantity)
VALUES ('c62bcc10-7342-322e-2729-44c35eb03cff', '6e00b5a0-6b62-d942-73e4-86982bcae389', 'product_21', 1370.0, 1);
INSERT INTO order_items (order_id, product_id, product_name, product_price, quantity)
VALUES ('c62bcc10-7342-322e-2729-44c35eb03cff', '260b99e2-59bd-a3dc-c313-434aff0daf54', 'product_144', 190.0, 1);
INSERT INTO order_items (order_id, product_id, product_name, product_price, quantity)
VALUES ('c62bcc10-7342-322e-2729-44c35eb03cff', '3e9ef73d-3da6-3a82-456a-d27d4a1c4254', 'product_49', 220.0, 2);
INSERT INTO payments (order_id, venue_id, method, amount)
VALUES ('c62bcc10-7342-322e-2729-44c35eb03cff', '00000000-0000-0000-0000-000000000010', 'card', 2460.0);
INSERT INTO orders (id, venue_id, number, status, total_amount, opened_at, closed_at, table_number)
VALUES ('def6042d-8ffe-f038-0a55-bc0c5f140fa2', '00000000-0000-0000-0000-000000000010', '6259', 'paid', 320.0, '2026-01-27 15:35:04', '2026-01-27 15:35:04', '5');
INSERT INTO order_items (order_id, product_id, product_name, product_price, quantity)
VALUES ('def6042d-8ffe-f038-0a55-bc0c5f140fa2', 'eed148a6-7f8f-38d6-85f9-602481bbc846', 'product_146', 130.0, 1);
INSERT INTO order_items (order_id, product_id, product_name, product_price, quantity)
VALUES ('def6042d-8ffe-f038-0a55-bc0c5f140fa2', '0caff6fe-c574-8665-33ca-5f2cee71ebb2', 'product_35', 190.0, 1);
INSERT INTO payments (order_id, venue_id, method, amount)
VALUES ('def6042d-8ffe-f038-0a55-bc0c5f140fa2', '00000000-0000-0000-0000-000000000010', 'card', 320.0);
INSERT INTO orders (id, venue_id, number, status, total_amount, opened_at, closed_at, table_number)
VALUES ('f00c1c0a-d440-81cc-5c2e-7a21f3f1d356', '00000000-0000-0000-0000-000000000010', '6260', 'paid', 0.0, '2026-01-27 14:52:23', '2026-01-27 14:52:23', '1');
INSERT INTO order_items (order_id, product_id, product_name, product_price, quantity)
VALUES ('f00c1c0a-d440-81cc-5c2e-7a21f3f1d356', '12dd0c72-4671-5cd8-b7da-98389426555c', 'product_228', 0.0, 1);
INSERT INTO orders (id, venue_id, number, status, total_amount, opened_at, closed_at, table_number)
VALUES ('a3268e86-5845-edd6-ac32-cbcdc32a6173', '00000000-0000-0000-0000-000000000010', '6258', 'paid', 1710.0, '2026-01-27 14:51:09', '2026-01-27 14:51:09', '1');
INSERT INTO order_items (order_id, product_id, product_name, product_price, quantity)
VALUES ('a3268e86-5845-edd6-ac32-cbcdc32a6173', '1a9038b5-12c1-4b41-756a-ce6d8bb0fac8', 'product_114', 670.0, 1);
INSERT INTO order_items (order_id, product_id, product_name, product_price, quantity)
VALUES ('a3268e86-5845-edd6-ac32-cbcdc32a6173', 'f35a1ebf-94b4-c196-4fdb-5698a8e21330', 'product_170', 820.0, 1);
INSERT INTO order_items (order_id, product_id, product_name, product_price, quantity)
VALUES ('a3268e86-5845-edd6-ac32-cbcdc32a6173', '3e9ef73d-3da6-3a82-456a-d27d4a1c4254', 'product_49', 220.0, 1);
INSERT INTO order_items (order_id, product_id, product_name, product_price, quantity)
VALUES ('a3268e86-5845-edd6-ac32-cbcdc32a6173', '12dd0c72-4671-5cd8-b7da-98389426555c', 'product_228', 0.0, 1);
INSERT INTO payments (order_id, venue_id, method, amount)
VALUES ('a3268e86-5845-edd6-ac32-cbcdc32a6173', '00000000-0000-0000-0000-000000000010', 'card', 1710.0);
INSERT INTO orders (id, venue_id, number, status, total_amount, opened_at, closed_at, table_number)
VALUES ('295109d7-43af-3336-8cb1-7f666ce38c66', '00000000-0000-0000-0000-000000000010', '6256', 'paid', 2220.0, '2026-01-27 12:22:26', '2026-01-27 12:22:26', '15');
INSERT INTO order_items (order_id, product_id, product_name, product_price, quantity)
VALUES ('295109d7-43af-3336-8cb1-7f666ce38c66', '7b0b5f60-47be-c07e-9585-af9a20b6d773', 'product_9', 460.0, 2);
INSERT INTO order_items (order_id, product_id, product_name, product_price, quantity)
VALUES ('295109d7-43af-3336-8cb1-7f666ce38c66', '2e331f2f-b6fd-7898-11b0-9b0e3a2e58be', 'product_57', 180.0, 1);
INSERT INTO order_items (order_id, product_id, product_name, product_price, quantity)
VALUES ('295109d7-43af-3336-8cb1-7f666ce38c66', 'da98da7c-a663-0228-294e-97c1fae50fd1', 'product_54', 180.0, 1);
INSERT INTO order_items (order_id, product_id, product_name, product_price, quantity)
VALUES ('295109d7-43af-3336-8cb1-7f666ce38c66', 'ec61223f-a380-dd08-f9eb-461b3c2f80e6', 'product_163', 120.0, 1);
INSERT INTO order_items (order_id, product_id, product_name, product_price, quantity)
VALUES ('295109d7-43af-3336-8cb1-7f666ce38c66', 'fdb6f575-fe3f-282e-93d0-1dad56530fa5', 'product_15', 640.0, 1);
INSERT INTO order_items (order_id, product_id, product_name, product_price, quantity)
VALUES ('295109d7-43af-3336-8cb1-7f666ce38c66', 'da98da7c-a663-0228-294e-97c1fae50fd1', 'product_54', 180.0, 1);
INSERT INTO payments (order_id, venue_id, method, amount)
VALUES ('295109d7-43af-3336-8cb1-7f666ce38c66', '00000000-0000-0000-0000-000000000010', 'card', 940.0);
INSERT INTO orders (id, venue_id, number, status, total_amount, opened_at, closed_at, table_number)
VALUES ('8822a86a-ffaa-1b36-14d1-27eefc8db333', '00000000-0000-0000-0000-000000000010', '6257', 'paid', 0.0, '2026-01-27 11:33:58', '2026-01-27 11:33:58', '9');
INSERT INTO order_items (order_id, product_id, product_name, product_price, quantity)
VALUES ('8822a86a-ffaa-1b36-14d1-27eefc8db333', '1afe238c-a186-0e67-9e9d-d39b8c4abe8a', 'product_229', 0.0, 1);
INSERT INTO orders (id, venue_id, number, status, total_amount, opened_at, closed_at, table_number)
VALUES ('bcf08a58-d30b-5147-44ba-76ff31ca7f53', '00000000-0000-0000-0000-000000000010', '6255', 'paid', 190.0, '2026-01-26 17:42:09', '2026-01-26 17:42:09', '1');
INSERT INTO order_items (order_id, product_id, product_name, product_price, quantity)
VALUES ('bcf08a58-d30b-5147-44ba-76ff31ca7f53', '0caff6fe-c574-8665-33ca-5f2cee71ebb2', 'product_35', 190.0, 1);
INSERT INTO payments (order_id, venue_id, method, amount)
VALUES ('bcf08a58-d30b-5147-44ba-76ff31ca7f53', '00000000-0000-0000-0000-000000000010', 'card', 190.0);
INSERT INTO orders (id, venue_id, number, status, total_amount, opened_at, closed_at, table_number)
VALUES ('fff173fb-b8d1-bd9c-bde7-dc860b11721d', '00000000-0000-0000-0000-000000000010', '6253', 'paid', 310.0, '2026-01-26 14:10:09', '2026-01-26 14:10:09', '11');
INSERT INTO order_items (order_id, product_id, product_name, product_price, quantity)
VALUES ('fff173fb-b8d1-bd9c-bde7-dc860b11721d', 'da98da7c-a663-0228-294e-97c1fae50fd1', 'product_54', 180.0, 1);
INSERT INTO order_items (order_id, product_id, product_name, product_price, quantity)
VALUES ('fff173fb-b8d1-bd9c-bde7-dc860b11721d', 'eed148a6-7f8f-38d6-85f9-602481bbc846', 'product_146', 130.0, 1);
INSERT INTO payments (order_id, venue_id, method, amount)
VALUES ('fff173fb-b8d1-bd9c-bde7-dc860b11721d', '00000000-0000-0000-0000-000000000010', 'card', 310.0);
INSERT INTO orders (id, venue_id, number, status, total_amount, opened_at, closed_at, table_number)
VALUES ('604227f3-eab6-9703-cfe3-fb946f4171ea', '00000000-0000-0000-0000-000000000010', '6254', 'paid', 230.0, '2026-01-26 13:17:35', '2026-01-26 13:17:35', '14');
INSERT INTO order_items (order_id, product_id, product_name, product_price, quantity)
VALUES ('604227f3-eab6-9703-cfe3-fb946f4171ea', '021231f4-e9fa-ecbb-5f2a-ad1321ca42ea', 'product_59', 230.0, 1);
INSERT INTO payments (order_id, venue_id, method, amount)
VALUES ('604227f3-eab6-9703-cfe3-fb946f4171ea', '00000000-0000-0000-0000-000000000010', 'cash', 230.0);
INSERT INTO orders (id, venue_id, number, status, total_amount, opened_at, closed_at, table_number)
VALUES ('ba0c5440-99c4-6121-e26e-7793668aaaaf', '00000000-0000-0000-0000-000000000010', '6252', 'paid', 360.0, '2026-01-26 11:50:33', '2026-01-26 11:50:33', '13');
INSERT INTO order_items (order_id, product_id, product_name, product_price, quantity)
VALUES ('ba0c5440-99c4-6121-e26e-7793668aaaaf', '2e331f2f-b6fd-7898-11b0-9b0e3a2e58be', 'product_57', 180.0, 2);
INSERT INTO payments (order_id, venue_id, method, amount)
VALUES ('ba0c5440-99c4-6121-e26e-7793668aaaaf', '00000000-0000-0000-0000-000000000010', 'card', 360.0);
INSERT INTO orders (id, venue_id, number, status, total_amount, opened_at, closed_at, table_number)
VALUES ('82f132e1-ba43-3de5-d68c-57c061d42523', '00000000-0000-0000-0000-000000000010', '6250', 'paid', 1220.0, '2026-01-26 11:49:52', '2026-01-26 11:49:52', '13');
INSERT INTO order_items (order_id, product_id, product_name, product_price, quantity)
VALUES ('82f132e1-ba43-3de5-d68c-57c061d42523', '94d2bddc-c99f-2985-f8eb-9d8a4a995ad3', 'product_10', 300.0, 1);
INSERT INTO order_items (order_id, product_id, product_name, product_price, quantity)
VALUES ('82f132e1-ba43-3de5-d68c-57c061d42523', '7b0b5f60-47be-c07e-9585-af9a20b6d773', 'product_9', 460.0, 2);
INSERT INTO orders (id, venue_id, number, status, total_amount, opened_at, closed_at, table_number)
VALUES ('9b710ad7-26f0-8869-69d9-e056c3a56af6', '00000000-0000-0000-0000-000000000010', '6251', 'paid', 1580.0, '2026-01-26 11:49:46', '2026-01-26 11:49:46', '11');
INSERT INTO order_items (order_id, product_id, product_name, product_price, quantity)
VALUES ('9b710ad7-26f0-8869-69d9-e056c3a56af6', '7b0b5f60-47be-c07e-9585-af9a20b6d773', 'product_9', 460.0, 2);
INSERT INTO order_items (order_id, product_id, product_name, product_price, quantity)
VALUES ('9b710ad7-26f0-8869-69d9-e056c3a56af6', 'ec61223f-a380-dd08-f9eb-461b3c2f80e6', 'product_163', 120.0, 1);
INSERT INTO order_items (order_id, product_id, product_name, product_price, quantity)
VALUES ('9b710ad7-26f0-8869-69d9-e056c3a56af6', '2e331f2f-b6fd-7898-11b0-9b0e3a2e58be', 'product_57', 180.0, 2);
INSERT INTO order_items (order_id, product_id, product_name, product_price, quantity)
VALUES ('9b710ad7-26f0-8869-69d9-e056c3a56af6', 'da98da7c-a663-0228-294e-97c1fae50fd1', 'product_54', 180.0, 1);
INSERT INTO orders (id, venue_id, number, status, total_amount, opened_at, closed_at, table_number)
VALUES ('ac659732-dfbb-77e2-2581-c966b921a339', '00000000-0000-0000-0000-000000000010', '6249', 'paid', 5200.0, '2026-01-25 19:56:40', '2026-01-25 19:56:40', '13');
INSERT INTO order_items (order_id, product_id, product_name, product_price, quantity)
VALUES ('ac659732-dfbb-77e2-2581-c966b921a339', '0f7cfc79-3a3f-41ac-1aa4-b27431de9236', 'product_29', 620.0, 1);
INSERT INTO order_items (order_id, product_id, product_name, product_price, quantity)
VALUES ('ac659732-dfbb-77e2-2581-c966b921a339', '6e00b5a0-6b62-d942-73e4-86982bcae389', 'product_21', 1370.0, 2);
INSERT INTO order_items (order_id, product_id, product_name, product_price, quantity)
VALUES ('ac659732-dfbb-77e2-2581-c966b921a339', '8b7920ef-e954-d760-2a69-99cafc830c2e', 'product_171', 270.0, 1);
INSERT INTO order_items (order_id, product_id, product_name, product_price, quantity)
VALUES ('ac659732-dfbb-77e2-2581-c966b921a339', '81b3193a-f1f9-6ba6-5630-5c911f0c4a69', 'product_48', 220.0, 1);
INSERT INTO order_items (order_id, product_id, product_name, product_price, quantity)
VALUES ('ac659732-dfbb-77e2-2581-c966b921a339', '134318a5-b3ba-8433-c9f4-446b46b10995', 'product_37', 370.0, 1);
INSERT INTO order_items (order_id, product_id, product_name, product_price, quantity)
VALUES ('ac659732-dfbb-77e2-2581-c966b921a339', 'd6248727-8d48-1513-14ba-2abe0e9b6abf', 'product_39', 370.0, 1);
INSERT INTO order_items (order_id, product_id, product_name, product_price, quantity)
VALUES ('ac659732-dfbb-77e2-2581-c966b921a339', '2e331f2f-b6fd-7898-11b0-9b0e3a2e58be', 'product_57', 180.0, 1);
INSERT INTO order_items (order_id, product_id, product_name, product_price, quantity)
VALUES ('ac659732-dfbb-77e2-2581-c966b921a339', '88c713d7-09a9-d70c-f6d9-2b28eb664bd5', 'product_138', 430.0, 1);
INSERT INTO payments (order_id, venue_id, method, amount)
VALUES ('ac659732-dfbb-77e2-2581-c966b921a339', '00000000-0000-0000-0000-000000000010', 'card', 5200.0);
INSERT INTO orders (id, venue_id, number, status, total_amount, opened_at, closed_at, table_number)
VALUES ('e3049a6b-8170-9968-738f-4edeb1a6b8f5', '00000000-0000-0000-0000-000000000010', '6248', 'paid', 3190.0, '2026-01-25 18:01:27', '2026-01-25 18:01:27', '2');
INSERT INTO order_items (order_id, product_id, product_name, product_price, quantity)
VALUES ('e3049a6b-8170-9968-738f-4edeb1a6b8f5', 'fdb6f575-fe3f-282e-93d0-1dad56530fa5', 'product_15', 640.0, 1);
INSERT INTO order_items (order_id, product_id, product_name, product_price, quantity)
VALUES ('e3049a6b-8170-9968-738f-4edeb1a6b8f5', '81b3193a-f1f9-6ba6-5630-5c911f0c4a69', 'product_48', 220.0, 4);
INSERT INTO order_items (order_id, product_id, product_name, product_price, quantity)
VALUES ('e3049a6b-8170-9968-738f-4edeb1a6b8f5', '09d404dd-f87b-b319-4eda-9ce7c697868d', 'product_32', 370.0, 1);
INSERT INTO order_items (order_id, product_id, product_name, product_price, quantity)
VALUES ('e3049a6b-8170-9968-738f-4edeb1a6b8f5', '338bdc4d-fbd5-43ad-a7a7-3951ceca3a16', 'product_97', 260.0, 5);
INSERT INTO payments (order_id, venue_id, method, amount)
VALUES ('e3049a6b-8170-9968-738f-4edeb1a6b8f5', '00000000-0000-0000-0000-000000000010', 'card', 3190.0);
INSERT INTO orders (id, venue_id, number, status, total_amount, opened_at, closed_at, table_number)
VALUES ('0492bb5a-af63-90f4-06cd-49a6a0b5fed8', '00000000-0000-0000-0000-000000000010', '6246', 'paid', 3750.0, '2026-01-25 17:44:45', '2026-01-25 17:44:45', '7');
INSERT INTO order_items (order_id, product_id, product_name, product_price, quantity)
VALUES ('0492bb5a-af63-90f4-06cd-49a6a0b5fed8', 'c0fb869e-f434-07cb-f666-b9f7e55d4032', 'product_113', 770.0, 1);
INSERT INTO order_items (order_id, product_id, product_name, product_price, quantity)
VALUES ('0492bb5a-af63-90f4-06cd-49a6a0b5fed8', '1a9038b5-12c1-4b41-756a-ce6d8bb0fac8', 'product_114', 670.0, 1);
INSERT INTO order_items (order_id, product_id, product_name, product_price, quantity)
VALUES ('0492bb5a-af63-90f4-06cd-49a6a0b5fed8', '09d9bcce-e54b-d518-c5bf-1c5d4b683d38', 'product_50', 200.0, 1);
INSERT INTO order_items (order_id, product_id, product_name, product_price, quantity)
VALUES ('0492bb5a-af63-90f4-06cd-49a6a0b5fed8', '3e9ef73d-3da6-3a82-456a-d27d4a1c4254', 'product_49', 220.0, 1);
INSERT INTO order_items (order_id, product_id, product_name, product_price, quantity)
VALUES ('0492bb5a-af63-90f4-06cd-49a6a0b5fed8', '0f7cfc79-3a3f-41ac-1aa4-b27431de9236', 'product_29', 620.0, 1);
INSERT INTO order_items (order_id, product_id, product_name, product_price, quantity)
VALUES ('0492bb5a-af63-90f4-06cd-49a6a0b5fed8', 'ce90a2e4-a08b-570d-aca7-50bb5d2d0ab2', 'product_112', 440.0, 1);
INSERT INTO order_items (order_id, product_id, product_name, product_price, quantity)
VALUES ('0492bb5a-af63-90f4-06cd-49a6a0b5fed8', 'f35ae6ee-40da-7479-c64b-612bff507023', 'product_31', 370.0, 1);
INSERT INTO order_items (order_id, product_id, product_name, product_price, quantity)
VALUES ('0492bb5a-af63-90f4-06cd-49a6a0b5fed8', '021231f4-e9fa-ecbb-5f2a-ad1321ca42ea', 'product_59', 230.0, 2);
INSERT INTO payments (order_id, venue_id, method, amount)
VALUES ('0492bb5a-af63-90f4-06cd-49a6a0b5fed8', '00000000-0000-0000-0000-000000000010', 'card', 3750.0);
INSERT INTO orders (id, venue_id, number, status, total_amount, opened_at, closed_at, table_number)
VALUES ('9d951a87-bd31-cbb8-c5f8-71a9db3fd187', '00000000-0000-0000-0000-000000000010', '6247', 'paid', 660.0, '2026-01-25 16:54:14', '2026-01-25 16:54:14', '8');
INSERT INTO order_items (order_id, product_id, product_name, product_price, quantity)
VALUES ('9d951a87-bd31-cbb8-c5f8-71a9db3fd187', '7f688518-4003-c783-7333-b947a8856b49', 'product_28', 470.0, 1);
INSERT INTO order_items (order_id, product_id, product_name, product_price, quantity)
VALUES ('9d951a87-bd31-cbb8-c5f8-71a9db3fd187', '0caff6fe-c574-8665-33ca-5f2cee71ebb2', 'product_35', 190.0, 1);
INSERT INTO payments (order_id, venue_id, method, amount)
VALUES ('9d951a87-bd31-cbb8-c5f8-71a9db3fd187', '00000000-0000-0000-0000-000000000010', 'card', 660.0);
INSERT INTO orders (id, venue_id, number, status, total_amount, opened_at, closed_at, table_number)
VALUES ('4ab085fd-f210-31ca-946d-f82d4980e53c', '00000000-0000-0000-0000-000000000010', '6244', 'paid', 2050.0, '2026-01-25 14:47:36', '2026-01-25 14:47:36', '8');
INSERT INTO order_items (order_id, product_id, product_name, product_price, quantity)
VALUES ('4ab085fd-f210-31ca-946d-f82d4980e53c', '81b3193a-f1f9-6ba6-5630-5c911f0c4a69', 'product_48', 220.0, 1);
INSERT INTO order_items (order_id, product_id, product_name, product_price, quantity)
VALUES ('4ab085fd-f210-31ca-946d-f82d4980e53c', 'c0fb869e-f434-07cb-f666-b9f7e55d4032', 'product_113', 770.0, 1);
INSERT INTO order_items (order_id, product_id, product_name, product_price, quantity)
VALUES ('4ab085fd-f210-31ca-946d-f82d4980e53c', '951f4bf6-be55-0e75-59a9-7e580a0d07c4', 'product_14', 640.0, 1);
INSERT INTO order_items (order_id, product_id, product_name, product_price, quantity)
VALUES ('4ab085fd-f210-31ca-946d-f82d4980e53c', '0caff6fe-c574-8665-33ca-5f2cee71ebb2', 'product_35', 190.0, 1);
INSERT INTO order_items (order_id, product_id, product_name, product_price, quantity)
VALUES ('4ab085fd-f210-31ca-946d-f82d4980e53c', '021231f4-e9fa-ecbb-5f2a-ad1321ca42ea', 'product_59', 230.0, 1);
INSERT INTO payments (order_id, venue_id, method, amount)
VALUES ('4ab085fd-f210-31ca-946d-f82d4980e53c', '00000000-0000-0000-0000-000000000010', 'cash', 2050.0);
INSERT INTO orders (id, venue_id, number, status, total_amount, opened_at, closed_at, table_number)
VALUES ('5c0dc83d-3740-fd8e-0593-269414fc4e44', '00000000-0000-0000-0000-000000000010', '6240', 'paid', 1290.0, '2026-01-25 11:16:05', '2026-01-25 11:16:05', '12');
INSERT INTO order_items (order_id, product_id, product_name, product_price, quantity)
VALUES ('5c0dc83d-3740-fd8e-0593-269414fc4e44', '7b0b5f60-47be-c07e-9585-af9a20b6d773', 'product_9', 460.0, 1);
INSERT INTO order_items (order_id, product_id, product_name, product_price, quantity)
VALUES ('5c0dc83d-3740-fd8e-0593-269414fc4e44', '8d266d35-f6a4-b267-e097-564510f7f857', 'product_12', 270.0, 1);
INSERT INTO order_items (order_id, product_id, product_name, product_price, quantity)
VALUES ('5c0dc83d-3740-fd8e-0593-269414fc4e44', 'd46f67a1-e1dd-e079-0b5c-329f6422c4d4', 'product_60', 280.0, 2);
INSERT INTO orders (id, venue_id, number, status, total_amount, opened_at, closed_at, table_number)
VALUES ('af913490-9ba4-8b0e-3625-4824ac7828b7', '00000000-0000-0000-0000-000000000010', '6242', 'paid', 690.0, '2026-01-25 11:16:00', '2026-01-25 11:16:00', '11');
INSERT INTO order_items (order_id, product_id, product_name, product_price, quantity)
VALUES ('af913490-9ba4-8b0e-3625-4824ac7828b7', '7b0b5f60-47be-c07e-9585-af9a20b6d773', 'product_9', 460.0, 1);
INSERT INTO order_items (order_id, product_id, product_name, product_price, quantity)
VALUES ('af913490-9ba4-8b0e-3625-4824ac7828b7', '021231f4-e9fa-ecbb-5f2a-ad1321ca42ea', 'product_59', 230.0, 1);
INSERT INTO orders (id, venue_id, number, status, total_amount, opened_at, closed_at, table_number)
VALUES ('83fcabe4-a653-9235-8a2b-2ff26b71abb9', '00000000-0000-0000-0000-000000000010', '6241', 'paid', 1400.0, '2026-01-25 11:15:48', '2026-01-25 11:15:48', '13');
INSERT INTO order_items (order_id, product_id, product_name, product_price, quantity)
VALUES ('83fcabe4-a653-9235-8a2b-2ff26b71abb9', '7b0b5f60-47be-c07e-9585-af9a20b6d773', 'product_9', 460.0, 2);
INSERT INTO order_items (order_id, product_id, product_name, product_price, quantity)
VALUES ('83fcabe4-a653-9235-8a2b-2ff26b71abb9', '4695b67d-781a-20db-f80e-66824f8cfc13', 'product_55', 250.0, 1);
INSERT INTO order_items (order_id, product_id, product_name, product_price, quantity)
VALUES ('83fcabe4-a653-9235-8a2b-2ff26b71abb9', '021231f4-e9fa-ecbb-5f2a-ad1321ca42ea', 'product_59', 230.0, 1);
INSERT INTO orders (id, venue_id, number, status, total_amount, opened_at, closed_at, table_number)
VALUES ('5cec8efc-4b96-af25-e7c2-24ad6c87bf7d', '00000000-0000-0000-0000-000000000010', '6243', 'paid', 1930.0, '2026-01-25 11:08:50', '2026-01-25 11:08:50', '10');
INSERT INTO order_items (order_id, product_id, product_name, product_price, quantity)
VALUES ('5cec8efc-4b96-af25-e7c2-24ad6c87bf7d', '7b0b5f60-47be-c07e-9585-af9a20b6d773', 'product_9', 460.0, 2);
INSERT INTO order_items (order_id, product_id, product_name, product_price, quantity)
VALUES ('5cec8efc-4b96-af25-e7c2-24ad6c87bf7d', 'ec61223f-a380-dd08-f9eb-461b3c2f80e6', 'product_163', 120.0, 1);
INSERT INTO order_items (order_id, product_id, product_name, product_price, quantity)
VALUES ('5cec8efc-4b96-af25-e7c2-24ad6c87bf7d', '0caff6fe-c574-8665-33ca-5f2cee71ebb2', 'product_35', 190.0, 1);
INSERT INTO order_items (order_id, product_id, product_name, product_price, quantity)
VALUES ('5cec8efc-4b96-af25-e7c2-24ad6c87bf7d', '021231f4-e9fa-ecbb-5f2a-ad1321ca42ea', 'product_59', 230.0, 1);
INSERT INTO order_items (order_id, product_id, product_name, product_price, quantity)
VALUES ('5cec8efc-4b96-af25-e7c2-24ad6c87bf7d', '4695b67d-781a-20db-f80e-66824f8cfc13', 'product_55', 250.0, 1);
INSERT INTO order_items (order_id, product_id, product_name, product_price, quantity)
VALUES ('5cec8efc-4b96-af25-e7c2-24ad6c87bf7d', '81b3193a-f1f9-6ba6-5630-5c911f0c4a69', 'product_48', 220.0, 1);
INSERT INTO orders (id, venue_id, number, status, total_amount, opened_at, closed_at, table_number)
VALUES ('e2ec770b-c630-d44d-d621-94a509cfae46', '00000000-0000-0000-0000-000000000010', '6239', 'paid', 2460.0, '2026-01-24 21:30:36', '2026-01-24 21:30:36', '10');
INSERT INTO order_items (order_id, product_id, product_name, product_price, quantity)
VALUES ('e2ec770b-c630-d44d-d621-94a509cfae46', 'ce90a2e4-a08b-570d-aca7-50bb5d2d0ab2', 'product_112', 440.0, 1);
INSERT INTO order_items (order_id, product_id, product_name, product_price, quantity)
VALUES ('e2ec770b-c630-d44d-d621-94a509cfae46', '6e00b5a0-6b62-d942-73e4-86982bcae389', 'product_21', 1370.0, 1);
INSERT INTO order_items (order_id, product_id, product_name, product_price, quantity)
VALUES ('e2ec770b-c630-d44d-d621-94a509cfae46', '5f05b996-99f5-dfcb-e4b9-79078ca1f540', 'product_100', 460.0, 1);
INSERT INTO order_items (order_id, product_id, product_name, product_price, quantity)
VALUES ('e2ec770b-c630-d44d-d621-94a509cfae46', '0caff6fe-c574-8665-33ca-5f2cee71ebb2', 'product_35', 190.0, 1);
INSERT INTO payments (order_id, venue_id, method, amount)
VALUES ('e2ec770b-c630-d44d-d621-94a509cfae46', '00000000-0000-0000-0000-000000000010', 'card', 2460.0);
INSERT INTO orders (id, venue_id, number, status, total_amount, opened_at, closed_at, table_number)
VALUES ('d98e06b8-fd05-8864-0085-0cf4073691f2', '00000000-0000-0000-0000-000000000010', '6237', 'paid', 2150.0, '2026-01-24 21:21:23', '2026-01-24 21:21:23', '13');
INSERT INTO order_items (order_id, product_id, product_name, product_price, quantity)
VALUES ('d98e06b8-fd05-8864-0085-0cf4073691f2', '7f688518-4003-c783-7333-b947a8856b49', 'product_28', 470.0, 1);
INSERT INTO order_items (order_id, product_id, product_name, product_price, quantity)
VALUES ('d98e06b8-fd05-8864-0085-0cf4073691f2', '0f7cfc79-3a3f-41ac-1aa4-b27431de9236', 'product_29', 620.0, 1);
INSERT INTO order_items (order_id, product_id, product_name, product_price, quantity)
VALUES ('d98e06b8-fd05-8864-0085-0cf4073691f2', 'ce90a2e4-a08b-570d-aca7-50bb5d2d0ab2', 'product_112', 440.0, 1);
INSERT INTO order_items (order_id, product_id, product_name, product_price, quantity)
VALUES ('d98e06b8-fd05-8864-0085-0cf4073691f2', 'eb1260af-ca5f-c811-fd1c-bf1664229477', 'product_115', 310.0, 1);
INSERT INTO order_items (order_id, product_id, product_name, product_price, quantity)
VALUES ('d98e06b8-fd05-8864-0085-0cf4073691f2', 'ca58c9ff-fe24-427b-5955-2cd4feccec48', 'product_116', 310.0, 1);
INSERT INTO payments (order_id, venue_id, method, amount)
VALUES ('d98e06b8-fd05-8864-0085-0cf4073691f2', '00000000-0000-0000-0000-000000000010', 'card', 2150.0);
INSERT INTO orders (id, venue_id, number, status, total_amount, opened_at, closed_at, table_number)
VALUES ('0ebf68df-2ece-fdcd-6355-3b1089bb7175', '00000000-0000-0000-0000-000000000010', '6238', 'paid', 2130.0, '2026-01-24 20:59:37', '2026-01-24 20:59:37', '12');
INSERT INTO order_items (order_id, product_id, product_name, product_price, quantity)
VALUES ('0ebf68df-2ece-fdcd-6355-3b1089bb7175', 'c0fb869e-f434-07cb-f666-b9f7e55d4032', 'product_113', 770.0, 1);
INSERT INTO order_items (order_id, product_id, product_name, product_price, quantity)
VALUES ('0ebf68df-2ece-fdcd-6355-3b1089bb7175', '5f05b996-99f5-dfcb-e4b9-79078ca1f540', 'product_100', 460.0, 1);
INSERT INTO order_items (order_id, product_id, product_name, product_price, quantity)
VALUES ('0ebf68df-2ece-fdcd-6355-3b1089bb7175', 'ba729be8-36f6-fb9a-7e2c-4b99753cb652', 'product_217', 600.0, 1);
INSERT INTO order_items (order_id, product_id, product_name, product_price, quantity)
VALUES ('0ebf68df-2ece-fdcd-6355-3b1089bb7175', '7c7c305a-92ed-bc40-0bb5-1155fc4e313f', 'product_99', 110.0, 0);
INSERT INTO order_items (order_id, product_id, product_name, product_price, quantity)
VALUES ('0ebf68df-2ece-fdcd-6355-3b1089bb7175', '0caff6fe-c574-8665-33ca-5f2cee71ebb2', 'product_35', 190.0, 1);
INSERT INTO payments (order_id, venue_id, method, amount)
VALUES ('0ebf68df-2ece-fdcd-6355-3b1089bb7175', '00000000-0000-0000-0000-000000000010', 'cash', 2130.0);
INSERT INTO orders (id, venue_id, number, status, total_amount, opened_at, closed_at, table_number)
VALUES ('5938b1bd-3f87-c5bd-a87a-2bca5de04d67', '00000000-0000-0000-0000-000000000010', '6236', 'paid', 230.0, '2026-01-24 15:59:14', '2026-01-24 15:59:14', '1');
INSERT INTO order_items (order_id, product_id, product_name, product_price, quantity)
VALUES ('5938b1bd-3f87-c5bd-a87a-2bca5de04d67', '021231f4-e9fa-ecbb-5f2a-ad1321ca42ea', 'product_59', 230.0, 1);
INSERT INTO payments (order_id, venue_id, method, amount)
VALUES ('5938b1bd-3f87-c5bd-a87a-2bca5de04d67', '00000000-0000-0000-0000-000000000010', 'card', 230.0);
INSERT INTO orders (id, venue_id, number, status, total_amount, opened_at, closed_at, table_number)
VALUES ('5e082dcc-f98a-c7d3-bef7-e81a80556223', '00000000-0000-0000-0000-000000000010', '6235', 'paid', 3680.0, '2026-01-24 11:41:10', '2026-01-24 11:41:10', '1');
INSERT INTO order_items (order_id, product_id, product_name, product_price, quantity)
VALUES ('5e082dcc-f98a-c7d3-bef7-e81a80556223', '7b0b5f60-47be-c07e-9585-af9a20b6d773', 'product_9', 460.0, 1);
INSERT INTO order_items (order_id, product_id, product_name, product_price, quantity)
VALUES ('5e082dcc-f98a-c7d3-bef7-e81a80556223', 'ce90a2e4-a08b-570d-aca7-50bb5d2d0ab2', 'product_112', 440.0, 1);
INSERT INTO order_items (order_id, product_id, product_name, product_price, quantity)
VALUES ('5e082dcc-f98a-c7d3-bef7-e81a80556223', '0f7cfc79-3a3f-41ac-1aa4-b27431de9236', 'product_29', 620.0, 1);
INSERT INTO order_items (order_id, product_id, product_name, product_price, quantity)
VALUES ('5e082dcc-f98a-c7d3-bef7-e81a80556223', 'c0fb869e-f434-07cb-f666-b9f7e55d4032', 'product_113', 770.0, 1);
INSERT INTO order_items (order_id, product_id, product_name, product_price, quantity)
VALUES ('5e082dcc-f98a-c7d3-bef7-e81a80556223', '627b586a-57c8-d217-1549-c47bb32192ac', 'product_26', 460.0, 2);
INSERT INTO order_items (order_id, product_id, product_name, product_price, quantity)
VALUES ('5e082dcc-f98a-c7d3-bef7-e81a80556223', '0caff6fe-c574-8665-33ca-5f2cee71ebb2', 'product_35', 190.0, 1);
INSERT INTO order_items (order_id, product_id, product_name, product_price, quantity)
VALUES ('5e082dcc-f98a-c7d3-bef7-e81a80556223', 'ba6fbcf2-1f2b-909a-e5f9-b9c5fe635c92', 'product_187', 50.0, 1);
INSERT INTO order_items (order_id, product_id, product_name, product_price, quantity)
VALUES ('5e082dcc-f98a-c7d3-bef7-e81a80556223', '021231f4-e9fa-ecbb-5f2a-ad1321ca42ea', 'product_59', 230.0, 1);
INSERT INTO payments (order_id, venue_id, method, amount)
VALUES ('5e082dcc-f98a-c7d3-bef7-e81a80556223', '00000000-0000-0000-0000-000000000010', 'cash', 3680.0);
INSERT INTO orders (id, venue_id, number, status, total_amount, opened_at, closed_at, table_number)
VALUES ('a4cbd499-db97-a295-449f-58e3bfe822b8', '00000000-0000-0000-0000-000000000010', '6229', 'paid', 2110.0, '2026-01-24 11:16:03', '2026-01-24 11:16:03', '10');
INSERT INTO order_items (order_id, product_id, product_name, product_price, quantity)
VALUES ('a4cbd499-db97-a295-449f-58e3bfe822b8', '7b0b5f60-47be-c07e-9585-af9a20b6d773', 'product_9', 460.0, 2);
INSERT INTO order_items (order_id, product_id, product_name, product_price, quantity)
VALUES ('a4cbd499-db97-a295-449f-58e3bfe822b8', '2836be19-8d27-0aa1-68ed-3bbc6cf94fb8', 'product_13', 270.0, 1);
INSERT INTO order_items (order_id, product_id, product_name, product_price, quantity)
VALUES ('a4cbd499-db97-a295-449f-58e3bfe822b8', '34be4c41-8483-67b6-927a-0bdb8761fbe4', 'product_162', 170.0, 2);
INSERT INTO order_items (order_id, product_id, product_name, product_price, quantity)
VALUES ('a4cbd499-db97-a295-449f-58e3bfe822b8', '58e4c43b-44e0-70ce-99e7-6b0093966f41', 'product_176', 320.0, 1);
INSERT INTO order_items (order_id, product_id, product_name, product_price, quantity)
VALUES ('a4cbd499-db97-a295-449f-58e3bfe822b8', '338bdc4d-fbd5-43ad-a7a7-3951ceca3a16', 'product_97', 260.0, 1);
INSERT INTO orders (id, venue_id, number, status, total_amount, opened_at, closed_at, table_number)
VALUES ('ebbbd357-db25-3d99-59cc-fb056957b666', '00000000-0000-0000-0000-000000000010', '6232', 'paid', 1400.0, '2026-01-24 11:15:48', '2026-01-24 11:15:48', '11');
INSERT INTO order_items (order_id, product_id, product_name, product_price, quantity)
VALUES ('ebbbd357-db25-3d99-59cc-fb056957b666', '7b0b5f60-47be-c07e-9585-af9a20b6d773', 'product_9', 460.0, 2);
INSERT INTO order_items (order_id, product_id, product_name, product_price, quantity)
VALUES ('ebbbd357-db25-3d99-59cc-fb056957b666', '4695b67d-781a-20db-f80e-66824f8cfc13', 'product_55', 250.0, 1);
INSERT INTO order_items (order_id, product_id, product_name, product_price, quantity)
VALUES ('ebbbd357-db25-3d99-59cc-fb056957b666', '021231f4-e9fa-ecbb-5f2a-ad1321ca42ea', 'product_59', 230.0, 1);
INSERT INTO orders (id, venue_id, number, status, total_amount, opened_at, closed_at, table_number)
VALUES ('fea4b0e7-0bad-2920-29f9-2ac74fab0204', '00000000-0000-0000-0000-000000000010', '6230', 'paid', 1530.0, '2026-01-24 11:15:38', '2026-01-24 11:15:38', '12');
INSERT INTO order_items (order_id, product_id, product_name, product_price, quantity)
VALUES ('fea4b0e7-0bad-2920-29f9-2ac74fab0204', '7b0b5f60-47be-c07e-9585-af9a20b6d773', 'product_9', 460.0, 2);
INSERT INTO order_items (order_id, product_id, product_name, product_price, quantity)
VALUES ('fea4b0e7-0bad-2920-29f9-2ac74fab0204', '4695b67d-781a-20db-f80e-66824f8cfc13', 'product_55', 250.0, 1);
INSERT INTO order_items (order_id, product_id, product_name, product_price, quantity)
VALUES ('fea4b0e7-0bad-2920-29f9-2ac74fab0204', '34be4c41-8483-67b6-927a-0bdb8761fbe4', 'product_162', 170.0, 1);
INSERT INTO order_items (order_id, product_id, product_name, product_price, quantity)
VALUES ('fea4b0e7-0bad-2920-29f9-2ac74fab0204', 'a2b39819-292c-0b80-799d-c77d7020fc9d', 'product_34', 190.0, 1);
INSERT INTO orders (id, venue_id, number, status, total_amount, opened_at, closed_at, table_number)
VALUES ('dd48843c-365a-0c3d-6bc6-75d61eb6e7f5', '00000000-0000-0000-0000-000000000010', '6234', 'paid', 690.0, '2026-01-24 11:14:58', '2026-01-24 11:14:58', '15');
INSERT INTO order_items (order_id, product_id, product_name, product_price, quantity)
VALUES ('dd48843c-365a-0c3d-6bc6-75d61eb6e7f5', '7b0b5f60-47be-c07e-9585-af9a20b6d773', 'product_9', 460.0, 1);
INSERT INTO order_items (order_id, product_id, product_name, product_price, quantity)
VALUES ('dd48843c-365a-0c3d-6bc6-75d61eb6e7f5', '021231f4-e9fa-ecbb-5f2a-ad1321ca42ea', 'product_59', 230.0, 1);
INSERT INTO orders (id, venue_id, number, status, total_amount, opened_at, closed_at, table_number)
VALUES ('12fda6b0-731c-ae06-cf96-9c03e4c8020d', '00000000-0000-0000-0000-000000000010', '6227', 'paid', 7330.0, '2026-01-24 11:12:36', '2026-01-24 11:12:36', '10');
INSERT INTO order_items (order_id, product_id, product_name, product_price, quantity)
VALUES ('12fda6b0-731c-ae06-cf96-9c03e4c8020d', '627b586a-57c8-d217-1549-c47bb32192ac', 'product_26', 460.0, 2);
INSERT INTO order_items (order_id, product_id, product_name, product_price, quantity)
VALUES ('12fda6b0-731c-ae06-cf96-9c03e4c8020d', 'badf5f45-b516-78fa-fbe7-ff32ed526953', 'product_226', 720.0, 1);
INSERT INTO order_items (order_id, product_id, product_name, product_price, quantity)
VALUES ('12fda6b0-731c-ae06-cf96-9c03e4c8020d', 'c0fb869e-f434-07cb-f666-b9f7e55d4032', 'product_113', 770.0, 1);
INSERT INTO order_items (order_id, product_id, product_name, product_price, quantity)
VALUES ('12fda6b0-731c-ae06-cf96-9c03e4c8020d', '6e00b5a0-6b62-d942-73e4-86982bcae389', 'product_21', 1370.0, 2);
INSERT INTO order_items (order_id, product_id, product_name, product_price, quantity)
VALUES ('12fda6b0-731c-ae06-cf96-9c03e4c8020d', '1d55740b-7a2f-ce7c-d33a-454fb2de27dc', 'product_155', 420.0, 1);
INSERT INTO order_items (order_id, product_id, product_name, product_price, quantity)
VALUES ('12fda6b0-731c-ae06-cf96-9c03e4c8020d', '0caff6fe-c574-8665-33ca-5f2cee71ebb2', 'product_35', 190.0, 1);
INSERT INTO order_items (order_id, product_id, product_name, product_price, quantity)
VALUES ('12fda6b0-731c-ae06-cf96-9c03e4c8020d', '338bdc4d-fbd5-43ad-a7a7-3951ceca3a16', 'product_97', 260.0, 2);
INSERT INTO order_items (order_id, product_id, product_name, product_price, quantity)
VALUES ('12fda6b0-731c-ae06-cf96-9c03e4c8020d', 'f35ae6ee-40da-7479-c64b-612bff507023', 'product_31', 370.0, 1);
INSERT INTO order_items (order_id, product_id, product_name, product_price, quantity)
VALUES ('12fda6b0-731c-ae06-cf96-9c03e4c8020d', 'ca58c9ff-fe24-427b-5955-2cd4feccec48', 'product_116', 310.0, 1);
INSERT INTO order_items (order_id, product_id, product_name, product_price, quantity)
VALUES ('12fda6b0-731c-ae06-cf96-9c03e4c8020d', 'bd63cdca-84b0-4bda-520e-13725e4b4e60', 'product_33', 370.0, 1);
INSERT INTO payments (order_id, venue_id, method, amount)
VALUES ('12fda6b0-731c-ae06-cf96-9c03e4c8020d', '00000000-0000-0000-0000-000000000010', 'cash', 7330.0);
INSERT INTO orders (id, venue_id, number, status, total_amount, opened_at, closed_at, table_number)
VALUES ('21647a59-ab54-e078-5d9a-e1d0a33be849', '00000000-0000-0000-0000-000000000010', '6233', 'paid', 820.0, '2026-01-23 22:48:30', '2026-01-23 22:48:30', '12');
INSERT INTO order_items (order_id, product_id, product_name, product_price, quantity)
VALUES ('21647a59-ab54-e078-5d9a-e1d0a33be849', 'f35a1ebf-94b4-c196-4fdb-5698a8e21330', 'product_170', 820.0, 1);
INSERT INTO orders (id, venue_id, number, status, total_amount, opened_at, closed_at, table_number)
VALUES ('8292277c-80dd-c1d9-0368-4a0a37bec6e8', '00000000-0000-0000-0000-000000000010', '6231', 'paid', 1740.0, '2026-01-23 21:50:13', '2026-01-23 21:50:13', '11');
INSERT INTO order_items (order_id, product_id, product_name, product_price, quantity)
VALUES ('8292277c-80dd-c1d9-0368-4a0a37bec6e8', '0f7cfc79-3a3f-41ac-1aa4-b27431de9236', 'product_29', 620.0, 1);
INSERT INTO order_items (order_id, product_id, product_name, product_price, quantity)
VALUES ('8292277c-80dd-c1d9-0368-4a0a37bec6e8', 'ce90a2e4-a08b-570d-aca7-50bb5d2d0ab2', 'product_112', 440.0, 1);
INSERT INTO order_items (order_id, product_id, product_name, product_price, quantity)
VALUES ('8292277c-80dd-c1d9-0368-4a0a37bec6e8', '5f05b996-99f5-dfcb-e4b9-79078ca1f540', 'product_100', 460.0, 1);
INSERT INTO order_items (order_id, product_id, product_name, product_price, quantity)
VALUES ('8292277c-80dd-c1d9-0368-4a0a37bec6e8', 'bc75aa2b-4910-21bf-56ff-d9769b039d8e', 'product_47', 220.0, 1);
INSERT INTO payments (order_id, venue_id, method, amount)
VALUES ('8292277c-80dd-c1d9-0368-4a0a37bec6e8', '00000000-0000-0000-0000-000000000010', 'card', 1740.0);
INSERT INTO orders (id, venue_id, number, status, total_amount, opened_at, closed_at, table_number)
VALUES ('c8ab3089-cc81-3cc5-84d7-ffb4253c72e7', '00000000-0000-0000-0000-000000000010', '6228', 'paid', 2200.0, '2026-01-23 19:40:20', '2026-01-23 19:40:20', '12');
INSERT INTO order_items (order_id, product_id, product_name, product_price, quantity)
VALUES ('c8ab3089-cc81-3cc5-84d7-ffb4253c72e7', '627b586a-57c8-d217-1549-c47bb32192ac', 'product_26', 460.0, 1);
INSERT INTO order_items (order_id, product_id, product_name, product_price, quantity)
VALUES ('c8ab3089-cc81-3cc5-84d7-ffb4253c72e7', '1a9038b5-12c1-4b41-756a-ce6d8bb0fac8', 'product_114', 670.0, 1);
INSERT INTO order_items (order_id, product_id, product_name, product_price, quantity)
VALUES ('c8ab3089-cc81-3cc5-84d7-ffb4253c72e7', '7c7c305a-92ed-bc40-0bb5-1155fc4e313f', 'product_99', 110.0, 0);
INSERT INTO order_items (order_id, product_id, product_name, product_price, quantity)
VALUES ('c8ab3089-cc81-3cc5-84d7-ffb4253c72e7', 'c0fb869e-f434-07cb-f666-b9f7e55d4032', 'product_113', 770.0, 1);
INSERT INTO order_items (order_id, product_id, product_name, product_price, quantity)
VALUES ('c8ab3089-cc81-3cc5-84d7-ffb4253c72e7', 'a2b39819-292c-0b80-799d-c77d7020fc9d', 'product_34', 190.0, 1);
INSERT INTO orders (id, venue_id, number, status, total_amount, opened_at, closed_at, table_number)
VALUES ('b83559e7-c450-4da3-322d-10f3350220b0', '00000000-0000-0000-0000-000000000010', '6226', 'paid', 1940.0, '2026-01-23 13:40:45', '2026-01-23 13:40:45', '7');
INSERT INTO order_items (order_id, product_id, product_name, product_price, quantity)
VALUES ('b83559e7-c450-4da3-322d-10f3350220b0', 'c0fb869e-f434-07cb-f666-b9f7e55d4032', 'product_113', 770.0, 2);
INSERT INTO order_items (order_id, product_id, product_name, product_price, quantity)
VALUES ('b83559e7-c450-4da3-322d-10f3350220b0', '2aea4c79-36dc-7b25-0bb9-c98c36e577c7', 'product_58', 200.0, 2);
INSERT INTO payments (order_id, venue_id, method, amount)
VALUES ('b83559e7-c450-4da3-322d-10f3350220b0', '00000000-0000-0000-0000-000000000010', 'card', 1940.0);
INSERT INTO orders (id, venue_id, number, status, total_amount, opened_at, closed_at, table_number)
VALUES ('eca6550b-3337-7aa2-6d8d-d9d867cf26e8', '00000000-0000-0000-0000-000000000010', '6225', 'paid', 1120.0, '2026-01-23 11:13:55', '2026-01-23 11:13:55', '1');
INSERT INTO order_items (order_id, product_id, product_name, product_price, quantity)
VALUES ('eca6550b-3337-7aa2-6d8d-d9d867cf26e8', '94d2bddc-c99f-2985-f8eb-9d8a4a995ad3', 'product_10', 300.0, 2);
INSERT INTO order_items (order_id, product_id, product_name, product_price, quantity)
VALUES ('eca6550b-3337-7aa2-6d8d-d9d867cf26e8', '0caff6fe-c574-8665-33ca-5f2cee71ebb2', 'product_35', 190.0, 1);
INSERT INTO order_items (order_id, product_id, product_name, product_price, quantity)
VALUES ('eca6550b-3337-7aa2-6d8d-d9d867cf26e8', '9d00fee6-5b1a-acb8-1114-e668525ce1a6', 'product_200', 330.0, 1);
INSERT INTO orders (id, venue_id, number, status, total_amount, opened_at, closed_at, table_number)
VALUES ('5f5da4d9-e163-fcae-0209-a3bec7a7c644', '00000000-0000-0000-0000-000000000010', '6224', 'paid', 370.0, '2026-01-22 23:09:14', '2026-01-22 23:09:14', '1');
INSERT INTO order_items (order_id, product_id, product_name, product_price, quantity)
VALUES ('5f5da4d9-e163-fcae-0209-a3bec7a7c644', '09d404dd-f87b-b319-4eda-9ce7c697868d', 'product_32', 370.0, 1);
INSERT INTO payments (order_id, venue_id, method, amount)
VALUES ('5f5da4d9-e163-fcae-0209-a3bec7a7c644', '00000000-0000-0000-0000-000000000010', 'cash', 370.0);
INSERT INTO orders (id, venue_id, number, status, total_amount, opened_at, closed_at, table_number)
VALUES ('45a8b477-54cb-99e5-9492-b213cb0ad979', '00000000-0000-0000-0000-000000000010', '6223', 'paid', 2450.0, '2026-01-22 20:33:55', '2026-01-22 20:33:55', '7');
INSERT INTO order_items (order_id, product_id, product_name, product_price, quantity)
VALUES ('45a8b477-54cb-99e5-9492-b213cb0ad979', '6e00b5a0-6b62-d942-73e4-86982bcae389', 'product_21', 1370.0, 1);
INSERT INTO order_items (order_id, product_id, product_name, product_price, quantity)
VALUES ('45a8b477-54cb-99e5-9492-b213cb0ad979', '0caff6fe-c574-8665-33ca-5f2cee71ebb2', 'product_35', 190.0, 1);
INSERT INTO order_items (order_id, product_id, product_name, product_price, quantity)
VALUES ('45a8b477-54cb-99e5-9492-b213cb0ad979', '0f7cfc79-3a3f-41ac-1aa4-b27431de9236', 'product_29', 620.0, 1);
INSERT INTO order_items (order_id, product_id, product_name, product_price, quantity)
VALUES ('45a8b477-54cb-99e5-9492-b213cb0ad979', '8b7920ef-e954-d760-2a69-99cafc830c2e', 'product_171', 270.0, 1);
INSERT INTO payments (order_id, venue_id, method, amount)
VALUES ('45a8b477-54cb-99e5-9492-b213cb0ad979', '00000000-0000-0000-0000-000000000010', 'cash', 2450.0);
INSERT INTO orders (id, venue_id, number, status, total_amount, opened_at, closed_at, table_number)
VALUES ('c50b85e5-5282-62cc-00d8-702b3af83f3c', '00000000-0000-0000-0000-000000000010', '6222', 'paid', 1810.0, '2026-01-22 13:18:28', '2026-01-22 13:18:28', '15');
INSERT INTO order_items (order_id, product_id, product_name, product_price, quantity)
VALUES ('c50b85e5-5282-62cc-00d8-702b3af83f3c', '94d2bddc-c99f-2985-f8eb-9d8a4a995ad3', 'product_10', 300.0, 3);
INSERT INTO order_items (order_id, product_id, product_name, product_price, quantity)
VALUES ('c50b85e5-5282-62cc-00d8-702b3af83f3c', '2aea4c79-36dc-7b25-0bb9-c98c36e577c7', 'product_58', 200.0, 3);
INSERT INTO order_items (order_id, product_id, product_name, product_price, quantity)
VALUES ('c50b85e5-5282-62cc-00d8-702b3af83f3c', 'ec61223f-a380-dd08-f9eb-461b3c2f80e6', 'product_163', 120.0, 1);
INSERT INTO order_items (order_id, product_id, product_name, product_price, quantity)
VALUES ('c50b85e5-5282-62cc-00d8-702b3af83f3c', '0caff6fe-c574-8665-33ca-5f2cee71ebb2', 'product_35', 190.0, 1);
INSERT INTO payments (order_id, venue_id, method, amount)
VALUES ('c50b85e5-5282-62cc-00d8-702b3af83f3c', '00000000-0000-0000-0000-000000000010', 'cash', 310.0);
INSERT INTO orders (id, venue_id, number, status, total_amount, opened_at, closed_at, table_number)
VALUES ('dbe9c085-92da-1d55-25aa-dc4f569e22d0', '00000000-0000-0000-0000-000000000010', '6221', 'paid', 420.0, '2026-01-22 11:38:16', '2026-01-22 11:38:16', '10');
INSERT INTO order_items (order_id, product_id, product_name, product_price, quantity)
VALUES ('dbe9c085-92da-1d55-25aa-dc4f569e22d0', '94d2bddc-c99f-2985-f8eb-9d8a4a995ad3', 'product_10', 300.0, 1);
INSERT INTO order_items (order_id, product_id, product_name, product_price, quantity)
VALUES ('dbe9c085-92da-1d55-25aa-dc4f569e22d0', 'ec61223f-a380-dd08-f9eb-461b3c2f80e6', 'product_163', 120.0, 1);
INSERT INTO orders (id, venue_id, number, status, total_amount, opened_at, closed_at, table_number)
VALUES ('db3dc6e1-9bfe-b9e3-ad81-e809c679c1f3', '00000000-0000-0000-0000-000000000010', '6220', 'paid', 1770.0, '2026-01-22 11:38:08', '2026-01-22 11:38:08', '1');
INSERT INTO order_items (order_id, product_id, product_name, product_price, quantity)
VALUES ('db3dc6e1-9bfe-b9e3-ad81-e809c679c1f3', '94d2bddc-c99f-2985-f8eb-9d8a4a995ad3', 'product_10', 300.0, 1);
INSERT INTO order_items (order_id, product_id, product_name, product_price, quantity)
VALUES ('db3dc6e1-9bfe-b9e3-ad81-e809c679c1f3', 'ec61223f-a380-dd08-f9eb-461b3c2f80e6', 'product_163', 120.0, 3);
INSERT INTO order_items (order_id, product_id, product_name, product_price, quantity)
VALUES ('db3dc6e1-9bfe-b9e3-ad81-e809c679c1f3', '021231f4-e9fa-ecbb-5f2a-ad1321ca42ea', 'product_59', 230.0, 2);
INSERT INTO order_items (order_id, product_id, product_name, product_price, quantity)
VALUES ('db3dc6e1-9bfe-b9e3-ad81-e809c679c1f3', '0caff6fe-c574-8665-33ca-5f2cee71ebb2', 'product_35', 190.0, 1);
INSERT INTO order_items (order_id, product_id, product_name, product_price, quantity)
VALUES ('db3dc6e1-9bfe-b9e3-ad81-e809c679c1f3', '7b0b5f60-47be-c07e-9585-af9a20b6d773', 'product_9', 460.0, 1);
INSERT INTO payments (order_id, venue_id, method, amount)
VALUES ('db3dc6e1-9bfe-b9e3-ad81-e809c679c1f3', '00000000-0000-0000-0000-000000000010', 'card', 460.0);
INSERT INTO orders (id, venue_id, number, status, total_amount, opened_at, closed_at, table_number)
VALUES ('d24534a9-2e9d-2888-38c6-e46277551f8d', '00000000-0000-0000-0000-000000000010', '6216', 'paid', 650.0, '2026-01-21 22:29:55', '2026-01-21 22:29:55', '1');
INSERT INTO order_items (order_id, product_id, product_name, product_price, quantity)
VALUES ('d24534a9-2e9d-2888-38c6-e46277551f8d', '021231f4-e9fa-ecbb-5f2a-ad1321ca42ea', 'product_59', 230.0, 2);
INSERT INTO order_items (order_id, product_id, product_name, product_price, quantity)
VALUES ('d24534a9-2e9d-2888-38c6-e46277551f8d', '0caff6fe-c574-8665-33ca-5f2cee71ebb2', 'product_35', 190.0, 1);
INSERT INTO payments (order_id, venue_id, method, amount)
VALUES ('d24534a9-2e9d-2888-38c6-e46277551f8d', '00000000-0000-0000-0000-000000000010', 'card', 650.0);
INSERT INTO orders (id, venue_id, number, status, total_amount, opened_at, closed_at, table_number)
VALUES ('427a4031-0562-895e-6b78-9ffd6e815baa', '00000000-0000-0000-0000-000000000010', '6219', 'paid', 0.0, '2026-01-21 22:12:40', '2026-01-21 22:12:40', '9');
INSERT INTO order_items (order_id, product_id, product_name, product_price, quantity)
VALUES ('427a4031-0562-895e-6b78-9ffd6e815baa', '82c55340-bd07-2a9a-a6cc-6ce377f958f2', 'product_148', 0.0, 1);
INSERT INTO orders (id, venue_id, number, status, total_amount, opened_at, closed_at, table_number)
VALUES ('805b83c8-5def-c8fa-94dc-bbd47dcc2d7a', '00000000-0000-0000-0000-000000000010', '6218', 'paid', 0.0, '2026-01-21 22:12:22', '2026-01-21 22:12:22', '9');
INSERT INTO order_items (order_id, product_id, product_name, product_price, quantity)
VALUES ('805b83c8-5def-c8fa-94dc-bbd47dcc2d7a', '12dd0c72-4671-5cd8-b7da-98389426555c', 'product_228', 0.0, 1);
INSERT INTO orders (id, venue_id, number, status, total_amount, opened_at, closed_at, table_number)
VALUES ('24ece54f-bf87-319d-716b-2b536cbd8e2c', '00000000-0000-0000-0000-000000000010', '6217', 'paid', 0.0, '2026-01-21 22:12:13', '2026-01-21 22:12:13', '9');
INSERT INTO order_items (order_id, product_id, product_name, product_price, quantity)
VALUES ('24ece54f-bf87-319d-716b-2b536cbd8e2c', '1afe238c-a186-0e67-9e9d-d39b8c4abe8a', 'product_229', 0.0, 1);
INSERT INTO orders (id, venue_id, number, status, total_amount, opened_at, closed_at, table_number)
VALUES ('9e18499c-4cff-b0e9-6d92-1bf9cbd41ad9', '00000000-0000-0000-0000-000000000010', '6215', 'paid', 0.0, '2026-01-21 19:28:04', '2026-01-21 19:28:04', '15');
INSERT INTO orders (id, venue_id, number, status, total_amount, opened_at, closed_at, table_number)
VALUES ('f194b7e5-3a5d-9055-1315-eb76a627e1bc', '00000000-0000-0000-0000-000000000010', '6214', 'paid', 3280.0, '2026-01-21 18:58:13', '2026-01-21 18:58:13', '1');
INSERT INTO order_items (order_id, product_id, product_name, product_price, quantity)
VALUES ('f194b7e5-3a5d-9055-1315-eb76a627e1bc', '5c3938ac-271e-5674-37aa-116c20435202', 'product_234', 370.0, 2);
INSERT INTO order_items (order_id, product_id, product_name, product_price, quantity)
VALUES ('f194b7e5-3a5d-9055-1315-eb76a627e1bc', '0caff6fe-c574-8665-33ca-5f2cee71ebb2', 'product_35', 190.0, 1);
INSERT INTO order_items (order_id, product_id, product_name, product_price, quantity)
VALUES ('f194b7e5-3a5d-9055-1315-eb76a627e1bc', '7f688518-4003-c783-7333-b947a8856b49', 'product_28', 470.0, 1);
INSERT INTO order_items (order_id, product_id, product_name, product_price, quantity)
VALUES ('f194b7e5-3a5d-9055-1315-eb76a627e1bc', '0f7cfc79-3a3f-41ac-1aa4-b27431de9236', 'product_29', 620.0, 2);
INSERT INTO order_items (order_id, product_id, product_name, product_price, quantity)
VALUES ('f194b7e5-3a5d-9055-1315-eb76a627e1bc', 'fdb6f575-fe3f-282e-93d0-1dad56530fa5', 'product_15', 640.0, 1);
INSERT INTO payments (order_id, venue_id, method, amount)
VALUES ('f194b7e5-3a5d-9055-1315-eb76a627e1bc', '00000000-0000-0000-0000-000000000010', 'cash', 3280.0);
INSERT INTO orders (id, venue_id, number, status, total_amount, opened_at, closed_at, table_number)
VALUES ('f6d9601c-63d5-a3cb-5076-b616a0c51a6a', '00000000-0000-0000-0000-000000000010', '6213', 'paid', 230.0, '2026-01-21 14:45:51', '2026-01-21 14:45:51', '1');
INSERT INTO order_items (order_id, product_id, product_name, product_price, quantity)
VALUES ('f6d9601c-63d5-a3cb-5076-b616a0c51a6a', '021231f4-e9fa-ecbb-5f2a-ad1321ca42ea', 'product_59', 230.0, 1);
INSERT INTO payments (order_id, venue_id, method, amount)
VALUES ('f6d9601c-63d5-a3cb-5076-b616a0c51a6a', '00000000-0000-0000-0000-000000000010', 'card', 230.0);
INSERT INTO orders (id, venue_id, number, status, total_amount, opened_at, closed_at, table_number)
VALUES ('6d89eef8-ae73-c5da-b4b3-41101c9f2158', '00000000-0000-0000-0000-000000000010', '6212', 'paid', 1110.0, '2026-01-21 10:53:40', '2026-01-21 10:53:40', '10');
INSERT INTO order_items (order_id, product_id, product_name, product_price, quantity)
VALUES ('6d89eef8-ae73-c5da-b4b3-41101c9f2158', '7b0b5f60-47be-c07e-9585-af9a20b6d773', 'product_9', 460.0, 2);
INSERT INTO order_items (order_id, product_id, product_name, product_price, quantity)
VALUES ('6d89eef8-ae73-c5da-b4b3-41101c9f2158', '0caff6fe-c574-8665-33ca-5f2cee71ebb2', 'product_35', 190.0, 1);
INSERT INTO orders (id, venue_id, number, status, total_amount, opened_at, closed_at, table_number)
VALUES ('596ec11a-7873-ee56-6cac-ce39e74a96a9', '00000000-0000-0000-0000-000000000010', '6211', 'paid', 0.0, '2026-01-20 22:47:36', '2026-01-20 22:47:36', '9');
INSERT INTO order_items (order_id, product_id, product_name, product_price, quantity)
VALUES ('596ec11a-7873-ee56-6cac-ce39e74a96a9', '82c55340-bd07-2a9a-a6cc-6ce377f958f2', 'product_148', 0.0, 1);
INSERT INTO orders (id, venue_id, number, status, total_amount, opened_at, closed_at, table_number)
VALUES ('8bfe662f-8bf2-e10c-15ab-9a1b7515fcda', '00000000-0000-0000-0000-000000000010', '6210', 'paid', 0.0, '2026-01-20 22:47:14', '2026-01-20 22:47:14', '9');
INSERT INTO order_items (order_id, product_id, product_name, product_price, quantity)
VALUES ('8bfe662f-8bf2-e10c-15ab-9a1b7515fcda', '12dd0c72-4671-5cd8-b7da-98389426555c', 'product_228', 0.0, 1);
INSERT INTO orders (id, venue_id, number, status, total_amount, opened_at, closed_at, table_number)
VALUES ('f925b47e-d9e5-2f47-b241-2e4e40078e8e', '00000000-0000-0000-0000-000000000010', '6209', 'paid', 0.0, '2026-01-20 22:46:52', '2026-01-20 22:46:52', '9');
INSERT INTO order_items (order_id, product_id, product_name, product_price, quantity)
VALUES ('f925b47e-d9e5-2f47-b241-2e4e40078e8e', '1afe238c-a186-0e67-9e9d-d39b8c4abe8a', 'product_229', 0.0, 1);
INSERT INTO orders (id, venue_id, number, status, total_amount, opened_at, closed_at, table_number)
VALUES ('c2e4b0e8-3f61-6400-3182-152abab3df06', '00000000-0000-0000-0000-000000000010', '6208', 'paid', 2690.0, '2026-01-20 17:48:36', '2026-01-20 17:48:36', '7');
INSERT INTO order_items (order_id, product_id, product_name, product_price, quantity)
VALUES ('c2e4b0e8-3f61-6400-3182-152abab3df06', '5c3938ac-271e-5674-37aa-116c20435202', 'product_234', 370.0, 1);
INSERT INTO order_items (order_id, product_id, product_name, product_price, quantity)
VALUES ('c2e4b0e8-3f61-6400-3182-152abab3df06', '260b99e2-59bd-a3dc-c313-434aff0daf54', 'product_144', 190.0, 2);
INSERT INTO order_items (order_id, product_id, product_name, product_price, quantity)
VALUES ('c2e4b0e8-3f61-6400-3182-152abab3df06', '627b586a-57c8-d217-1549-c47bb32192ac', 'product_26', 460.0, 1);
INSERT INTO order_items (order_id, product_id, product_name, product_price, quantity)
VALUES ('c2e4b0e8-3f61-6400-3182-152abab3df06', '0f7cfc79-3a3f-41ac-1aa4-b27431de9236', 'product_29', 620.0, 1);
INSERT INTO order_items (order_id, product_id, product_name, product_price, quantity)
VALUES ('c2e4b0e8-3f61-6400-3182-152abab3df06', 'fdb6f575-fe3f-282e-93d0-1dad56530fa5', 'product_15', 640.0, 1);
INSERT INTO order_items (order_id, product_id, product_name, product_price, quantity)
VALUES ('c2e4b0e8-3f61-6400-3182-152abab3df06', '7c7c305a-92ed-bc40-0bb5-1155fc4e313f', 'product_99', 220.0, 1);
INSERT INTO payments (order_id, venue_id, method, amount)
VALUES ('c2e4b0e8-3f61-6400-3182-152abab3df06', '00000000-0000-0000-0000-000000000010', 'card', 2690.0);
INSERT INTO orders (id, venue_id, number, status, total_amount, opened_at, closed_at, table_number)
VALUES ('80055fc6-cb41-23c4-5aec-f65ed165d244', '00000000-0000-0000-0000-000000000010', '6207', 'paid', 770.0, '2026-01-20 15:17:30', '2026-01-20 15:17:30', '13');
INSERT INTO order_items (order_id, product_id, product_name, product_price, quantity)
VALUES ('80055fc6-cb41-23c4-5aec-f65ed165d244', '7b0b5f60-47be-c07e-9585-af9a20b6d773', 'product_9', 460.0, 1);
INSERT INTO order_items (order_id, product_id, product_name, product_price, quantity)
VALUES ('80055fc6-cb41-23c4-5aec-f65ed165d244', 'ec61223f-a380-dd08-f9eb-461b3c2f80e6', 'product_163', 120.0, 1);
INSERT INTO order_items (order_id, product_id, product_name, product_price, quantity)
VALUES ('80055fc6-cb41-23c4-5aec-f65ed165d244', '0caff6fe-c574-8665-33ca-5f2cee71ebb2', 'product_35', 190.0, 1);
INSERT INTO orders (id, venue_id, number, status, total_amount, opened_at, closed_at, table_number)
VALUES ('76e6764f-abcf-e83b-f732-c4bda8ee588c', '00000000-0000-0000-0000-000000000010', '6206', 'paid', 330.0, '2026-01-20 13:03:08', '2026-01-20 13:03:08', '1');
INSERT INTO order_items (order_id, product_id, product_name, product_price, quantity)
VALUES ('76e6764f-abcf-e83b-f732-c4bda8ee588c', 'b9bdca4d-a423-6c36-2351-10cf52ff0eec', 'product_230', 0.0, 2);
INSERT INTO order_items (order_id, product_id, product_name, product_price, quantity)
VALUES ('76e6764f-abcf-e83b-f732-c4bda8ee588c', '9d00fee6-5b1a-acb8-1114-e668525ce1a6', 'product_200', 330.0, 1);
INSERT INTO orders (id, venue_id, number, status, total_amount, opened_at, closed_at, table_number)
VALUES ('14eea28e-82b2-2801-0f5d-160b276be3f5', '00000000-0000-0000-0000-000000000010', '6198', 'paid', 3170.0, '2026-01-20 12:15:09', '2026-01-20 12:15:09', '7');
INSERT INTO order_items (order_id, product_id, product_name, product_price, quantity)
VALUES ('14eea28e-82b2-2801-0f5d-160b276be3f5', '5f05b996-99f5-dfcb-e4b9-79078ca1f540', 'product_100', 460.0, 1);
INSERT INTO order_items (order_id, product_id, product_name, product_price, quantity)
VALUES ('14eea28e-82b2-2801-0f5d-160b276be3f5', 'badf5f45-b516-78fa-fbe7-ff32ed526953', 'product_226', 720.0, 1);
INSERT INTO order_items (order_id, product_id, product_name, product_price, quantity)
VALUES ('14eea28e-82b2-2801-0f5d-160b276be3f5', 'fdb6f575-fe3f-282e-93d0-1dad56530fa5', 'product_15', 640.0, 1);
INSERT INTO order_items (order_id, product_id, product_name, product_price, quantity)
VALUES ('14eea28e-82b2-2801-0f5d-160b276be3f5', '09d404dd-f87b-b319-4eda-9ce7c697868d', 'product_32', 370.0, 1);
INSERT INTO order_items (order_id, product_id, product_name, product_price, quantity)
VALUES ('14eea28e-82b2-2801-0f5d-160b276be3f5', 'c6df6494-4f53-4174-6660-06fb0dc02db5', 'product_199', 430.0, 1);
INSERT INTO order_items (order_id, product_id, product_name, product_price, quantity)
VALUES ('14eea28e-82b2-2801-0f5d-160b276be3f5', '898d2cec-bf17-cd4c-dc70-b73dd36af83c', 'product_236', 330.0, 1);
INSERT INTO order_items (order_id, product_id, product_name, product_price, quantity)
VALUES ('14eea28e-82b2-2801-0f5d-160b276be3f5', 'bc75aa2b-4910-21bf-56ff-d9769b039d8e', 'product_47', 220.0, 1);
INSERT INTO payments (order_id, venue_id, method, amount)
VALUES ('14eea28e-82b2-2801-0f5d-160b276be3f5', '00000000-0000-0000-0000-000000000010', 'card', 3170.0);
INSERT INTO orders (id, venue_id, number, status, total_amount, opened_at, closed_at, table_number)
VALUES ('9c79b447-c946-80e9-c9fd-0b34d6f66a74', '00000000-0000-0000-0000-000000000010', '6203', 'paid', 650.0, '2026-01-20 11:12:48', '2026-01-20 11:12:48', '15');
INSERT INTO order_items (order_id, product_id, product_name, product_price, quantity)
VALUES ('9c79b447-c946-80e9-c9fd-0b34d6f66a74', '7b0b5f60-47be-c07e-9585-af9a20b6d773', 'product_9', 460.0, 1);
INSERT INTO order_items (order_id, product_id, product_name, product_price, quantity)
VALUES ('9c79b447-c946-80e9-c9fd-0b34d6f66a74', '0caff6fe-c574-8665-33ca-5f2cee71ebb2', 'product_35', 190.0, 1);
INSERT INTO orders (id, venue_id, number, status, total_amount, opened_at, closed_at, table_number)
VALUES ('080de982-bdea-116b-be78-20c0670ffb73', '00000000-0000-0000-0000-000000000010', '6204', 'paid', 1110.0, '2026-01-20 10:34:26', '2026-01-20 10:34:26', '10');
INSERT INTO order_items (order_id, product_id, product_name, product_price, quantity)
VALUES ('080de982-bdea-116b-be78-20c0670ffb73', 'ec61223f-a380-dd08-f9eb-461b3c2f80e6', 'product_163', 120.0, 1);
INSERT INTO order_items (order_id, product_id, product_name, product_price, quantity)
VALUES ('080de982-bdea-116b-be78-20c0670ffb73', '8d266d35-f6a4-b267-e097-564510f7f857', 'product_12', 270.0, 1);
INSERT INTO order_items (order_id, product_id, product_name, product_price, quantity)
VALUES ('080de982-bdea-116b-be78-20c0670ffb73', '94d2bddc-c99f-2985-f8eb-9d8a4a995ad3', 'product_10', 300.0, 1);
INSERT INTO order_items (order_id, product_id, product_name, product_price, quantity)
VALUES ('080de982-bdea-116b-be78-20c0670ffb73', '021231f4-e9fa-ecbb-5f2a-ad1321ca42ea', 'product_59', 230.0, 1);
INSERT INTO order_items (order_id, product_id, product_name, product_price, quantity)
VALUES ('080de982-bdea-116b-be78-20c0670ffb73', '0caff6fe-c574-8665-33ca-5f2cee71ebb2', 'product_35', 190.0, 1);
INSERT INTO orders (id, venue_id, number, status, total_amount, opened_at, closed_at, table_number)
VALUES ('46b6241a-ccc5-eb87-fa59-30cb8237fb9e', '00000000-0000-0000-0000-000000000010', '6205', 'paid', 410.0, '2026-01-20 10:33:07', '2026-01-20 10:33:07', '11');
INSERT INTO order_items (order_id, product_id, product_name, product_price, quantity)
VALUES ('46b6241a-ccc5-eb87-fa59-30cb8237fb9e', '021231f4-e9fa-ecbb-5f2a-ad1321ca42ea', 'product_59', 230.0, 1);
INSERT INTO order_items (order_id, product_id, product_name, product_price, quantity)
VALUES ('46b6241a-ccc5-eb87-fa59-30cb8237fb9e', 'da98da7c-a663-0228-294e-97c1fae50fd1', 'product_54', 180.0, 1);
INSERT INTO orders (id, venue_id, number, status, total_amount, opened_at, closed_at, table_number)
VALUES ('9b0aac1f-8f46-5994-6708-40cd71b4a400', '00000000-0000-0000-0000-000000000010', '6202', 'paid', 0.0, '2026-01-19 22:25:28', '2026-01-19 22:25:28', '9');
INSERT INTO order_items (order_id, product_id, product_name, product_price, quantity)
VALUES ('9b0aac1f-8f46-5994-6708-40cd71b4a400', '82c55340-bd07-2a9a-a6cc-6ce377f958f2', 'product_148', 0.0, 1);
INSERT INTO orders (id, venue_id, number, status, total_amount, opened_at, closed_at, table_number)
VALUES ('4fcb8eea-907d-a606-287b-58058fadf57d', '00000000-0000-0000-0000-000000000010', '6201', 'paid', 0.0, '2026-01-19 22:24:56', '2026-01-19 22:24:56', '9');
INSERT INTO order_items (order_id, product_id, product_name, product_price, quantity)
VALUES ('4fcb8eea-907d-a606-287b-58058fadf57d', '1afe238c-a186-0e67-9e9d-d39b8c4abe8a', 'product_229', 0.0, 1);
INSERT INTO orders (id, venue_id, number, status, total_amount, opened_at, closed_at, table_number)
VALUES ('83de8e16-eec5-b8a7-5cf1-60d83ac547ff', '00000000-0000-0000-0000-000000000010', '6200', 'paid', 2350.0, '2026-01-19 21:09:46', '2026-01-19 21:09:46', '11');
INSERT INTO order_items (order_id, product_id, product_name, product_price, quantity)
VALUES ('83de8e16-eec5-b8a7-5cf1-60d83ac547ff', 'c0fb869e-f434-07cb-f666-b9f7e55d4032', 'product_113', 770.0, 1);
INSERT INTO order_items (order_id, product_id, product_name, product_price, quantity)
VALUES ('83de8e16-eec5-b8a7-5cf1-60d83ac547ff', '1a9038b5-12c1-4b41-756a-ce6d8bb0fac8', 'product_114', 670.0, 1);
INSERT INTO order_items (order_id, product_id, product_name, product_price, quantity)
VALUES ('83de8e16-eec5-b8a7-5cf1-60d83ac547ff', '81b3193a-f1f9-6ba6-5630-5c911f0c4a69', 'product_48', 220.0, 1);
INSERT INTO order_items (order_id, product_id, product_name, product_price, quantity)
VALUES ('83de8e16-eec5-b8a7-5cf1-60d83ac547ff', 'bc75aa2b-4910-21bf-56ff-d9769b039d8e', 'product_47', 220.0, 1);
INSERT INTO order_items (order_id, product_id, product_name, product_price, quantity)
VALUES ('83de8e16-eec5-b8a7-5cf1-60d83ac547ff', '30d3c4b2-8d8b-4d91-9c67-b3d72ab218cc', 'product_129', 470.0, 1);
INSERT INTO payments (order_id, venue_id, method, amount)
VALUES ('83de8e16-eec5-b8a7-5cf1-60d83ac547ff', '00000000-0000-0000-0000-000000000010', 'cash', 2350.0);
INSERT INTO orders (id, venue_id, number, status, total_amount, opened_at, closed_at, table_number)
VALUES ('8d84e1df-f201-c2bb-9221-db4ce5351b9c', '00000000-0000-0000-0000-000000000010', '6199', 'paid', 4380.0, '2026-01-19 20:39:18', '2026-01-19 20:39:18', '10');
INSERT INTO order_items (order_id, product_id, product_name, product_price, quantity)
VALUES ('8d84e1df-f201-c2bb-9221-db4ce5351b9c', 'fdb6f575-fe3f-282e-93d0-1dad56530fa5', 'product_15', 640.0, 2);
INSERT INTO order_items (order_id, product_id, product_name, product_price, quantity)
VALUES ('8d84e1df-f201-c2bb-9221-db4ce5351b9c', '87a16f18-fe21-86fb-1acf-9c8cc486478a', 'product_122', 3100.0, 1);
INSERT INTO payments (order_id, venue_id, method, amount)
VALUES ('8d84e1df-f201-c2bb-9221-db4ce5351b9c', '00000000-0000-0000-0000-000000000010', 'card', 4380.0);
INSERT INTO orders (id, venue_id, number, status, total_amount, opened_at, closed_at, table_number)
VALUES ('86eb29a3-2d4c-9e52-b4bf-54cc04c6701a', '00000000-0000-0000-0000-000000000010', '6197', 'paid', 1290.0, '2026-01-19 20:06:45', '2026-01-19 20:06:45', '11');
INSERT INTO order_items (order_id, product_id, product_name, product_price, quantity)
VALUES ('86eb29a3-2d4c-9e52-b4bf-54cc04c6701a', '627b586a-57c8-d217-1549-c47bb32192ac', 'product_26', 460.0, 1);
INSERT INTO order_items (order_id, product_id, product_name, product_price, quantity)
VALUES ('86eb29a3-2d4c-9e52-b4bf-54cc04c6701a', '5f05b996-99f5-dfcb-e4b9-79078ca1f540', 'product_100', 460.0, 1);
INSERT INTO order_items (order_id, product_id, product_name, product_price, quantity)
VALUES ('86eb29a3-2d4c-9e52-b4bf-54cc04c6701a', '7a291d79-c795-0f76-118b-25d10a078238', 'product_191', 370.0, 1);
INSERT INTO payments (order_id, venue_id, method, amount)
VALUES ('86eb29a3-2d4c-9e52-b4bf-54cc04c6701a', '00000000-0000-0000-0000-000000000010', 'cash', 1290.0);
INSERT INTO orders (id, venue_id, number, status, total_amount, opened_at, closed_at, table_number)
VALUES ('763e2643-cbe0-6c22-9829-39cde5410825', '00000000-0000-0000-0000-000000000010', '6193', 'paid', 2180.0, '2026-01-19 20:00:05', '2026-01-19 20:00:05', '1');
INSERT INTO order_items (order_id, product_id, product_name, product_price, quantity)
VALUES ('763e2643-cbe0-6c22-9829-39cde5410825', '0f7cfc79-3a3f-41ac-1aa4-b27431de9236', 'product_29', 620.0, 1);
INSERT INTO order_items (order_id, product_id, product_name, product_price, quantity)
VALUES ('763e2643-cbe0-6c22-9829-39cde5410825', '6e00b5a0-6b62-d942-73e4-86982bcae389', 'product_21', 1370.0, 1);
INSERT INTO order_items (order_id, product_id, product_name, product_price, quantity)
VALUES ('763e2643-cbe0-6c22-9829-39cde5410825', '0caff6fe-c574-8665-33ca-5f2cee71ebb2', 'product_35', 190.0, 1);
INSERT INTO payments (order_id, venue_id, method, amount)
VALUES ('763e2643-cbe0-6c22-9829-39cde5410825', '00000000-0000-0000-0000-000000000010', 'cash', 2180.0);
INSERT INTO orders (id, venue_id, number, status, total_amount, opened_at, closed_at, table_number)
VALUES ('9768135c-a942-f56b-a203-b6709de48a79', '00000000-0000-0000-0000-000000000010', '6196', 'paid', 1350.0, '2026-01-19 19:58:17', '2026-01-19 19:58:17', '2');
INSERT INTO order_items (order_id, product_id, product_name, product_price, quantity)
VALUES ('9768135c-a942-f56b-a203-b6709de48a79', '1a9038b5-12c1-4b41-756a-ce6d8bb0fac8', 'product_114', 670.0, 1);
INSERT INTO order_items (order_id, product_id, product_name, product_price, quantity)
VALUES ('9768135c-a942-f56b-a203-b6709de48a79', '627b586a-57c8-d217-1549-c47bb32192ac', 'product_26', 460.0, 1);
INSERT INTO order_items (order_id, product_id, product_name, product_price, quantity)
VALUES ('9768135c-a942-f56b-a203-b6709de48a79', '81b3193a-f1f9-6ba6-5630-5c911f0c4a69', 'product_48', 220.0, 1);
INSERT INTO payments (order_id, venue_id, method, amount)
VALUES ('9768135c-a942-f56b-a203-b6709de48a79', '00000000-0000-0000-0000-000000000010', 'card', 1350.0);
INSERT INTO orders (id, venue_id, number, status, total_amount, opened_at, closed_at, table_number)
VALUES ('e1063e40-0bce-4d4a-8fb5-e8db2d766340', '00000000-0000-0000-0000-000000000010', '6195', 'paid', 2230.0, '2026-01-19 16:39:33', '2026-01-19 16:39:33', '10');
INSERT INTO order_items (order_id, product_id, product_name, product_price, quantity)
VALUES ('e1063e40-0bce-4d4a-8fb5-e8db2d766340', '951f4bf6-be55-0e75-59a9-7e580a0d07c4', 'product_14', 640.0, 1);
INSERT INTO order_items (order_id, product_id, product_name, product_price, quantity)
VALUES ('e1063e40-0bce-4d4a-8fb5-e8db2d766340', '81b3193a-f1f9-6ba6-5630-5c911f0c4a69', 'product_48', 220.0, 1);
INSERT INTO order_items (order_id, product_id, product_name, product_price, quantity)
VALUES ('e1063e40-0bce-4d4a-8fb5-e8db2d766340', '6e00b5a0-6b62-d942-73e4-86982bcae389', 'product_21', 1370.0, 1);
INSERT INTO payments (order_id, venue_id, method, amount)
VALUES ('e1063e40-0bce-4d4a-8fb5-e8db2d766340', '00000000-0000-0000-0000-000000000010', 'card', 2230.0);
INSERT INTO orders (id, venue_id, number, status, total_amount, opened_at, closed_at, table_number)
VALUES ('f80dbd08-a201-badd-5f09-8c2a2f87d628', '00000000-0000-0000-0000-000000000010', '6194', 'paid', 3060.0, '2026-01-19 12:18:44', '2026-01-19 12:18:44', '10');
INSERT INTO order_items (order_id, product_id, product_name, product_price, quantity)
VALUES ('f80dbd08-a201-badd-5f09-8c2a2f87d628', 'd46f67a1-e1dd-e079-0b5c-329f6422c4d4', 'product_60', 280.0, 2);
INSERT INTO order_items (order_id, product_id, product_name, product_price, quantity)
VALUES ('f80dbd08-a201-badd-5f09-8c2a2f87d628', '7b0b5f60-47be-c07e-9585-af9a20b6d773', 'product_9', 460.0, 2);
INSERT INTO order_items (order_id, product_id, product_name, product_price, quantity)
VALUES ('f80dbd08-a201-badd-5f09-8c2a2f87d628', '8d266d35-f6a4-b267-e097-564510f7f857', 'product_12', 270.0, 3);
INSERT INTO order_items (order_id, product_id, product_name, product_price, quantity)
VALUES ('f80dbd08-a201-badd-5f09-8c2a2f87d628', '021231f4-e9fa-ecbb-5f2a-ad1321ca42ea', 'product_59', 230.0, 1);
INSERT INTO order_items (order_id, product_id, product_name, product_price, quantity)
VALUES ('f80dbd08-a201-badd-5f09-8c2a2f87d628', '404a11bb-480c-d6f1-a5d9-0bb410737c15', 'product_183', 320.0, 1);
INSERT INTO order_items (order_id, product_id, product_name, product_price, quantity)
VALUES ('f80dbd08-a201-badd-5f09-8c2a2f87d628', 'bc75aa2b-4910-21bf-56ff-d9769b039d8e', 'product_47', 220.0, 1);
INSERT INTO payments (order_id, venue_id, method, amount)
VALUES ('f80dbd08-a201-badd-5f09-8c2a2f87d628', '00000000-0000-0000-0000-000000000010', 'card', 220.0);
INSERT INTO orders (id, venue_id, number, status, total_amount, opened_at, closed_at, table_number)
VALUES ('d847fe3d-1790-9adc-1713-f5c122a3f5da', '00000000-0000-0000-0000-000000000010', '6192', 'paid', 1400.0, '2026-01-19 10:31:13', '2026-01-19 10:31:13', '11');
INSERT INTO order_items (order_id, product_id, product_name, product_price, quantity)
VALUES ('d847fe3d-1790-9adc-1713-f5c122a3f5da', '7b0b5f60-47be-c07e-9585-af9a20b6d773', 'product_9', 460.0, 2);
INSERT INTO order_items (order_id, product_id, product_name, product_price, quantity)
VALUES ('d847fe3d-1790-9adc-1713-f5c122a3f5da', '4695b67d-781a-20db-f80e-66824f8cfc13', 'product_55', 250.0, 1);
INSERT INTO order_items (order_id, product_id, product_name, product_price, quantity)
VALUES ('d847fe3d-1790-9adc-1713-f5c122a3f5da', '021231f4-e9fa-ecbb-5f2a-ad1321ca42ea', 'product_59', 230.0, 1);
INSERT INTO orders (id, venue_id, number, status, total_amount, opened_at, closed_at, table_number)
VALUES ('0acc64d8-fbe2-6638-dd6e-0fc18ba240c7', '00000000-0000-0000-0000-000000000010', '6173', 'paid', 0.0, '2026-01-19 10:06:52', '2026-01-19 10:06:52', '4');
INSERT INTO orders (id, venue_id, number, status, total_amount, opened_at, closed_at, table_number)
VALUES ('4da8edd8-824c-d61e-3870-8533870e1699', '00000000-0000-0000-0000-000000000010', '6169', 'paid', 0.0, '2026-01-19 10:06:43', '2026-01-19 10:06:43', '3');
INSERT INTO orders (id, venue_id, number, status, total_amount, opened_at, closed_at, table_number)
VALUES ('b5b49bb8-c2ad-fe96-427e-09d75d3f19ff', '00000000-0000-0000-0000-000000000010', '6191', 'paid', 460.0, '2026-01-19 10:05:42', '2026-01-19 10:05:42', '15');
INSERT INTO order_items (order_id, product_id, product_name, product_price, quantity)
VALUES ('b5b49bb8-c2ad-fe96-427e-09d75d3f19ff', '7b0b5f60-47be-c07e-9585-af9a20b6d773', 'product_9', 460.0, 1);
INSERT INTO orders (id, venue_id, number, status, total_amount, opened_at, closed_at, table_number)
VALUES ('49f5a06d-02eb-ed60-49a1-dd58a7656bab', '00000000-0000-0000-0000-000000000010', '6190', 'paid', 4140.0, '2026-01-19 10:00:44', '2026-01-19 10:00:44', '11');
INSERT INTO order_items (order_id, product_id, product_name, product_price, quantity)
VALUES ('49f5a06d-02eb-ed60-49a1-dd58a7656bab', '7ddbed72-7deb-5ee4-0634-41d52192bad1', 'product_23', 1750.0, 2);
INSERT INTO order_items (order_id, product_id, product_name, product_price, quantity)
VALUES ('49f5a06d-02eb-ed60-49a1-dd58a7656bab', '9a06fa1f-d2b5-1b6f-d6c5-37c2ffa3adfd', 'product_168', 640.0, 1);
INSERT INTO payments (order_id, venue_id, method, amount)
VALUES ('49f5a06d-02eb-ed60-49a1-dd58a7656bab', '00000000-0000-0000-0000-000000000010', 'cash', 4140.0);
INSERT INTO orders (id, venue_id, number, status, total_amount, opened_at, closed_at, table_number)
VALUES ('6a90d389-1f3c-a9d4-f4f1-5b684cbfba94', '00000000-0000-0000-0000-000000000010', '6185', 'paid', 4670.0, '2026-01-18 19:24:25', '2026-01-18 19:24:25', '7');
INSERT INTO order_items (order_id, product_id, product_name, product_price, quantity)
VALUES ('6a90d389-1f3c-a9d4-f4f1-5b684cbfba94', '7ddbed72-7deb-5ee4-0634-41d52192bad1', 'product_23', 1750.0, 2);
INSERT INTO order_items (order_id, product_id, product_name, product_price, quantity)
VALUES ('6a90d389-1f3c-a9d4-f4f1-5b684cbfba94', 'bc75aa2b-4910-21bf-56ff-d9769b039d8e', 'product_47', 220.0, 1);
INSERT INTO order_items (order_id, product_id, product_name, product_price, quantity)
VALUES ('6a90d389-1f3c-a9d4-f4f1-5b684cbfba94', '260b99e2-59bd-a3dc-c313-434aff0daf54', 'product_144', 190.0, 2);
INSERT INTO order_items (order_id, product_id, product_name, product_price, quantity)
VALUES ('6a90d389-1f3c-a9d4-f4f1-5b684cbfba94', 'f35ae6ee-40da-7479-c64b-612bff507023', 'product_31', 370.0, 1);
INSERT INTO order_items (order_id, product_id, product_name, product_price, quantity)
VALUES ('6a90d389-1f3c-a9d4-f4f1-5b684cbfba94', '09d9bcce-e54b-d518-c5bf-1c5d4b683d38', 'product_50', 200.0, 1);
INSERT INTO payments (order_id, venue_id, method, amount)
VALUES ('6a90d389-1f3c-a9d4-f4f1-5b684cbfba94', '00000000-0000-0000-0000-000000000010', 'cash', 4670.0);
INSERT INTO orders (id, venue_id, number, status, total_amount, opened_at, closed_at, table_number)
VALUES ('3d82676b-480a-bc6c-bd88-fd45f2683ad2', '00000000-0000-0000-0000-000000000010', '6189', 'paid', 770.0, '2026-01-18 18:56:17', '2026-01-18 18:56:17', '1');
INSERT INTO order_items (order_id, product_id, product_name, product_price, quantity)
VALUES ('3d82676b-480a-bc6c-bd88-fd45f2683ad2', 'c0fb869e-f434-07cb-f666-b9f7e55d4032', 'product_113', 770.0, 1);
INSERT INTO payments (order_id, venue_id, method, amount)
VALUES ('3d82676b-480a-bc6c-bd88-fd45f2683ad2', '00000000-0000-0000-0000-000000000010', 'card', 770.0);
INSERT INTO orders (id, venue_id, number, status, total_amount, opened_at, closed_at, table_number)
VALUES ('6b1d73fc-a4b4-60f0-88aa-16ac0352eb7b', '00000000-0000-0000-0000-000000000010', '6186', 'paid', 3540.0, '2026-01-18 18:54:02', '2026-01-18 18:54:02', '6');
INSERT INTO order_items (order_id, product_id, product_name, product_price, quantity)
VALUES ('6b1d73fc-a4b4-60f0-88aa-16ac0352eb7b', '6e00b5a0-6b62-d942-73e4-86982bcae389', 'product_21', 1370.0, 1);
INSERT INTO order_items (order_id, product_id, product_name, product_price, quantity)
VALUES ('6b1d73fc-a4b4-60f0-88aa-16ac0352eb7b', '81b3193a-f1f9-6ba6-5630-5c911f0c4a69', 'product_48', 220.0, 1);
INSERT INTO order_items (order_id, product_id, product_name, product_price, quantity)
VALUES ('6b1d73fc-a4b4-60f0-88aa-16ac0352eb7b', '951f4bf6-be55-0e75-59a9-7e580a0d07c4', 'product_14', 640.0, 1);
INSERT INTO order_items (order_id, product_id, product_name, product_price, quantity)
VALUES ('6b1d73fc-a4b4-60f0-88aa-16ac0352eb7b', '5c3938ac-271e-5674-37aa-116c20435202', 'product_234', 370.0, 1);
INSERT INTO order_items (order_id, product_id, product_name, product_price, quantity)
VALUES ('6b1d73fc-a4b4-60f0-88aa-16ac0352eb7b', '30d3c4b2-8d8b-4d91-9c67-b3d72ab218cc', 'product_129', 470.0, 2);
INSERT INTO payments (order_id, venue_id, method, amount)
VALUES ('6b1d73fc-a4b4-60f0-88aa-16ac0352eb7b', '00000000-0000-0000-0000-000000000010', 'card', 3540.0);
INSERT INTO orders (id, venue_id, number, status, total_amount, opened_at, closed_at, table_number)
VALUES ('762ed53c-9ea3-4867-ff5c-1aaaef7a5083', '00000000-0000-0000-0000-000000000010', '6188', 'paid', 1430.0, '2026-01-18 18:14:56', '2026-01-18 18:14:56', '1');
INSERT INTO order_items (order_id, product_id, product_name, product_price, quantity)
VALUES ('762ed53c-9ea3-4867-ff5c-1aaaef7a5083', '627b586a-57c8-d217-1549-c47bb32192ac', 'product_26', 460.0, 1);
INSERT INTO order_items (order_id, product_id, product_name, product_price, quantity)
VALUES ('762ed53c-9ea3-4867-ff5c-1aaaef7a5083', '09d9bcce-e54b-d518-c5bf-1c5d4b683d38', 'product_50', 200.0, 1);
INSERT INTO order_items (order_id, product_id, product_name, product_price, quantity)
VALUES ('762ed53c-9ea3-4867-ff5c-1aaaef7a5083', 'c0fb869e-f434-07cb-f666-b9f7e55d4032', 'product_113', 770.0, 1);
INSERT INTO payments (order_id, venue_id, method, amount)
VALUES ('762ed53c-9ea3-4867-ff5c-1aaaef7a5083', '00000000-0000-0000-0000-000000000010', 'cash', 1430.0);
INSERT INTO orders (id, venue_id, number, status, total_amount, opened_at, closed_at, table_number)
VALUES ('e2813fea-ed65-4212-dd46-0a195ce8c9fe', '00000000-0000-0000-0000-000000000010', '6187', 'paid', 460.0, '2026-01-18 17:37:33', '2026-01-18 17:37:33', '5');
INSERT INTO order_items (order_id, product_id, product_name, product_price, quantity)
VALUES ('e2813fea-ed65-4212-dd46-0a195ce8c9fe', '021231f4-e9fa-ecbb-5f2a-ad1321ca42ea', 'product_59', 230.0, 2);
INSERT INTO payments (order_id, venue_id, method, amount)
VALUES ('e2813fea-ed65-4212-dd46-0a195ce8c9fe', '00000000-0000-0000-0000-000000000010', 'card', 460.0);
INSERT INTO orders (id, venue_id, number, status, total_amount, opened_at, closed_at, table_number)
VALUES ('d192ea3f-fc32-69aa-b4f8-62ad809ed367', '00000000-0000-0000-0000-000000000010', '6184', 'paid', 3520.0, '2026-01-18 17:15:21', '2026-01-18 17:15:21', '7');
INSERT INTO order_items (order_id, product_id, product_name, product_price, quantity)
VALUES ('d192ea3f-fc32-69aa-b4f8-62ad809ed367', 'e81dc667-2a7e-c5f0-b886-e7a3451b0fd2', 'product_219', 570.0, 1);
INSERT INTO order_items (order_id, product_id, product_name, product_price, quantity)
VALUES ('d192ea3f-fc32-69aa-b4f8-62ad809ed367', '1a9038b5-12c1-4b41-756a-ce6d8bb0fac8', 'product_114', 670.0, 2);
INSERT INTO order_items (order_id, product_id, product_name, product_price, quantity)
VALUES ('d192ea3f-fc32-69aa-b4f8-62ad809ed367', 'f35a1ebf-94b4-c196-4fdb-5698a8e21330', 'product_170', 820.0, 1);
INSERT INTO order_items (order_id, product_id, product_name, product_price, quantity)
VALUES ('d192ea3f-fc32-69aa-b4f8-62ad809ed367', '09d9bcce-e54b-d518-c5bf-1c5d4b683d38', 'product_50', 200.0, 1);
INSERT INTO order_items (order_id, product_id, product_name, product_price, quantity)
VALUES ('d192ea3f-fc32-69aa-b4f8-62ad809ed367', '81b3193a-f1f9-6ba6-5630-5c911f0c4a69', 'product_48', 220.0, 1);
INSERT INTO order_items (order_id, product_id, product_name, product_price, quantity)
VALUES ('d192ea3f-fc32-69aa-b4f8-62ad809ed367', '7a291d79-c795-0f76-118b-25d10a078238', 'product_191', 370.0, 1);
INSERT INTO payments (order_id, venue_id, method, amount)
VALUES ('d192ea3f-fc32-69aa-b4f8-62ad809ed367', '00000000-0000-0000-0000-000000000010', 'card', 3520.0);
INSERT INTO orders (id, venue_id, number, status, total_amount, opened_at, closed_at, table_number)
VALUES ('649e0398-4f6a-e8f0-c720-543d5b2ed2ef', '00000000-0000-0000-0000-000000000010', '6183', 'paid', 3840.0, '2026-01-18 17:07:46', '2026-01-18 17:07:46', '1');
INSERT INTO order_items (order_id, product_id, product_name, product_price, quantity)
VALUES ('649e0398-4f6a-e8f0-c720-543d5b2ed2ef', 'c0fb869e-f434-07cb-f666-b9f7e55d4032', 'product_113', 770.0, 3);
INSERT INTO order_items (order_id, product_id, product_name, product_price, quantity)
VALUES ('649e0398-4f6a-e8f0-c720-543d5b2ed2ef', '1a9038b5-12c1-4b41-756a-ce6d8bb0fac8', 'product_114', 670.0, 2);
INSERT INTO order_items (order_id, product_id, product_name, product_price, quantity)
VALUES ('649e0398-4f6a-e8f0-c720-543d5b2ed2ef', '0caff6fe-c574-8665-33ca-5f2cee71ebb2', 'product_35', 190.0, 1);
INSERT INTO payments (order_id, venue_id, method, amount)
VALUES ('649e0398-4f6a-e8f0-c720-543d5b2ed2ef', '00000000-0000-0000-0000-000000000010', 'card', 3840.0);
INSERT INTO orders (id, venue_id, number, status, total_amount, opened_at, closed_at, table_number)
VALUES ('b07ee9b6-57f8-a29b-dea5-07c80e8882cc', '00000000-0000-0000-0000-000000000010', '6182', 'paid', 0.0, '2026-01-18 15:27:21', '2026-01-18 15:27:21', '9');
INSERT INTO order_items (order_id, product_id, product_name, product_price, quantity)
VALUES ('b07ee9b6-57f8-a29b-dea5-07c80e8882cc', '82c55340-bd07-2a9a-a6cc-6ce377f958f2', 'product_148', 0.0, 1);
INSERT INTO orders (id, venue_id, number, status, total_amount, opened_at, closed_at, table_number)
VALUES ('bff38f76-5b51-140a-78f0-6bfffdc323ab', '00000000-0000-0000-0000-000000000010', '6181', 'paid', 0.0, '2026-01-18 15:26:53', '2026-01-18 15:26:53', '9');
INSERT INTO order_items (order_id, product_id, product_name, product_price, quantity)
VALUES ('bff38f76-5b51-140a-78f0-6bfffdc323ab', '12dd0c72-4671-5cd8-b7da-98389426555c', 'product_228', 0.0, 1);
INSERT INTO orders (id, venue_id, number, status, total_amount, opened_at, closed_at, table_number)
VALUES ('0b8d377d-bda6-2a8d-91e4-13d49844876e', '00000000-0000-0000-0000-000000000010', '6180', 'paid', 0.0, '2026-01-18 15:26:36', '2026-01-18 15:26:36', '9');
INSERT INTO order_items (order_id, product_id, product_name, product_price, quantity)
VALUES ('0b8d377d-bda6-2a8d-91e4-13d49844876e', '1afe238c-a186-0e67-9e9d-d39b8c4abe8a', 'product_229', 0.0, 1);
INSERT INTO orders (id, venue_id, number, status, total_amount, opened_at, closed_at, table_number)
VALUES ('5d45d62f-1d1a-ff05-3f2e-5b4d0ccefaca', '00000000-0000-0000-0000-000000000010', '6176', 'paid', 2740.0, '2026-01-18 13:52:56', '2026-01-18 13:52:56', '7');
INSERT INTO order_items (order_id, product_id, product_name, product_price, quantity)
VALUES ('5d45d62f-1d1a-ff05-3f2e-5b4d0ccefaca', '5f05b996-99f5-dfcb-e4b9-79078ca1f540', 'product_100', 460.0, 1);
INSERT INTO order_items (order_id, product_id, product_name, product_price, quantity)
VALUES ('5d45d62f-1d1a-ff05-3f2e-5b4d0ccefaca', '8b7920ef-e954-d760-2a69-99cafc830c2e', 'product_171', 270.0, 1);
INSERT INTO order_items (order_id, product_id, product_name, product_price, quantity)
VALUES ('5d45d62f-1d1a-ff05-3f2e-5b4d0ccefaca', '81b3193a-f1f9-6ba6-5630-5c911f0c4a69', 'product_48', 220.0, 1);
INSERT INTO order_items (order_id, product_id, product_name, product_price, quantity)
VALUES ('5d45d62f-1d1a-ff05-3f2e-5b4d0ccefaca', 'c0fb869e-f434-07cb-f666-b9f7e55d4032', 'product_113', 770.0, 1);
INSERT INTO order_items (order_id, product_id, product_name, product_price, quantity)
VALUES ('5d45d62f-1d1a-ff05-3f2e-5b4d0ccefaca', '62cdaaca-f6e8-fe1a-af41-d7fc95a79021', 'product_167', 40.0, 1);
INSERT INTO order_items (order_id, product_id, product_name, product_price, quantity)
VALUES ('5d45d62f-1d1a-ff05-3f2e-5b4d0ccefaca', 'd46f67a1-e1dd-e079-0b5c-329f6422c4d4', 'product_60', 280.0, 1);
INSERT INTO order_items (order_id, product_id, product_name, product_price, quantity)
VALUES ('5d45d62f-1d1a-ff05-3f2e-5b4d0ccefaca', 'eed148a6-7f8f-38d6-85f9-602481bbc846', 'product_146', 130.0, 1);
INSERT INTO order_items (order_id, product_id, product_name, product_price, quantity)
VALUES ('5d45d62f-1d1a-ff05-3f2e-5b4d0ccefaca', '966437e8-b784-92e7-0afa-ff8bde6f1e53', 'product_145', 130.0, 1);
INSERT INTO order_items (order_id, product_id, product_name, product_price, quantity)
VALUES ('5d45d62f-1d1a-ff05-3f2e-5b4d0ccefaca', '2e331f2f-b6fd-7898-11b0-9b0e3a2e58be', 'product_57', 180.0, 1);
INSERT INTO order_items (order_id, product_id, product_name, product_price, quantity)
VALUES ('5d45d62f-1d1a-ff05-3f2e-5b4d0ccefaca', '338bdc4d-fbd5-43ad-a7a7-3951ceca3a16', 'product_97', 260.0, 1);
INSERT INTO payments (order_id, venue_id, method, amount)
VALUES ('5d45d62f-1d1a-ff05-3f2e-5b4d0ccefaca', '00000000-0000-0000-0000-000000000010', 'card', 2740.0);
INSERT INTO orders (id, venue_id, number, status, total_amount, opened_at, closed_at, table_number)
VALUES ('702b50e5-a572-e425-e705-f503d6796361', '00000000-0000-0000-0000-000000000010', '6179', 'paid', 1700.0, '2026-01-18 13:52:14', '2026-01-18 13:52:14', '1');
INSERT INTO order_items (order_id, product_id, product_name, product_price, quantity)
VALUES ('702b50e5-a572-e425-e705-f503d6796361', '09d404dd-f87b-b319-4eda-9ce7c697868d', 'product_32', 370.0, 1);
INSERT INTO order_items (order_id, product_id, product_name, product_price, quantity)
VALUES ('702b50e5-a572-e425-e705-f503d6796361', 'c0fb869e-f434-07cb-f666-b9f7e55d4032', 'product_113', 770.0, 1);
INSERT INTO order_items (order_id, product_id, product_name, product_price, quantity)
VALUES ('702b50e5-a572-e425-e705-f503d6796361', '62cdaaca-f6e8-fe1a-af41-d7fc95a79021', 'product_167', 40.0, 1);
INSERT INTO order_items (order_id, product_id, product_name, product_price, quantity)
VALUES ('702b50e5-a572-e425-e705-f503d6796361', '338bdc4d-fbd5-43ad-a7a7-3951ceca3a16', 'product_97', 260.0, 2);
INSERT INTO payments (order_id, venue_id, method, amount)
VALUES ('702b50e5-a572-e425-e705-f503d6796361', '00000000-0000-0000-0000-000000000010', 'card', 1700.0);
INSERT INTO orders (id, venue_id, number, status, total_amount, opened_at, closed_at, table_number)
VALUES ('7eb977ca-816c-b662-75bc-d5eb89c44993', '00000000-0000-0000-0000-000000000010', '6177', 'paid', 3240.0, '2026-01-18 13:49:43', '2026-01-18 13:49:43', '3');
INSERT INTO order_items (order_id, product_id, product_name, product_price, quantity)
VALUES ('7eb977ca-816c-b662-75bc-d5eb89c44993', '627b586a-57c8-d217-1549-c47bb32192ac', 'product_26', 460.0, 1);
INSERT INTO order_items (order_id, product_id, product_name, product_price, quantity)
VALUES ('7eb977ca-816c-b662-75bc-d5eb89c44993', '5f05b996-99f5-dfcb-e4b9-79078ca1f540', 'product_100', 460.0, 1);
INSERT INTO order_items (order_id, product_id, product_name, product_price, quantity)
VALUES ('7eb977ca-816c-b662-75bc-d5eb89c44993', '8b7920ef-e954-d760-2a69-99cafc830c2e', 'product_171', 270.0, 1);
INSERT INTO order_items (order_id, product_id, product_name, product_price, quantity)
VALUES ('7eb977ca-816c-b662-75bc-d5eb89c44993', '6e00b5a0-6b62-d942-73e4-86982bcae389', 'product_21', 1370.0, 1);
INSERT INTO order_items (order_id, product_id, product_name, product_price, quantity)
VALUES ('7eb977ca-816c-b662-75bc-d5eb89c44993', 'eed148a6-7f8f-38d6-85f9-602481bbc846', 'product_146', 130.0, 1);
INSERT INTO order_items (order_id, product_id, product_name, product_price, quantity)
VALUES ('7eb977ca-816c-b662-75bc-d5eb89c44993', '1649694a-a1df-1a36-ccd0-08ba48ab2fd1', 'product_36', 550.0, 1);
INSERT INTO payments (order_id, venue_id, method, amount)
VALUES ('7eb977ca-816c-b662-75bc-d5eb89c44993', '00000000-0000-0000-0000-000000000010', 'card', 3240.0);
INSERT INTO orders (id, venue_id, number, status, total_amount, opened_at, closed_at, table_number)
VALUES ('4a5914d5-8c5c-cab1-64f2-0b2d27fa3f53', '00000000-0000-0000-0000-000000000010', '6178', 'paid', 1580.0, '2026-01-18 12:24:41', '2026-01-18 12:24:41', '11');
INSERT INTO order_items (order_id, product_id, product_name, product_price, quantity)
VALUES ('4a5914d5-8c5c-cab1-64f2-0b2d27fa3f53', '7b0b5f60-47be-c07e-9585-af9a20b6d773', 'product_9', 460.0, 2);
INSERT INTO order_items (order_id, product_id, product_name, product_price, quantity)
VALUES ('4a5914d5-8c5c-cab1-64f2-0b2d27fa3f53', '9d00fee6-5b1a-acb8-1114-e668525ce1a6', 'product_200', 330.0, 2);
INSERT INTO orders (id, venue_id, number, status, total_amount, opened_at, closed_at, table_number)
VALUES ('c936e61d-e509-3265-75d4-d97986fa37d1', '00000000-0000-0000-0000-000000000010', '6163', 'paid', 3570.0, '2026-01-18 12:21:12', '2026-01-18 12:21:12', '11');
INSERT INTO order_items (order_id, product_id, product_name, product_price, quantity)
VALUES ('c936e61d-e509-3265-75d4-d97986fa37d1', '951f4bf6-be55-0e75-59a9-7e580a0d07c4', 'product_14', 640.0, 1);
INSERT INTO order_items (order_id, product_id, product_name, product_price, quantity)
VALUES ('c936e61d-e509-3265-75d4-d97986fa37d1', 'c0fb869e-f434-07cb-f666-b9f7e55d4032', 'product_113', 770.0, 1);
INSERT INTO order_items (order_id, product_id, product_name, product_price, quantity)
VALUES ('c936e61d-e509-3265-75d4-d97986fa37d1', '021231f4-e9fa-ecbb-5f2a-ad1321ca42ea', 'product_59', 230.0, 2);
INSERT INTO order_items (order_id, product_id, product_name, product_price, quantity)
VALUES ('c936e61d-e509-3265-75d4-d97986fa37d1', '1649694a-a1df-1a36-ccd0-08ba48ab2fd1', 'product_36', 550.0, 1);
INSERT INTO order_items (order_id, product_id, product_name, product_price, quantity)
VALUES ('c936e61d-e509-3265-75d4-d97986fa37d1', 'd158543d-e9dc-0b2a-7902-b665a39db719', 'product_126', 410.0, 2);
INSERT INTO order_items (order_id, product_id, product_name, product_price, quantity)
VALUES ('c936e61d-e509-3265-75d4-d97986fa37d1', '898d2cec-bf17-cd4c-dc70-b73dd36af83c', 'product_236', 330.0, 1);
INSERT INTO payments (order_id, venue_id, method, amount)
VALUES ('c936e61d-e509-3265-75d4-d97986fa37d1', '00000000-0000-0000-0000-000000000010', 'card', 3570.0);
INSERT INTO orders (id, venue_id, number, status, total_amount, opened_at, closed_at, table_number)
VALUES ('bf60bb02-bdc7-c819-216d-19b53164effb', '00000000-0000-0000-0000-000000000010', '6171', 'paid', 2230.0, '2026-01-18 11:16:04', '2026-01-18 11:16:04', '2');
INSERT INTO order_items (order_id, product_id, product_name, product_price, quantity)
VALUES ('bf60bb02-bdc7-c819-216d-19b53164effb', '7b0b5f60-47be-c07e-9585-af9a20b6d773', 'product_9', 460.0, 3);
INSERT INTO order_items (order_id, product_id, product_name, product_price, quantity)
VALUES ('bf60bb02-bdc7-c819-216d-19b53164effb', '8d266d35-f6a4-b267-e097-564510f7f857', 'product_12', 270.0, 1);
INSERT INTO order_items (order_id, product_id, product_name, product_price, quantity)
VALUES ('bf60bb02-bdc7-c819-216d-19b53164effb', 'ec61223f-a380-dd08-f9eb-461b3c2f80e6', 'product_163', 120.0, 1);
INSERT INTO order_items (order_id, product_id, product_name, product_price, quantity)
VALUES ('bf60bb02-bdc7-c819-216d-19b53164effb', '021231f4-e9fa-ecbb-5f2a-ad1321ca42ea', 'product_59', 230.0, 2);
INSERT INTO orders (id, venue_id, number, status, total_amount, opened_at, closed_at, table_number)
VALUES ('5b195353-6a17-cb4e-0988-4cf1e3144954', '00000000-0000-0000-0000-000000000010', '6170', 'paid', 2410.0, '2026-01-18 11:14:50', '2026-01-18 11:14:50', '1');
INSERT INTO order_items (order_id, product_id, product_name, product_price, quantity)
VALUES ('5b195353-6a17-cb4e-0988-4cf1e3144954', '94d2bddc-c99f-2985-f8eb-9d8a4a995ad3', 'product_10', 300.0, 1);
INSERT INTO order_items (order_id, product_id, product_name, product_price, quantity)
VALUES ('5b195353-6a17-cb4e-0988-4cf1e3144954', '7b0b5f60-47be-c07e-9585-af9a20b6d773', 'product_9', 460.0, 1);
INSERT INTO order_items (order_id, product_id, product_name, product_price, quantity)
VALUES ('5b195353-6a17-cb4e-0988-4cf1e3144954', '94d2bddc-c99f-2985-f8eb-9d8a4a995ad3', 'product_10', 300.0, 1);
INSERT INTO order_items (order_id, product_id, product_name, product_price, quantity)
VALUES ('5b195353-6a17-cb4e-0988-4cf1e3144954', 'd46f67a1-e1dd-e079-0b5c-329f6422c4d4', 'product_60', 280.0, 2);
INSERT INTO order_items (order_id, product_id, product_name, product_price, quantity)
VALUES ('5b195353-6a17-cb4e-0988-4cf1e3144954', '9d00fee6-5b1a-acb8-1114-e668525ce1a6', 'product_200', 330.0, 1);
INSERT INTO order_items (order_id, product_id, product_name, product_price, quantity)
VALUES ('5b195353-6a17-cb4e-0988-4cf1e3144954', '7b0b5f60-47be-c07e-9585-af9a20b6d773', 'product_9', 460.0, 1);
INSERT INTO payments (order_id, venue_id, method, amount)
VALUES ('5b195353-6a17-cb4e-0988-4cf1e3144954', '00000000-0000-0000-0000-000000000010', 'card', 760.0);
INSERT INTO orders (id, venue_id, number, status, total_amount, opened_at, closed_at, table_number)
VALUES ('7d1ab99f-c96f-887d-00ed-9c91d932c578', '00000000-0000-0000-0000-000000000010', '6175', 'paid', 540.0, '2026-01-18 11:14:40', '2026-01-18 11:14:40', '3');
INSERT INTO order_items (order_id, product_id, product_name, product_price, quantity)
VALUES ('7d1ab99f-c96f-887d-00ed-9c91d932c578', '338bdc4d-fbd5-43ad-a7a7-3951ceca3a16', 'product_97', 260.0, 1);
INSERT INTO order_items (order_id, product_id, product_name, product_price, quantity)
VALUES ('7d1ab99f-c96f-887d-00ed-9c91d932c578', 'd46f67a1-e1dd-e079-0b5c-329f6422c4d4', 'product_60', 280.0, 1);
INSERT INTO payments (order_id, venue_id, method, amount)
VALUES ('7d1ab99f-c96f-887d-00ed-9c91d932c578', '00000000-0000-0000-0000-000000000010', 'card', 540.0);
INSERT INTO orders (id, venue_id, number, status, total_amount, opened_at, closed_at, table_number)
VALUES ('8ca8ec35-f47c-14ac-80f5-3fc751a0f246', '00000000-0000-0000-0000-000000000010', '6174', 'paid', 700.0, '2026-01-18 11:14:33', '2026-01-18 11:14:33', '7');
INSERT INTO order_items (order_id, product_id, product_name, product_price, quantity)
VALUES ('8ca8ec35-f47c-14ac-80f5-3fc751a0f246', '338bdc4d-fbd5-43ad-a7a7-3951ceca3a16', 'product_97', 260.0, 2);
INSERT INTO order_items (order_id, product_id, product_name, product_price, quantity)
VALUES ('8ca8ec35-f47c-14ac-80f5-3fc751a0f246', 'da98da7c-a663-0228-294e-97c1fae50fd1', 'product_54', 180.0, 1);
INSERT INTO payments (order_id, venue_id, method, amount)
VALUES ('8ca8ec35-f47c-14ac-80f5-3fc751a0f246', '00000000-0000-0000-0000-000000000010', 'card', 700.0);
INSERT INTO orders (id, venue_id, number, status, total_amount, opened_at, closed_at, table_number)
VALUES ('6613a529-222e-be48-8c45-2307bf52ee63', '00000000-0000-0000-0000-000000000010', '6172', 'paid', 1940.0, '2026-01-18 10:11:50', '2026-01-18 10:11:50', '3');
INSERT INTO order_items (order_id, product_id, product_name, product_price, quantity)
VALUES ('6613a529-222e-be48-8c45-2307bf52ee63', 'ec61223f-a380-dd08-f9eb-461b3c2f80e6', 'product_163', 120.0, 1);
INSERT INTO order_items (order_id, product_id, product_name, product_price, quantity)
VALUES ('6613a529-222e-be48-8c45-2307bf52ee63', '94d2bddc-c99f-2985-f8eb-9d8a4a995ad3', 'product_10', 300.0, 1);
INSERT INTO order_items (order_id, product_id, product_name, product_price, quantity)
VALUES ('6613a529-222e-be48-8c45-2307bf52ee63', '338bdc4d-fbd5-43ad-a7a7-3951ceca3a16', 'product_97', 260.0, 2);
INSERT INTO order_items (order_id, product_id, product_name, product_price, quantity)
VALUES ('6613a529-222e-be48-8c45-2307bf52ee63', '7b0b5f60-47be-c07e-9585-af9a20b6d773', 'product_9', 460.0, 1);
INSERT INTO order_items (order_id, product_id, product_name, product_price, quantity)
VALUES ('6613a529-222e-be48-8c45-2307bf52ee63', 'd46f67a1-e1dd-e079-0b5c-329f6422c4d4', 'product_60', 280.0, 1);
INSERT INTO order_items (order_id, product_id, product_name, product_price, quantity)
VALUES ('6613a529-222e-be48-8c45-2307bf52ee63', '338bdc4d-fbd5-43ad-a7a7-3951ceca3a16', 'product_97', 260.0, 1);
INSERT INTO payments (order_id, venue_id, method, amount)
VALUES ('6613a529-222e-be48-8c45-2307bf52ee63', '00000000-0000-0000-0000-000000000010', 'card', 520.0);
INSERT INTO orders (id, venue_id, number, status, total_amount, opened_at, closed_at, table_number)
VALUES ('9d3b382c-44b6-72fe-5a1f-14f1763efd07', '00000000-0000-0000-0000-000000000010', '6168', 'paid', 4710.0, '2026-01-17 20:10:50', '2026-01-17 20:10:50', '7');
INSERT INTO order_items (order_id, product_id, product_name, product_price, quantity)
VALUES ('9d3b382c-44b6-72fe-5a1f-14f1763efd07', '9a06fa1f-d2b5-1b6f-d6c5-37c2ffa3adfd', 'product_168', 640.0, 1);
INSERT INTO order_items (order_id, product_id, product_name, product_price, quantity)
VALUES ('9d3b382c-44b6-72fe-5a1f-14f1763efd07', 'd46f67a1-e1dd-e079-0b5c-329f6422c4d4', 'product_60', 280.0, 1);
INSERT INTO order_items (order_id, product_id, product_name, product_price, quantity)
VALUES ('9d3b382c-44b6-72fe-5a1f-14f1763efd07', 'bd63cdca-84b0-4bda-520e-13725e4b4e60', 'product_33', 370.0, 1);
INSERT INTO order_items (order_id, product_id, product_name, product_price, quantity)
VALUES ('9d3b382c-44b6-72fe-5a1f-14f1763efd07', 'f17e6b93-235c-e217-e8bb-314b22b364b3', 'product_206', 430.0, 1);
INSERT INTO order_items (order_id, product_id, product_name, product_price, quantity)
VALUES ('9d3b382c-44b6-72fe-5a1f-14f1763efd07', '134318a5-b3ba-8433-c9f4-446b46b10995', 'product_37', 370.0, 1);
INSERT INTO order_items (order_id, product_id, product_name, product_price, quantity)
VALUES ('9d3b382c-44b6-72fe-5a1f-14f1763efd07', 'c0fb869e-f434-07cb-f666-b9f7e55d4032', 'product_113', 770.0, 2);
INSERT INTO order_items (order_id, product_id, product_name, product_price, quantity)
VALUES ('9d3b382c-44b6-72fe-5a1f-14f1763efd07', '0f7cfc79-3a3f-41ac-1aa4-b27431de9236', 'product_29', 620.0, 1);
INSERT INTO order_items (order_id, product_id, product_name, product_price, quantity)
VALUES ('9d3b382c-44b6-72fe-5a1f-14f1763efd07', '5f05b996-99f5-dfcb-e4b9-79078ca1f540', 'product_100', 460.0, 1);
INSERT INTO payments (order_id, venue_id, method, amount)
VALUES ('9d3b382c-44b6-72fe-5a1f-14f1763efd07', '00000000-0000-0000-0000-000000000010', 'card', 4710.0);
INSERT INTO orders (id, venue_id, number, status, total_amount, opened_at, closed_at, table_number)
VALUES ('49570ba8-303d-35ef-2850-5f0cb1169cc9', '00000000-0000-0000-0000-000000000010', '6162', 'paid', 12500.0, '2026-01-17 19:20:53', '2026-01-17 19:20:53', '10');
INSERT INTO order_items (order_id, product_id, product_name, product_price, quantity)
VALUES ('49570ba8-303d-35ef-2850-5f0cb1169cc9', 'd46f67a1-e1dd-e079-0b5c-329f6422c4d4', 'product_60', 280.0, 2);
INSERT INTO order_items (order_id, product_id, product_name, product_price, quantity)
VALUES ('49570ba8-303d-35ef-2850-5f0cb1169cc9', '338bdc4d-fbd5-43ad-a7a7-3951ceca3a16', 'product_97', 260.0, 2);
INSERT INTO order_items (order_id, product_id, product_name, product_price, quantity)
VALUES ('49570ba8-303d-35ef-2850-5f0cb1169cc9', '0f7cfc79-3a3f-41ac-1aa4-b27431de9236', 'product_29', 620.0, 2);
INSERT INTO order_items (order_id, product_id, product_name, product_price, quantity)
VALUES ('49570ba8-303d-35ef-2850-5f0cb1169cc9', '81b3193a-f1f9-6ba6-5630-5c911f0c4a69', 'product_48', 220.0, 2);
INSERT INTO order_items (order_id, product_id, product_name, product_price, quantity)
VALUES ('49570ba8-303d-35ef-2850-5f0cb1169cc9', '8b7920ef-e954-d760-2a69-99cafc830c2e', 'product_171', 270.0, 4);
INSERT INTO order_items (order_id, product_id, product_name, product_price, quantity)
VALUES ('49570ba8-303d-35ef-2850-5f0cb1169cc9', 'f5e07166-faf7-d429-5419-891577dc4984', 'product_180', 1750.0, 1);
INSERT INTO order_items (order_id, product_id, product_name, product_price, quantity)
VALUES ('49570ba8-303d-35ef-2850-5f0cb1169cc9', 'c0fb869e-f434-07cb-f666-b9f7e55d4032', 'product_113', 770.0, 4);
INSERT INTO order_items (order_id, product_id, product_name, product_price, quantity)
VALUES ('49570ba8-303d-35ef-2850-5f0cb1169cc9', '62cdaaca-f6e8-fe1a-af41-d7fc95a79021', 'product_167', 40.0, 4);
INSERT INTO order_items (order_id, product_id, product_name, product_price, quantity)
VALUES ('49570ba8-303d-35ef-2850-5f0cb1169cc9', 'c10f6483-27d9-ca48-5e52-fb5a740be095', 'product_166', 40.0, 1);
INSERT INTO order_items (order_id, product_id, product_name, product_price, quantity)
VALUES ('49570ba8-303d-35ef-2850-5f0cb1169cc9', '5d41e372-0bfb-8212-e08b-622352f32b09', 'product_179', 470.0, 2);
INSERT INTO order_items (order_id, product_id, product_name, product_price, quantity)
VALUES ('49570ba8-303d-35ef-2850-5f0cb1169cc9', '86c75460-89b0-64da-2249-a8b6e678e24d', 'product_130', 500.0, 2);
INSERT INTO order_items (order_id, product_id, product_name, product_price, quantity)
VALUES ('49570ba8-303d-35ef-2850-5f0cb1169cc9', '2334cdda-9fd8-40f0-0a18-b2cbad79aa33', 'product_225', 580.0, 1);
INSERT INTO order_items (order_id, product_id, product_name, product_price, quantity)
VALUES ('49570ba8-303d-35ef-2850-5f0cb1169cc9', 'fdb6f575-fe3f-282e-93d0-1dad56530fa5', 'product_15', 640.0, 1);
INSERT INTO order_items (order_id, product_id, product_name, product_price, quantity)
VALUES ('49570ba8-303d-35ef-2850-5f0cb1169cc9', '30d3c4b2-8d8b-4d91-9c67-b3d72ab218cc', 'product_129', 470.0, 1);
INSERT INTO payments (order_id, venue_id, method, amount)
VALUES ('49570ba8-303d-35ef-2850-5f0cb1169cc9', '00000000-0000-0000-0000-000000000010', 'card', 12500.0);
INSERT INTO orders (id, venue_id, number, status, total_amount, opened_at, closed_at, table_number)
VALUES ('1b8356fc-3e96-08ba-3c1c-193e49601c8e', '00000000-0000-0000-0000-000000000010', '6160', 'paid', 800.0, '2026-01-17 19:20:47', '2026-01-17 19:20:47', '10');
INSERT INTO order_items (order_id, product_id, product_name, product_price, quantity)
VALUES ('1b8356fc-3e96-08ba-3c1c-193e49601c8e', '338bdc4d-fbd5-43ad-a7a7-3951ceca3a16', 'product_97', 260.0, 2);
INSERT INTO order_items (order_id, product_id, product_name, product_price, quantity)
VALUES ('1b8356fc-3e96-08ba-3c1c-193e49601c8e', 'd46f67a1-e1dd-e079-0b5c-329f6422c4d4', 'product_60', 280.0, 1);
INSERT INTO payments (order_id, venue_id, method, amount)
VALUES ('1b8356fc-3e96-08ba-3c1c-193e49601c8e', '00000000-0000-0000-0000-000000000010', 'card', 800.0);
INSERT INTO orders (id, venue_id, number, status, total_amount, opened_at, closed_at, table_number)
VALUES ('137f83d8-cfdf-66ac-be72-07ddc18c1433', '00000000-0000-0000-0000-000000000010', '6166', 'paid', 260.0, '2026-01-17 19:20:38', '2026-01-17 19:20:38', '10');
INSERT INTO order_items (order_id, product_id, product_name, product_price, quantity)
VALUES ('137f83d8-cfdf-66ac-be72-07ddc18c1433', '338bdc4d-fbd5-43ad-a7a7-3951ceca3a16', 'product_97', 260.0, 1);
INSERT INTO payments (order_id, venue_id, method, amount)
VALUES ('137f83d8-cfdf-66ac-be72-07ddc18c1433', '00000000-0000-0000-0000-000000000010', 'card', 260.0);
INSERT INTO orders (id, venue_id, number, status, total_amount, opened_at, closed_at, table_number)
VALUES ('d05387ea-f473-d5f8-f784-527791e93c67', '00000000-0000-0000-0000-000000000010', '6165', 'paid', 1690.0, '2026-01-17 18:23:37', '2026-01-17 18:23:37', '1');
INSERT INTO order_items (order_id, product_id, product_name, product_price, quantity)
VALUES ('d05387ea-f473-d5f8-f784-527791e93c67', 'e81dc667-2a7e-c5f0-b886-e7a3451b0fd2', 'product_219', 570.0, 1);
INSERT INTO order_items (order_id, product_id, product_name, product_price, quantity)
VALUES ('d05387ea-f473-d5f8-f784-527791e93c67', '0f7cfc79-3a3f-41ac-1aa4-b27431de9236', 'product_29', 620.0, 1);
INSERT INTO order_items (order_id, product_id, product_name, product_price, quantity)
VALUES ('d05387ea-f473-d5f8-f784-527791e93c67', '5c3938ac-271e-5674-37aa-116c20435202', 'product_234', 370.0, 1);
INSERT INTO order_items (order_id, product_id, product_name, product_price, quantity)
VALUES ('d05387ea-f473-d5f8-f784-527791e93c67', '966437e8-b784-92e7-0afa-ff8bde6f1e53', 'product_145', 130.0, 1);
INSERT INTO payments (order_id, venue_id, method, amount)
VALUES ('d05387ea-f473-d5f8-f784-527791e93c67', '00000000-0000-0000-0000-000000000010', 'cash', 5.0);
INSERT INTO payments (order_id, venue_id, method, amount)
VALUES ('d05387ea-f473-d5f8-f784-527791e93c67', '00000000-0000-0000-0000-000000000010', 'card', 1685.0);
INSERT INTO orders (id, venue_id, number, status, total_amount, opened_at, closed_at, table_number)
VALUES ('8cd76a0a-c059-78ab-6e8f-2e032915402d', '00000000-0000-0000-0000-000000000010', '6167', 'paid', 3010.0, '2026-01-17 18:02:27', '2026-01-17 18:02:27', '2');
INSERT INTO order_items (order_id, product_id, product_name, product_price, quantity)
VALUES ('8cd76a0a-c059-78ab-6e8f-2e032915402d', '951f4bf6-be55-0e75-59a9-7e580a0d07c4', 'product_14', 640.0, 1);
INSERT INTO order_items (order_id, product_id, product_name, product_price, quantity)
VALUES ('8cd76a0a-c059-78ab-6e8f-2e032915402d', 'c0fb869e-f434-07cb-f666-b9f7e55d4032', 'product_113', 770.0, 2);
INSERT INTO order_items (order_id, product_id, product_name, product_price, quantity)
VALUES ('8cd76a0a-c059-78ab-6e8f-2e032915402d', '5c3938ac-271e-5674-37aa-116c20435202', 'product_234', 370.0, 1);
INSERT INTO order_items (order_id, product_id, product_name, product_price, quantity)
VALUES ('8cd76a0a-c059-78ab-6e8f-2e032915402d', '021231f4-e9fa-ecbb-5f2a-ad1321ca42ea', 'product_59', 230.0, 2);
INSERT INTO payments (order_id, venue_id, method, amount)
VALUES ('8cd76a0a-c059-78ab-6e8f-2e032915402d', '00000000-0000-0000-0000-000000000010', 'card', 3010.0);
INSERT INTO orders (id, venue_id, number, status, total_amount, opened_at, closed_at, table_number)
VALUES ('fdbf4f72-36b5-250a-fbaf-2129581cf623', '00000000-0000-0000-0000-000000000010', '6164', 'paid', 1180.0, '2026-01-17 17:37:52', '2026-01-17 17:37:52', '7');
INSERT INTO order_items (order_id, product_id, product_name, product_price, quantity)
VALUES ('fdbf4f72-36b5-250a-fbaf-2129581cf623', 'f35ae6ee-40da-7479-c64b-612bff507023', 'product_31', 370.0, 1);
INSERT INTO order_items (order_id, product_id, product_name, product_price, quantity)
VALUES ('fdbf4f72-36b5-250a-fbaf-2129581cf623', 'c0fb869e-f434-07cb-f666-b9f7e55d4032', 'product_113', 770.0, 1);
INSERT INTO order_items (order_id, product_id, product_name, product_price, quantity)
VALUES ('fdbf4f72-36b5-250a-fbaf-2129581cf623', 'c10f6483-27d9-ca48-5e52-fb5a740be095', 'product_166', 40.0, 1);
INSERT INTO payments (order_id, venue_id, method, amount)
VALUES ('fdbf4f72-36b5-250a-fbaf-2129581cf623', '00000000-0000-0000-0000-000000000010', 'card', 1180.0);
INSERT INTO orders (id, venue_id, number, status, total_amount, opened_at, closed_at, table_number)
VALUES ('8439bbbb-1689-2e4f-5e53-95ba648c633c', '00000000-0000-0000-0000-000000000010', '6161', 'paid', 0.0, '2026-01-17 15:48:49', '2026-01-17 15:48:49', '9');
INSERT INTO order_items (order_id, product_id, product_name, product_price, quantity)
VALUES ('8439bbbb-1689-2e4f-5e53-95ba648c633c', '82c55340-bd07-2a9a-a6cc-6ce377f958f2', 'product_148', 0.0, 1);
INSERT INTO order_items (order_id, product_id, product_name, product_price, quantity)
VALUES ('8439bbbb-1689-2e4f-5e53-95ba648c633c', '12dd0c72-4671-5cd8-b7da-98389426555c', 'product_228', 0.0, 1);
INSERT INTO orders (id, venue_id, number, status, total_amount, opened_at, closed_at, table_number)
VALUES ('1c197537-d7fd-a8ab-224c-34deca63d208', '00000000-0000-0000-0000-000000000010', '6159', 'paid', 0.0, '2026-01-16 22:41:23', '2026-01-16 22:41:23', '9');
INSERT INTO order_items (order_id, product_id, product_name, product_price, quantity)
VALUES ('1c197537-d7fd-a8ab-224c-34deca63d208', '1afe238c-a186-0e67-9e9d-d39b8c4abe8a', 'product_229', 0.0, 1);
INSERT INTO orders (id, venue_id, number, status, total_amount, opened_at, closed_at, table_number)
VALUES ('668dd73e-a7cb-e85c-dffa-fe3ee9918d05', '00000000-0000-0000-0000-000000000010', '6158', 'paid', 0.0, '2026-01-16 22:41:13', '2026-01-16 22:41:13', '9');
INSERT INTO order_items (order_id, product_id, product_name, product_price, quantity)
VALUES ('668dd73e-a7cb-e85c-dffa-fe3ee9918d05', '12dd0c72-4671-5cd8-b7da-98389426555c', 'product_228', 0.0, 1);
INSERT INTO order_items (order_id, product_id, product_name, product_price, quantity)
VALUES ('668dd73e-a7cb-e85c-dffa-fe3ee9918d05', '82c55340-bd07-2a9a-a6cc-6ce377f958f2', 'product_148', 0.0, 1);
INSERT INTO orders (id, venue_id, number, status, total_amount, opened_at, closed_at, table_number)
VALUES ('9e2cdeaf-803a-f3ac-57e8-ae475ee0c193', '00000000-0000-0000-0000-000000000010', '6157', 'paid', 3840.0, '2026-01-16 15:52:07', '2026-01-16 15:52:07', '1');
INSERT INTO order_items (order_id, product_id, product_name, product_price, quantity)
VALUES ('9e2cdeaf-803a-f3ac-57e8-ae475ee0c193', '6e00b5a0-6b62-d942-73e4-86982bcae389', 'product_21', 1370.0, 1);
INSERT INTO order_items (order_id, product_id, product_name, product_price, quantity)
VALUES ('9e2cdeaf-803a-f3ac-57e8-ae475ee0c193', 'c0fb869e-f434-07cb-f666-b9f7e55d4032', 'product_113', 770.0, 1);
INSERT INTO order_items (order_id, product_id, product_name, product_price, quantity)
VALUES ('9e2cdeaf-803a-f3ac-57e8-ae475ee0c193', '5f05b996-99f5-dfcb-e4b9-79078ca1f540', 'product_100', 460.0, 2);
INSERT INTO order_items (order_id, product_id, product_name, product_price, quantity)
VALUES ('9e2cdeaf-803a-f3ac-57e8-ae475ee0c193', '260b99e2-59bd-a3dc-c313-434aff0daf54', 'product_144', 190.0, 1);
INSERT INTO order_items (order_id, product_id, product_name, product_price, quantity)
VALUES ('9e2cdeaf-803a-f3ac-57e8-ae475ee0c193', '5c3938ac-271e-5674-37aa-116c20435202', 'product_234', 370.0, 1);
INSERT INTO order_items (order_id, product_id, product_name, product_price, quantity)
VALUES ('9e2cdeaf-803a-f3ac-57e8-ae475ee0c193', '81b3193a-f1f9-6ba6-5630-5c911f0c4a69', 'product_48', 220.0, 1);
INSERT INTO payments (order_id, venue_id, method, amount)
VALUES ('9e2cdeaf-803a-f3ac-57e8-ae475ee0c193', '00000000-0000-0000-0000-000000000010', 'card', 3840.0);
INSERT INTO orders (id, venue_id, number, status, total_amount, opened_at, closed_at, table_number)
VALUES ('9558064c-246c-4fe5-13b9-f67c1a7daf80', '00000000-0000-0000-0000-000000000010', '6156', 'paid', 0.0, '2026-01-15 22:55:38', '2026-01-15 22:55:38', '9');
INSERT INTO order_items (order_id, product_id, product_name, product_price, quantity)
VALUES ('9558064c-246c-4fe5-13b9-f67c1a7daf80', '1afe238c-a186-0e67-9e9d-d39b8c4abe8a', 'product_229', 0.0, 1);
INSERT INTO orders (id, venue_id, number, status, total_amount, opened_at, closed_at, table_number)
VALUES ('689c3491-adf6-1fe8-0333-baf23a52416f', '00000000-0000-0000-0000-000000000010', '6155', 'paid', 0.0, '2026-01-15 22:55:27', '2026-01-15 22:55:27', '9');
INSERT INTO order_items (order_id, product_id, product_name, product_price, quantity)
VALUES ('689c3491-adf6-1fe8-0333-baf23a52416f', '82c55340-bd07-2a9a-a6cc-6ce377f958f2', 'product_148', 0.0, 1);
INSERT INTO order_items (order_id, product_id, product_name, product_price, quantity)
VALUES ('689c3491-adf6-1fe8-0333-baf23a52416f', '82c55340-bd07-2a9a-a6cc-6ce377f958f2', 'product_148', 0.0, 1);
INSERT INTO order_items (order_id, product_id, product_name, product_price, quantity)
VALUES ('689c3491-adf6-1fe8-0333-baf23a52416f', '12dd0c72-4671-5cd8-b7da-98389426555c', 'product_228', 0.0, 1);
INSERT INTO orders (id, venue_id, number, status, total_amount, opened_at, closed_at, table_number)
VALUES ('97d08a49-bbd2-d372-ede0-ce591edac734', '00000000-0000-0000-0000-000000000010', '6151', 'paid', 2910.0, '2026-01-15 22:37:27', '2026-01-15 22:37:27', '10');
INSERT INTO order_items (order_id, product_id, product_name, product_price, quantity)
VALUES ('97d08a49-bbd2-d372-ede0-ce591edac734', '8d266d35-f6a4-b267-e097-564510f7f857', 'product_12', 270.0, 1);
INSERT INTO order_items (order_id, product_id, product_name, product_price, quantity)
VALUES ('97d08a49-bbd2-d372-ede0-ce591edac734', '2836be19-8d27-0aa1-68ed-3bbc6cf94fb8', 'product_13', 270.0, 1);
INSERT INTO order_items (order_id, product_id, product_name, product_price, quantity)
VALUES ('97d08a49-bbd2-d372-ede0-ce591edac734', '94d2bddc-c99f-2985-f8eb-9d8a4a995ad3', 'product_10', 300.0, 2);
INSERT INTO order_items (order_id, product_id, product_name, product_price, quantity)
VALUES ('97d08a49-bbd2-d372-ede0-ce591edac734', '58e4c43b-44e0-70ce-99e7-6b0093966f41', 'product_176', 320.0, 1);
INSERT INTO order_items (order_id, product_id, product_name, product_price, quantity)
VALUES ('97d08a49-bbd2-d372-ede0-ce591edac734', '021231f4-e9fa-ecbb-5f2a-ad1321ca42ea', 'product_59', 230.0, 2);
INSERT INTO order_items (order_id, product_id, product_name, product_price, quantity)
VALUES ('97d08a49-bbd2-d372-ede0-ce591edac734', '9d00fee6-5b1a-acb8-1114-e668525ce1a6', 'product_200', 330.0, 3);
INSERT INTO orders (id, venue_id, number, status, total_amount, opened_at, closed_at, table_number)
VALUES ('cee62554-b6e4-9c37-6c98-e48479486b85', '00000000-0000-0000-0000-000000000010', '6150', 'paid', 630.0, '2026-01-15 22:36:39', '2026-01-15 22:36:39', '11');
INSERT INTO order_items (order_id, product_id, product_name, product_price, quantity)
VALUES ('cee62554-b6e4-9c37-6c98-e48479486b85', '94d2bddc-c99f-2985-f8eb-9d8a4a995ad3', 'product_10', 300.0, 1);
INSERT INTO order_items (order_id, product_id, product_name, product_price, quantity)
VALUES ('cee62554-b6e4-9c37-6c98-e48479486b85', '9d00fee6-5b1a-acb8-1114-e668525ce1a6', 'product_200', 330.0, 1);
INSERT INTO order_items (order_id, product_id, product_name, product_price, quantity)
VALUES ('cee62554-b6e4-9c37-6c98-e48479486b85', '12dd0c72-4671-5cd8-b7da-98389426555c', 'product_228', 0.0, 1);
INSERT INTO orders (id, venue_id, number, status, total_amount, opened_at, closed_at, table_number)
VALUES ('d4218044-fc78-394e-f0c2-9818318a102e', '00000000-0000-0000-0000-000000000010', '6154', 'paid', 1440.0, '2026-01-15 22:17:37', '2026-01-15 22:17:37', '1');
INSERT INTO order_items (order_id, product_id, product_name, product_price, quantity)
VALUES ('d4218044-fc78-394e-f0c2-9818318a102e', '1a9038b5-12c1-4b41-756a-ce6d8bb0fac8', 'product_114', 670.0, 1);
INSERT INTO order_items (order_id, product_id, product_name, product_price, quantity)
VALUES ('d4218044-fc78-394e-f0c2-9818318a102e', 'c0fb869e-f434-07cb-f666-b9f7e55d4032', 'product_113', 770.0, 1);
INSERT INTO payments (order_id, venue_id, method, amount)
VALUES ('d4218044-fc78-394e-f0c2-9818318a102e', '00000000-0000-0000-0000-000000000010', 'card', 1440.0);
INSERT INTO orders (id, venue_id, number, status, total_amount, opened_at, closed_at, table_number)
VALUES ('75f519f5-5fb3-12dc-f0a0-9975df1e8727', '00000000-0000-0000-0000-000000000010', '6014', 'paid', 3750.0, '2026-01-15 18:45:03', '2026-01-15 18:45:03', '14');
INSERT INTO order_items (order_id, product_id, product_name, product_price, quantity)
VALUES ('75f519f5-5fb3-12dc-f0a0-9975df1e8727', '6e00b5a0-6b62-d942-73e4-86982bcae389', 'product_21', 1250.0, 1);
INSERT INTO order_items (order_id, product_id, product_name, product_price, quantity)
VALUES ('75f519f5-5fb3-12dc-f0a0-9975df1e8727', 'f5e07166-faf7-d429-5419-891577dc4984', 'product_180', 1450.0, 1);
INSERT INTO order_items (order_id, product_id, product_name, product_price, quantity)
VALUES ('75f519f5-5fb3-12dc-f0a0-9975df1e8727', '951f4bf6-be55-0e75-59a9-7e580a0d07c4', 'product_14', 600.0, 1);
INSERT INTO order_items (order_id, product_id, product_name, product_price, quantity)
VALUES ('75f519f5-5fb3-12dc-f0a0-9975df1e8727', 'a2b39819-292c-0b80-799d-c77d7020fc9d', 'product_34', 180.0, 1);
INSERT INTO order_items (order_id, product_id, product_name, product_price, quantity)
VALUES ('75f519f5-5fb3-12dc-f0a0-9975df1e8727', '021231f4-e9fa-ecbb-5f2a-ad1321ca42ea', 'product_59', 270.0, 1);
INSERT INTO orders (id, venue_id, number, status, total_amount, opened_at, closed_at, table_number)
VALUES ('fb2d7a38-e37e-ff82-b045-327fd7c6f21d', '00000000-0000-0000-0000-000000000010', '6153', 'paid', 1610.0, '2026-01-15 17:57:56', '2026-01-15 17:57:56', '1');
INSERT INTO order_items (order_id, product_id, product_name, product_price, quantity)
VALUES ('fb2d7a38-e37e-ff82-b045-327fd7c6f21d', '7f688518-4003-c783-7333-b947a8856b49', 'product_28', 470.0, 1);
INSERT INTO order_items (order_id, product_id, product_name, product_price, quantity)
VALUES ('fb2d7a38-e37e-ff82-b045-327fd7c6f21d', 'c0fb869e-f434-07cb-f666-b9f7e55d4032', 'product_113', 770.0, 1);
INSERT INTO order_items (order_id, product_id, product_name, product_price, quantity)
VALUES ('fb2d7a38-e37e-ff82-b045-327fd7c6f21d', '7a291d79-c795-0f76-118b-25d10a078238', 'product_191', 370.0, 1);
INSERT INTO payments (order_id, venue_id, method, amount)
VALUES ('fb2d7a38-e37e-ff82-b045-327fd7c6f21d', '00000000-0000-0000-0000-000000000010', 'card', 1610.0);
INSERT INTO orders (id, venue_id, number, status, total_amount, opened_at, closed_at, table_number)
VALUES ('5144f199-87b6-4231-23d5-83ad805f5384', '00000000-0000-0000-0000-000000000010', '6152', 'paid', 510.0, '2026-01-15 15:50:22', '2026-01-15 15:50:22', '1');
INSERT INTO order_items (order_id, product_id, product_name, product_price, quantity)
VALUES ('5144f199-87b6-4231-23d5-83ad805f5384', '0caff6fe-c574-8665-33ca-5f2cee71ebb2', 'product_35', 190.0, 1);
INSERT INTO order_items (order_id, product_id, product_name, product_price, quantity)
VALUES ('5144f199-87b6-4231-23d5-83ad805f5384', '58e4c43b-44e0-70ce-99e7-6b0093966f41', 'product_176', 320.0, 1);
INSERT INTO payments (order_id, venue_id, method, amount)
VALUES ('5144f199-87b6-4231-23d5-83ad805f5384', '00000000-0000-0000-0000-000000000010', 'card', 510.0);
INSERT INTO orders (id, venue_id, number, status, total_amount, opened_at, closed_at, table_number)
VALUES ('9ca84df7-897f-3a74-ccd2-d912a8c606ab', '00000000-0000-0000-0000-000000000010', '6148', 'paid', 1630.0, '2026-01-14 22:08:12', '2026-01-14 22:08:12', '11');
INSERT INTO order_items (order_id, product_id, product_name, product_price, quantity)
VALUES ('9ca84df7-897f-3a74-ccd2-d912a8c606ab', '951f4bf6-be55-0e75-59a9-7e580a0d07c4', 'product_14', 640.0, 1);
INSERT INTO order_items (order_id, product_id, product_name, product_price, quantity)
VALUES ('9ca84df7-897f-3a74-ccd2-d912a8c606ab', 'e81dc667-2a7e-c5f0-b886-e7a3451b0fd2', 'product_219', 570.0, 1);
INSERT INTO order_items (order_id, product_id, product_name, product_price, quantity)
VALUES ('9ca84df7-897f-3a74-ccd2-d912a8c606ab', '260b99e2-59bd-a3dc-c313-434aff0daf54', 'product_144', 190.0, 1);
INSERT INTO order_items (order_id, product_id, product_name, product_price, quantity)
VALUES ('9ca84df7-897f-3a74-ccd2-d912a8c606ab', '021231f4-e9fa-ecbb-5f2a-ad1321ca42ea', 'product_59', 230.0, 1);
INSERT INTO payments (order_id, venue_id, method, amount)
VALUES ('9ca84df7-897f-3a74-ccd2-d912a8c606ab', '00000000-0000-0000-0000-000000000010', 'card', 1630.0);
INSERT INTO orders (id, venue_id, number, status, total_amount, opened_at, closed_at, table_number)
VALUES ('67630ae7-0671-02d5-78b8-ea05e4590cb1', '00000000-0000-0000-0000-000000000010', '6147', 'paid', 370.0, '2026-01-14 20:38:51', '2026-01-14 20:38:51', '1');
INSERT INTO order_items (order_id, product_id, product_name, product_price, quantity)
VALUES ('67630ae7-0671-02d5-78b8-ea05e4590cb1', '5c3938ac-271e-5674-37aa-116c20435202', 'product_234', 370.0, 1);
INSERT INTO payments (order_id, venue_id, method, amount)
VALUES ('67630ae7-0671-02d5-78b8-ea05e4590cb1', '00000000-0000-0000-0000-000000000010', 'cash', 370.0);
INSERT INTO orders (id, venue_id, number, status, total_amount, opened_at, closed_at, table_number)
VALUES ('c31a9f96-3a6b-69ef-9f97-3fdeb7c8997b', '00000000-0000-0000-0000-000000000010', '6149', 'paid', 0.0, '2026-01-14 20:16:40', '2026-01-14 20:16:40', '9');
INSERT INTO order_items (order_id, product_id, product_name, product_price, quantity)
VALUES ('c31a9f96-3a6b-69ef-9f97-3fdeb7c8997b', '12dd0c72-4671-5cd8-b7da-98389426555c', 'product_228', 0.0, 1);
INSERT INTO orders (id, venue_id, number, status, total_amount, opened_at, closed_at, table_number)
VALUES ('ad21b260-c415-8900-ec0e-361303aba079', '00000000-0000-0000-0000-000000000010', '6146', 'paid', 0.0, '2026-01-14 18:34:14', '2026-01-14 18:34:14', '9');
INSERT INTO order_items (order_id, product_id, product_name, product_price, quantity)
VALUES ('ad21b260-c415-8900-ec0e-361303aba079', '82c55340-bd07-2a9a-a6cc-6ce377f958f2', 'product_148', 0.0, 1);
INSERT INTO orders (id, venue_id, number, status, total_amount, opened_at, closed_at, table_number)
VALUES ('0492249c-a959-7c6c-84e9-c83994e26250', '00000000-0000-0000-0000-000000000010', '6145', 'paid', 0.0, '2026-01-14 18:34:01', '2026-01-14 18:34:01', '9');
INSERT INTO order_items (order_id, product_id, product_name, product_price, quantity)
VALUES ('0492249c-a959-7c6c-84e9-c83994e26250', '1afe238c-a186-0e67-9e9d-d39b8c4abe8a', 'product_229', 0.0, 1);
INSERT INTO order_items (order_id, product_id, product_name, product_price, quantity)
VALUES ('0492249c-a959-7c6c-84e9-c83994e26250', '12dd0c72-4671-5cd8-b7da-98389426555c', 'product_228', 0.0, 1);
INSERT INTO orders (id, venue_id, number, status, total_amount, opened_at, closed_at, table_number)
VALUES ('6fe85ad7-bc53-328b-4906-ad05117c0ef1', '00000000-0000-0000-0000-000000000010', '6144', 'paid', 3110.0, '2026-01-14 18:32:41', '2026-01-14 18:32:41', '1');
INSERT INTO order_items (order_id, product_id, product_name, product_price, quantity)
VALUES ('6fe85ad7-bc53-328b-4906-ad05117c0ef1', '6e00b5a0-6b62-d942-73e4-86982bcae389', 'product_21', 1370.0, 2);
INSERT INTO order_items (order_id, product_id, product_name, product_price, quantity)
VALUES ('6fe85ad7-bc53-328b-4906-ad05117c0ef1', '09d404dd-f87b-b319-4eda-9ce7c697868d', 'product_32', 370.0, 1);
INSERT INTO payments (order_id, venue_id, method, amount)
VALUES ('6fe85ad7-bc53-328b-4906-ad05117c0ef1', '00000000-0000-0000-0000-000000000010', 'cash', 3110.0);
INSERT INTO orders (id, venue_id, number, status, total_amount, opened_at, closed_at, table_number)
VALUES ('47c74cbd-60a7-df26-329a-a75ebb9d9284', '00000000-0000-0000-0000-000000000010', '6142', 'paid', 460.0, '2026-01-14 17:27:40', '2026-01-14 17:27:40', '2');
INSERT INTO order_items (order_id, product_id, product_name, product_price, quantity)
VALUES ('47c74cbd-60a7-df26-329a-a75ebb9d9284', 'b9bdca4d-a423-6c36-2351-10cf52ff0eec', 'product_230', 0.0, 1);
INSERT INTO order_items (order_id, product_id, product_name, product_price, quantity)
VALUES ('47c74cbd-60a7-df26-329a-a75ebb9d9284', '8d266d35-f6a4-b267-e097-564510f7f857', 'product_12', 270.0, 1);
INSERT INTO order_items (order_id, product_id, product_name, product_price, quantity)
VALUES ('47c74cbd-60a7-df26-329a-a75ebb9d9284', '0caff6fe-c574-8665-33ca-5f2cee71ebb2', 'product_35', 190.0, 1);
INSERT INTO orders (id, venue_id, number, status, total_amount, opened_at, closed_at, table_number)
VALUES ('13d1942b-76c2-4005-539a-cf207a402e7c', '00000000-0000-0000-0000-000000000010', '6141', 'paid', 2010.0, '2026-01-14 17:27:34', '2026-01-14 17:27:34', '1');
INSERT INTO order_items (order_id, product_id, product_name, product_price, quantity)
VALUES ('13d1942b-76c2-4005-539a-cf207a402e7c', '94d2bddc-c99f-2985-f8eb-9d8a4a995ad3', 'product_10', 300.0, 1);
INSERT INTO order_items (order_id, product_id, product_name, product_price, quantity)
VALUES ('13d1942b-76c2-4005-539a-cf207a402e7c', 'b9bdca4d-a423-6c36-2351-10cf52ff0eec', 'product_230', 0.0, 2);
INSERT INTO order_items (order_id, product_id, product_name, product_price, quantity)
VALUES ('13d1942b-76c2-4005-539a-cf207a402e7c', '2836be19-8d27-0aa1-68ed-3bbc6cf94fb8', 'product_13', 270.0, 1);
INSERT INTO order_items (order_id, product_id, product_name, product_price, quantity)
VALUES ('13d1942b-76c2-4005-539a-cf207a402e7c', '497d0040-b877-bebf-95b7-582bf7a5e783', 'product_174', 250.0, 1);
INSERT INTO order_items (order_id, product_id, product_name, product_price, quantity)
VALUES ('13d1942b-76c2-4005-539a-cf207a402e7c', '021231f4-e9fa-ecbb-5f2a-ad1321ca42ea', 'product_59', 230.0, 2);
INSERT INTO order_items (order_id, product_id, product_name, product_price, quantity)
VALUES ('13d1942b-76c2-4005-539a-cf207a402e7c', 'd46f67a1-e1dd-e079-0b5c-329f6422c4d4', 'product_60', 280.0, 1);
INSERT INTO order_items (order_id, product_id, product_name, product_price, quantity)
VALUES ('13d1942b-76c2-4005-539a-cf207a402e7c', '0caff6fe-c574-8665-33ca-5f2cee71ebb2', 'product_35', 190.0, 1);
INSERT INTO order_items (order_id, product_id, product_name, product_price, quantity)
VALUES ('13d1942b-76c2-4005-539a-cf207a402e7c', '338bdc4d-fbd5-43ad-a7a7-3951ceca3a16', 'product_97', 260.0, 1);
INSERT INTO orders (id, venue_id, number, status, total_amount, opened_at, closed_at, table_number)
VALUES ('fb6aca93-cb0d-e6f8-8c39-5f214d20aefd', '00000000-0000-0000-0000-000000000010', '6143', 'paid', 630.0, '2026-01-14 17:27:30', '2026-01-14 17:27:30', '11');
INSERT INTO order_items (order_id, product_id, product_name, product_price, quantity)
VALUES ('fb6aca93-cb0d-e6f8-8c39-5f214d20aefd', '9d00fee6-5b1a-acb8-1114-e668525ce1a6', 'product_200', 330.0, 1);
INSERT INTO order_items (order_id, product_id, product_name, product_price, quantity)
VALUES ('fb6aca93-cb0d-e6f8-8c39-5f214d20aefd', '94d2bddc-c99f-2985-f8eb-9d8a4a995ad3', 'product_10', 300.0, 1);
INSERT INTO orders (id, venue_id, number, status, total_amount, opened_at, closed_at, table_number)
VALUES ('e464c698-c8c2-869a-511e-68a0b6e1374c', '00000000-0000-0000-0000-000000000010', '6129', 'paid', 4050.0, '2026-01-14 11:09:09', '2026-01-14 11:09:09', '12');
INSERT INTO order_items (order_id, product_id, product_name, product_price, quantity)
VALUES ('e464c698-c8c2-869a-511e-68a0b6e1374c', 'badf5f45-b516-78fa-fbe7-ff32ed526953', 'product_226', 700.0, 1);
INSERT INTO order_items (order_id, product_id, product_name, product_price, quantity)
VALUES ('e464c698-c8c2-869a-511e-68a0b6e1374c', 'c0fb869e-f434-07cb-f666-b9f7e55d4032', 'product_113', 750.0, 1);
INSERT INTO order_items (order_id, product_id, product_name, product_price, quantity)
VALUES ('e464c698-c8c2-869a-511e-68a0b6e1374c', '951f4bf6-be55-0e75-59a9-7e580a0d07c4', 'product_14', 600.0, 1);
INSERT INTO order_items (order_id, product_id, product_name, product_price, quantity)
VALUES ('e464c698-c8c2-869a-511e-68a0b6e1374c', '09d404dd-f87b-b319-4eda-9ce7c697868d', 'product_32', 350.0, 1);
INSERT INTO order_items (order_id, product_id, product_name, product_price, quantity)
VALUES ('e464c698-c8c2-869a-511e-68a0b6e1374c', '7ddbed72-7deb-5ee4-0634-41d52192bad1', 'product_23', 1650.0, 1);
INSERT INTO payments (order_id, venue_id, method, amount)
VALUES ('e464c698-c8c2-869a-511e-68a0b6e1374c', '00000000-0000-0000-0000-000000000010', 'card', 4050.0);
INSERT INTO orders (id, venue_id, number, status, total_amount, opened_at, closed_at, table_number)
VALUES ('0740e78a-36fc-a2f4-e70c-50da6e5e8141', '00000000-0000-0000-0000-000000000010', '6139', 'paid', 850.0, '2026-01-13 20:30:26', '2026-01-13 20:30:26', '10');
INSERT INTO order_items (order_id, product_id, product_name, product_price, quantity)
VALUES ('0740e78a-36fc-a2f4-e70c-50da6e5e8141', '94d2bddc-c99f-2985-f8eb-9d8a4a995ad3', 'product_10', 300.0, 1);
INSERT INTO order_items (order_id, product_id, product_name, product_price, quantity)
VALUES ('0740e78a-36fc-a2f4-e70c-50da6e5e8141', '8b7920ef-e954-d760-2a69-99cafc830c2e', 'product_171', 270.0, 1);
INSERT INTO order_items (order_id, product_id, product_name, product_price, quantity)
VALUES ('0740e78a-36fc-a2f4-e70c-50da6e5e8141', 'd46f67a1-e1dd-e079-0b5c-329f6422c4d4', 'product_60', 280.0, 1);
INSERT INTO payments (order_id, venue_id, method, amount)
VALUES ('0740e78a-36fc-a2f4-e70c-50da6e5e8141', '00000000-0000-0000-0000-000000000010', 'card', 850.0);
INSERT INTO orders (id, venue_id, number, status, total_amount, opened_at, closed_at, table_number)
VALUES ('7cfcf658-ee64-27a6-85b8-46e739e46e88', '00000000-0000-0000-0000-000000000010', '6140', 'paid', 570.0, '2026-01-13 19:29:53', '2026-01-13 19:29:53', '13');
INSERT INTO order_items (order_id, product_id, product_name, product_price, quantity)
VALUES ('7cfcf658-ee64-27a6-85b8-46e739e46e88', '12dd0c72-4671-5cd8-b7da-98389426555c', 'product_228', 0.0, 1);
INSERT INTO order_items (order_id, product_id, product_name, product_price, quantity)
VALUES ('7cfcf658-ee64-27a6-85b8-46e739e46e88', '260b99e2-59bd-a3dc-c313-434aff0daf54', 'product_144', 190.0, 3);
INSERT INTO payments (order_id, venue_id, method, amount)
VALUES ('7cfcf658-ee64-27a6-85b8-46e739e46e88', '00000000-0000-0000-0000-000000000010', 'card', 570.0);
INSERT INTO orders (id, venue_id, number, status, total_amount, opened_at, closed_at, table_number)
VALUES ('52be5164-d063-069a-935f-92095b306e78', '00000000-0000-0000-0000-000000000010', '6138', 'paid', 6400.0, '2026-01-13 18:31:41', '2026-01-13 18:31:41', '13');
INSERT INTO order_items (order_id, product_id, product_name, product_price, quantity)
VALUES ('52be5164-d063-069a-935f-92095b306e78', 'f35a1ebf-94b4-c196-4fdb-5698a8e21330', 'product_170', 820.0, 1);
INSERT INTO order_items (order_id, product_id, product_name, product_price, quantity)
VALUES ('52be5164-d063-069a-935f-92095b306e78', 'e81dc667-2a7e-c5f0-b886-e7a3451b0fd2', 'product_219', 570.0, 2);
INSERT INTO order_items (order_id, product_id, product_name, product_price, quantity)
VALUES ('52be5164-d063-069a-935f-92095b306e78', 'c0fb869e-f434-07cb-f666-b9f7e55d4032', 'product_113', 770.0, 1);
INSERT INTO order_items (order_id, product_id, product_name, product_price, quantity)
VALUES ('52be5164-d063-069a-935f-92095b306e78', '1a9038b5-12c1-4b41-756a-ce6d8bb0fac8', 'product_114', 670.0, 1);
INSERT INTO order_items (order_id, product_id, product_name, product_price, quantity)
VALUES ('52be5164-d063-069a-935f-92095b306e78', '6e00b5a0-6b62-d942-73e4-86982bcae389', 'product_21', 1370.0, 1);
INSERT INTO order_items (order_id, product_id, product_name, product_price, quantity)
VALUES ('52be5164-d063-069a-935f-92095b306e78', '5f05b996-99f5-dfcb-e4b9-79078ca1f540', 'product_100', 460.0, 1);
INSERT INTO order_items (order_id, product_id, product_name, product_price, quantity)
VALUES ('52be5164-d063-069a-935f-92095b306e78', '260b99e2-59bd-a3dc-c313-434aff0daf54', 'product_144', 190.0, 5);
INSERT INTO order_items (order_id, product_id, product_name, product_price, quantity)
VALUES ('52be5164-d063-069a-935f-92095b306e78', '81b3193a-f1f9-6ba6-5630-5c911f0c4a69', 'product_48', 220.0, 1);
INSERT INTO payments (order_id, venue_id, method, amount)
VALUES ('52be5164-d063-069a-935f-92095b306e78', '00000000-0000-0000-0000-000000000010', 'card', 6400.0);
INSERT INTO orders (id, venue_id, number, status, total_amount, opened_at, closed_at, table_number)
VALUES ('ef47cbd8-c6de-2af5-a808-0da4fd4794ce', '00000000-0000-0000-0000-000000000010', '6133', 'paid', 2560.0, '2026-01-13 17:19:25', '2026-01-13 17:19:25', '1');
INSERT INTO order_items (order_id, product_id, product_name, product_price, quantity)
VALUES ('ef47cbd8-c6de-2af5-a808-0da4fd4794ce', '0f7cfc79-3a3f-41ac-1aa4-b27431de9236', 'product_29', 620.0, 2);
INSERT INTO order_items (order_id, product_id, product_name, product_price, quantity)
VALUES ('ef47cbd8-c6de-2af5-a808-0da4fd4794ce', '09d404dd-f87b-b319-4eda-9ce7c697868d', 'product_32', 370.0, 1);
INSERT INTO order_items (order_id, product_id, product_name, product_price, quantity)
VALUES ('ef47cbd8-c6de-2af5-a808-0da4fd4794ce', '6599a59a-6cf7-70c9-0971-07a0078ce7cf', 'product_128', 380.0, 2);
INSERT INTO order_items (order_id, product_id, product_name, product_price, quantity)
VALUES ('ef47cbd8-c6de-2af5-a808-0da4fd4794ce', '0caff6fe-c574-8665-33ca-5f2cee71ebb2', 'product_35', 190.0, 1);
INSERT INTO payments (order_id, venue_id, method, amount)
VALUES ('ef47cbd8-c6de-2af5-a808-0da4fd4794ce', '00000000-0000-0000-0000-000000000010', 'card', 2560.0);
INSERT INTO orders (id, venue_id, number, status, total_amount, opened_at, closed_at, table_number)
VALUES ('c2a5032e-6180-05cb-e1eb-db09c49898b2', '00000000-0000-0000-0000-000000000010', '6134', 'paid', 760.0, '2026-01-13 15:25:03', '2026-01-13 15:25:03', '2');
INSERT INTO order_items (order_id, product_id, product_name, product_price, quantity)
VALUES ('c2a5032e-6180-05cb-e1eb-db09c49898b2', 'e81dc667-2a7e-c5f0-b886-e7a3451b0fd2', 'product_219', 570.0, 1);
INSERT INTO order_items (order_id, product_id, product_name, product_price, quantity)
VALUES ('c2a5032e-6180-05cb-e1eb-db09c49898b2', '260b99e2-59bd-a3dc-c313-434aff0daf54', 'product_144', 190.0, 1);
INSERT INTO payments (order_id, venue_id, method, amount)
VALUES ('c2a5032e-6180-05cb-e1eb-db09c49898b2', '00000000-0000-0000-0000-000000000010', 'card', 760.0);
INSERT INTO orders (id, venue_id, number, status, total_amount, opened_at, closed_at, table_number)
VALUES ('91bf193c-0b7e-0f36-f56b-f083ef7db9b6', '00000000-0000-0000-0000-000000000010', '6137', 'paid', 0.0, '2026-01-13 14:55:49', '2026-01-13 14:55:49', '9');
INSERT INTO order_items (order_id, product_id, product_name, product_price, quantity)
VALUES ('91bf193c-0b7e-0f36-f56b-f083ef7db9b6', '12dd0c72-4671-5cd8-b7da-98389426555c', 'product_228', 0.0, 1);
INSERT INTO order_items (order_id, product_id, product_name, product_price, quantity)
VALUES ('91bf193c-0b7e-0f36-f56b-f083ef7db9b6', '82c55340-bd07-2a9a-a6cc-6ce377f958f2', 'product_148', 0.0, 1);
INSERT INTO orders (id, venue_id, number, status, total_amount, opened_at, closed_at, table_number)
VALUES ('dad213aa-d469-8a79-196c-27cffbe8de85', '00000000-0000-0000-0000-000000000010', '6136', 'paid', 0.0, '2026-01-13 14:55:27', '2026-01-13 14:55:27', '9');
INSERT INTO order_items (order_id, product_id, product_name, product_price, quantity)
VALUES ('dad213aa-d469-8a79-196c-27cffbe8de85', '82c55340-bd07-2a9a-a6cc-6ce377f958f2', 'product_148', 0.0, 1);
INSERT INTO order_items (order_id, product_id, product_name, product_price, quantity)
VALUES ('dad213aa-d469-8a79-196c-27cffbe8de85', '12dd0c72-4671-5cd8-b7da-98389426555c', 'product_228', 0.0, 1);
INSERT INTO orders (id, venue_id, number, status, total_amount, opened_at, closed_at, table_number)
VALUES ('841803ef-aeb1-8b48-1e5b-02741d43d6a3', '00000000-0000-0000-0000-000000000010', '6135', 'paid', 0.0, '2026-01-13 14:54:55', '2026-01-13 14:54:55', '9');
INSERT INTO order_items (order_id, product_id, product_name, product_price, quantity)
VALUES ('841803ef-aeb1-8b48-1e5b-02741d43d6a3', '1afe238c-a186-0e67-9e9d-d39b8c4abe8a', 'product_229', 0.0, 1);
INSERT INTO orders (id, venue_id, number, status, total_amount, opened_at, closed_at, table_number)
VALUES ('8c6ce7d6-18a2-5083-07a9-22a81ab56ef7', '00000000-0000-0000-0000-000000000010', '6132', 'paid', 810.0, '2026-01-13 13:11:51', '2026-01-13 13:11:51', '10');
INSERT INTO order_items (order_id, product_id, product_name, product_price, quantity)
VALUES ('8c6ce7d6-18a2-5083-07a9-22a81ab56ef7', 'b9bdca4d-a423-6c36-2351-10cf52ff0eec', 'product_230', 0.0, 2);
INSERT INTO order_items (order_id, product_id, product_name, product_price, quantity)
VALUES ('8c6ce7d6-18a2-5083-07a9-22a81ab56ef7', '94d2bddc-c99f-2985-f8eb-9d8a4a995ad3', 'product_10', 300.0, 1);
INSERT INTO order_items (order_id, product_id, product_name, product_price, quantity)
VALUES ('8c6ce7d6-18a2-5083-07a9-22a81ab56ef7', 'd46f67a1-e1dd-e079-0b5c-329f6422c4d4', 'product_60', 280.0, 1);
INSERT INTO order_items (order_id, product_id, product_name, product_price, quantity)
VALUES ('8c6ce7d6-18a2-5083-07a9-22a81ab56ef7', '021231f4-e9fa-ecbb-5f2a-ad1321ca42ea', 'product_59', 230.0, 1);
INSERT INTO orders (id, venue_id, number, status, total_amount, opened_at, closed_at, table_number)
VALUES ('de26e0c2-2f5f-53e0-aebf-a494de25b219', '00000000-0000-0000-0000-000000000010', '6131', 'paid', 180.0, '2026-01-12 18:36:17', '2026-01-12 18:36:17', '2');
INSERT INTO order_items (order_id, product_id, product_name, product_price, quantity)
VALUES ('de26e0c2-2f5f-53e0-aebf-a494de25b219', '0caff6fe-c574-8665-33ca-5f2cee71ebb2', 'product_35', 180.0, 1);
INSERT INTO payments (order_id, venue_id, method, amount)
VALUES ('de26e0c2-2f5f-53e0-aebf-a494de25b219', '00000000-0000-0000-0000-000000000010', 'card', 180.0);
INSERT INTO orders (id, venue_id, number, status, total_amount, opened_at, closed_at, table_number)
VALUES ('0a14ebdc-ef39-967a-bbbd-25f76a34f363', '00000000-0000-0000-0000-000000000010', '6130', 'paid', 0.0, '2026-01-12 15:46:45', '2026-01-12 15:46:45', '9');
INSERT INTO order_items (order_id, product_id, product_name, product_price, quantity)
VALUES ('0a14ebdc-ef39-967a-bbbd-25f76a34f363', '1afe238c-a186-0e67-9e9d-d39b8c4abe8a', 'product_229', 0.0, 1);
INSERT INTO orders (id, venue_id, number, status, total_amount, opened_at, closed_at, table_number)
VALUES ('d585743e-c494-43b0-199f-e6d25ba4fff0', '00000000-0000-0000-0000-000000000010', '6127', 'paid', 600.0, '2026-01-12 15:46:32', '2026-01-12 15:46:32', '10');
INSERT INTO order_items (order_id, product_id, product_name, product_price, quantity)
VALUES ('d585743e-c494-43b0-199f-e6d25ba4fff0', '77b14698-bdde-f921-4fa2-e5932aec413d', 'product_231', 0.0, 1);
INSERT INTO order_items (order_id, product_id, product_name, product_price, quantity)
VALUES ('d585743e-c494-43b0-199f-e6d25ba4fff0', 'b9bdca4d-a423-6c36-2351-10cf52ff0eec', 'product_230', 0.0, 1);
INSERT INTO order_items (order_id, product_id, product_name, product_price, quantity)
VALUES ('d585743e-c494-43b0-199f-e6d25ba4fff0', '9d00fee6-5b1a-acb8-1114-e668525ce1a6', 'product_200', 300.0, 2);
INSERT INTO orders (id, venue_id, number, status, total_amount, opened_at, closed_at, table_number)
VALUES ('fc5a789a-f44f-665a-99e3-fcc844b1c990', '00000000-0000-0000-0000-000000000010', '6128', 'paid', 540.0, '2026-01-12 14:00:17', '2026-01-12 14:00:17', '11');
INSERT INTO order_items (order_id, product_id, product_name, product_price, quantity)
VALUES ('fc5a789a-f44f-665a-99e3-fcc844b1c990', 'd46f67a1-e1dd-e079-0b5c-329f6422c4d4', 'product_60', 270.0, 1);
INSERT INTO order_items (order_id, product_id, product_name, product_price, quantity)
VALUES ('fc5a789a-f44f-665a-99e3-fcc844b1c990', '021231f4-e9fa-ecbb-5f2a-ad1321ca42ea', 'product_59', 270.0, 1);
INSERT INTO payments (order_id, venue_id, method, amount)
VALUES ('fc5a789a-f44f-665a-99e3-fcc844b1c990', '00000000-0000-0000-0000-000000000010', 'card', 540.0);
INSERT INTO orders (id, venue_id, number, status, total_amount, opened_at, closed_at, table_number)
VALUES ('20f66519-b38f-1295-a41c-9bf1d740bd87', '00000000-0000-0000-0000-000000000010', '6126', 'paid', 350.0, '2026-01-11 22:49:27', '2026-01-11 22:49:27', '10');
INSERT INTO order_items (order_id, product_id, product_name, product_price, quantity)
VALUES ('20f66519-b38f-1295-a41c-9bf1d740bd87', '5c3938ac-271e-5674-37aa-116c20435202', 'product_234', 350.0, 1);
INSERT INTO payments (order_id, venue_id, method, amount)
VALUES ('20f66519-b38f-1295-a41c-9bf1d740bd87', '00000000-0000-0000-0000-000000000010', 'card', 402.0);
INSERT INTO orders (id, venue_id, number, status, total_amount, opened_at, closed_at, table_number)
VALUES ('b402a50d-45a9-7277-36e6-76fd9a70eeab', '00000000-0000-0000-0000-000000000010', '6125', 'paid', 950.0, '2026-01-11 20:44:38', '2026-01-11 20:44:38', '2');
INSERT INTO order_items (order_id, product_id, product_name, product_price, quantity)
VALUES ('b402a50d-45a9-7277-36e6-76fd9a70eeab', '5c3938ac-271e-5674-37aa-116c20435202', 'product_234', 350.0, 1);
INSERT INTO order_items (order_id, product_id, product_name, product_price, quantity)
VALUES ('b402a50d-45a9-7277-36e6-76fd9a70eeab', '9a06fa1f-d2b5-1b6f-d6c5-37c2ffa3adfd', 'product_168', 600.0, 1);
INSERT INTO payments (order_id, venue_id, method, amount)
VALUES ('b402a50d-45a9-7277-36e6-76fd9a70eeab', '00000000-0000-0000-0000-000000000010', 'card', 1092.0);
INSERT INTO orders (id, venue_id, number, status, total_amount, opened_at, closed_at, table_number)
VALUES ('036938fa-7a2c-1ed7-1d0b-825689ffd7d0', '00000000-0000-0000-0000-000000000010', '6124', 'paid', 0.0, '2026-01-11 19:53:31', '2026-01-11 19:53:31', '9');
INSERT INTO order_items (order_id, product_id, product_name, product_price, quantity)
VALUES ('036938fa-7a2c-1ed7-1d0b-825689ffd7d0', '12dd0c72-4671-5cd8-b7da-98389426555c', 'product_228', 0.0, 1);
INSERT INTO order_items (order_id, product_id, product_name, product_price, quantity)
VALUES ('036938fa-7a2c-1ed7-1d0b-825689ffd7d0', '82c55340-bd07-2a9a-a6cc-6ce377f958f2', 'product_148', 0.0, 1);
INSERT INTO orders (id, venue_id, number, status, total_amount, opened_at, closed_at, table_number)
VALUES ('bc31169c-47a1-3db9-9212-4b869283823c', '00000000-0000-0000-0000-000000000010', '6123', 'paid', 2710.0, '2026-01-11 19:18:02', '2026-01-11 19:18:02', '1');
INSERT INTO order_items (order_id, product_id, product_name, product_price, quantity)
VALUES ('bc31169c-47a1-3db9-9212-4b869283823c', '5c3938ac-271e-5674-37aa-116c20435202', 'product_234', 350.0, 1);
INSERT INTO order_items (order_id, product_id, product_name, product_price, quantity)
VALUES ('bc31169c-47a1-3db9-9212-4b869283823c', 'c0fb869e-f434-07cb-f666-b9f7e55d4032', 'product_113', 750.0, 2);
INSERT INTO order_items (order_id, product_id, product_name, product_price, quantity)
VALUES ('bc31169c-47a1-3db9-9212-4b869283823c', '260b99e2-59bd-a3dc-c313-434aff0daf54', 'product_144', 180.0, 2);
INSERT INTO order_items (order_id, product_id, product_name, product_price, quantity)
VALUES ('bc31169c-47a1-3db9-9212-4b869283823c', '8b7920ef-e954-d760-2a69-99cafc830c2e', 'product_171', 250.0, 2);
INSERT INTO payments (order_id, venue_id, method, amount)
VALUES ('bc31169c-47a1-3db9-9212-4b869283823c', '00000000-0000-0000-0000-000000000010', 'cash', 3116.0);
INSERT INTO orders (id, venue_id, number, status, total_amount, opened_at, closed_at, table_number)
VALUES ('7ac827c6-f35d-97b3-48bc-18ac65d9648b', '00000000-0000-0000-0000-000000000010', '6122', 'paid', 350.0, '2026-01-11 16:36:38', '2026-01-11 16:36:38', '1');
INSERT INTO order_items (order_id, product_id, product_name, product_price, quantity)
VALUES ('7ac827c6-f35d-97b3-48bc-18ac65d9648b', '09d404dd-f87b-b319-4eda-9ce7c697868d', 'product_32', 350.0, 1);
INSERT INTO payments (order_id, venue_id, method, amount)
VALUES ('7ac827c6-f35d-97b3-48bc-18ac65d9648b', '00000000-0000-0000-0000-000000000010', 'cash', 402.0);
INSERT INTO orders (id, venue_id, number, status, total_amount, opened_at, closed_at, table_number)
VALUES ('2be28021-4d8b-66bd-b15e-8a84195b824f', '00000000-0000-0000-0000-000000000010', '6121', 'paid', 0.0, '2026-01-11 14:38:34', '2026-01-11 14:38:34', '9');
INSERT INTO order_items (order_id, product_id, product_name, product_price, quantity)
VALUES ('2be28021-4d8b-66bd-b15e-8a84195b824f', '1afe238c-a186-0e67-9e9d-d39b8c4abe8a', 'product_229', 0.0, 1);
INSERT INTO orders (id, venue_id, number, status, total_amount, opened_at, closed_at, table_number)
VALUES ('a1a37a68-7bb3-bb26-0188-290a4d62731c', '00000000-0000-0000-0000-000000000010', '6120', 'paid', 180.0, '2026-01-11 14:27:32', '2026-01-11 14:27:32', '1');
INSERT INTO order_items (order_id, product_id, product_name, product_price, quantity)
VALUES ('a1a37a68-7bb3-bb26-0188-290a4d62731c', 'a2b39819-292c-0b80-799d-c77d7020fc9d', 'product_34', 180.0, 1);
INSERT INTO payments (order_id, venue_id, method, amount)
VALUES ('a1a37a68-7bb3-bb26-0188-290a4d62731c', '00000000-0000-0000-0000-000000000010', 'card', 180.0);
INSERT INTO orders (id, venue_id, number, status, total_amount, opened_at, closed_at, table_number)
VALUES ('887ff690-dca6-f80d-4e36-c2d82a70410f', '00000000-0000-0000-0000-000000000010', '6119', 'paid', 800.0, '2026-01-11 14:25:16', '2026-01-11 14:25:16', '11');
INSERT INTO order_items (order_id, product_id, product_name, product_price, quantity)
VALUES ('887ff690-dca6-f80d-4e36-c2d82a70410f', '1d55740b-7a2f-ce7c-d33a-454fb2de27dc', 'product_155', 400.0, 2);
INSERT INTO payments (order_id, venue_id, method, amount)
VALUES ('887ff690-dca6-f80d-4e36-c2d82a70410f', '00000000-0000-0000-0000-000000000010', 'card', 800.0);
INSERT INTO orders (id, venue_id, number, status, total_amount, opened_at, closed_at, table_number)
VALUES ('a83a7e69-9cab-515a-c73e-91ca5556e5fa', '00000000-0000-0000-0000-000000000010', '6118', 'paid', 790.0, '2026-01-11 13:28:32', '2026-01-11 13:28:32', '1');
INSERT INTO order_items (order_id, product_id, product_name, product_price, quantity)
VALUES ('a83a7e69-9cab-515a-c73e-91ca5556e5fa', '021231f4-e9fa-ecbb-5f2a-ad1321ca42ea', 'product_59', 270.0, 2);
INSERT INTO order_items (order_id, product_id, product_name, product_price, quantity)
VALUES ('a83a7e69-9cab-515a-c73e-91ca5556e5fa', '338bdc4d-fbd5-43ad-a7a7-3951ceca3a16', 'product_97', 250.0, 1);
INSERT INTO payments (order_id, venue_id, method, amount)
VALUES ('a83a7e69-9cab-515a-c73e-91ca5556e5fa', '00000000-0000-0000-0000-000000000010', 'card', 790.0);
INSERT INTO orders (id, venue_id, number, status, total_amount, opened_at, closed_at, table_number)
VALUES ('fe1a6a3d-24aa-e7b0-f15b-90426755dcfb', '00000000-0000-0000-0000-000000000010', '6117', 'paid', 760.0, '2026-01-11 13:18:44', '2026-01-11 13:18:44', '11');
INSERT INTO order_items (order_id, product_id, product_name, product_price, quantity)
VALUES ('fe1a6a3d-24aa-e7b0-f15b-90426755dcfb', '6599a59a-6cf7-70c9-0971-07a0078ce7cf', 'product_128', 360.0, 1);
INSERT INTO order_items (order_id, product_id, product_name, product_price, quantity)
VALUES ('fe1a6a3d-24aa-e7b0-f15b-90426755dcfb', '1d55740b-7a2f-ce7c-d33a-454fb2de27dc', 'product_155', 400.0, 1);
INSERT INTO payments (order_id, venue_id, method, amount)
VALUES ('fe1a6a3d-24aa-e7b0-f15b-90426755dcfb', '00000000-0000-0000-0000-000000000010', 'card', 760.0);
INSERT INTO orders (id, venue_id, number, status, total_amount, opened_at, closed_at, table_number)
VALUES ('1c61f200-f100-4dc0-ff2d-c402ead7eb47', '00000000-0000-0000-0000-000000000010', '6116', 'paid', 720.0, '2026-01-11 12:35:56', '2026-01-11 12:35:56', '1');
INSERT INTO order_items (order_id, product_id, product_name, product_price, quantity)
VALUES ('1c61f200-f100-4dc0-ff2d-c402ead7eb47', '6599a59a-6cf7-70c9-0971-07a0078ce7cf', 'product_128', 360.0, 2);
INSERT INTO payments (order_id, venue_id, method, amount)
VALUES ('1c61f200-f100-4dc0-ff2d-c402ead7eb47', '00000000-0000-0000-0000-000000000010', 'cash', 720.0);
INSERT INTO orders (id, venue_id, number, status, total_amount, opened_at, closed_at, table_number)
VALUES ('0b72d703-673d-bbca-f39c-ddb9df603cce', '00000000-0000-0000-0000-000000000010', '6114', 'paid', 480.0, '2026-01-11 12:17:11', '2026-01-11 12:17:11', '13');
INSERT INTO order_items (order_id, product_id, product_name, product_price, quantity)
VALUES ('0b72d703-673d-bbca-f39c-ddb9df603cce', 'b9bdca4d-a423-6c36-2351-10cf52ff0eec', 'product_230', 0.0, 2);
INSERT INTO order_items (order_id, product_id, product_name, product_price, quantity)
VALUES ('0b72d703-673d-bbca-f39c-ddb9df603cce', '0caff6fe-c574-8665-33ca-5f2cee71ebb2', 'product_35', 180.0, 1);
INSERT INTO order_items (order_id, product_id, product_name, product_price, quantity)
VALUES ('0b72d703-673d-bbca-f39c-ddb9df603cce', '9d00fee6-5b1a-acb8-1114-e668525ce1a6', 'product_200', 300.0, 1);
INSERT INTO orders (id, venue_id, number, status, total_amount, opened_at, closed_at, table_number)
VALUES ('830b79b4-78db-17f1-f70e-d87f6d8f1dee', '00000000-0000-0000-0000-000000000010', '6107', 'paid', 250.0, '2026-01-11 12:16:55', '2026-01-11 12:16:55', '12');
INSERT INTO order_items (order_id, product_id, product_name, product_price, quantity)
VALUES ('830b79b4-78db-17f1-f70e-d87f6d8f1dee', 'b9bdca4d-a423-6c36-2351-10cf52ff0eec', 'product_230', 0.0, 1);
INSERT INTO order_items (order_id, product_id, product_name, product_price, quantity)
VALUES ('830b79b4-78db-17f1-f70e-d87f6d8f1dee', '8d266d35-f6a4-b267-e097-564510f7f857', 'product_12', 250.0, 1);
INSERT INTO orders (id, venue_id, number, status, total_amount, opened_at, closed_at, table_number)
VALUES ('6cf954c0-074d-7572-1f97-8117d158a866', '00000000-0000-0000-0000-000000000010', '6115', 'paid', 540.0, '2026-01-11 12:16:51', '2026-01-11 12:16:51', '10');
INSERT INTO order_items (order_id, product_id, product_name, product_price, quantity)
VALUES ('6cf954c0-074d-7572-1f97-8117d158a866', '021231f4-e9fa-ecbb-5f2a-ad1321ca42ea', 'product_59', 270.0, 2);
INSERT INTO orders (id, venue_id, number, status, total_amount, opened_at, closed_at, table_number)
VALUES ('ee2a06bf-db31-ef96-c311-720594e30b10', '00000000-0000-0000-0000-000000000010', '6112', 'paid', 420.0, '2026-01-11 12:10:05', '2026-01-11 12:10:05', '14');
INSERT INTO order_items (order_id, product_id, product_name, product_price, quantity)
VALUES ('ee2a06bf-db31-ef96-c311-720594e30b10', 'b627abd9-fb00-28f4-a09b-09fcb24019c0', 'product_132', 140.0, 3);
INSERT INTO payments (order_id, venue_id, method, amount)
VALUES ('ee2a06bf-db31-ef96-c311-720594e30b10', '00000000-0000-0000-0000-000000000010', 'cash', 420.0);
INSERT INTO orders (id, venue_id, number, status, total_amount, opened_at, closed_at, table_number)
VALUES ('2a784de7-718f-e6c7-c13e-b65d73758d4e', '00000000-0000-0000-0000-000000000010', '6113', 'paid', 0.0, '2026-01-11 11:36:14', '2026-01-11 11:36:14', '9');
INSERT INTO order_items (order_id, product_id, product_name, product_price, quantity)
VALUES ('2a784de7-718f-e6c7-c13e-b65d73758d4e', '12dd0c72-4671-5cd8-b7da-98389426555c', 'product_228', 0.0, 1);
INSERT INTO orders (id, venue_id, number, status, total_amount, opened_at, closed_at, table_number)
VALUES ('8b237d2e-8b1d-f7d8-7ba4-266e617f10d0', '00000000-0000-0000-0000-000000000010', '6110', 'paid', 1140.0, '2026-01-11 11:30:25', '2026-01-11 11:30:25', '15');
INSERT INTO order_items (order_id, product_id, product_name, product_price, quantity)
VALUES ('8b237d2e-8b1d-f7d8-7ba4-266e617f10d0', '2836be19-8d27-0aa1-68ed-3bbc6cf94fb8', 'product_13', 250.0, 1);
INSERT INTO order_items (order_id, product_id, product_name, product_price, quantity)
VALUES ('8b237d2e-8b1d-f7d8-7ba4-266e617f10d0', '2a282418-43ba-4155-2773-748bfe3b0561', 'product_186', 100.0, 1);
INSERT INTO order_items (order_id, product_id, product_name, product_price, quantity)
VALUES ('8b237d2e-8b1d-f7d8-7ba4-266e617f10d0', '7c7c305a-92ed-bc40-0bb5-1155fc4e313f', 'product_99', 200.0, 1);
INSERT INTO order_items (order_id, product_id, product_name, product_price, quantity)
VALUES ('8b237d2e-8b1d-f7d8-7ba4-266e617f10d0', '8d266d35-f6a4-b267-e097-564510f7f857', 'product_12', 250.0, 1);
INSERT INTO order_items (order_id, product_id, product_name, product_price, quantity)
VALUES ('8b237d2e-8b1d-f7d8-7ba4-266e617f10d0', 'b9bdca4d-a423-6c36-2351-10cf52ff0eec', 'product_230', 0.0, 1);
INSERT INTO order_items (order_id, product_id, product_name, product_price, quantity)
VALUES ('8b237d2e-8b1d-f7d8-7ba4-266e617f10d0', 'da98da7c-a663-0228-294e-97c1fae50fd1', 'product_54', 160.0, 1);
INSERT INTO order_items (order_id, product_id, product_name, product_price, quantity)
VALUES ('8b237d2e-8b1d-f7d8-7ba4-266e617f10d0', 'a2b39819-292c-0b80-799d-c77d7020fc9d', 'product_34', 180.0, 1);
INSERT INTO payments (order_id, venue_id, method, amount)
VALUES ('8b237d2e-8b1d-f7d8-7ba4-266e617f10d0', '00000000-0000-0000-0000-000000000010', 'cash', 550.0);
INSERT INTO orders (id, venue_id, number, status, total_amount, opened_at, closed_at, table_number)
VALUES ('520806ac-df42-e5e6-5a1c-52bf4fe78f84', '00000000-0000-0000-0000-000000000010', '6074', 'paid', 780.0, '2026-01-11 11:30:20', '2026-01-11 11:30:20', '14');
INSERT INTO order_items (order_id, product_id, product_name, product_price, quantity)
VALUES ('520806ac-df42-e5e6-5a1c-52bf4fe78f84', '0f7cfc79-3a3f-41ac-1aa4-b27431de9236', 'product_29', 600.0, 1);
INSERT INTO order_items (order_id, product_id, product_name, product_price, quantity)
VALUES ('520806ac-df42-e5e6-5a1c-52bf4fe78f84', 'a2b39819-292c-0b80-799d-c77d7020fc9d', 'product_34', 180.0, 1);
INSERT INTO payments (order_id, venue_id, method, amount)
VALUES ('520806ac-df42-e5e6-5a1c-52bf4fe78f84', '00000000-0000-0000-0000-000000000010', 'cash', 624.0);
INSERT INTO orders (id, venue_id, number, status, total_amount, opened_at, closed_at, table_number)
VALUES ('29db6873-9e5e-c602-ca15-ad11500c3d66', '00000000-0000-0000-0000-000000000010', '6111', 'paid', 720.0, '2026-01-11 10:38:15', '2026-01-11 10:38:15', '1');
INSERT INTO order_items (order_id, product_id, product_name, product_price, quantity)
VALUES ('29db6873-9e5e-c602-ca15-ad11500c3d66', '260b99e2-59bd-a3dc-c313-434aff0daf54', 'product_144', 180.0, 4);
INSERT INTO payments (order_id, venue_id, method, amount)
VALUES ('29db6873-9e5e-c602-ca15-ad11500c3d66', '00000000-0000-0000-0000-000000000010', 'card', 720.0);
INSERT INTO orders (id, venue_id, number, status, total_amount, opened_at, closed_at, table_number)
VALUES ('8786284c-2a99-0b6c-023c-c9d8b29263e4', '00000000-0000-0000-0000-000000000010', '6109', 'paid', 0.0, '2026-01-10 22:41:07', '2026-01-10 22:41:07', '9');
INSERT INTO order_items (order_id, product_id, product_name, product_price, quantity)
VALUES ('8786284c-2a99-0b6c-023c-c9d8b29263e4', '1afe238c-a186-0e67-9e9d-d39b8c4abe8a', 'product_229', 0.0, 1);
INSERT INTO orders (id, venue_id, number, status, total_amount, opened_at, closed_at, table_number)
VALUES ('79e61e64-12d8-7b10-c97b-4ec662690b36', '00000000-0000-0000-0000-000000000010', '6108', 'paid', 0.0, '2026-01-10 22:40:11', '2026-01-10 22:40:11', '9');
INSERT INTO order_items (order_id, product_id, product_name, product_price, quantity)
VALUES ('79e61e64-12d8-7b10-c97b-4ec662690b36', '12dd0c72-4671-5cd8-b7da-98389426555c', 'product_228', 0.0, 1);
INSERT INTO orders (id, venue_id, number, status, total_amount, opened_at, closed_at, table_number)
VALUES ('cdaf488f-84a9-831d-8544-5a7bd1e4b36b', '00000000-0000-0000-0000-000000000010', '6104', 'paid', 3890.0, '2026-01-10 21:29:25', '2026-01-10 21:29:25', '5');
INSERT INTO order_items (order_id, product_id, product_name, product_price, quantity)
VALUES ('cdaf488f-84a9-831d-8544-5a7bd1e4b36b', 'd2434048-8926-9995-9323-9ab371ad6f0b', 'product_125', 380.0, 1);
INSERT INTO order_items (order_id, product_id, product_name, product_price, quantity)
VALUES ('cdaf488f-84a9-831d-8544-5a7bd1e4b36b', 'a2b39819-292c-0b80-799d-c77d7020fc9d', 'product_34', 180.0, 1);
INSERT INTO order_items (order_id, product_id, product_name, product_price, quantity)
VALUES ('cdaf488f-84a9-831d-8544-5a7bd1e4b36b', '1a9038b5-12c1-4b41-756a-ce6d8bb0fac8', 'product_114', 650.0, 1);
INSERT INTO order_items (order_id, product_id, product_name, product_price, quantity)
VALUES ('cdaf488f-84a9-831d-8544-5a7bd1e4b36b', 'f35a1ebf-94b4-c196-4fdb-5698a8e21330', 'product_170', 800.0, 1);
INSERT INTO order_items (order_id, product_id, product_name, product_price, quantity)
VALUES ('cdaf488f-84a9-831d-8544-5a7bd1e4b36b', 'badf5f45-b516-78fa-fbe7-ff32ed526953', 'product_226', 700.0, 1);
INSERT INTO order_items (order_id, product_id, product_name, product_price, quantity)
VALUES ('cdaf488f-84a9-831d-8544-5a7bd1e4b36b', '5f05b996-99f5-dfcb-e4b9-79078ca1f540', 'product_100', 450.0, 1);
INSERT INTO order_items (order_id, product_id, product_name, product_price, quantity)
VALUES ('cdaf488f-84a9-831d-8544-5a7bd1e4b36b', '8b7920ef-e954-d760-2a69-99cafc830c2e', 'product_171', 250.0, 1);
INSERT INTO order_items (order_id, product_id, product_name, product_price, quantity)
VALUES ('cdaf488f-84a9-831d-8544-5a7bd1e4b36b', '81b3193a-f1f9-6ba6-5630-5c911f0c4a69', 'product_48', 200.0, 1);
INSERT INTO order_items (order_id, product_id, product_name, product_price, quantity)
VALUES ('cdaf488f-84a9-831d-8544-5a7bd1e4b36b', '966437e8-b784-92e7-0afa-ff8bde6f1e53', 'product_145', 100.0, 1);
INSERT INTO order_items (order_id, product_id, product_name, product_price, quantity)
VALUES ('cdaf488f-84a9-831d-8544-5a7bd1e4b36b', '0caff6fe-c574-8665-33ca-5f2cee71ebb2', 'product_35', 180.0, 1);
INSERT INTO payments (order_id, venue_id, method, amount)
VALUES ('cdaf488f-84a9-831d-8544-5a7bd1e4b36b', '00000000-0000-0000-0000-000000000010', 'card', 4473.0);
INSERT INTO orders (id, venue_id, number, status, total_amount, opened_at, closed_at, table_number)
VALUES ('052d5e2c-110e-42c6-9e87-bc5832dcb6fd', '00000000-0000-0000-0000-000000000010', '6106', 'paid', 300.0, '2026-01-10 21:16:16', '2026-01-10 21:16:16', '12');
INSERT INTO order_items (order_id, product_id, product_name, product_price, quantity)
VALUES ('052d5e2c-110e-42c6-9e87-bc5832dcb6fd', 'eb1260af-ca5f-c811-fd1c-bf1664229477', 'product_115', 300.0, 1);
INSERT INTO payments (order_id, venue_id, method, amount)
VALUES ('052d5e2c-110e-42c6-9e87-bc5832dcb6fd', '00000000-0000-0000-0000-000000000010', 'card', 300.0);
INSERT INTO orders (id, venue_id, number, status, total_amount, opened_at, closed_at, table_number)
VALUES ('a1f73377-5b8c-881f-4a0d-ee61b0916ba6', '00000000-0000-0000-0000-000000000010', '6105', 'paid', 2880.0, '2026-01-10 21:09:53', '2026-01-10 21:09:53', '12');
INSERT INTO order_items (order_id, product_id, product_name, product_price, quantity)
VALUES ('a1f73377-5b8c-881f-4a0d-ee61b0916ba6', '7ddbed72-7deb-5ee4-0634-41d52192bad1', 'product_23', 1650.0, 1);
INSERT INTO order_items (order_id, product_id, product_name, product_price, quantity)
VALUES ('a1f73377-5b8c-881f-4a0d-ee61b0916ba6', '951f4bf6-be55-0e75-59a9-7e580a0d07c4', 'product_14', 600.0, 1);
INSERT INTO order_items (order_id, product_id, product_name, product_price, quantity)
VALUES ('a1f73377-5b8c-881f-4a0d-ee61b0916ba6', '260b99e2-59bd-a3dc-c313-434aff0daf54', 'product_144', 180.0, 1);
INSERT INTO order_items (order_id, product_id, product_name, product_price, quantity)
VALUES ('a1f73377-5b8c-881f-4a0d-ee61b0916ba6', '5d41e372-0bfb-8212-e08b-622352f32b09', 'product_179', 450.0, 1);
INSERT INTO payments (order_id, venue_id, method, amount)
VALUES ('a1f73377-5b8c-881f-4a0d-ee61b0916ba6', '00000000-0000-0000-0000-000000000010', 'card', 3312.0);
INSERT INTO orders (id, venue_id, number, status, total_amount, opened_at, closed_at, table_number)
VALUES ('b6f638c2-ef60-0c6c-e2f0-201d7920422b', '00000000-0000-0000-0000-000000000010', '6103', 'paid', 2500.0, '2026-01-10 18:54:45', '2026-01-10 18:54:45', '13');
INSERT INTO order_items (order_id, product_id, product_name, product_price, quantity)
VALUES ('b6f638c2-ef60-0c6c-e2f0-201d7920422b', 'ce90a2e4-a08b-570d-aca7-50bb5d2d0ab2', 'product_112', 400.0, 1);
INSERT INTO order_items (order_id, product_id, product_name, product_price, quantity)
VALUES ('b6f638c2-ef60-0c6c-e2f0-201d7920422b', '627b586a-57c8-d217-1549-c47bb32192ac', 'product_26', 450.0, 1);
INSERT INTO order_items (order_id, product_id, product_name, product_price, quantity)
VALUES ('b6f638c2-ef60-0c6c-e2f0-201d7920422b', 'c0fb869e-f434-07cb-f666-b9f7e55d4032', 'product_113', 750.0, 1);
INSERT INTO order_items (order_id, product_id, product_name, product_price, quantity)
VALUES ('b6f638c2-ef60-0c6c-e2f0-201d7920422b', '30d3c4b2-8d8b-4d91-9c67-b3d72ab218cc', 'product_129', 450.0, 2);
INSERT INTO order_items (order_id, product_id, product_name, product_price, quantity)
VALUES ('b6f638c2-ef60-0c6c-e2f0-201d7920422b', '12dd0c72-4671-5cd8-b7da-98389426555c', 'product_228', 0.0, 1);
INSERT INTO payments (order_id, venue_id, method, amount)
VALUES ('b6f638c2-ef60-0c6c-e2f0-201d7920422b', '00000000-0000-0000-0000-000000000010', 'card', 2875.0);
INSERT INTO orders (id, venue_id, number, status, total_amount, opened_at, closed_at, table_number)
VALUES ('e668363a-3cbe-7ab8-9680-6e48381f5316', '00000000-0000-0000-0000-000000000010', '6102', 'paid', 180.0, '2026-01-10 18:11:34', '2026-01-10 18:11:34', '2');
INSERT INTO order_items (order_id, product_id, product_name, product_price, quantity)
VALUES ('e668363a-3cbe-7ab8-9680-6e48381f5316', '0caff6fe-c574-8665-33ca-5f2cee71ebb2', 'product_35', 180.0, 1);
INSERT INTO payments (order_id, venue_id, method, amount)
VALUES ('e668363a-3cbe-7ab8-9680-6e48381f5316', '00000000-0000-0000-0000-000000000010', 'card', 207.0);
INSERT INTO orders (id, venue_id, number, status, total_amount, opened_at, closed_at, table_number)
VALUES ('5086e63b-d14f-f932-2419-f00f23a40ac7', '00000000-0000-0000-0000-000000000010', '6101', 'paid', 0.0, '2026-01-10 16:45:37', '2026-01-10 16:45:37', '9');
INSERT INTO order_items (order_id, product_id, product_name, product_price, quantity)
VALUES ('5086e63b-d14f-f932-2419-f00f23a40ac7', '82c55340-bd07-2a9a-a6cc-6ce377f958f2', 'product_148', 0.0, 1);
INSERT INTO order_items (order_id, product_id, product_name, product_price, quantity)
VALUES ('5086e63b-d14f-f932-2419-f00f23a40ac7', '12dd0c72-4671-5cd8-b7da-98389426555c', 'product_228', 0.0, 1);
INSERT INTO orders (id, venue_id, number, status, total_amount, opened_at, closed_at, table_number)
VALUES ('a397ee2d-7021-07e4-09cd-0b28a9963069', '00000000-0000-0000-0000-000000000010', '6100', 'paid', 1080.0, '2026-01-10 16:38:07', '2026-01-10 16:38:07', '12');
INSERT INTO order_items (order_id, product_id, product_name, product_price, quantity)
VALUES ('a397ee2d-7021-07e4-09cd-0b28a9963069', '627b586a-57c8-d217-1549-c47bb32192ac', 'product_26', 450.0, 1);
INSERT INTO order_items (order_id, product_id, product_name, product_price, quantity)
VALUES ('a397ee2d-7021-07e4-09cd-0b28a9963069', '7f688518-4003-c783-7333-b947a8856b49', 'product_28', 450.0, 1);
INSERT INTO order_items (order_id, product_id, product_name, product_price, quantity)
VALUES ('a397ee2d-7021-07e4-09cd-0b28a9963069', 'a2b39819-292c-0b80-799d-c77d7020fc9d', 'product_34', 180.0, 1);
INSERT INTO payments (order_id, venue_id, method, amount)
VALUES ('a397ee2d-7021-07e4-09cd-0b28a9963069', '00000000-0000-0000-0000-000000000010', 'card', 1242.0);
INSERT INTO orders (id, venue_id, number, status, total_amount, opened_at, closed_at, table_number)
VALUES ('90eb3b22-659d-1e16-040e-cbfb394babb5', '00000000-0000-0000-0000-000000000010', '6099', 'paid', 3930.0, '2026-01-10 15:06:20', '2026-01-10 15:06:20', '7');
INSERT INTO order_items (order_id, product_id, product_name, product_price, quantity)
VALUES ('90eb3b22-659d-1e16-040e-cbfb394babb5', 'c0fb869e-f434-07cb-f666-b9f7e55d4032', 'product_113', 750.0, 2);
INSERT INTO order_items (order_id, product_id, product_name, product_price, quantity)
VALUES ('90eb3b22-659d-1e16-040e-cbfb394babb5', '1a9038b5-12c1-4b41-756a-ce6d8bb0fac8', 'product_114', 650.0, 1);
INSERT INTO order_items (order_id, product_id, product_name, product_price, quantity)
VALUES ('90eb3b22-659d-1e16-040e-cbfb394babb5', 'ce90a2e4-a08b-570d-aca7-50bb5d2d0ab2', 'product_112', 400.0, 1);
INSERT INTO order_items (order_id, product_id, product_name, product_price, quantity)
VALUES ('90eb3b22-659d-1e16-040e-cbfb394babb5', 'fdb6f575-fe3f-282e-93d0-1dad56530fa5', 'product_15', 600.0, 1);
INSERT INTO order_items (order_id, product_id, product_name, product_price, quantity)
VALUES ('90eb3b22-659d-1e16-040e-cbfb394babb5', '0caff6fe-c574-8665-33ca-5f2cee71ebb2', 'product_35', 180.0, 1);
INSERT INTO order_items (order_id, product_id, product_name, product_price, quantity)
VALUES ('90eb3b22-659d-1e16-040e-cbfb394babb5', '338bdc4d-fbd5-43ad-a7a7-3951ceca3a16', 'product_97', 250.0, 2);
INSERT INTO order_items (order_id, product_id, product_name, product_price, quantity)
VALUES ('90eb3b22-659d-1e16-040e-cbfb394babb5', '966437e8-b784-92e7-0afa-ff8bde6f1e53', 'product_145', 100.0, 1);
INSERT INTO payments (order_id, venue_id, method, amount)
VALUES ('90eb3b22-659d-1e16-040e-cbfb394babb5', '00000000-0000-0000-0000-000000000010', 'cash', 4519.0);
INSERT INTO orders (id, venue_id, number, status, total_amount, opened_at, closed_at, table_number)
VALUES ('d5726192-f3e5-e4c7-28f3-dee5387a643c', '00000000-0000-0000-0000-000000000010', '6098', 'paid', 0.0, '2026-01-10 13:37:16', '2026-01-10 13:37:16', '9');
INSERT INTO order_items (order_id, product_id, product_name, product_price, quantity)
VALUES ('d5726192-f3e5-e4c7-28f3-dee5387a643c', '12dd0c72-4671-5cd8-b7da-98389426555c', 'product_228', 0.0, 1);
INSERT INTO order_items (order_id, product_id, product_name, product_price, quantity)
VALUES ('d5726192-f3e5-e4c7-28f3-dee5387a643c', '82c55340-bd07-2a9a-a6cc-6ce377f958f2', 'product_148', 0.0, 1);
INSERT INTO orders (id, venue_id, number, status, total_amount, opened_at, closed_at, table_number)
VALUES ('f8e15973-abcd-8a71-d8ee-acb9cd834f6a', '00000000-0000-0000-0000-000000000010', '6097', 'paid', 0.0, '2026-01-10 13:36:44', '2026-01-10 13:36:44', '9');
INSERT INTO order_items (order_id, product_id, product_name, product_price, quantity)
VALUES ('f8e15973-abcd-8a71-d8ee-acb9cd834f6a', '1afe238c-a186-0e67-9e9d-d39b8c4abe8a', 'product_229', 0.0, 1);
INSERT INTO orders (id, venue_id, number, status, total_amount, opened_at, closed_at, table_number)
VALUES ('eb9b7c40-d5c5-d4b4-d11c-5b515b076ac2', '00000000-0000-0000-0000-000000000010', '6096', 'paid', 0.0, '2026-01-10 13:36:19', '2026-01-10 13:36:19', '9');
INSERT INTO order_items (order_id, product_id, product_name, product_price, quantity)
VALUES ('eb9b7c40-d5c5-d4b4-d11c-5b515b076ac2', '1afe238c-a186-0e67-9e9d-d39b8c4abe8a', 'product_229', 0.0, 1);
INSERT INTO orders (id, venue_id, number, status, total_amount, opened_at, closed_at, table_number)
VALUES ('d44744f7-107c-f7f7-454b-b16770f5510d', '00000000-0000-0000-0000-000000000010', '6095', 'paid', 750.0, '2026-01-10 13:09:23', '2026-01-10 13:09:23', '3');
INSERT INTO order_items (order_id, product_id, product_name, product_price, quantity)
VALUES ('d44744f7-107c-f7f7-454b-b16770f5510d', '0caff6fe-c574-8665-33ca-5f2cee71ebb2', 'product_35', 180.0, 1);
INSERT INTO order_items (order_id, product_id, product_name, product_price, quantity)
VALUES ('d44744f7-107c-f7f7-454b-b16770f5510d', 'a2b39819-292c-0b80-799d-c77d7020fc9d', 'product_34', 180.0, 1);
INSERT INTO order_items (order_id, product_id, product_name, product_price, quantity)
VALUES ('d44744f7-107c-f7f7-454b-b16770f5510d', 'da98da7c-a663-0228-294e-97c1fae50fd1', 'product_54', 160.0, 1);
INSERT INTO order_items (order_id, product_id, product_name, product_price, quantity)
VALUES ('d44744f7-107c-f7f7-454b-b16770f5510d', '4695b67d-781a-20db-f80e-66824f8cfc13', 'product_55', 230.0, 1);
INSERT INTO payments (order_id, venue_id, method, amount)
VALUES ('d44744f7-107c-f7f7-454b-b16770f5510d', '00000000-0000-0000-0000-000000000010', 'cash', 862.0);
INSERT INTO orders (id, venue_id, number, status, total_amount, opened_at, closed_at, table_number)
VALUES ('5d434963-ac2b-ebb8-a0e1-4154b7d21af9', '00000000-0000-0000-0000-000000000010', '6094', 'paid', 1080.0, '2026-01-10 11:40:42', '2026-01-10 11:40:42', '13');
INSERT INTO order_items (order_id, product_id, product_name, product_price, quantity)
VALUES ('5d434963-ac2b-ebb8-a0e1-4154b7d21af9', 'b9bdca4d-a423-6c36-2351-10cf52ff0eec', 'product_230', 0.0, 4);
INSERT INTO order_items (order_id, product_id, product_name, product_price, quantity)
VALUES ('5d434963-ac2b-ebb8-a0e1-4154b7d21af9', '021231f4-e9fa-ecbb-5f2a-ad1321ca42ea', 'product_59', 270.0, 4);
INSERT INTO orders (id, venue_id, number, status, total_amount, opened_at, closed_at, table_number)
VALUES ('d587b74a-5b21-9ce5-c5aa-28282e328d6d', '00000000-0000-0000-0000-000000000010', '6089', 'paid', 1120.0, '2026-01-10 11:22:25', '2026-01-10 11:22:25', '13');
INSERT INTO order_items (order_id, product_id, product_name, product_price, quantity)
VALUES ('d587b74a-5b21-9ce5-c5aa-28282e328d6d', '94d2bddc-c99f-2985-f8eb-9d8a4a995ad3', 'product_10', 280.0, 1);
INSERT INTO order_items (order_id, product_id, product_name, product_price, quantity)
VALUES ('d587b74a-5b21-9ce5-c5aa-28282e328d6d', 'b9bdca4d-a423-6c36-2351-10cf52ff0eec', 'product_230', 0.0, 1);
INSERT INTO order_items (order_id, product_id, product_name, product_price, quantity)
VALUES ('d587b74a-5b21-9ce5-c5aa-28282e328d6d', '2836be19-8d27-0aa1-68ed-3bbc6cf94fb8', 'product_13', 250.0, 1);
INSERT INTO order_items (order_id, product_id, product_name, product_price, quantity)
VALUES ('d587b74a-5b21-9ce5-c5aa-28282e328d6d', 'da98da7c-a663-0228-294e-97c1fae50fd1', 'product_54', 160.0, 2);
INSERT INTO order_items (order_id, product_id, product_name, product_price, quantity)
VALUES ('d587b74a-5b21-9ce5-c5aa-28282e328d6d', 'd46f67a1-e1dd-e079-0b5c-329f6422c4d4', 'product_60', 270.0, 1);
INSERT INTO orders (id, venue_id, number, status, total_amount, opened_at, closed_at, table_number)
VALUES ('1dd39f85-228b-3cbb-b641-189338ce47fe', '00000000-0000-0000-0000-000000000010', '6092', 'paid', 1340.0, '2026-01-10 11:22:03', '2026-01-10 11:22:03', '12');
INSERT INTO order_items (order_id, product_id, product_name, product_price, quantity)
VALUES ('1dd39f85-228b-3cbb-b641-189338ce47fe', 'b9bdca4d-a423-6c36-2351-10cf52ff0eec', 'product_230', 0.0, 1);
INSERT INTO order_items (order_id, product_id, product_name, product_price, quantity)
VALUES ('1dd39f85-228b-3cbb-b641-189338ce47fe', '021231f4-e9fa-ecbb-5f2a-ad1321ca42ea', 'product_59', 270.0, 2);
INSERT INTO order_items (order_id, product_id, product_name, product_price, quantity)
VALUES ('1dd39f85-228b-3cbb-b641-189338ce47fe', '8d266d35-f6a4-b267-e097-564510f7f857', 'product_12', 250.0, 1);
INSERT INTO order_items (order_id, product_id, product_name, product_price, quantity)
VALUES ('1dd39f85-228b-3cbb-b641-189338ce47fe', '58e4c43b-44e0-70ce-99e7-6b0093966f41', 'product_176', 300.0, 1);
INSERT INTO order_items (order_id, product_id, product_name, product_price, quantity)
VALUES ('1dd39f85-228b-3cbb-b641-189338ce47fe', '8d266d35-f6a4-b267-e097-564510f7f857', 'product_12', 250.0, 1);
INSERT INTO payments (order_id, venue_id, method, amount)
VALUES ('1dd39f85-228b-3cbb-b641-189338ce47fe', '00000000-0000-0000-0000-000000000010', 'cash', 250.0);
INSERT INTO orders (id, venue_id, number, status, total_amount, opened_at, closed_at, table_number)
VALUES ('2a913773-1984-6ebc-82a3-3c94d5871add', '00000000-0000-0000-0000-000000000010', '6091', 'paid', 830.0, '2026-01-10 11:21:40', '2026-01-10 11:21:40', '1');
INSERT INTO order_items (order_id, product_id, product_name, product_price, quantity)
VALUES ('2a913773-1984-6ebc-82a3-3c94d5871add', 'da98da7c-a663-0228-294e-97c1fae50fd1', 'product_54', 160.0, 3);
INSERT INTO order_items (order_id, product_id, product_name, product_price, quantity)
VALUES ('2a913773-1984-6ebc-82a3-3c94d5871add', '5b7828a6-fad3-dc3f-06c7-979905efbff1', 'product_61', 350.0, 1);
INSERT INTO payments (order_id, venue_id, method, amount)
VALUES ('2a913773-1984-6ebc-82a3-3c94d5871add', '00000000-0000-0000-0000-000000000010', 'cash', 830.0);
INSERT INTO orders (id, venue_id, number, status, total_amount, opened_at, closed_at, table_number)
VALUES ('58dbefcf-a47e-bb25-b62b-7909567adf2f', '00000000-0000-0000-0000-000000000010', '6093', 'paid', 430.0, '2026-01-10 10:42:02', '2026-01-10 10:42:02', '10');
INSERT INTO order_items (order_id, product_id, product_name, product_price, quantity)
VALUES ('58dbefcf-a47e-bb25-b62b-7909567adf2f', 'b9bdca4d-a423-6c36-2351-10cf52ff0eec', 'product_230', 0.0, 2);
INSERT INTO order_items (order_id, product_id, product_name, product_price, quantity)
VALUES ('58dbefcf-a47e-bb25-b62b-7909567adf2f', '0caff6fe-c574-8665-33ca-5f2cee71ebb2', 'product_35', 180.0, 1);
INSERT INTO order_items (order_id, product_id, product_name, product_price, quantity)
VALUES ('58dbefcf-a47e-bb25-b62b-7909567adf2f', '2836be19-8d27-0aa1-68ed-3bbc6cf94fb8', 'product_13', 250.0, 1);
INSERT INTO payments (order_id, venue_id, method, amount)
VALUES ('58dbefcf-a47e-bb25-b62b-7909567adf2f', '00000000-0000-0000-0000-000000000010', 'card', 250.0);
INSERT INTO orders (id, venue_id, number, status, total_amount, opened_at, closed_at, table_number)
VALUES ('33b8bc57-697b-67cc-bfc1-7aa334d4d517', '00000000-0000-0000-0000-000000000010', '6087', 'paid', 2100.0, '2026-01-10 09:24:15', '2026-01-10 09:24:15', '12');
INSERT INTO order_items (order_id, product_id, product_name, product_price, quantity)
VALUES ('33b8bc57-697b-67cc-bfc1-7aa334d4d517', 'fdb6f575-fe3f-282e-93d0-1dad56530fa5', 'product_15', 600.0, 1);
INSERT INTO order_items (order_id, product_id, product_name, product_price, quantity)
VALUES ('33b8bc57-697b-67cc-bfc1-7aa334d4d517', '9a06fa1f-d2b5-1b6f-d6c5-37c2ffa3adfd', 'product_168', 600.0, 1);
INSERT INTO order_items (order_id, product_id, product_name, product_price, quantity)
VALUES ('33b8bc57-697b-67cc-bfc1-7aa334d4d517', 'ca58c9ff-fe24-427b-5955-2cd4feccec48', 'product_116', 300.0, 3);
INSERT INTO payments (order_id, venue_id, method, amount)
VALUES ('33b8bc57-697b-67cc-bfc1-7aa334d4d517', '00000000-0000-0000-0000-000000000010', 'cash', 2415.0);
INSERT INTO orders (id, venue_id, number, status, total_amount, opened_at, closed_at, table_number)
VALUES ('2b6ce6de-e6c4-3491-7e19-47fb64d4c6f0', '00000000-0000-0000-0000-000000000010', '6090', 'paid', 2630.0, '2026-01-09 21:31:58', '2026-01-09 21:31:58', '5');
INSERT INTO order_items (order_id, product_id, product_name, product_price, quantity)
VALUES ('2b6ce6de-e6c4-3491-7e19-47fb64d4c6f0', 'c0fb869e-f434-07cb-f666-b9f7e55d4032', 'product_113', 750.0, 1);
INSERT INTO order_items (order_id, product_id, product_name, product_price, quantity)
VALUES ('2b6ce6de-e6c4-3491-7e19-47fb64d4c6f0', '627b586a-57c8-d217-1549-c47bb32192ac', 'product_26', 450.0, 2);
INSERT INTO order_items (order_id, product_id, product_name, product_price, quantity)
VALUES ('2b6ce6de-e6c4-3491-7e19-47fb64d4c6f0', '81b3193a-f1f9-6ba6-5630-5c911f0c4a69', 'product_48', 200.0, 1);
INSERT INTO order_items (order_id, product_id, product_name, product_price, quantity)
VALUES ('2b6ce6de-e6c4-3491-7e19-47fb64d4c6f0', '0caff6fe-c574-8665-33ca-5f2cee71ebb2', 'product_35', 180.0, 1);
INSERT INTO order_items (order_id, product_id, product_name, product_price, quantity)
VALUES ('2b6ce6de-e6c4-3491-7e19-47fb64d4c6f0', 'eb1260af-ca5f-c811-fd1c-bf1664229477', 'product_115', 300.0, 2);
INSERT INTO payments (order_id, venue_id, method, amount)
VALUES ('2b6ce6de-e6c4-3491-7e19-47fb64d4c6f0', '00000000-0000-0000-0000-000000000010', 'card', 3024.0);
INSERT INTO orders (id, venue_id, number, status, total_amount, opened_at, closed_at, table_number)
VALUES ('3f34b49b-85e1-9672-ee0b-3bbf201daf4a', '00000000-0000-0000-0000-000000000010', '6088', 'paid', 2500.0, '2026-01-09 21:07:55', '2026-01-09 21:07:55', '10');
INSERT INTO order_items (order_id, product_id, product_name, product_price, quantity)
VALUES ('3f34b49b-85e1-9672-ee0b-3bbf201daf4a', '89f7c252-16f5-61cd-3e79-006400fd853a', 'product_208', 1650.0, 1);
INSERT INTO order_items (order_id, product_id, product_name, product_price, quantity)
VALUES ('3f34b49b-85e1-9672-ee0b-3bbf201daf4a', '7f688518-4003-c783-7333-b947a8856b49', 'product_28', 450.0, 1);
INSERT INTO order_items (order_id, product_id, product_name, product_price, quantity)
VALUES ('3f34b49b-85e1-9672-ee0b-3bbf201daf4a', 'bc75aa2b-4910-21bf-56ff-d9769b039d8e', 'product_47', 200.0, 1);
INSERT INTO order_items (order_id, product_id, product_name, product_price, quantity)
VALUES ('3f34b49b-85e1-9672-ee0b-3bbf201daf4a', '12dd0c72-4671-5cd8-b7da-98389426555c', 'product_228', 0.0, 1);
INSERT INTO order_items (order_id, product_id, product_name, product_price, quantity)
VALUES ('3f34b49b-85e1-9672-ee0b-3bbf201daf4a', '7c7c305a-92ed-bc40-0bb5-1155fc4e313f', 'product_99', 200.0, 1);
INSERT INTO payments (order_id, venue_id, method, amount)
VALUES ('3f34b49b-85e1-9672-ee0b-3bbf201daf4a', '00000000-0000-0000-0000-000000000010', 'card', 2875.0);
INSERT INTO orders (id, venue_id, number, status, total_amount, opened_at, closed_at, table_number)
VALUES ('9eec24de-82b7-0310-3a37-5e44a003917a', '00000000-0000-0000-0000-000000000010', '6084', 'paid', 5080.0, '2026-01-09 20:42:45', '2026-01-09 20:42:45', '13');
INSERT INTO order_items (order_id, product_id, product_name, product_price, quantity)
VALUES ('9eec24de-82b7-0310-3a37-5e44a003917a', 'f5e07166-faf7-d429-5419-891577dc4984', 'product_180', 1450.0, 1);
INSERT INTO order_items (order_id, product_id, product_name, product_price, quantity)
VALUES ('9eec24de-82b7-0310-3a37-5e44a003917a', '951f4bf6-be55-0e75-59a9-7e580a0d07c4', 'product_14', 600.0, 1);
INSERT INTO order_items (order_id, product_id, product_name, product_price, quantity)
VALUES ('9eec24de-82b7-0310-3a37-5e44a003917a', '7f688518-4003-c783-7333-b947a8856b49', 'product_28', 450.0, 1);
INSERT INTO order_items (order_id, product_id, product_name, product_price, quantity)
VALUES ('9eec24de-82b7-0310-3a37-5e44a003917a', '8b7920ef-e954-d760-2a69-99cafc830c2e', 'product_171', 250.0, 1);
INSERT INTO order_items (order_id, product_id, product_name, product_price, quantity)
VALUES ('9eec24de-82b7-0310-3a37-5e44a003917a', 'fa279504-c591-b5b8-70cb-6c4c299a37d8', 'product_22', 1200.0, 1);
INSERT INTO order_items (order_id, product_id, product_name, product_price, quantity)
VALUES ('9eec24de-82b7-0310-3a37-5e44a003917a', '5b7828a6-fad3-dc3f-06c7-979905efbff1', 'product_61', 350.0, 1);
INSERT INTO order_items (order_id, product_id, product_name, product_price, quantity)
VALUES ('9eec24de-82b7-0310-3a37-5e44a003917a', 'd158543d-e9dc-0b2a-7902-b665a39db719', 'product_126', 390.0, 2);
INSERT INTO payments (order_id, venue_id, method, amount)
VALUES ('9eec24de-82b7-0310-3a37-5e44a003917a', '00000000-0000-0000-0000-000000000010', 'cash', 5842.0);
INSERT INTO orders (id, venue_id, number, status, total_amount, opened_at, closed_at, table_number)
VALUES ('3c45fbca-97df-2cad-6e99-a07da23c15af', '00000000-0000-0000-0000-000000000010', '6086', 'paid', 1710.0, '2026-01-09 16:01:15', '2026-01-09 16:01:15', '15');
INSERT INTO order_items (order_id, product_id, product_name, product_price, quantity)
VALUES ('3c45fbca-97df-2cad-6e99-a07da23c15af', 'b9bdca4d-a423-6c36-2351-10cf52ff0eec', 'product_230', 0.0, 4);
INSERT INTO order_items (order_id, product_id, product_name, product_price, quantity)
VALUES ('3c45fbca-97df-2cad-6e99-a07da23c15af', '021231f4-e9fa-ecbb-5f2a-ad1321ca42ea', 'product_59', 270.0, 5);
INSERT INTO order_items (order_id, product_id, product_name, product_price, quantity)
VALUES ('3c45fbca-97df-2cad-6e99-a07da23c15af', 'da98da7c-a663-0228-294e-97c1fae50fd1', 'product_54', 160.0, 1);
INSERT INTO order_items (order_id, product_id, product_name, product_price, quantity)
VALUES ('3c45fbca-97df-2cad-6e99-a07da23c15af', 'ec61223f-a380-dd08-f9eb-461b3c2f80e6', 'product_163', 100.0, 2);
INSERT INTO orders (id, venue_id, number, status, total_amount, opened_at, closed_at, table_number)
VALUES ('bc9440f1-33c5-e688-158b-1d09886ce88a', '00000000-0000-0000-0000-000000000010', '6077', 'paid', 1420.0, '2026-01-09 16:01:07', '2026-01-09 16:01:07', '13');
INSERT INTO order_items (order_id, product_id, product_name, product_price, quantity)
VALUES ('bc9440f1-33c5-e688-158b-1d09886ce88a', 'b9bdca4d-a423-6c36-2351-10cf52ff0eec', 'product_230', 0.0, 1);
INSERT INTO order_items (order_id, product_id, product_name, product_price, quantity)
VALUES ('bc9440f1-33c5-e688-158b-1d09886ce88a', '94d2bddc-c99f-2985-f8eb-9d8a4a995ad3', 'product_10', 280.0, 1);
INSERT INTO order_items (order_id, product_id, product_name, product_price, quantity)
VALUES ('bc9440f1-33c5-e688-158b-1d09886ce88a', '58e4c43b-44e0-70ce-99e7-6b0093966f41', 'product_176', 300.0, 1);
INSERT INTO order_items (order_id, product_id, product_name, product_price, quantity)
VALUES ('bc9440f1-33c5-e688-158b-1d09886ce88a', '2836be19-8d27-0aa1-68ed-3bbc6cf94fb8', 'product_13', 250.0, 1);
INSERT INTO order_items (order_id, product_id, product_name, product_price, quantity)
VALUES ('bc9440f1-33c5-e688-158b-1d09886ce88a', 'da98da7c-a663-0228-294e-97c1fae50fd1', 'product_54', 160.0, 2);
INSERT INTO order_items (order_id, product_id, product_name, product_price, quantity)
VALUES ('bc9440f1-33c5-e688-158b-1d09886ce88a', 'd46f67a1-e1dd-e079-0b5c-329f6422c4d4', 'product_60', 270.0, 1);
INSERT INTO orders (id, venue_id, number, status, total_amount, opened_at, closed_at, table_number)
VALUES ('3efa0c34-ce2a-45af-2424-510b2a58f057', '00000000-0000-0000-0000-000000000010', '6083', 'paid', 570.0, '2026-01-09 16:01:03', '2026-01-09 16:01:03', '12');
INSERT INTO order_items (order_id, product_id, product_name, product_price, quantity)
VALUES ('3efa0c34-ce2a-45af-2424-510b2a58f057', 'b9bdca4d-a423-6c36-2351-10cf52ff0eec', 'product_230', 0.0, 2);
INSERT INTO order_items (order_id, product_id, product_name, product_price, quantity)
VALUES ('3efa0c34-ce2a-45af-2424-510b2a58f057', '021231f4-e9fa-ecbb-5f2a-ad1321ca42ea', 'product_59', 270.0, 1);
INSERT INTO order_items (order_id, product_id, product_name, product_price, quantity)
VALUES ('3efa0c34-ce2a-45af-2424-510b2a58f057', '9d00fee6-5b1a-acb8-1114-e668525ce1a6', 'product_200', 300.0, 1);
INSERT INTO orders (id, venue_id, number, status, total_amount, opened_at, closed_at, table_number)
VALUES ('d3ce65f2-36c2-912b-9b21-6a44b3a1af7a', '00000000-0000-0000-0000-000000000010', '6085', 'paid', 1150.0, '2026-01-09 15:59:08', '2026-01-09 15:59:08', '10');
INSERT INTO order_items (order_id, product_id, product_name, product_price, quantity)
VALUES ('d3ce65f2-36c2-912b-9b21-6a44b3a1af7a', '58e4c43b-44e0-70ce-99e7-6b0093966f41', 'product_176', 300.0, 1);
INSERT INTO order_items (order_id, product_id, product_name, product_price, quantity)
VALUES ('d3ce65f2-36c2-912b-9b21-6a44b3a1af7a', '8d266d35-f6a4-b267-e097-564510f7f857', 'product_12', 250.0, 1);
INSERT INTO order_items (order_id, product_id, product_name, product_price, quantity)
VALUES ('d3ce65f2-36c2-912b-9b21-6a44b3a1af7a', '2836be19-8d27-0aa1-68ed-3bbc6cf94fb8', 'product_13', 250.0, 1);
INSERT INTO order_items (order_id, product_id, product_name, product_price, quantity)
VALUES ('d3ce65f2-36c2-912b-9b21-6a44b3a1af7a', '09d404dd-f87b-b319-4eda-9ce7c697868d', 'product_32', 350.0, 1);
INSERT INTO payments (order_id, venue_id, method, amount)
VALUES ('d3ce65f2-36c2-912b-9b21-6a44b3a1af7a', '00000000-0000-0000-0000-000000000010', 'card', 747.0);
INSERT INTO orders (id, venue_id, number, status, total_amount, opened_at, closed_at, table_number)
VALUES ('10e876c0-7e4a-cc8b-b19d-b12b500b750c', '00000000-0000-0000-0000-000000000010', '6081', 'paid', 4060.0, '2026-01-09 15:49:49', '2026-01-09 15:49:49', '1');
INSERT INTO order_items (order_id, product_id, product_name, product_price, quantity)
VALUES ('10e876c0-7e4a-cc8b-b19d-b12b500b750c', 'da98da7c-a663-0228-294e-97c1fae50fd1', 'product_54', 160.0, 3);
INSERT INTO order_items (order_id, product_id, product_name, product_price, quantity)
VALUES ('10e876c0-7e4a-cc8b-b19d-b12b500b750c', 'badf5f45-b516-78fa-fbe7-ff32ed526953', 'product_226', 700.0, 1);
INSERT INTO order_items (order_id, product_id, product_name, product_price, quantity)
VALUES ('10e876c0-7e4a-cc8b-b19d-b12b500b750c', 'c0fb869e-f434-07cb-f666-b9f7e55d4032', 'product_113', 750.0, 1);
INSERT INTO order_items (order_id, product_id, product_name, product_price, quantity)
VALUES ('10e876c0-7e4a-cc8b-b19d-b12b500b750c', '1a9038b5-12c1-4b41-756a-ce6d8bb0fac8', 'product_114', 650.0, 1);
INSERT INTO order_items (order_id, product_id, product_name, product_price, quantity)
VALUES ('10e876c0-7e4a-cc8b-b19d-b12b500b750c', '5c3938ac-271e-5674-37aa-116c20435202', 'product_234', 350.0, 1);
INSERT INTO order_items (order_id, product_id, product_name, product_price, quantity)
VALUES ('10e876c0-7e4a-cc8b-b19d-b12b500b750c', '5b7828a6-fad3-dc3f-06c7-979905efbff1', 'product_61', 350.0, 1);
INSERT INTO order_items (order_id, product_id, product_name, product_price, quantity)
VALUES ('10e876c0-7e4a-cc8b-b19d-b12b500b750c', 'd158543d-e9dc-0b2a-7902-b665a39db719', 'product_126', 390.0, 2);
INSERT INTO payments (order_id, venue_id, method, amount)
VALUES ('10e876c0-7e4a-cc8b-b19d-b12b500b750c', '00000000-0000-0000-0000-000000000010', 'cash', 4669.0);
INSERT INTO orders (id, venue_id, number, status, total_amount, opened_at, closed_at, table_number)
VALUES ('b698f32e-c134-0164-d895-c9e876476911', '00000000-0000-0000-0000-000000000010', '6082', 'paid', 1200.0, '2026-01-09 10:14:14', '2026-01-09 10:14:14', '12');
INSERT INTO order_items (order_id, product_id, product_name, product_price, quantity)
VALUES ('b698f32e-c134-0164-d895-c9e876476911', 'ca58c9ff-fe24-427b-5955-2cd4feccec48', 'product_116', 300.0, 2);
INSERT INTO order_items (order_id, product_id, product_name, product_price, quantity)
VALUES ('b698f32e-c134-0164-d895-c9e876476911', 'fdb6f575-fe3f-282e-93d0-1dad56530fa5', 'product_15', 600.0, 1);
INSERT INTO payments (order_id, venue_id, method, amount)
VALUES ('b698f32e-c134-0164-d895-c9e876476911', '00000000-0000-0000-0000-000000000010', 'cash', 1380.0);
INSERT INTO orders (id, venue_id, number, status, total_amount, opened_at, closed_at, table_number)
VALUES ('514fa97c-004d-0aa0-18a3-441ad37aed10', '00000000-0000-0000-0000-000000000010', '6080', 'paid', 260.0, '2026-01-08 21:15:35', '2026-01-08 21:15:35', '1');
INSERT INTO order_items (order_id, product_id, product_name, product_price, quantity)
VALUES ('514fa97c-004d-0aa0-18a3-441ad37aed10', 'da98da7c-a663-0228-294e-97c1fae50fd1', 'product_54', 160.0, 1);
INSERT INTO order_items (order_id, product_id, product_name, product_price, quantity)
VALUES ('514fa97c-004d-0aa0-18a3-441ad37aed10', '966437e8-b784-92e7-0afa-ff8bde6f1e53', 'product_145', 100.0, 1);
INSERT INTO payments (order_id, venue_id, method, amount)
VALUES ('514fa97c-004d-0aa0-18a3-441ad37aed10', '00000000-0000-0000-0000-000000000010', 'card', 260.0);
INSERT INTO orders (id, venue_id, number, status, total_amount, opened_at, closed_at, table_number)
VALUES ('5fe61c93-bd73-5083-4601-6aec4e5b5faa', '00000000-0000-0000-0000-000000000010', '6079', 'paid', 0.0, '2026-01-08 20:45:13', '2026-01-08 20:45:13', '9');
INSERT INTO order_items (order_id, product_id, product_name, product_price, quantity)
VALUES ('5fe61c93-bd73-5083-4601-6aec4e5b5faa', '82c55340-bd07-2a9a-a6cc-6ce377f958f2', 'product_148', 0.0, 1);
INSERT INTO order_items (order_id, product_id, product_name, product_price, quantity)
VALUES ('5fe61c93-bd73-5083-4601-6aec4e5b5faa', '12dd0c72-4671-5cd8-b7da-98389426555c', 'product_228', 0.0, 1);
INSERT INTO orders (id, venue_id, number, status, total_amount, opened_at, closed_at, table_number)
VALUES ('89cfe085-a652-3f19-bcb2-f2b539f8940a', '00000000-0000-0000-0000-000000000010', '6078', 'paid', 0.0, '2026-01-08 20:44:46', '2026-01-08 20:44:46', '9');
INSERT INTO order_items (order_id, product_id, product_name, product_price, quantity)
VALUES ('89cfe085-a652-3f19-bcb2-f2b539f8940a', '1afe238c-a186-0e67-9e9d-d39b8c4abe8a', 'product_229', 0.0, 1);
INSERT INTO orders (id, venue_id, number, status, total_amount, opened_at, closed_at, table_number)
VALUES ('1a853697-d639-7024-7a1d-281497dc3bed', '00000000-0000-0000-0000-000000000010', '6073', 'paid', 6030.0, '2026-01-08 20:34:01', '2026-01-08 20:34:01', '13');
INSERT INTO order_items (order_id, product_id, product_name, product_price, quantity)
VALUES ('1a853697-d639-7024-7a1d-281497dc3bed', '5b7828a6-fad3-dc3f-06c7-979905efbff1', 'product_61', 350.0, 1);
INSERT INTO order_items (order_id, product_id, product_name, product_price, quantity)
VALUES ('1a853697-d639-7024-7a1d-281497dc3bed', 'd158543d-e9dc-0b2a-7902-b665a39db719', 'product_126', 390.0, 2);
INSERT INTO order_items (order_id, product_id, product_name, product_price, quantity)
VALUES ('1a853697-d639-7024-7a1d-281497dc3bed', '89f7c252-16f5-61cd-3e79-006400fd853a', 'product_208', 1650.0, 2);
INSERT INTO order_items (order_id, product_id, product_name, product_price, quantity)
VALUES ('1a853697-d639-7024-7a1d-281497dc3bed', '951f4bf6-be55-0e75-59a9-7e580a0d07c4', 'product_14', 600.0, 1);
INSERT INTO order_items (order_id, product_id, product_name, product_price, quantity)
VALUES ('1a853697-d639-7024-7a1d-281497dc3bed', 'f35a1ebf-94b4-c196-4fdb-5698a8e21330', 'product_170', 800.0, 1);
INSERT INTO order_items (order_id, product_id, product_name, product_price, quantity)
VALUES ('1a853697-d639-7024-7a1d-281497dc3bed', '81b3193a-f1f9-6ba6-5630-5c911f0c4a69', 'product_48', 200.0, 1);
INSERT INTO payments (order_id, venue_id, method, amount)
VALUES ('1a853697-d639-7024-7a1d-281497dc3bed', '00000000-0000-0000-0000-000000000010', 'cash', 6934.0);
INSERT INTO orders (id, venue_id, number, status, total_amount, opened_at, closed_at, table_number)
VALUES ('b8437618-22f4-c14a-53f9-b473b4a08ae8', '00000000-0000-0000-0000-000000000010', '6076', 'paid', 1400.0, '2026-01-08 18:11:51', '2026-01-08 18:11:51', '10');
INSERT INTO order_items (order_id, product_id, product_name, product_price, quantity)
VALUES ('b8437618-22f4-c14a-53f9-b473b4a08ae8', 'c0fb869e-f434-07cb-f666-b9f7e55d4032', 'product_113', 750.0, 1);
INSERT INTO order_items (order_id, product_id, product_name, product_price, quantity)
VALUES ('b8437618-22f4-c14a-53f9-b473b4a08ae8', 'bc75aa2b-4910-21bf-56ff-d9769b039d8e', 'product_47', 200.0, 1);
INSERT INTO order_items (order_id, product_id, product_name, product_price, quantity)
VALUES ('b8437618-22f4-c14a-53f9-b473b4a08ae8', '5f05b996-99f5-dfcb-e4b9-79078ca1f540', 'product_100', 450.0, 1);
INSERT INTO payments (order_id, venue_id, method, amount)
VALUES ('b8437618-22f4-c14a-53f9-b473b4a08ae8', '00000000-0000-0000-0000-000000000010', 'card', 1610.0);
INSERT INTO orders (id, venue_id, number, status, total_amount, opened_at, closed_at, table_number)
VALUES ('df8ba640-869e-84b4-738b-7a197cf726ed', '00000000-0000-0000-0000-000000000010', '6075', 'paid', 2150.0, '2026-01-08 17:58:30', '2026-01-08 17:58:30', '1');
INSERT INTO order_items (order_id, product_id, product_name, product_price, quantity)
VALUES ('df8ba640-869e-84b4-738b-7a197cf726ed', '627b586a-57c8-d217-1549-c47bb32192ac', 'product_26', 450.0, 1);
INSERT INTO order_items (order_id, product_id, product_name, product_price, quantity)
VALUES ('df8ba640-869e-84b4-738b-7a197cf726ed', '0f7cfc79-3a3f-41ac-1aa4-b27431de9236', 'product_29', 600.0, 1);
INSERT INTO order_items (order_id, product_id, product_name, product_price, quantity)
VALUES ('df8ba640-869e-84b4-738b-7a197cf726ed', 'c0fb869e-f434-07cb-f666-b9f7e55d4032', 'product_113', 750.0, 1);
INSERT INTO order_items (order_id, product_id, product_name, product_price, quantity)
VALUES ('df8ba640-869e-84b4-738b-7a197cf726ed', '09d404dd-f87b-b319-4eda-9ce7c697868d', 'product_32', 350.0, 1);
INSERT INTO payments (order_id, venue_id, method, amount)
VALUES ('df8ba640-869e-84b4-738b-7a197cf726ed', '00000000-0000-0000-0000-000000000010', 'cash', 2472.0);
INSERT INTO orders (id, venue_id, number, status, total_amount, opened_at, closed_at, table_number)
VALUES ('36ebe9a9-46ec-6e22-3018-e3805ad671a3', '00000000-0000-0000-0000-000000000010', '6070', 'paid', 2400.0, '2026-01-08 15:52:15', '2026-01-08 15:52:15', '13');
INSERT INTO order_items (order_id, product_id, product_name, product_price, quantity)
VALUES ('36ebe9a9-46ec-6e22-3018-e3805ad671a3', '5f05b996-99f5-dfcb-e4b9-79078ca1f540', 'product_100', 450.0, 1);
INSERT INTO order_items (order_id, product_id, product_name, product_price, quantity)
VALUES ('36ebe9a9-46ec-6e22-3018-e3805ad671a3', '0f7cfc79-3a3f-41ac-1aa4-b27431de9236', 'product_29', 600.0, 1);
INSERT INTO order_items (order_id, product_id, product_name, product_price, quantity)
VALUES ('36ebe9a9-46ec-6e22-3018-e3805ad671a3', '1a9038b5-12c1-4b41-756a-ce6d8bb0fac8', 'product_114', 650.0, 1);
INSERT INTO order_items (order_id, product_id, product_name, product_price, quantity)
VALUES ('36ebe9a9-46ec-6e22-3018-e3805ad671a3', '5c3938ac-271e-5674-37aa-116c20435202', 'product_234', 350.0, 1);
INSERT INTO order_items (order_id, product_id, product_name, product_price, quantity)
VALUES ('36ebe9a9-46ec-6e22-3018-e3805ad671a3', '5b7828a6-fad3-dc3f-06c7-979905efbff1', 'product_61', 350.0, 1);
INSERT INTO payments (order_id, venue_id, method, amount)
VALUES ('36ebe9a9-46ec-6e22-3018-e3805ad671a3', '00000000-0000-0000-0000-000000000010', 'cash', 2760.0);
INSERT INTO orders (id, venue_id, number, status, total_amount, opened_at, closed_at, table_number)
VALUES ('5afd661c-a9e3-90e4-a406-d58a2c10c4ff', '00000000-0000-0000-0000-000000000010', '6072', 'paid', 1000.0, '2026-01-08 13:46:11', '2026-01-08 13:46:11', '12');
INSERT INTO order_items (order_id, product_id, product_name, product_price, quantity)
VALUES ('5afd661c-a9e3-90e4-a406-d58a2c10c4ff', '8d39c5f6-7b37-38c9-14be-a79428be2504', 'product_198', 400.0, 1);
INSERT INTO order_items (order_id, product_id, product_name, product_price, quantity)
VALUES ('5afd661c-a9e3-90e4-a406-d58a2c10c4ff', 'fdb6f575-fe3f-282e-93d0-1dad56530fa5', 'product_15', 600.0, 1);
INSERT INTO payments (order_id, venue_id, method, amount)
VALUES ('5afd661c-a9e3-90e4-a406-d58a2c10c4ff', '00000000-0000-0000-0000-000000000010', 'cash', 1150.0);
INSERT INTO orders (id, venue_id, number, status, total_amount, opened_at, closed_at, table_number)
VALUES ('7b681b8d-aa4c-7650-f719-dd45a3f6d3e0', '00000000-0000-0000-0000-000000000010', '6069', 'paid', 480.0, '2026-01-08 11:55:58', '2026-01-08 11:55:58', '11');
INSERT INTO order_items (order_id, product_id, product_name, product_price, quantity)
VALUES ('7b681b8d-aa4c-7650-f719-dd45a3f6d3e0', 'da98da7c-a663-0228-294e-97c1fae50fd1', 'product_54', 160.0, 3);
INSERT INTO orders (id, venue_id, number, status, total_amount, opened_at, closed_at, table_number)
VALUES ('2f5efa1c-eb02-a152-33ad-a08a5fa33a8f', '00000000-0000-0000-0000-000000000010', '6068', 'paid', 270.0, '2026-01-08 11:55:55', '2026-01-08 11:55:55', '12');
INSERT INTO order_items (order_id, product_id, product_name, product_price, quantity)
VALUES ('2f5efa1c-eb02-a152-33ad-a08a5fa33a8f', 'b9bdca4d-a423-6c36-2351-10cf52ff0eec', 'product_230', 0.0, 2);
INSERT INTO order_items (order_id, product_id, product_name, product_price, quantity)
VALUES ('2f5efa1c-eb02-a152-33ad-a08a5fa33a8f', '021231f4-e9fa-ecbb-5f2a-ad1321ca42ea', 'product_59', 270.0, 1);
INSERT INTO orders (id, venue_id, number, status, total_amount, opened_at, closed_at, table_number)
VALUES ('45d49f8c-519f-f395-b182-856894dd4fe6', '00000000-0000-0000-0000-000000000010', '6066', 'paid', 590.0, '2026-01-08 11:38:10', '2026-01-08 11:38:10', '13');
INSERT INTO order_items (order_id, product_id, product_name, product_price, quantity)
VALUES ('45d49f8c-519f-f395-b182-856894dd4fe6', '021231f4-e9fa-ecbb-5f2a-ad1321ca42ea', 'product_59', 270.0, 1);
INSERT INTO order_items (order_id, product_id, product_name, product_price, quantity)
VALUES ('45d49f8c-519f-f395-b182-856894dd4fe6', 'da98da7c-a663-0228-294e-97c1fae50fd1', 'product_54', 160.0, 2);
INSERT INTO payments (order_id, venue_id, method, amount)
VALUES ('45d49f8c-519f-f395-b182-856894dd4fe6', '00000000-0000-0000-0000-000000000010', 'cash', 590.0);
INSERT INTO orders (id, venue_id, number, status, total_amount, opened_at, closed_at, table_number)
VALUES ('4ea1a3c1-2c5e-93fa-8255-98aaf0aab765', '00000000-0000-0000-0000-000000000010', '6063', 'paid', 360.0, '2026-01-08 11:09:44', '2026-01-08 11:09:44', '15');
INSERT INTO order_items (order_id, product_id, product_name, product_price, quantity)
VALUES ('4ea1a3c1-2c5e-93fa-8255-98aaf0aab765', 'b9bdca4d-a423-6c36-2351-10cf52ff0eec', 'product_230', 0.0, 3);
INSERT INTO order_items (order_id, product_id, product_name, product_price, quantity)
VALUES ('4ea1a3c1-2c5e-93fa-8255-98aaf0aab765', '0caff6fe-c574-8665-33ca-5f2cee71ebb2', 'product_35', 180.0, 2);
INSERT INTO orders (id, venue_id, number, status, total_amount, opened_at, closed_at, table_number)
VALUES ('af06f840-7875-5f14-2d71-82b8d93a59aa', '00000000-0000-0000-0000-000000000010', '6067', 'paid', 1450.0, '2026-01-08 11:09:31', '2026-01-08 11:09:31', '2');
INSERT INTO order_items (order_id, product_id, product_name, product_price, quantity)
VALUES ('af06f840-7875-5f14-2d71-82b8d93a59aa', '94d2bddc-c99f-2985-f8eb-9d8a4a995ad3', 'product_10', 280.0, 2);
INSERT INTO order_items (order_id, product_id, product_name, product_price, quantity)
VALUES ('af06f840-7875-5f14-2d71-82b8d93a59aa', '58e4c43b-44e0-70ce-99e7-6b0093966f41', 'product_176', 300.0, 1);
INSERT INTO order_items (order_id, product_id, product_name, product_price, quantity)
VALUES ('af06f840-7875-5f14-2d71-82b8d93a59aa', 'd46f67a1-e1dd-e079-0b5c-329f6422c4d4', 'product_60', 270.0, 1);
INSERT INTO order_items (order_id, product_id, product_name, product_price, quantity)
VALUES ('af06f840-7875-5f14-2d71-82b8d93a59aa', 'da98da7c-a663-0228-294e-97c1fae50fd1', 'product_54', 160.0, 2);
INSERT INTO orders (id, venue_id, number, status, total_amount, opened_at, closed_at, table_number)
VALUES ('24ef99ec-ab21-98c8-0ba0-f8601bfe94c4', '00000000-0000-0000-0000-000000000010', '6064', 'paid', 990.0, '2026-01-08 11:09:27', '2026-01-08 11:09:27', '1');
INSERT INTO order_items (order_id, product_id, product_name, product_price, quantity)
VALUES ('24ef99ec-ab21-98c8-0ba0-f8601bfe94c4', 'b9bdca4d-a423-6c36-2351-10cf52ff0eec', 'product_230', 0.0, 1);
INSERT INTO order_items (order_id, product_id, product_name, product_price, quantity)
VALUES ('24ef99ec-ab21-98c8-0ba0-f8601bfe94c4', '2836be19-8d27-0aa1-68ed-3bbc6cf94fb8', 'product_13', 250.0, 1);
INSERT INTO order_items (order_id, product_id, product_name, product_price, quantity)
VALUES ('24ef99ec-ab21-98c8-0ba0-f8601bfe94c4', '34be4c41-8483-67b6-927a-0bdb8761fbe4', 'product_162', 150.0, 2);
INSERT INTO order_items (order_id, product_id, product_name, product_price, quantity)
VALUES ('24ef99ec-ab21-98c8-0ba0-f8601bfe94c4', 'ec61223f-a380-dd08-f9eb-461b3c2f80e6', 'product_163', 100.0, 1);
INSERT INTO order_items (order_id, product_id, product_name, product_price, quantity)
VALUES ('24ef99ec-ab21-98c8-0ba0-f8601bfe94c4', 'da98da7c-a663-0228-294e-97c1fae50fd1', 'product_54', 160.0, 1);
INSERT INTO order_items (order_id, product_id, product_name, product_price, quantity)
VALUES ('24ef99ec-ab21-98c8-0ba0-f8601bfe94c4', '0caff6fe-c574-8665-33ca-5f2cee71ebb2', 'product_35', 180.0, 1);
INSERT INTO orders (id, venue_id, number, status, total_amount, opened_at, closed_at, table_number)
VALUES ('74666620-96b5-01d7-4300-de86599710b8', '00000000-0000-0000-0000-000000000010', '6059', 'paid', 2850.0, '2026-01-08 11:03:40', '2026-01-08 11:03:40', '11');
INSERT INTO order_items (order_id, product_id, product_name, product_price, quantity)
VALUES ('74666620-96b5-01d7-4300-de86599710b8', 'c0fb869e-f434-07cb-f666-b9f7e55d4032', 'product_113', 750.0, 2);
INSERT INTO order_items (order_id, product_id, product_name, product_price, quantity)
VALUES ('74666620-96b5-01d7-4300-de86599710b8', '1a9038b5-12c1-4b41-756a-ce6d8bb0fac8', 'product_114', 650.0, 1);
INSERT INTO order_items (order_id, product_id, product_name, product_price, quantity)
VALUES ('74666620-96b5-01d7-4300-de86599710b8', 'badf5f45-b516-78fa-fbe7-ff32ed526953', 'product_226', 700.0, 1);
INSERT INTO payments (order_id, venue_id, method, amount)
VALUES ('74666620-96b5-01d7-4300-de86599710b8', '00000000-0000-0000-0000-000000000010', 'card', 3277.0);
INSERT INTO orders (id, venue_id, number, status, total_amount, opened_at, closed_at, table_number)
VALUES ('f464c706-2d5a-7a38-984f-2bb630cf6776', '00000000-0000-0000-0000-000000000010', '6065', 'paid', 2330.0, '2026-01-07 21:43:06', '2026-01-07 21:43:06', '12');
INSERT INTO order_items (order_id, product_id, product_name, product_price, quantity)
VALUES ('f464c706-2d5a-7a38-984f-2bb630cf6776', 'dcd34bec-b943-9872-b2cb-cb0a447c06ad', 'product_214', 770.0, 1);
INSERT INTO order_items (order_id, product_id, product_name, product_price, quantity)
VALUES ('f464c706-2d5a-7a38-984f-2bb630cf6776', 'ca58c9ff-fe24-427b-5955-2cd4feccec48', 'product_116', 300.0, 2);
INSERT INTO order_items (order_id, product_id, product_name, product_price, quantity)
VALUES ('f464c706-2d5a-7a38-984f-2bb630cf6776', 'fdb6f575-fe3f-282e-93d0-1dad56530fa5', 'product_15', 600.0, 1);
INSERT INTO order_items (order_id, product_id, product_name, product_price, quantity)
VALUES ('f464c706-2d5a-7a38-984f-2bb630cf6776', '12dd0c72-4671-5cd8-b7da-98389426555c', 'product_228', 0.0, 1);
INSERT INTO order_items (order_id, product_id, product_name, product_price, quantity)
VALUES ('f464c706-2d5a-7a38-984f-2bb630cf6776', '6599a59a-6cf7-70c9-0971-07a0078ce7cf', 'product_128', 360.0, 1);
INSERT INTO payments (order_id, venue_id, method, amount)
VALUES ('f464c706-2d5a-7a38-984f-2bb630cf6776', '00000000-0000-0000-0000-000000000010', 'cash', 2679.0);
INSERT INTO orders (id, venue_id, number, status, total_amount, opened_at, closed_at, table_number)
VALUES ('2604a71f-6b8a-44e3-a707-4a741bd7c8b4', '00000000-0000-0000-0000-000000000010', '6060', 'paid', 4480.0, '2026-01-07 20:57:28', '2026-01-07 20:57:28', '13');
INSERT INTO order_items (order_id, product_id, product_name, product_price, quantity)
VALUES ('2604a71f-6b8a-44e3-a707-4a741bd7c8b4', 'd158543d-e9dc-0b2a-7902-b665a39db719', 'product_126', 390.0, 2);
INSERT INTO order_items (order_id, product_id, product_name, product_price, quantity)
VALUES ('2604a71f-6b8a-44e3-a707-4a741bd7c8b4', '5b7828a6-fad3-dc3f-06c7-979905efbff1', 'product_61', 350.0, 1);
INSERT INTO order_items (order_id, product_id, product_name, product_price, quantity)
VALUES ('2604a71f-6b8a-44e3-a707-4a741bd7c8b4', '951f4bf6-be55-0e75-59a9-7e580a0d07c4', 'product_14', 600.0, 1);
INSERT INTO order_items (order_id, product_id, product_name, product_price, quantity)
VALUES ('2604a71f-6b8a-44e3-a707-4a741bd7c8b4', 'c0fb869e-f434-07cb-f666-b9f7e55d4032', 'product_113', 750.0, 2);
INSERT INTO order_items (order_id, product_id, product_name, product_price, quantity)
VALUES ('2604a71f-6b8a-44e3-a707-4a741bd7c8b4', '6e00b5a0-6b62-d942-73e4-86982bcae389', 'product_21', 1250.0, 1);
INSERT INTO payments (order_id, venue_id, method, amount)
VALUES ('2604a71f-6b8a-44e3-a707-4a741bd7c8b4', '00000000-0000-0000-0000-000000000010', 'cash', 5152.0);
INSERT INTO orders (id, venue_id, number, status, total_amount, opened_at, closed_at, table_number)
VALUES ('62a59a5f-baf9-fd9a-90c3-9598bd63f402', '00000000-0000-0000-0000-000000000010', '6062', 'paid', 0.0, '2026-01-07 20:31:35', '2026-01-07 20:31:35', '9');
INSERT INTO order_items (order_id, product_id, product_name, product_price, quantity)
VALUES ('62a59a5f-baf9-fd9a-90c3-9598bd63f402', '1afe238c-a186-0e67-9e9d-d39b8c4abe8a', 'product_229', 0.0, 1);
INSERT INTO orders (id, venue_id, number, status, total_amount, opened_at, closed_at, table_number)
VALUES ('04d6f8bf-e3ea-a502-5d07-694c7769ab31', '00000000-0000-0000-0000-000000000010', '6055', 'paid', 0.0, '2026-01-07 20:31:15', '2026-01-07 20:31:15', '9');
INSERT INTO order_items (order_id, product_id, product_name, product_price, quantity)
VALUES ('04d6f8bf-e3ea-a502-5d07-694c7769ab31', '82c55340-bd07-2a9a-a6cc-6ce377f958f2', 'product_148', 0.0, 1);
INSERT INTO order_items (order_id, product_id, product_name, product_price, quantity)
VALUES ('04d6f8bf-e3ea-a502-5d07-694c7769ab31', '82c55340-bd07-2a9a-a6cc-6ce377f958f2', 'product_148', 0.0, 1);
INSERT INTO order_items (order_id, product_id, product_name, product_price, quantity)
VALUES ('04d6f8bf-e3ea-a502-5d07-694c7769ab31', '12dd0c72-4671-5cd8-b7da-98389426555c', 'product_228', 0.0, 1);
INSERT INTO orders (id, venue_id, number, status, total_amount, opened_at, closed_at, table_number)
VALUES ('67213383-199a-92e0-e3fd-fb7fb6606e9f', '00000000-0000-0000-0000-000000000010', '6061', 'paid', 2000.0, '2026-01-07 20:30:28', '2026-01-07 20:30:28', '1');
INSERT INTO order_items (order_id, product_id, product_name, product_price, quantity)
VALUES ('67213383-199a-92e0-e3fd-fb7fb6606e9f', 'e2e0597c-8c7b-c017-0aeb-164d7e7401db', 'product_173', 1000.0, 2);
INSERT INTO orders (id, venue_id, number, status, total_amount, opened_at, closed_at, table_number)
VALUES ('dab5cf8c-cc0a-626e-4089-c9908e69a180', '00000000-0000-0000-0000-000000000010', '6032', 'paid', 1320.0, '2026-01-07 19:06:18', '2026-01-07 19:06:18', '15');
INSERT INTO order_items (order_id, product_id, product_name, product_price, quantity)
VALUES ('dab5cf8c-cc0a-626e-4089-c9908e69a180', 'da98da7c-a663-0228-294e-97c1fae50fd1', 'product_54', 160.0, 6);
INSERT INTO order_items (order_id, product_id, product_name, product_price, quantity)
VALUES ('dab5cf8c-cc0a-626e-4089-c9908e69a180', '0caff6fe-c574-8665-33ca-5f2cee71ebb2', 'product_35', 180.0, 2);
INSERT INTO payments (order_id, venue_id, method, amount)
VALUES ('dab5cf8c-cc0a-626e-4089-c9908e69a180', '00000000-0000-0000-0000-000000000010', 'cash', 1518.0);
INSERT INTO orders (id, venue_id, number, status, total_amount, opened_at, closed_at, table_number)
VALUES ('c39cd110-a507-21a4-406b-8e586c168fa9', '00000000-0000-0000-0000-000000000010', '6058', 'paid', 2430.0, '2026-01-07 18:00:55', '2026-01-07 18:00:55', '8');
INSERT INTO order_items (order_id, product_id, product_name, product_price, quantity)
VALUES ('c39cd110-a507-21a4-406b-8e586c168fa9', '4cb15d99-ad0e-d256-a257-afdad4bf887e', 'product_110', 1650.0, 1);
INSERT INTO order_items (order_id, product_id, product_name, product_price, quantity)
VALUES ('c39cd110-a507-21a4-406b-8e586c168fa9', '1d55740b-7a2f-ce7c-d33a-454fb2de27dc', 'product_155', 400.0, 1);
INSERT INTO order_items (order_id, product_id, product_name, product_price, quantity)
VALUES ('c39cd110-a507-21a4-406b-8e586c168fa9', '260b99e2-59bd-a3dc-c313-434aff0daf54', 'product_144', 180.0, 1);
INSERT INTO order_items (order_id, product_id, product_name, product_price, quantity)
VALUES ('c39cd110-a507-21a4-406b-8e586c168fa9', '7c7c305a-92ed-bc40-0bb5-1155fc4e313f', 'product_99', 200.0, 1);
INSERT INTO payments (order_id, venue_id, method, amount)
VALUES ('c39cd110-a507-21a4-406b-8e586c168fa9', '00000000-0000-0000-0000-000000000010', 'card', 2794.0);
INSERT INTO orders (id, venue_id, number, status, total_amount, opened_at, closed_at, table_number)
VALUES ('b4197bd5-b765-adce-8096-d33a60bed664', '00000000-0000-0000-0000-000000000010', '6052', 'paid', 2390.0, '2026-01-07 15:47:29', '2026-01-07 15:47:29', '13');
INSERT INTO order_items (order_id, product_id, product_name, product_price, quantity)
VALUES ('b4197bd5-b765-adce-8096-d33a60bed664', '5c3938ac-271e-5674-37aa-116c20435202', 'product_234', 350.0, 1);
INSERT INTO order_items (order_id, product_id, product_name, product_price, quantity)
VALUES ('b4197bd5-b765-adce-8096-d33a60bed664', '134318a5-b3ba-8433-c9f4-446b46b10995', 'product_37', 350.0, 1);
INSERT INTO order_items (order_id, product_id, product_name, product_price, quantity)
VALUES ('b4197bd5-b765-adce-8096-d33a60bed664', '627b586a-57c8-d217-1549-c47bb32192ac', 'product_26', 450.0, 1);
INSERT INTO order_items (order_id, product_id, product_name, product_price, quantity)
VALUES ('b4197bd5-b765-adce-8096-d33a60bed664', 'ba729be8-36f6-fb9a-7e2c-4b99753cb652', 'product_217', 590.0, 1);
INSERT INTO order_items (order_id, product_id, product_name, product_price, quantity)
VALUES ('b4197bd5-b765-adce-8096-d33a60bed664', '5f05b996-99f5-dfcb-e4b9-79078ca1f540', 'product_100', 450.0, 1);
INSERT INTO order_items (order_id, product_id, product_name, product_price, quantity)
VALUES ('b4197bd5-b765-adce-8096-d33a60bed664', '7c7c305a-92ed-bc40-0bb5-1155fc4e313f', 'product_99', 200.0, 1);
INSERT INTO payments (order_id, venue_id, method, amount)
VALUES ('b4197bd5-b765-adce-8096-d33a60bed664', '00000000-0000-0000-0000-000000000010', 'cash', 2748.0);
INSERT INTO orders (id, venue_id, number, status, total_amount, opened_at, closed_at, table_number)
VALUES ('2ffcfd94-55c1-574a-d885-1fce3e8ba850', '00000000-0000-0000-0000-000000000010', '6056', 'paid', 4640.0, '2026-01-07 15:38:38', '2026-01-07 15:38:38', '7');
INSERT INTO order_items (order_id, product_id, product_name, product_price, quantity)
VALUES ('2ffcfd94-55c1-574a-d885-1fce3e8ba850', '0f7cfc79-3a3f-41ac-1aa4-b27431de9236', 'product_29', 600.0, 3);
INSERT INTO order_items (order_id, product_id, product_name, product_price, quantity)
VALUES ('2ffcfd94-55c1-574a-d885-1fce3e8ba850', '7b0b5f60-47be-c07e-9585-af9a20b6d773', 'product_9', 440.0, 2);
INSERT INTO order_items (order_id, product_id, product_name, product_price, quantity)
VALUES ('2ffcfd94-55c1-574a-d885-1fce3e8ba850', '8d266d35-f6a4-b267-e097-564510f7f857', 'product_12', 250.0, 1);
INSERT INTO order_items (order_id, product_id, product_name, product_price, quantity)
VALUES ('2ffcfd94-55c1-574a-d885-1fce3e8ba850', '58e4c43b-44e0-70ce-99e7-6b0093966f41', 'product_176', 300.0, 1);
INSERT INTO order_items (order_id, product_id, product_name, product_price, quantity)
VALUES ('2ffcfd94-55c1-574a-d885-1fce3e8ba850', '0caff6fe-c574-8665-33ca-5f2cee71ebb2', 'product_35', 180.0, 2);
INSERT INTO order_items (order_id, product_id, product_name, product_price, quantity)
VALUES ('2ffcfd94-55c1-574a-d885-1fce3e8ba850', 'd6248727-8d48-1513-14ba-2abe0e9b6abf', 'product_39', 350.0, 2);
INSERT INTO order_items (order_id, product_id, product_name, product_price, quantity)
VALUES ('2ffcfd94-55c1-574a-d885-1fce3e8ba850', '3b80474c-9414-a513-7578-5a4d84e49583', 'product_38', 350.0, 1);
INSERT INTO payments (order_id, venue_id, method, amount)
VALUES ('2ffcfd94-55c1-574a-d885-1fce3e8ba850', '00000000-0000-0000-0000-000000000010', 'card', 5336.0);
INSERT INTO orders (id, venue_id, number, status, total_amount, opened_at, closed_at, table_number)
VALUES ('f265693c-1170-19d0-8bca-bb3efb5bb5e6', '00000000-0000-0000-0000-000000000010', '6057', 'paid', 1640.0, '2026-01-07 14:29:40', '2026-01-07 14:29:40', '8');
INSERT INTO order_items (order_id, product_id, product_name, product_price, quantity)
VALUES ('f265693c-1170-19d0-8bca-bb3efb5bb5e6', 'ce90a2e4-a08b-570d-aca7-50bb5d2d0ab2', 'product_112', 400.0, 1);
INSERT INTO order_items (order_id, product_id, product_name, product_price, quantity)
VALUES ('f265693c-1170-19d0-8bca-bb3efb5bb5e6', '81b3193a-f1f9-6ba6-5630-5c911f0c4a69', 'product_48', 200.0, 1);
INSERT INTO order_items (order_id, product_id, product_name, product_price, quantity)
VALUES ('f265693c-1170-19d0-8bca-bb3efb5bb5e6', '021231f4-e9fa-ecbb-5f2a-ad1321ca42ea', 'product_59', 270.0, 2);
INSERT INTO order_items (order_id, product_id, product_name, product_price, quantity)
VALUES ('f265693c-1170-19d0-8bca-bb3efb5bb5e6', '338bdc4d-fbd5-43ad-a7a7-3951ceca3a16', 'product_97', 250.0, 2);
INSERT INTO payments (order_id, venue_id, method, amount)
VALUES ('f265693c-1170-19d0-8bca-bb3efb5bb5e6', '00000000-0000-0000-0000-000000000010', 'cash', 1886.0);
INSERT INTO orders (id, venue_id, number, status, total_amount, opened_at, closed_at, table_number)
VALUES ('7bf01790-a617-b8c6-1181-efb9a7217388', '00000000-0000-0000-0000-000000000010', '6053', 'paid', 340.0, '2026-01-07 11:53:13', '2026-01-07 11:53:13', '5');
INSERT INTO order_items (order_id, product_id, product_name, product_price, quantity)
VALUES ('7bf01790-a617-b8c6-1181-efb9a7217388', 'b9bdca4d-a423-6c36-2351-10cf52ff0eec', 'product_230', 0.0, 3);
INSERT INTO order_items (order_id, product_id, product_name, product_price, quantity)
VALUES ('7bf01790-a617-b8c6-1181-efb9a7217388', 'da98da7c-a663-0228-294e-97c1fae50fd1', 'product_54', 160.0, 1);
INSERT INTO order_items (order_id, product_id, product_name, product_price, quantity)
VALUES ('7bf01790-a617-b8c6-1181-efb9a7217388', '0caff6fe-c574-8665-33ca-5f2cee71ebb2', 'product_35', 180.0, 1);
INSERT INTO orders (id, venue_id, number, status, total_amount, opened_at, closed_at, table_number)
VALUES ('e1442ea2-1b52-ca4b-2893-6690276d090f', '00000000-0000-0000-0000-000000000010', '6051', 'paid', 1330.0, '2026-01-07 11:52:47', '2026-01-07 11:52:47', '12');
INSERT INTO order_items (order_id, product_id, product_name, product_price, quantity)
VALUES ('e1442ea2-1b52-ca4b-2893-6690276d090f', '7b0b5f60-47be-c07e-9585-af9a20b6d773', 'product_9', 440.0, 2);
INSERT INTO order_items (order_id, product_id, product_name, product_price, quantity)
VALUES ('e1442ea2-1b52-ca4b-2893-6690276d090f', 'd46f67a1-e1dd-e079-0b5c-329f6422c4d4', 'product_60', 270.0, 1);
INSERT INTO order_items (order_id, product_id, product_name, product_price, quantity)
VALUES ('e1442ea2-1b52-ca4b-2893-6690276d090f', 'a2b39819-292c-0b80-799d-c77d7020fc9d', 'product_34', 180.0, 1);
INSERT INTO orders (id, venue_id, number, status, total_amount, opened_at, closed_at, table_number)
VALUES ('20069413-24f6-1c0d-d607-16686db26397', '00000000-0000-0000-0000-000000000010', '6054', 'paid', 870.0, '2026-01-07 11:52:43', '2026-01-07 11:52:43', '11');
INSERT INTO order_items (order_id, product_id, product_name, product_price, quantity)
VALUES ('20069413-24f6-1c0d-d607-16686db26397', 'b9bdca4d-a423-6c36-2351-10cf52ff0eec', 'product_230', 0.0, 2);
INSERT INTO order_items (order_id, product_id, product_name, product_price, quantity)
VALUES ('20069413-24f6-1c0d-d607-16686db26397', '8d266d35-f6a4-b267-e097-564510f7f857', 'product_12', 250.0, 1);
INSERT INTO order_items (order_id, product_id, product_name, product_price, quantity)
VALUES ('20069413-24f6-1c0d-d607-16686db26397', '34be4c41-8483-67b6-927a-0bdb8761fbe4', 'product_162', 150.0, 2);
INSERT INTO order_items (order_id, product_id, product_name, product_price, quantity)
VALUES ('20069413-24f6-1c0d-d607-16686db26397', 'da98da7c-a663-0228-294e-97c1fae50fd1', 'product_54', 160.0, 2);
INSERT INTO orders (id, venue_id, number, status, total_amount, opened_at, closed_at, table_number)
VALUES ('15d618fd-44b7-dc80-9691-1dc3f792a5ea', '00000000-0000-0000-0000-000000000010', '6048', 'paid', 1010.0, '2026-01-07 11:52:39', '2026-01-07 11:52:39', '10');
INSERT INTO order_items (order_id, product_id, product_name, product_price, quantity)
VALUES ('15d618fd-44b7-dc80-9691-1dc3f792a5ea', 'b9bdca4d-a423-6c36-2351-10cf52ff0eec', 'product_230', 0.0, 1);
INSERT INTO order_items (order_id, product_id, product_name, product_price, quantity)
VALUES ('15d618fd-44b7-dc80-9691-1dc3f792a5ea', '2836be19-8d27-0aa1-68ed-3bbc6cf94fb8', 'product_13', 250.0, 1);
INSERT INTO order_items (order_id, product_id, product_name, product_price, quantity)
VALUES ('15d618fd-44b7-dc80-9691-1dc3f792a5ea', '94d2bddc-c99f-2985-f8eb-9d8a4a995ad3', 'product_10', 280.0, 1);
INSERT INTO order_items (order_id, product_id, product_name, product_price, quantity)
VALUES ('15d618fd-44b7-dc80-9691-1dc3f792a5ea', 'da98da7c-a663-0228-294e-97c1fae50fd1', 'product_54', 160.0, 3);
INSERT INTO orders (id, venue_id, number, status, total_amount, opened_at, closed_at, table_number)
VALUES ('09edca51-8125-826d-720e-3d70a1a50e54', '00000000-0000-0000-0000-000000000010', '6049', 'paid', 1800.0, '2026-01-06 21:53:41', '2026-01-06 21:53:41', '13');
INSERT INTO order_items (order_id, product_id, product_name, product_price, quantity)
VALUES ('09edca51-8125-826d-720e-3d70a1a50e54', '627b586a-57c8-d217-1549-c47bb32192ac', 'product_26', 450.0, 1);
INSERT INTO order_items (order_id, product_id, product_name, product_price, quantity)
VALUES ('09edca51-8125-826d-720e-3d70a1a50e54', '5f05b996-99f5-dfcb-e4b9-79078ca1f540', 'product_100', 450.0, 1);
INSERT INTO order_items (order_id, product_id, product_name, product_price, quantity)
VALUES ('09edca51-8125-826d-720e-3d70a1a50e54', '4f62358e-97a1-94f3-88a7-2af7ee5afc60', 'product_182', 300.0, 1);
INSERT INTO order_items (order_id, product_id, product_name, product_price, quantity)
VALUES ('09edca51-8125-826d-720e-3d70a1a50e54', '8b7920ef-e954-d760-2a69-99cafc830c2e', 'product_171', 250.0, 1);
INSERT INTO order_items (order_id, product_id, product_name, product_price, quantity)
VALUES ('09edca51-8125-826d-720e-3d70a1a50e54', '7a291d79-c795-0f76-118b-25d10a078238', 'product_191', 350.0, 1);
INSERT INTO payments (order_id, venue_id, method, amount)
VALUES ('09edca51-8125-826d-720e-3d70a1a50e54', '00000000-0000-0000-0000-000000000010', 'card', 2070.0);
INSERT INTO orders (id, venue_id, number, status, total_amount, opened_at, closed_at, table_number)
VALUES ('823e4fba-f3c7-0b53-c5d2-d4041199b8c4', '00000000-0000-0000-0000-000000000010', '6050', 'paid', 2750.0, '2026-01-06 21:32:07', '2026-01-06 21:32:07', '12');
INSERT INTO order_items (order_id, product_id, product_name, product_price, quantity)
VALUES ('823e4fba-f3c7-0b53-c5d2-d4041199b8c4', 'ce90a2e4-a08b-570d-aca7-50bb5d2d0ab2', 'product_112', 400.0, 1);
INSERT INTO order_items (order_id, product_id, product_name, product_price, quantity)
VALUES ('823e4fba-f3c7-0b53-c5d2-d4041199b8c4', 'ba729be8-36f6-fb9a-7e2c-4b99753cb652', 'product_217', 590.0, 1);
INSERT INTO order_items (order_id, product_id, product_name, product_price, quantity)
VALUES ('823e4fba-f3c7-0b53-c5d2-d4041199b8c4', 'd158543d-e9dc-0b2a-7902-b665a39db719', 'product_126', 390.0, 2);
INSERT INTO order_items (order_id, product_id, product_name, product_price, quantity)
VALUES ('823e4fba-f3c7-0b53-c5d2-d4041199b8c4', '1d55740b-7a2f-ce7c-d33a-454fb2de27dc', 'product_155', 400.0, 2);
INSERT INTO order_items (order_id, product_id, product_name, product_price, quantity)
VALUES ('823e4fba-f3c7-0b53-c5d2-d4041199b8c4', 'fa1ac02b-7f93-b40e-a05d-de600d45dcdb', 'product_235', 180.0, 1);
INSERT INTO payments (order_id, venue_id, method, amount)
VALUES ('823e4fba-f3c7-0b53-c5d2-d4041199b8c4', '00000000-0000-0000-0000-000000000010', 'card', 3162.0);
INSERT INTO orders (id, venue_id, number, status, total_amount, opened_at, closed_at, table_number)
VALUES ('6ce3e0ec-ada6-cc1e-41d7-142f524e50dd', '00000000-0000-0000-0000-000000000010', '6047', 'paid', 700.0, '2026-01-06 20:38:11', '2026-01-06 20:38:11', '10');
INSERT INTO order_items (order_id, product_id, product_name, product_price, quantity)
VALUES ('6ce3e0ec-ada6-cc1e-41d7-142f524e50dd', '09d404dd-f87b-b319-4eda-9ce7c697868d', 'product_32', 350.0, 1);
INSERT INTO order_items (order_id, product_id, product_name, product_price, quantity)
VALUES ('6ce3e0ec-ada6-cc1e-41d7-142f524e50dd', '7a291d79-c795-0f76-118b-25d10a078238', 'product_191', 350.0, 1);
INSERT INTO payments (order_id, venue_id, method, amount)
VALUES ('6ce3e0ec-ada6-cc1e-41d7-142f524e50dd', '00000000-0000-0000-0000-000000000010', 'cash', 805.0);
INSERT INTO orders (id, venue_id, number, status, total_amount, opened_at, closed_at, table_number)
VALUES ('04008b1c-e8dd-7cb7-04d8-5d910d983856', '00000000-0000-0000-0000-000000000010', '6043', 'paid', 3820.0, '2026-01-06 19:26:53', '2026-01-06 19:26:53', '11');
INSERT INTO order_items (order_id, product_id, product_name, product_price, quantity)
VALUES ('04008b1c-e8dd-7cb7-04d8-5d910d983856', 'c0fb869e-f434-07cb-f666-b9f7e55d4032', 'product_113', 750.0, 1);
INSERT INTO order_items (order_id, product_id, product_name, product_price, quantity)
VALUES ('04008b1c-e8dd-7cb7-04d8-5d910d983856', '1a9038b5-12c1-4b41-756a-ce6d8bb0fac8', 'product_114', 650.0, 1);
INSERT INTO order_items (order_id, product_id, product_name, product_price, quantity)
VALUES ('04008b1c-e8dd-7cb7-04d8-5d910d983856', '6e00b5a0-6b62-d942-73e4-86982bcae389', 'product_21', 1250.0, 1);
INSERT INTO order_items (order_id, product_id, product_name, product_price, quantity)
VALUES ('04008b1c-e8dd-7cb7-04d8-5d910d983856', '81b3193a-f1f9-6ba6-5630-5c911f0c4a69', 'product_48', 200.0, 1);
INSERT INTO order_items (order_id, product_id, product_name, product_price, quantity)
VALUES ('04008b1c-e8dd-7cb7-04d8-5d910d983856', '0caff6fe-c574-8665-33ca-5f2cee71ebb2', 'product_35', 180.0, 1);
INSERT INTO order_items (order_id, product_id, product_name, product_price, quantity)
VALUES ('04008b1c-e8dd-7cb7-04d8-5d910d983856', 'da98da7c-a663-0228-294e-97c1fae50fd1', 'product_54', 160.0, 1);
INSERT INTO order_items (order_id, product_id, product_name, product_price, quantity)
VALUES ('04008b1c-e8dd-7cb7-04d8-5d910d983856', '627b586a-57c8-d217-1549-c47bb32192ac', 'product_26', 450.0, 1);
INSERT INTO order_items (order_id, product_id, product_name, product_price, quantity)
VALUES ('04008b1c-e8dd-7cb7-04d8-5d910d983856', '0caff6fe-c574-8665-33ca-5f2cee71ebb2', 'product_35', 180.0, 1);
INSERT INTO payments (order_id, venue_id, method, amount)
VALUES ('04008b1c-e8dd-7cb7-04d8-5d910d983856', '00000000-0000-0000-0000-000000000010', 'card', 4393.0);
INSERT INTO orders (id, venue_id, number, status, total_amount, opened_at, closed_at, table_number)
VALUES ('bfff1ddf-6fa7-79e1-92f2-45af1e17a9eb', '00000000-0000-0000-0000-000000000010', '6046', 'paid', 0.0, '2026-01-06 18:06:44', '2026-01-06 18:06:44', '9');
INSERT INTO order_items (order_id, product_id, product_name, product_price, quantity)
VALUES ('bfff1ddf-6fa7-79e1-92f2-45af1e17a9eb', '82c55340-bd07-2a9a-a6cc-6ce377f958f2', 'product_148', 0.0, 1);
INSERT INTO orders (id, venue_id, number, status, total_amount, opened_at, closed_at, table_number)
VALUES ('408ee496-b09a-82de-73a9-01ff781b4f3f', '00000000-0000-0000-0000-000000000010', '6045', 'paid', 0.0, '2026-01-06 18:06:31', '2026-01-06 18:06:31', '9');
INSERT INTO order_items (order_id, product_id, product_name, product_price, quantity)
VALUES ('408ee496-b09a-82de-73a9-01ff781b4f3f', '82c55340-bd07-2a9a-a6cc-6ce377f958f2', 'product_148', 0.0, 1);
INSERT INTO orders (id, venue_id, number, status, total_amount, opened_at, closed_at, table_number)
VALUES ('bcbf0b29-3e01-81c1-49fc-bc721dde1e8c', '00000000-0000-0000-0000-000000000010', '6044', 'paid', 0.0, '2026-01-06 18:05:08', '2026-01-06 18:05:08', '9');
INSERT INTO order_items (order_id, product_id, product_name, product_price, quantity)
VALUES ('bcbf0b29-3e01-81c1-49fc-bc721dde1e8c', '1afe238c-a186-0e67-9e9d-d39b8c4abe8a', 'product_229', 0.0, 2);
INSERT INTO orders (id, venue_id, number, status, total_amount, opened_at, closed_at, table_number)
VALUES ('45651e68-f766-a549-ae96-84598f295549', '00000000-0000-0000-0000-000000000010', '6042', 'paid', 1230.0, '2026-01-06 16:46:36', '2026-01-06 16:46:36', '7');
INSERT INTO order_items (order_id, product_id, product_name, product_price, quantity)
VALUES ('45651e68-f766-a549-ae96-84598f295549', '7b0b5f60-47be-c07e-9585-af9a20b6d773', 'product_9', 440.0, 2);
INSERT INTO order_items (order_id, product_id, product_name, product_price, quantity)
VALUES ('45651e68-f766-a549-ae96-84598f295549', '5c3938ac-271e-5674-37aa-116c20435202', 'product_234', 350.0, 1);
INSERT INTO payments (order_id, venue_id, method, amount)
VALUES ('45651e68-f766-a549-ae96-84598f295549', '00000000-0000-0000-0000-000000000010', 'card', 1414.0);
INSERT INTO orders (id, venue_id, number, status, total_amount, opened_at, closed_at, table_number)
VALUES ('b1384e09-b6a5-3053-6fdf-4ca681d4eb9d', '00000000-0000-0000-0000-000000000010', '6041', 'paid', 200.0, '2026-01-06 13:36:04', '2026-01-06 13:36:04', '14');
INSERT INTO order_items (order_id, product_id, product_name, product_price, quantity)
VALUES ('b1384e09-b6a5-3053-6fdf-4ca681d4eb9d', '7c7c305a-92ed-bc40-0bb5-1155fc4e313f', 'product_99', 200.0, 1);
INSERT INTO payments (order_id, venue_id, method, amount)
VALUES ('b1384e09-b6a5-3053-6fdf-4ca681d4eb9d', '00000000-0000-0000-0000-000000000010', 'cash', 200.0);
INSERT INTO orders (id, venue_id, number, status, total_amount, opened_at, closed_at, table_number)
VALUES ('bec3af65-413c-b01f-c031-f7f850a6520b', '00000000-0000-0000-0000-000000000010', '6040', 'paid', 460.0, '2026-01-06 12:26:20', '2026-01-06 12:26:20', '10');
INSERT INTO order_items (order_id, product_id, product_name, product_price, quantity)
VALUES ('bec3af65-413c-b01f-c031-f7f850a6520b', '4695b67d-781a-20db-f80e-66824f8cfc13', 'product_55', 230.0, 2);
INSERT INTO payments (order_id, venue_id, method, amount)
VALUES ('bec3af65-413c-b01f-c031-f7f850a6520b', '00000000-0000-0000-0000-000000000010', 'card', 460.0);
INSERT INTO orders (id, venue_id, number, status, total_amount, opened_at, closed_at, table_number)
VALUES ('2e17f0bf-396a-dd88-1e9f-c6a215c21552', '00000000-0000-0000-0000-000000000010', '6039', 'paid', 0.0, '2026-01-06 11:35:23', '2026-01-06 11:35:23', '12');
INSERT INTO order_items (order_id, product_id, product_name, product_price, quantity)
VALUES ('2e17f0bf-396a-dd88-1e9f-c6a215c21552', 'fdc9a1d9-d212-6915-9a25-025e9880e5ea', 'product_165', 0.0, 1);
INSERT INTO orders (id, venue_id, number, status, total_amount, opened_at, closed_at, table_number)
VALUES ('4a7283b5-3f43-aca0-3d2f-9e89d88406b5', '00000000-0000-0000-0000-000000000010', '6038', 'paid', 1360.0, '2026-01-06 11:28:38', '2026-01-06 11:28:38', '12');
INSERT INTO order_items (order_id, product_id, product_name, product_price, quantity)
VALUES ('4a7283b5-3f43-aca0-3d2f-9e89d88406b5', '7b0b5f60-47be-c07e-9585-af9a20b6d773', 'product_9', 440.0, 1);
INSERT INTO order_items (order_id, product_id, product_name, product_price, quantity)
VALUES ('4a7283b5-3f43-aca0-3d2f-9e89d88406b5', '94d2bddc-c99f-2985-f8eb-9d8a4a995ad3', 'product_10', 280.0, 1);
INSERT INTO order_items (order_id, product_id, product_name, product_price, quantity)
VALUES ('4a7283b5-3f43-aca0-3d2f-9e89d88406b5', 'ec61223f-a380-dd08-f9eb-461b3c2f80e6', 'product_163', 100.0, 1);
INSERT INTO order_items (order_id, product_id, product_name, product_price, quantity)
VALUES ('4a7283b5-3f43-aca0-3d2f-9e89d88406b5', '021231f4-e9fa-ecbb-5f2a-ad1321ca42ea', 'product_59', 270.0, 2);
INSERT INTO orders (id, venue_id, number, status, total_amount, opened_at, closed_at, table_number)
VALUES ('59195993-f53f-9799-2e1b-411800f0e545', '00000000-0000-0000-0000-000000000010', '6036', 'paid', 1730.0, '2026-01-06 11:25:42', '2026-01-06 11:25:42', '15');
INSERT INTO order_items (order_id, product_id, product_name, product_price, quantity)
VALUES ('59195993-f53f-9799-2e1b-411800f0e545', '7b0b5f60-47be-c07e-9585-af9a20b6d773', 'product_9', 440.0, 3);
INSERT INTO order_items (order_id, product_id, product_name, product_price, quantity)
VALUES ('59195993-f53f-9799-2e1b-411800f0e545', '4695b67d-781a-20db-f80e-66824f8cfc13', 'product_55', 230.0, 1);
INSERT INTO order_items (order_id, product_id, product_name, product_price, quantity)
VALUES ('59195993-f53f-9799-2e1b-411800f0e545', '0caff6fe-c574-8665-33ca-5f2cee71ebb2', 'product_35', 180.0, 1);
INSERT INTO orders (id, venue_id, number, status, total_amount, opened_at, closed_at, table_number)
VALUES ('6641feaa-ed63-8e23-2326-e5837acec90e', '00000000-0000-0000-0000-000000000010', '6033', 'paid', 1340.0, '2026-01-06 11:19:50', '2026-01-06 11:19:50', '10');
INSERT INTO order_items (order_id, product_id, product_name, product_price, quantity)
VALUES ('6641feaa-ed63-8e23-2326-e5837acec90e', '7b0b5f60-47be-c07e-9585-af9a20b6d773', 'product_9', 440.0, 2);
INSERT INTO order_items (order_id, product_id, product_name, product_price, quantity)
VALUES ('6641feaa-ed63-8e23-2326-e5837acec90e', '4695b67d-781a-20db-f80e-66824f8cfc13', 'product_55', 230.0, 2);
INSERT INTO orders (id, venue_id, number, status, total_amount, opened_at, closed_at, table_number)
VALUES ('ae63e5a6-1eb7-457f-9b14-09c88119b5ec', '00000000-0000-0000-0000-000000000010', '6037', 'paid', 2130.0, '2026-01-06 11:19:41', '2026-01-06 11:19:41', '11');
INSERT INTO order_items (order_id, product_id, product_name, product_price, quantity)
VALUES ('ae63e5a6-1eb7-457f-9b14-09c88119b5ec', '7b0b5f60-47be-c07e-9585-af9a20b6d773', 'product_9', 440.0, 3);
INSERT INTO order_items (order_id, product_id, product_name, product_price, quantity)
VALUES ('ae63e5a6-1eb7-457f-9b14-09c88119b5ec', '021231f4-e9fa-ecbb-5f2a-ad1321ca42ea', 'product_59', 270.0, 3);
INSERT INTO orders (id, venue_id, number, status, total_amount, opened_at, closed_at, table_number)
VALUES ('20e47a9c-9b6c-29b3-406a-ee4ef16ec524', '00000000-0000-0000-0000-000000000010', '6027', 'paid', 1350.0, '2026-01-06 11:19:27', '2026-01-06 11:19:27', '11');
INSERT INTO order_items (order_id, product_id, product_name, product_price, quantity)
VALUES ('20e47a9c-9b6c-29b3-406a-ee4ef16ec524', '7f688518-4003-c783-7333-b947a8856b49', 'product_28', 450.0, 3);
INSERT INTO payments (order_id, venue_id, method, amount)
VALUES ('20e47a9c-9b6c-29b3-406a-ee4ef16ec524', '00000000-0000-0000-0000-000000000010', 'card', 1552.0);
INSERT INTO orders (id, venue_id, number, status, total_amount, opened_at, closed_at, table_number)
VALUES ('e89b8f3d-00e5-3432-6d71-83ab88f0e8ac', '00000000-0000-0000-0000-000000000010', '6035', 'paid', 350.0, '2026-01-06 00:18:52', '2026-01-06 00:18:52', '3');
INSERT INTO order_items (order_id, product_id, product_name, product_price, quantity)
VALUES ('e89b8f3d-00e5-3432-6d71-83ab88f0e8ac', '09d404dd-f87b-b319-4eda-9ce7c697868d', 'product_32', 350.0, 1);
INSERT INTO payments (order_id, venue_id, method, amount)
VALUES ('e89b8f3d-00e5-3432-6d71-83ab88f0e8ac', '00000000-0000-0000-0000-000000000010', 'card', 402.0);
INSERT INTO orders (id, venue_id, number, status, total_amount, opened_at, closed_at, table_number)
VALUES ('ba8b69af-cd06-31f3-33df-384c9fff5280', '00000000-0000-0000-0000-000000000010', '6034', 'paid', 2400.0, '2026-01-05 23:18:29', '2026-01-05 23:18:29', '1');
INSERT INTO order_items (order_id, product_id, product_name, product_price, quantity)
VALUES ('ba8b69af-cd06-31f3-33df-384c9fff5280', '6e00b5a0-6b62-d942-73e4-86982bcae389', 'product_21', 1250.0, 1);
INSERT INTO order_items (order_id, product_id, product_name, product_price, quantity)
VALUES ('ba8b69af-cd06-31f3-33df-384c9fff5280', '338bdc4d-fbd5-43ad-a7a7-3951ceca3a16', 'product_97', 250.0, 2);
INSERT INTO order_items (order_id, product_id, product_name, product_price, quantity)
VALUES ('ba8b69af-cd06-31f3-33df-384c9fff5280', '09d404dd-f87b-b319-4eda-9ce7c697868d', 'product_32', 350.0, 1);
INSERT INTO order_items (order_id, product_id, product_name, product_price, quantity)
VALUES ('ba8b69af-cd06-31f3-33df-384c9fff5280', '404a11bb-480c-d6f1-a5d9-0bb410737c15', 'product_183', 300.0, 1);
INSERT INTO payments (order_id, venue_id, method, amount)
VALUES ('ba8b69af-cd06-31f3-33df-384c9fff5280', '00000000-0000-0000-0000-000000000010', 'card', 2760.0);
INSERT INTO orders (id, venue_id, number, status, total_amount, opened_at, closed_at, table_number)
VALUES ('57f52580-858e-8d4d-35c4-be7515657908', '00000000-0000-0000-0000-000000000010', '6031', 'paid', 430.0, '2026-01-05 18:14:11', '2026-01-05 18:14:11', '3');
INSERT INTO order_items (order_id, product_id, product_name, product_price, quantity)
VALUES ('57f52580-858e-8d4d-35c4-be7515657908', 'da98da7c-a663-0228-294e-97c1fae50fd1', 'product_54', 160.0, 1);
INSERT INTO order_items (order_id, product_id, product_name, product_price, quantity)
VALUES ('57f52580-858e-8d4d-35c4-be7515657908', '021231f4-e9fa-ecbb-5f2a-ad1321ca42ea', 'product_59', 270.0, 1);
INSERT INTO payments (order_id, venue_id, method, amount)
VALUES ('57f52580-858e-8d4d-35c4-be7515657908', '00000000-0000-0000-0000-000000000010', 'card', 430.0);
INSERT INTO orders (id, venue_id, number, status, total_amount, opened_at, closed_at, table_number)
VALUES ('8f962263-8b23-af28-768f-1494feea0111', '00000000-0000-0000-0000-000000000010', '6030', 'paid', 780.0, '2026-01-05 17:54:52', '2026-01-05 17:54:52', '8');
INSERT INTO order_items (order_id, product_id, product_name, product_price, quantity)
VALUES ('8f962263-8b23-af28-768f-1494feea0111', '0caff6fe-c574-8665-33ca-5f2cee71ebb2', 'product_35', 180.0, 1);
INSERT INTO order_items (order_id, product_id, product_name, product_price, quantity)
VALUES ('8f962263-8b23-af28-768f-1494feea0111', '58e4c43b-44e0-70ce-99e7-6b0093966f41', 'product_176', 300.0, 2);
INSERT INTO payments (order_id, venue_id, method, amount)
VALUES ('8f962263-8b23-af28-768f-1494feea0111', '00000000-0000-0000-0000-000000000010', 'card', 897.0);
INSERT INTO orders (id, venue_id, number, status, total_amount, opened_at, closed_at, table_number)
VALUES ('c4219acc-64e7-5679-afe8-9d466e75237a', '00000000-0000-0000-0000-000000000010', '6029', 'paid', 2030.0, '2026-01-05 17:42:40', '2026-01-05 17:42:40', '1');
INSERT INTO order_items (order_id, product_id, product_name, product_price, quantity)
VALUES ('c4219acc-64e7-5679-afe8-9d466e75237a', 'badf5f45-b516-78fa-fbe7-ff32ed526953', 'product_226', 700.0, 2);
INSERT INTO order_items (order_id, product_id, product_name, product_price, quantity)
VALUES ('c4219acc-64e7-5679-afe8-9d466e75237a', '7f688518-4003-c783-7333-b947a8856b49', 'product_28', 450.0, 1);
INSERT INTO order_items (order_id, product_id, product_name, product_price, quantity)
VALUES ('c4219acc-64e7-5679-afe8-9d466e75237a', 'fdc9a1d9-d212-6915-9a25-025e9880e5ea', 'product_165', 0.0, 1);
INSERT INTO order_items (order_id, product_id, product_name, product_price, quantity)
VALUES ('c4219acc-64e7-5679-afe8-9d466e75237a', 'a2b39819-292c-0b80-799d-c77d7020fc9d', 'product_34', 180.0, 1);
INSERT INTO payments (order_id, venue_id, method, amount)
VALUES ('c4219acc-64e7-5679-afe8-9d466e75237a', '00000000-0000-0000-0000-000000000010', 'cash', 2334.0);
INSERT INTO orders (id, venue_id, number, status, total_amount, opened_at, closed_at, table_number)
VALUES ('b769013e-d385-d845-7899-a8aac27fb9e2', '00000000-0000-0000-0000-000000000010', '6028', 'paid', 540.0, '2026-01-05 14:24:10', '2026-01-05 14:24:10', '14');
INSERT INTO order_items (order_id, product_id, product_name, product_price, quantity)
VALUES ('b769013e-d385-d845-7899-a8aac27fb9e2', '021231f4-e9fa-ecbb-5f2a-ad1321ca42ea', 'product_59', 270.0, 2);
INSERT INTO payments (order_id, venue_id, method, amount)
VALUES ('b769013e-d385-d845-7899-a8aac27fb9e2', '00000000-0000-0000-0000-000000000010', 'card', 540.0);
INSERT INTO orders (id, venue_id, number, status, total_amount, opened_at, closed_at, table_number)
VALUES ('a5dca516-ab8b-8652-e1fa-13fe69a5e27d', '00000000-0000-0000-0000-000000000010', '6026', 'paid', 270.0, '2026-01-05 13:01:33', '2026-01-05 13:01:33', '12');
INSERT INTO order_items (order_id, product_id, product_name, product_price, quantity)
VALUES ('a5dca516-ab8b-8652-e1fa-13fe69a5e27d', '021231f4-e9fa-ecbb-5f2a-ad1321ca42ea', 'product_59', 270.0, 1);
INSERT INTO payments (order_id, venue_id, method, amount)
VALUES ('a5dca516-ab8b-8652-e1fa-13fe69a5e27d', '00000000-0000-0000-0000-000000000010', 'card', 270.0);
INSERT INTO orders (id, venue_id, number, status, total_amount, opened_at, closed_at, table_number)
VALUES ('67048fb3-0e9e-00af-33c4-98c21b4c380f', '00000000-0000-0000-0000-000000000010', '6025', 'paid', 1360.0, '2026-01-05 12:58:12', '2026-01-05 12:58:12', '12');
INSERT INTO order_items (order_id, product_id, product_name, product_price, quantity)
VALUES ('67048fb3-0e9e-00af-33c4-98c21b4c380f', '7b0b5f60-47be-c07e-9585-af9a20b6d773', 'product_9', 440.0, 1);
INSERT INTO order_items (order_id, product_id, product_name, product_price, quantity)
VALUES ('67048fb3-0e9e-00af-33c4-98c21b4c380f', '94d2bddc-c99f-2985-f8eb-9d8a4a995ad3', 'product_10', 280.0, 1);
INSERT INTO order_items (order_id, product_id, product_name, product_price, quantity)
VALUES ('67048fb3-0e9e-00af-33c4-98c21b4c380f', 'ec61223f-a380-dd08-f9eb-461b3c2f80e6', 'product_163', 100.0, 1);
INSERT INTO order_items (order_id, product_id, product_name, product_price, quantity)
VALUES ('67048fb3-0e9e-00af-33c4-98c21b4c380f', '021231f4-e9fa-ecbb-5f2a-ad1321ca42ea', 'product_59', 270.0, 2);
INSERT INTO orders (id, venue_id, number, status, total_amount, opened_at, closed_at, table_number)
VALUES ('da6e4d27-2b64-b3cb-4382-f868aea3c0d7', '00000000-0000-0000-0000-000000000010', '6023', 'paid', 2100.0, '2026-01-05 11:22:15', '2026-01-05 11:22:15', '15');
INSERT INTO order_items (order_id, product_id, product_name, product_price, quantity)
VALUES ('da6e4d27-2b64-b3cb-4382-f868aea3c0d7', '7b0b5f60-47be-c07e-9585-af9a20b6d773', 'product_9', 440.0, 1);
INSERT INTO order_items (order_id, product_id, product_name, product_price, quantity)
VALUES ('da6e4d27-2b64-b3cb-4382-f868aea3c0d7', '8d266d35-f6a4-b267-e097-564510f7f857', 'product_12', 250.0, 1);
INSERT INTO order_items (order_id, product_id, product_name, product_price, quantity)
VALUES ('da6e4d27-2b64-b3cb-4382-f868aea3c0d7', '94d2bddc-c99f-2985-f8eb-9d8a4a995ad3', 'product_10', 280.0, 1);
INSERT INTO order_items (order_id, product_id, product_name, product_price, quantity)
VALUES ('da6e4d27-2b64-b3cb-4382-f868aea3c0d7', '58e4c43b-44e0-70ce-99e7-6b0093966f41', 'product_176', 300.0, 2);
INSERT INTO order_items (order_id, product_id, product_name, product_price, quantity)
VALUES ('da6e4d27-2b64-b3cb-4382-f868aea3c0d7', '2836be19-8d27-0aa1-68ed-3bbc6cf94fb8', 'product_13', 250.0, 1);
INSERT INTO order_items (order_id, product_id, product_name, product_price, quantity)
VALUES ('da6e4d27-2b64-b3cb-4382-f868aea3c0d7', '0caff6fe-c574-8665-33ca-5f2cee71ebb2', 'product_35', 180.0, 1);
INSERT INTO order_items (order_id, product_id, product_name, product_price, quantity)
VALUES ('da6e4d27-2b64-b3cb-4382-f868aea3c0d7', 'fdc9a1d9-d212-6915-9a25-025e9880e5ea', 'product_165', 0.0, 1);
INSERT INTO order_items (order_id, product_id, product_name, product_price, quantity)
VALUES ('da6e4d27-2b64-b3cb-4382-f868aea3c0d7', 'fdc9a1d9-d212-6915-9a25-025e9880e5ea', 'product_165', 0.0, 1);
INSERT INTO order_items (order_id, product_id, product_name, product_price, quantity)
VALUES ('da6e4d27-2b64-b3cb-4382-f868aea3c0d7', '2a282418-43ba-4155-2773-748bfe3b0561', 'product_186', 100.0, 1);
INSERT INTO orders (id, venue_id, number, status, total_amount, opened_at, closed_at, table_number)
VALUES ('1735df52-4d6b-732e-1665-ca2b3875ab27', '00000000-0000-0000-0000-000000000010', '6024', 'paid', 4750.0, '2026-01-05 11:00:00', '2026-01-05 11:00:00', '10');
INSERT INTO order_items (order_id, product_id, product_name, product_price, quantity)
VALUES ('1735df52-4d6b-732e-1665-ca2b3875ab27', '7b0b5f60-47be-c07e-9585-af9a20b6d773', 'product_9', 440.0, 4);
INSERT INTO order_items (order_id, product_id, product_name, product_price, quantity)
VALUES ('1735df52-4d6b-732e-1665-ca2b3875ab27', '4695b67d-781a-20db-f80e-66824f8cfc13', 'product_55', 230.0, 1);
INSERT INTO order_items (order_id, product_id, product_name, product_price, quantity)
VALUES ('1735df52-4d6b-732e-1665-ca2b3875ab27', 'd46f67a1-e1dd-e079-0b5c-329f6422c4d4', 'product_60', 270.0, 2);
INSERT INTO order_items (order_id, product_id, product_name, product_price, quantity)
VALUES ('1735df52-4d6b-732e-1665-ca2b3875ab27', '9d00fee6-5b1a-acb8-1114-e668525ce1a6', 'product_200', 300.0, 4);
INSERT INTO order_items (order_id, product_id, product_name, product_price, quantity)
VALUES ('1735df52-4d6b-732e-1665-ca2b3875ab27', '2836be19-8d27-0aa1-68ed-3bbc6cf94fb8', 'product_13', 250.0, 1);
INSERT INTO order_items (order_id, product_id, product_name, product_price, quantity)
VALUES ('1735df52-4d6b-732e-1665-ca2b3875ab27', 'd46f67a1-e1dd-e079-0b5c-329f6422c4d4', 'product_60', 270.0, 2);
INSERT INTO order_items (order_id, product_id, product_name, product_price, quantity)
VALUES ('1735df52-4d6b-732e-1665-ca2b3875ab27', '4695b67d-781a-20db-f80e-66824f8cfc13', 'product_55', 230.0, 1);
INSERT INTO payments (order_id, venue_id, method, amount)
VALUES ('1735df52-4d6b-732e-1665-ca2b3875ab27', '00000000-0000-0000-0000-000000000010', 'card', 1173.0);
INSERT INTO orders (id, venue_id, number, status, total_amount, opened_at, closed_at, table_number)
VALUES ('9f8b7366-aec0-ebdd-ea66-250fb4981e8a', '00000000-0000-0000-0000-000000000010', '6022', 'paid', 4830.0, '2026-01-04 21:39:29', '2026-01-04 21:39:29', '15');
INSERT INTO order_items (order_id, product_id, product_name, product_price, quantity)
VALUES ('9f8b7366-aec0-ebdd-ea66-250fb4981e8a', '81b3193a-f1f9-6ba6-5630-5c911f0c4a69', 'product_48', 200.0, 3);
INSERT INTO order_items (order_id, product_id, product_name, product_price, quantity)
VALUES ('9f8b7366-aec0-ebdd-ea66-250fb4981e8a', 'e81dc667-2a7e-c5f0-b886-e7a3451b0fd2', 'product_219', 550.0, 1);
INSERT INTO order_items (order_id, product_id, product_name, product_price, quantity)
VALUES ('9f8b7366-aec0-ebdd-ea66-250fb4981e8a', '134318a5-b3ba-8433-c9f4-446b46b10995', 'product_37', 350.0, 2);
INSERT INTO order_items (order_id, product_id, product_name, product_price, quantity)
VALUES ('9f8b7366-aec0-ebdd-ea66-250fb4981e8a', '8b7920ef-e954-d760-2a69-99cafc830c2e', 'product_171', 250.0, 1);
INSERT INTO order_items (order_id, product_id, product_name, product_price, quantity)
VALUES ('9f8b7366-aec0-ebdd-ea66-250fb4981e8a', 'f35a1ebf-94b4-c196-4fdb-5698a8e21330', 'product_170', 800.0, 1);
INSERT INTO order_items (order_id, product_id, product_name, product_price, quantity)
VALUES ('9f8b7366-aec0-ebdd-ea66-250fb4981e8a', 'badf5f45-b516-78fa-fbe7-ff32ed526953', 'product_226', 700.0, 1);
INSERT INTO order_items (order_id, product_id, product_name, product_price, quantity)
VALUES ('9f8b7366-aec0-ebdd-ea66-250fb4981e8a', '09d404dd-f87b-b319-4eda-9ce7c697868d', 'product_32', 350.0, 1);
INSERT INTO order_items (order_id, product_id, product_name, product_price, quantity)
VALUES ('9f8b7366-aec0-ebdd-ea66-250fb4981e8a', '3b80474c-9414-a513-7578-5a4d84e49583', 'product_38', 350.0, 2);
INSERT INTO order_items (order_id, product_id, product_name, product_price, quantity)
VALUES ('9f8b7366-aec0-ebdd-ea66-250fb4981e8a', '260b99e2-59bd-a3dc-c313-434aff0daf54', 'product_144', 180.0, 1);
INSERT INTO payments (order_id, venue_id, method, amount)
VALUES ('9f8b7366-aec0-ebdd-ea66-250fb4981e8a', '00000000-0000-0000-0000-000000000010', 'card', 5554.0);
INSERT INTO orders (id, venue_id, number, status, total_amount, opened_at, closed_at, table_number)
VALUES ('2c0949fd-b775-f347-4022-876d61b9aea5', '00000000-0000-0000-0000-000000000010', '6021', 'paid', 4680.0, '2026-01-04 21:35:32', '2026-01-04 21:35:32', '10');
INSERT INTO order_items (order_id, product_id, product_name, product_price, quantity)
VALUES ('2c0949fd-b775-f347-4022-876d61b9aea5', 'c0fb869e-f434-07cb-f666-b9f7e55d4032', 'product_113', 750.0, 3);
INSERT INTO order_items (order_id, product_id, product_name, product_price, quantity)
VALUES ('2c0949fd-b775-f347-4022-876d61b9aea5', '62cdaaca-f6e8-fe1a-af41-d7fc95a79021', 'product_167', 30.0, 3);
INSERT INTO order_items (order_id, product_id, product_name, product_price, quantity)
VALUES ('2c0949fd-b775-f347-4022-876d61b9aea5', 'c10f6483-27d9-ca48-5e52-fb5a740be095', 'product_166', 30.0, 1);
INSERT INTO order_items (order_id, product_id, product_name, product_price, quantity)
VALUES ('2c0949fd-b775-f347-4022-876d61b9aea5', '7f688518-4003-c783-7333-b947a8856b49', 'product_28', 450.0, 1);
INSERT INTO order_items (order_id, product_id, product_name, product_price, quantity)
VALUES ('2c0949fd-b775-f347-4022-876d61b9aea5', '86c75460-89b0-64da-2249-a8b6e678e24d', 'product_130', 470.0, 1);
INSERT INTO order_items (order_id, product_id, product_name, product_price, quantity)
VALUES ('2c0949fd-b775-f347-4022-876d61b9aea5', '260b99e2-59bd-a3dc-c313-434aff0daf54', 'product_144', 180.0, 3);
INSERT INTO order_items (order_id, product_id, product_name, product_price, quantity)
VALUES ('2c0949fd-b775-f347-4022-876d61b9aea5', '8b7920ef-e954-d760-2a69-99cafc830c2e', 'product_171', 250.0, 1);
INSERT INTO order_items (order_id, product_id, product_name, product_price, quantity)
VALUES ('2c0949fd-b775-f347-4022-876d61b9aea5', '7413eaae-2ad5-ff35-6852-fcb85d2b33de', 'product_89', 300.0, 2);
INSERT INTO payments (order_id, venue_id, method, amount)
VALUES ('2c0949fd-b775-f347-4022-876d61b9aea5', '00000000-0000-0000-0000-000000000010', 'card', 5382.0);
INSERT INTO orders (id, venue_id, number, status, total_amount, opened_at, closed_at, table_number)
VALUES ('cd15038f-1580-eb14-294c-5065422e8edb', '00000000-0000-0000-0000-000000000010', '6020', 'paid', 4530.0, '2026-01-04 18:29:25', '2026-01-04 18:29:25', '1');
INSERT INTO order_items (order_id, product_id, product_name, product_price, quantity)
VALUES ('cd15038f-1580-eb14-294c-5065422e8edb', '627b586a-57c8-d217-1549-c47bb32192ac', 'product_26', 450.0, 3);
INSERT INTO order_items (order_id, product_id, product_name, product_price, quantity)
VALUES ('cd15038f-1580-eb14-294c-5065422e8edb', '5f05b996-99f5-dfcb-e4b9-79078ca1f540', 'product_100', 450.0, 2);
INSERT INTO order_items (order_id, product_id, product_name, product_price, quantity)
VALUES ('cd15038f-1580-eb14-294c-5065422e8edb', '9a06fa1f-d2b5-1b6f-d6c5-37c2ffa3adfd', 'product_168', 600.0, 1);
INSERT INTO order_items (order_id, product_id, product_name, product_price, quantity)
VALUES ('cd15038f-1580-eb14-294c-5065422e8edb', 'c0fb869e-f434-07cb-f666-b9f7e55d4032', 'product_113', 750.0, 1);
INSERT INTO order_items (order_id, product_id, product_name, product_price, quantity)
VALUES ('cd15038f-1580-eb14-294c-5065422e8edb', 'ce90a2e4-a08b-570d-aca7-50bb5d2d0ab2', 'product_112', 400.0, 1);
INSERT INTO order_items (order_id, product_id, product_name, product_price, quantity)
VALUES ('cd15038f-1580-eb14-294c-5065422e8edb', '09d404dd-f87b-b319-4eda-9ce7c697868d', 'product_32', 350.0, 1);
INSERT INTO order_items (order_id, product_id, product_name, product_price, quantity)
VALUES ('cd15038f-1580-eb14-294c-5065422e8edb', 'a2b39819-292c-0b80-799d-c77d7020fc9d', 'product_34', 180.0, 1);
INSERT INTO payments (order_id, venue_id, method, amount)
VALUES ('cd15038f-1580-eb14-294c-5065422e8edb', '00000000-0000-0000-0000-000000000010', 'card', 5209.0);
INSERT INTO orders (id, venue_id, number, status, total_amount, opened_at, closed_at, table_number)
VALUES ('86426d53-1070-fa65-02a6-636c8c14802c', '00000000-0000-0000-0000-000000000010', '6017', 'paid', 5300.0, '2026-01-04 17:16:32', '2026-01-04 17:16:32', '10');
INSERT INTO order_items (order_id, product_id, product_name, product_price, quantity)
VALUES ('86426d53-1070-fa65-02a6-636c8c14802c', '87a16f18-fe21-86fb-1acf-9c8cc486478a', 'product_122', 2900.0, 1);
INSERT INTO order_items (order_id, product_id, product_name, product_price, quantity)
VALUES ('86426d53-1070-fa65-02a6-636c8c14802c', '1d55740b-7a2f-ce7c-d33a-454fb2de27dc', 'product_155', 400.0, 1);
INSERT INTO order_items (order_id, product_id, product_name, product_price, quantity)
VALUES ('86426d53-1070-fa65-02a6-636c8c14802c', 'ce90a2e4-a08b-570d-aca7-50bb5d2d0ab2', 'product_112', 400.0, 1);
INSERT INTO order_items (order_id, product_id, product_name, product_price, quantity)
VALUES ('86426d53-1070-fa65-02a6-636c8c14802c', 'f35a1ebf-94b4-c196-4fdb-5698a8e21330', 'product_170', 800.0, 1);
INSERT INTO order_items (order_id, product_id, product_name, product_price, quantity)
VALUES ('86426d53-1070-fa65-02a6-636c8c14802c', '81b3193a-f1f9-6ba6-5630-5c911f0c4a69', 'product_48', 200.0, 2);
INSERT INTO order_items (order_id, product_id, product_name, product_price, quantity)
VALUES ('86426d53-1070-fa65-02a6-636c8c14802c', 'bc75aa2b-4910-21bf-56ff-d9769b039d8e', 'product_47', 200.0, 2);
INSERT INTO payments (order_id, venue_id, method, amount)
VALUES ('86426d53-1070-fa65-02a6-636c8c14802c', '00000000-0000-0000-0000-000000000010', 'card', 6095.0);
INSERT INTO orders (id, venue_id, number, status, total_amount, opened_at, closed_at, table_number)
VALUES ('d9d7d7e5-2e1d-0c93-9f43-b8c57b056bf5', '00000000-0000-0000-0000-000000000010', '6018', 'paid', 350.0, '2026-01-04 17:03:33', '2026-01-04 17:03:33', '8');
INSERT INTO order_items (order_id, product_id, product_name, product_price, quantity)
VALUES ('d9d7d7e5-2e1d-0c93-9f43-b8c57b056bf5', '7a291d79-c795-0f76-118b-25d10a078238', 'product_191', 350.0, 1);
INSERT INTO payments (order_id, venue_id, method, amount)
VALUES ('d9d7d7e5-2e1d-0c93-9f43-b8c57b056bf5', '00000000-0000-0000-0000-000000000010', 'card', 402.0);
INSERT INTO orders (id, venue_id, number, status, total_amount, opened_at, closed_at, table_number)
VALUES ('949f7bca-a2d6-e75f-d52e-98fdb64f0c91', '00000000-0000-0000-0000-000000000010', '6019', 'paid', 1000.0, '2026-01-04 17:01:31', '2026-01-04 17:01:31', '6');
INSERT INTO order_items (order_id, product_id, product_name, product_price, quantity)
VALUES ('949f7bca-a2d6-e75f-d52e-98fdb64f0c91', '8b7920ef-e954-d760-2a69-99cafc830c2e', 'product_171', 250.0, 1);
INSERT INTO order_items (order_id, product_id, product_name, product_price, quantity)
VALUES ('949f7bca-a2d6-e75f-d52e-98fdb64f0c91', '09d404dd-f87b-b319-4eda-9ce7c697868d', 'product_32', 350.0, 1);
INSERT INTO order_items (order_id, product_id, product_name, product_price, quantity)
VALUES ('949f7bca-a2d6-e75f-d52e-98fdb64f0c91', '8d39c5f6-7b37-38c9-14be-a79428be2504', 'product_198', 400.0, 1);
INSERT INTO payments (order_id, venue_id, method, amount)
VALUES ('949f7bca-a2d6-e75f-d52e-98fdb64f0c91', '00000000-0000-0000-0000-000000000010', 'card', 1150.0);
INSERT INTO orders (id, venue_id, number, status, total_amount, opened_at, closed_at, table_number)
VALUES ('c060e3e5-5bd5-db9d-66b3-874f3f49d334', '00000000-0000-0000-0000-000000000010', '6016', 'paid', 0.0, '2026-01-04 14:56:37', '2026-01-04 14:56:37', '9');
INSERT INTO order_items (order_id, product_id, product_name, product_price, quantity)
VALUES ('c060e3e5-5bd5-db9d-66b3-874f3f49d334', '82c55340-bd07-2a9a-a6cc-6ce377f958f2', 'product_148', 0.0, 1);
INSERT INTO order_items (order_id, product_id, product_name, product_price, quantity)
VALUES ('c060e3e5-5bd5-db9d-66b3-874f3f49d334', '12dd0c72-4671-5cd8-b7da-98389426555c', 'product_228', 0.0, 1);
INSERT INTO orders (id, venue_id, number, status, total_amount, opened_at, closed_at, table_number)
VALUES ('4f28399e-183a-41c4-3a78-fa9804a574ac', '00000000-0000-0000-0000-000000000010', '6015', 'paid', 0.0, '2026-01-04 14:19:52', '2026-01-04 14:19:52', '9');
INSERT INTO order_items (order_id, product_id, product_name, product_price, quantity)
VALUES ('4f28399e-183a-41c4-3a78-fa9804a574ac', '1afe238c-a186-0e67-9e9d-d39b8c4abe8a', 'product_229', 0.0, 1);
INSERT INTO orders (id, venue_id, number, status, total_amount, opened_at, closed_at, table_number)
VALUES ('43c83a91-8ef9-fe9b-187f-fe8088cfce7d', '00000000-0000-0000-0000-000000000010', '6009', 'paid', 460.0, '2026-01-04 11:48:39', '2026-01-04 11:48:39', '15');
INSERT INTO order_items (order_id, product_id, product_name, product_price, quantity)
VALUES ('43c83a91-8ef9-fe9b-187f-fe8088cfce7d', '94d2bddc-c99f-2985-f8eb-9d8a4a995ad3', 'product_10', 280.0, 1);
INSERT INTO order_items (order_id, product_id, product_name, product_price, quantity)
VALUES ('43c83a91-8ef9-fe9b-187f-fe8088cfce7d', 'b9bdca4d-a423-6c36-2351-10cf52ff0eec', 'product_230', 0.0, 1);
INSERT INTO order_items (order_id, product_id, product_name, product_price, quantity)
VALUES ('43c83a91-8ef9-fe9b-187f-fe8088cfce7d', '0caff6fe-c574-8665-33ca-5f2cee71ebb2', 'product_35', 180.0, 1);
INSERT INTO orders (id, venue_id, number, status, total_amount, opened_at, closed_at, table_number)
VALUES ('690262b1-ccb4-62a6-0957-912857cc31ad', '00000000-0000-0000-0000-000000000010', '6012', 'paid', 1250.0, '2026-01-04 11:02:08', '2026-01-04 11:02:08', '10');
INSERT INTO order_items (order_id, product_id, product_name, product_price, quantity)
VALUES ('690262b1-ccb4-62a6-0957-912857cc31ad', '2836be19-8d27-0aa1-68ed-3bbc6cf94fb8', 'product_13', 250.0, 1);
INSERT INTO order_items (order_id, product_id, product_name, product_price, quantity)
VALUES ('690262b1-ccb4-62a6-0957-912857cc31ad', '94d2bddc-c99f-2985-f8eb-9d8a4a995ad3', 'product_10', 280.0, 1);
INSERT INTO order_items (order_id, product_id, product_name, product_price, quantity)
VALUES ('690262b1-ccb4-62a6-0957-912857cc31ad', 'b9bdca4d-a423-6c36-2351-10cf52ff0eec', 'product_230', 0.0, 4);
INSERT INTO order_items (order_id, product_id, product_name, product_price, quantity)
VALUES ('690262b1-ccb4-62a6-0957-912857cc31ad', 'd46f67a1-e1dd-e079-0b5c-329f6422c4d4', 'product_60', 270.0, 1);
INSERT INTO order_items (order_id, product_id, product_name, product_price, quantity)
VALUES ('690262b1-ccb4-62a6-0957-912857cc31ad', '021231f4-e9fa-ecbb-5f2a-ad1321ca42ea', 'product_59', 270.0, 1);
INSERT INTO order_items (order_id, product_id, product_name, product_price, quantity)
VALUES ('690262b1-ccb4-62a6-0957-912857cc31ad', '0caff6fe-c574-8665-33ca-5f2cee71ebb2', 'product_35', 180.0, 1);
INSERT INTO orders (id, venue_id, number, status, total_amount, opened_at, closed_at, table_number)
VALUES ('18d96443-b56b-5905-2c72-ee45715a16d9', '00000000-0000-0000-0000-000000000010', '6013', 'paid', 540.0, '2026-01-04 11:01:59', '2026-01-04 11:01:59', '13');
INSERT INTO order_items (order_id, product_id, product_name, product_price, quantity)
VALUES ('18d96443-b56b-5905-2c72-ee45715a16d9', 'b9bdca4d-a423-6c36-2351-10cf52ff0eec', 'product_230', 0.0, 2);
INSERT INTO order_items (order_id, product_id, product_name, product_price, quantity)
VALUES ('18d96443-b56b-5905-2c72-ee45715a16d9', '021231f4-e9fa-ecbb-5f2a-ad1321ca42ea', 'product_59', 270.0, 2);
INSERT INTO orders (id, venue_id, number, status, total_amount, opened_at, closed_at, table_number)
VALUES ('0ee13f94-8ce9-c066-7af7-df6bca551fb2', '00000000-0000-0000-0000-000000000010', '6010', 'paid', 2180.0, '2026-01-04 10:27:50', '2026-01-04 10:27:50', '12');
INSERT INTO order_items (order_id, product_id, product_name, product_price, quantity)
VALUES ('0ee13f94-8ce9-c066-7af7-df6bca551fb2', '2836be19-8d27-0aa1-68ed-3bbc6cf94fb8', 'product_13', 250.0, 3);
INSERT INTO order_items (order_id, product_id, product_name, product_price, quantity)
VALUES ('0ee13f94-8ce9-c066-7af7-df6bca551fb2', '34be4c41-8483-67b6-927a-0bdb8761fbe4', 'product_162', 150.0, 2);
INSERT INTO order_items (order_id, product_id, product_name, product_price, quantity)
VALUES ('0ee13f94-8ce9-c066-7af7-df6bca551fb2', 'ec61223f-a380-dd08-f9eb-461b3c2f80e6', 'product_163', 100.0, 1);
INSERT INTO order_items (order_id, product_id, product_name, product_price, quantity)
VALUES ('0ee13f94-8ce9-c066-7af7-df6bca551fb2', '0caff6fe-c574-8665-33ca-5f2cee71ebb2', 'product_35', 180.0, 2);
INSERT INTO order_items (order_id, product_id, product_name, product_price, quantity)
VALUES ('0ee13f94-8ce9-c066-7af7-df6bca551fb2', '12dd0c72-4671-5cd8-b7da-98389426555c', 'product_228', 0.0, 1);
INSERT INTO order_items (order_id, product_id, product_name, product_price, quantity)
VALUES ('0ee13f94-8ce9-c066-7af7-df6bca551fb2', 'd46f67a1-e1dd-e079-0b5c-329f6422c4d4', 'product_60', 270.0, 1);
INSERT INTO order_items (order_id, product_id, product_name, product_price, quantity)
VALUES ('0ee13f94-8ce9-c066-7af7-df6bca551fb2', '7c7c305a-92ed-bc40-0bb5-1155fc4e313f', 'product_99', 200.0, 1);
INSERT INTO order_items (order_id, product_id, product_name, product_price, quantity)
VALUES ('0ee13f94-8ce9-c066-7af7-df6bca551fb2', '2a282418-43ba-4155-2773-748bfe3b0561', 'product_186', 200.0, 1);
INSERT INTO orders (id, venue_id, number, status, total_amount, opened_at, closed_at, table_number)
VALUES ('99c1c038-291e-bdb5-e619-83170a47af46', '00000000-0000-0000-0000-000000000010', '6011', 'paid', 0.0, '2026-01-03 23:24:42', '2026-01-03 23:24:42', '9');
INSERT INTO order_items (order_id, product_id, product_name, product_price, quantity)
VALUES ('99c1c038-291e-bdb5-e619-83170a47af46', '82c55340-bd07-2a9a-a6cc-6ce377f958f2', 'product_148', 0.0, 1);
INSERT INTO order_items (order_id, product_id, product_name, product_price, quantity)
VALUES ('99c1c038-291e-bdb5-e619-83170a47af46', '12dd0c72-4671-5cd8-b7da-98389426555c', 'product_228', 0.0, 1);
INSERT INTO orders (id, venue_id, number, status, total_amount, opened_at, closed_at, table_number)
VALUES ('1f261020-7679-d1bf-be37-7f17a438e10e', '00000000-0000-0000-0000-000000000010', '6008', 'paid', 2630.0, '2026-01-03 21:41:04', '2026-01-03 21:41:04', '11');
INSERT INTO order_items (order_id, product_id, product_name, product_price, quantity)
VALUES ('1f261020-7679-d1bf-be37-7f17a438e10e', '6599a59a-6cf7-70c9-0971-07a0078ce7cf', 'product_128', 360.0, 3);
INSERT INTO order_items (order_id, product_id, product_name, product_price, quantity)
VALUES ('1f261020-7679-d1bf-be37-7f17a438e10e', '30d3c4b2-8d8b-4d91-9c67-b3d72ab218cc', 'product_129', 450.0, 3);
INSERT INTO order_items (order_id, product_id, product_name, product_price, quantity)
VALUES ('1f261020-7679-d1bf-be37-7f17a438e10e', 'eed148a6-7f8f-38d6-85f9-602481bbc846', 'product_146', 100.0, 2);
INSERT INTO payments (order_id, venue_id, method, amount)
VALUES ('1f261020-7679-d1bf-be37-7f17a438e10e', '00000000-0000-0000-0000-000000000010', 'card', 2630.0);
INSERT INTO orders (id, venue_id, number, status, total_amount, opened_at, closed_at, table_number)
VALUES ('93dd60ef-06ec-5fb2-097b-fc3eaeec4a91', '00000000-0000-0000-0000-000000000010', '6003', 'paid', 2830.0, '2026-01-03 21:13:39', '2026-01-03 21:13:39', '12');
INSERT INTO order_items (order_id, product_id, product_name, product_price, quantity)
VALUES ('93dd60ef-06ec-5fb2-097b-fc3eaeec4a91', '338bdc4d-fbd5-43ad-a7a7-3951ceca3a16', 'product_97', 250.0, 2);
INSERT INTO order_items (order_id, product_id, product_name, product_price, quantity)
VALUES ('93dd60ef-06ec-5fb2-097b-fc3eaeec4a91', '8b7920ef-e954-d760-2a69-99cafc830c2e', 'product_171', 250.0, 1);
INSERT INTO order_items (order_id, product_id, product_name, product_price, quantity)
VALUES ('93dd60ef-06ec-5fb2-097b-fc3eaeec4a91', '12dd0c72-4671-5cd8-b7da-98389426555c', 'product_228', 0.0, 2);
INSERT INTO order_items (order_id, product_id, product_name, product_price, quantity)
VALUES ('93dd60ef-06ec-5fb2-097b-fc3eaeec4a91', 'c0fb869e-f434-07cb-f666-b9f7e55d4032', 'product_113', 750.0, 2);
INSERT INTO order_items (order_id, product_id, product_name, product_price, quantity)
VALUES ('93dd60ef-06ec-5fb2-097b-fc3eaeec4a91', 'c6df6494-4f53-4174-6660-06fb0dc02db5', 'product_199', 400.0, 1);
INSERT INTO order_items (order_id, product_id, product_name, product_price, quantity)
VALUES ('93dd60ef-06ec-5fb2-097b-fc3eaeec4a91', '260b99e2-59bd-a3dc-c313-434aff0daf54', 'product_144', 180.0, 1);
INSERT INTO payments (order_id, venue_id, method, amount)
VALUES ('93dd60ef-06ec-5fb2-097b-fc3eaeec4a91', '00000000-0000-0000-0000-000000000010', 'card', 3254.0);
INSERT INTO orders (id, venue_id, number, status, total_amount, opened_at, closed_at, table_number)
VALUES ('e026ceb0-79c7-a0f0-ff46-7c208d6f2922', '00000000-0000-0000-0000-000000000010', '6007', 'paid', 350.0, '2026-01-03 20:43:47', '2026-01-03 20:43:47', '3');
INSERT INTO order_items (order_id, product_id, product_name, product_price, quantity)
VALUES ('e026ceb0-79c7-a0f0-ff46-7c208d6f2922', '09d404dd-f87b-b319-4eda-9ce7c697868d', 'product_32', 350.0, 1);
INSERT INTO payments (order_id, venue_id, method, amount)
VALUES ('e026ceb0-79c7-a0f0-ff46-7c208d6f2922', '00000000-0000-0000-0000-000000000010', 'card', 402.0);
INSERT INTO orders (id, venue_id, number, status, total_amount, opened_at, closed_at, table_number)
VALUES ('cf355ebe-97ac-a582-d068-52b248ad39fb', '00000000-0000-0000-0000-000000000010', '6006', 'paid', 2050.0, '2026-01-03 20:43:10', '2026-01-03 20:43:10', '15');
INSERT INTO order_items (order_id, product_id, product_name, product_price, quantity)
VALUES ('cf355ebe-97ac-a582-d068-52b248ad39fb', 'c0fb869e-f434-07cb-f666-b9f7e55d4032', 'product_113', 750.0, 2);
INSERT INTO order_items (order_id, product_id, product_name, product_price, quantity)
VALUES ('cf355ebe-97ac-a582-d068-52b248ad39fb', '1649694a-a1df-1a36-ccd0-08ba48ab2fd1', 'product_36', 550.0, 1);
INSERT INTO payments (order_id, venue_id, method, amount)
VALUES ('cf355ebe-97ac-a582-d068-52b248ad39fb', '00000000-0000-0000-0000-000000000010', 'cash', 2357.0);
INSERT INTO orders (id, venue_id, number, status, total_amount, opened_at, closed_at, table_number)
VALUES ('068048e2-0f43-fa5a-0f36-f38489d8e94c', '00000000-0000-0000-0000-000000000010', '6005', 'paid', 540.0, '2026-01-03 18:05:51', '2026-01-03 18:05:51', '1');
INSERT INTO order_items (order_id, product_id, product_name, product_price, quantity)
VALUES ('068048e2-0f43-fa5a-0f36-f38489d8e94c', 'd46f67a1-e1dd-e079-0b5c-329f6422c4d4', 'product_60', 270.0, 1);
INSERT INTO order_items (order_id, product_id, product_name, product_price, quantity)
VALUES ('068048e2-0f43-fa5a-0f36-f38489d8e94c', '021231f4-e9fa-ecbb-5f2a-ad1321ca42ea', 'product_59', 270.0, 1);
INSERT INTO payments (order_id, venue_id, method, amount)
VALUES ('068048e2-0f43-fa5a-0f36-f38489d8e94c', '00000000-0000-0000-0000-000000000010', 'card', 540.0);
INSERT INTO orders (id, venue_id, number, status, total_amount, opened_at, closed_at, table_number)
VALUES ('171c6302-4f55-b9e8-82eb-63ada44c79ae', '00000000-0000-0000-0000-000000000010', '6004', 'paid', 180.0, '2026-01-03 18:05:46', '2026-01-03 18:05:46', '8');
INSERT INTO order_items (order_id, product_id, product_name, product_price, quantity)
VALUES ('171c6302-4f55-b9e8-82eb-63ada44c79ae', '0caff6fe-c574-8665-33ca-5f2cee71ebb2', 'product_35', 180.0, 1);
INSERT INTO payments (order_id, venue_id, method, amount)
VALUES ('171c6302-4f55-b9e8-82eb-63ada44c79ae', '00000000-0000-0000-0000-000000000010', 'card', 207.0);
INSERT INTO orders (id, venue_id, number, status, total_amount, opened_at, closed_at, table_number)
VALUES ('1134dec5-3333-df90-50c3-19adb8077380', '00000000-0000-0000-0000-000000000010', '6002', 'paid', 0.0, '2026-01-03 11:41:44', '2026-01-03 11:41:44', '9');
INSERT INTO order_items (order_id, product_id, product_name, product_price, quantity)
VALUES ('1134dec5-3333-df90-50c3-19adb8077380', '1afe238c-a186-0e67-9e9d-d39b8c4abe8a', 'product_229', 0.0, 1);
INSERT INTO orders (id, venue_id, number, status, total_amount, opened_at, closed_at, table_number)
VALUES ('8e04a593-5226-2c59-1cf2-79f7ffd0b277', '00000000-0000-0000-0000-000000000010', '6001', 'paid', 550.0, '2026-01-03 11:25:11', '2026-01-03 11:25:11', '11');
INSERT INTO order_items (order_id, product_id, product_name, product_price, quantity)
VALUES ('8e04a593-5226-2c59-1cf2-79f7ffd0b277', '12dd0c72-4671-5cd8-b7da-98389426555c', 'product_228', 0.0, 1);
INSERT INTO order_items (order_id, product_id, product_name, product_price, quantity)
VALUES ('8e04a593-5226-2c59-1cf2-79f7ffd0b277', 'da98da7c-a663-0228-294e-97c1fae50fd1', 'product_54', 160.0, 2);
INSERT INTO order_items (order_id, product_id, product_name, product_price, quantity)
VALUES ('8e04a593-5226-2c59-1cf2-79f7ffd0b277', '2e331f2f-b6fd-7898-11b0-9b0e3a2e58be', 'product_57', 230.0, 1);
INSERT INTO order_items (order_id, product_id, product_name, product_price, quantity)
VALUES ('8e04a593-5226-2c59-1cf2-79f7ffd0b277', '12dd0c72-4671-5cd8-b7da-98389426555c', 'product_228', 0.0, 1);
INSERT INTO orders (id, venue_id, number, status, total_amount, opened_at, closed_at, table_number)
VALUES ('7a800027-5131-0537-b6c9-f5f32e5085be', '00000000-0000-0000-0000-000000000010', '5997', 'paid', 4030.0, '2026-01-03 10:52:33', '2026-01-03 10:52:33', '15');
INSERT INTO order_items (order_id, product_id, product_name, product_price, quantity)
VALUES ('7a800027-5131-0537-b6c9-f5f32e5085be', 'b9bdca4d-a423-6c36-2351-10cf52ff0eec', 'product_230', 0.0, 6);
INSERT INTO order_items (order_id, product_id, product_name, product_price, quantity)
VALUES ('7a800027-5131-0537-b6c9-f5f32e5085be', '2836be19-8d27-0aa1-68ed-3bbc6cf94fb8', 'product_13', 250.0, 3);
INSERT INTO order_items (order_id, product_id, product_name, product_price, quantity)
VALUES ('7a800027-5131-0537-b6c9-f5f32e5085be', '497d0040-b877-bebf-95b7-582bf7a5e783', 'product_174', 230.0, 2);
INSERT INTO order_items (order_id, product_id, product_name, product_price, quantity)
VALUES ('7a800027-5131-0537-b6c9-f5f32e5085be', '58e4c43b-44e0-70ce-99e7-6b0093966f41', 'product_176', 300.0, 4);
INSERT INTO order_items (order_id, product_id, product_name, product_price, quantity)
VALUES ('7a800027-5131-0537-b6c9-f5f32e5085be', '021231f4-e9fa-ecbb-5f2a-ad1321ca42ea', 'product_59', 270.0, 6);
INSERT INTO order_items (order_id, product_id, product_name, product_price, quantity)
VALUES ('7a800027-5131-0537-b6c9-f5f32e5085be', '12dd0c72-4671-5cd8-b7da-98389426555c', 'product_228', 0.0, 1);
INSERT INTO payments (order_id, venue_id, method, amount)
VALUES ('7a800027-5131-0537-b6c9-f5f32e5085be', '00000000-0000-0000-0000-000000000010', 'cash', 1380.0);
INSERT INTO orders (id, venue_id, number, status, total_amount, opened_at, closed_at, table_number)
VALUES ('f7e93a71-8522-c144-820a-22b5524a873b', '00000000-0000-0000-0000-000000000010', '5995', 'paid', 1350.0, '2026-01-03 10:52:22', '2026-01-03 10:52:22', '10');
INSERT INTO order_items (order_id, product_id, product_name, product_price, quantity)
VALUES ('f7e93a71-8522-c144-820a-22b5524a873b', '9a06fa1f-d2b5-1b6f-d6c5-37c2ffa3adfd', 'product_168', 600.0, 2);
INSERT INTO order_items (order_id, product_id, product_name, product_price, quantity)
VALUES ('f7e93a71-8522-c144-820a-22b5524a873b', 'ba6fbcf2-1f2b-909a-e5f9-b9c5fe635c92', 'product_187', 150.0, 1);
INSERT INTO payments (order_id, venue_id, method, amount)
VALUES ('f7e93a71-8522-c144-820a-22b5524a873b', '00000000-0000-0000-0000-000000000010', 'cash', 1552.0);
INSERT INTO orders (id, venue_id, number, status, total_amount, opened_at, closed_at, table_number)
VALUES ('b2ae5ffa-9249-6bb2-9264-4d47d298e26c', '00000000-0000-0000-0000-000000000010', '6000', 'paid', 730.0, '2026-01-03 10:49:55', '2026-01-03 10:49:55', '11');
INSERT INTO order_items (order_id, product_id, product_name, product_price, quantity)
VALUES ('b2ae5ffa-9249-6bb2-9264-4d47d298e26c', '94d2bddc-c99f-2985-f8eb-9d8a4a995ad3', 'product_10', 280.0, 1);
INSERT INTO order_items (order_id, product_id, product_name, product_price, quantity)
VALUES ('b2ae5ffa-9249-6bb2-9264-4d47d298e26c', 'b9bdca4d-a423-6c36-2351-10cf52ff0eec', 'product_230', 0.0, 2);
INSERT INTO order_items (order_id, product_id, product_name, product_price, quantity)
VALUES ('b2ae5ffa-9249-6bb2-9264-4d47d298e26c', '021231f4-e9fa-ecbb-5f2a-ad1321ca42ea', 'product_59', 270.0, 1);
INSERT INTO order_items (order_id, product_id, product_name, product_price, quantity)
VALUES ('b2ae5ffa-9249-6bb2-9264-4d47d298e26c', '0caff6fe-c574-8665-33ca-5f2cee71ebb2', 'product_35', 180.0, 1);
INSERT INTO orders (id, venue_id, number, status, total_amount, opened_at, closed_at, table_number)
VALUES ('4a874165-004a-a011-bd7a-9973cff7f2f9', '00000000-0000-0000-0000-000000000010', '5999', 'paid', 1260.0, '2026-01-03 10:49:49', '2026-01-03 10:49:49', '12');
INSERT INTO order_items (order_id, product_id, product_name, product_price, quantity)
VALUES ('4a874165-004a-a011-bd7a-9973cff7f2f9', '12dd0c72-4671-5cd8-b7da-98389426555c', 'product_228', 0.0, 1);
INSERT INTO order_items (order_id, product_id, product_name, product_price, quantity)
VALUES ('4a874165-004a-a011-bd7a-9973cff7f2f9', 'b9bdca4d-a423-6c36-2351-10cf52ff0eec', 'product_230', 0.0, 1);
INSERT INTO order_items (order_id, product_id, product_name, product_price, quantity)
VALUES ('4a874165-004a-a011-bd7a-9973cff7f2f9', '58e4c43b-44e0-70ce-99e7-6b0093966f41', 'product_176', 300.0, 1);
INSERT INTO order_items (order_id, product_id, product_name, product_price, quantity)
VALUES ('4a874165-004a-a011-bd7a-9973cff7f2f9', '497d0040-b877-bebf-95b7-582bf7a5e783', 'product_174', 230.0, 1);
INSERT INTO order_items (order_id, product_id, product_name, product_price, quantity)
VALUES ('4a874165-004a-a011-bd7a-9973cff7f2f9', '94d2bddc-c99f-2985-f8eb-9d8a4a995ad3', 'product_10', 280.0, 1);
INSERT INTO order_items (order_id, product_id, product_name, product_price, quantity)
VALUES ('4a874165-004a-a011-bd7a-9973cff7f2f9', 'd46f67a1-e1dd-e079-0b5c-329f6422c4d4', 'product_60', 270.0, 1);
INSERT INTO order_items (order_id, product_id, product_name, product_price, quantity)
VALUES ('4a874165-004a-a011-bd7a-9973cff7f2f9', '0caff6fe-c574-8665-33ca-5f2cee71ebb2', 'product_35', 180.0, 1);
INSERT INTO orders (id, venue_id, number, status, total_amount, opened_at, closed_at, table_number)
VALUES ('88d5330f-b99b-be61-8267-ce766478e009', '00000000-0000-0000-0000-000000000010', '5998', 'paid', 0.0, '2026-01-02 21:43:50', '2026-01-02 21:43:50', '9');
INSERT INTO order_items (order_id, product_id, product_name, product_price, quantity)
VALUES ('88d5330f-b99b-be61-8267-ce766478e009', '82c55340-bd07-2a9a-a6cc-6ce377f958f2', 'product_148', 0.0, 1);
INSERT INTO order_items (order_id, product_id, product_name, product_price, quantity)
VALUES ('88d5330f-b99b-be61-8267-ce766478e009', '12dd0c72-4671-5cd8-b7da-98389426555c', 'product_228', 0.0, 1);
INSERT INTO orders (id, venue_id, number, status, total_amount, opened_at, closed_at, table_number)
VALUES ('17a88858-e1d8-ee70-b96f-5d8b400c6ad3', '00000000-0000-0000-0000-000000000010', '5996', 'paid', 350.0, '2026-01-02 20:07:44', '2026-01-02 20:07:44', '1');
INSERT INTO order_items (order_id, product_id, product_name, product_price, quantity)
VALUES ('17a88858-e1d8-ee70-b96f-5d8b400c6ad3', '09d404dd-f87b-b319-4eda-9ce7c697868d', 'product_32', 350.0, 1);
INSERT INTO payments (order_id, venue_id, method, amount)
VALUES ('17a88858-e1d8-ee70-b96f-5d8b400c6ad3', '00000000-0000-0000-0000-000000000010', 'card', 402.0);
INSERT INTO orders (id, venue_id, number, status, total_amount, opened_at, closed_at, table_number)
VALUES ('55866a6e-24b4-10ea-84bd-1544c3eefd91', '00000000-0000-0000-0000-000000000010', '5993', 'paid', 180.0, '2026-01-02 18:21:00', '2026-01-02 18:21:00', '5');
INSERT INTO order_items (order_id, product_id, product_name, product_price, quantity)
VALUES ('55866a6e-24b4-10ea-84bd-1544c3eefd91', '0caff6fe-c574-8665-33ca-5f2cee71ebb2', 'product_35', 180.0, 1);
INSERT INTO payments (order_id, venue_id, method, amount)
VALUES ('55866a6e-24b4-10ea-84bd-1544c3eefd91', '00000000-0000-0000-0000-000000000010', 'card', 207.0);
INSERT INTO orders (id, venue_id, number, status, total_amount, opened_at, closed_at, table_number)
VALUES ('fbb48146-865a-63fc-8107-32c32296e82c', '00000000-0000-0000-0000-000000000010', '5994', 'paid', 1170.0, '2026-01-02 18:19:56', '2026-01-02 18:19:56', '11');
INSERT INTO order_items (order_id, product_id, product_name, product_price, quantity)
VALUES ('fbb48146-865a-63fc-8107-32c32296e82c', '12dd0c72-4671-5cd8-b7da-98389426555c', 'product_228', 0.0, 1);
INSERT INTO order_items (order_id, product_id, product_name, product_price, quantity)
VALUES ('fbb48146-865a-63fc-8107-32c32296e82c', 'd158543d-e9dc-0b2a-7902-b665a39db719', 'product_126', 390.0, 3);
INSERT INTO payments (order_id, venue_id, method, amount)
VALUES ('fbb48146-865a-63fc-8107-32c32296e82c', '00000000-0000-0000-0000-000000000010', 'card', 1170.0);
INSERT INTO orders (id, venue_id, number, status, total_amount, opened_at, closed_at, table_number)
VALUES ('845b0a74-1d28-3841-bdce-55e644ecc51b', '00000000-0000-0000-0000-000000000010', '5992', 'paid', 3250.0, '2026-01-02 17:57:25', '2026-01-02 17:57:25', '11');
INSERT INTO order_items (order_id, product_id, product_name, product_price, quantity)
VALUES ('845b0a74-1d28-3841-bdce-55e644ecc51b', 'fdb6f575-fe3f-282e-93d0-1dad56530fa5', 'product_15', 600.0, 1);
INSERT INTO order_items (order_id, product_id, product_name, product_price, quantity)
VALUES ('845b0a74-1d28-3841-bdce-55e644ecc51b', '7c7c305a-92ed-bc40-0bb5-1155fc4e313f', 'product_99', 200.0, 1);
INSERT INTO order_items (order_id, product_id, product_name, product_price, quantity)
VALUES ('845b0a74-1d28-3841-bdce-55e644ecc51b', '81b3193a-f1f9-6ba6-5630-5c911f0c4a69', 'product_48', 200.0, 1);
INSERT INTO order_items (order_id, product_id, product_name, product_price, quantity)
VALUES ('845b0a74-1d28-3841-bdce-55e644ecc51b', '1a9038b5-12c1-4b41-756a-ce6d8bb0fac8', 'product_114', 650.0, 1);
INSERT INTO order_items (order_id, product_id, product_name, product_price, quantity)
VALUES ('845b0a74-1d28-3841-bdce-55e644ecc51b', '09d404dd-f87b-b319-4eda-9ce7c697868d', 'product_32', 350.0, 1);
INSERT INTO order_items (order_id, product_id, product_name, product_price, quantity)
VALUES ('845b0a74-1d28-3841-bdce-55e644ecc51b', '6e00b5a0-6b62-d942-73e4-86982bcae389', 'product_21', 1250.0, 1);
INSERT INTO payments (order_id, venue_id, method, amount)
VALUES ('845b0a74-1d28-3841-bdce-55e644ecc51b', '00000000-0000-0000-0000-000000000010', 'card', 3737.0);
INSERT INTO orders (id, venue_id, number, status, total_amount, opened_at, closed_at, table_number)
VALUES ('a80a27bd-f828-73ef-f412-285bdf7742fd', '00000000-0000-0000-0000-000000000010', '5991', 'paid', 3410.0, '2026-01-02 17:53:08', '2026-01-02 17:53:08', '12');
INSERT INTO order_items (order_id, product_id, product_name, product_price, quantity)
VALUES ('a80a27bd-f828-73ef-f412-285bdf7742fd', '81b3193a-f1f9-6ba6-5630-5c911f0c4a69', 'product_48', 200.0, 1);
INSERT INTO order_items (order_id, product_id, product_name, product_price, quantity)
VALUES ('a80a27bd-f828-73ef-f412-285bdf7742fd', 'c0fb869e-f434-07cb-f666-b9f7e55d4032', 'product_113', 750.0, 2);
INSERT INTO order_items (order_id, product_id, product_name, product_price, quantity)
VALUES ('a80a27bd-f828-73ef-f412-285bdf7742fd', '5f05b996-99f5-dfcb-e4b9-79078ca1f540', 'product_100', 450.0, 1);
INSERT INTO order_items (order_id, product_id, product_name, product_price, quantity)
VALUES ('a80a27bd-f828-73ef-f412-285bdf7742fd', '627b586a-57c8-d217-1549-c47bb32192ac', 'product_26', 450.0, 2);
INSERT INTO order_items (order_id, product_id, product_name, product_price, quantity)
VALUES ('a80a27bd-f828-73ef-f412-285bdf7742fd', '260b99e2-59bd-a3dc-c313-434aff0daf54', 'product_144', 180.0, 2);
INSERT INTO payments (order_id, venue_id, method, amount)
VALUES ('a80a27bd-f828-73ef-f412-285bdf7742fd', '00000000-0000-0000-0000-000000000010', 'card', 3921.0);
INSERT INTO orders (id, venue_id, number, status, total_amount, opened_at, closed_at, table_number)
VALUES ('c84907b6-9ba4-9c29-92f9-e7f103048b1c', '00000000-0000-0000-0000-000000000010', '5990', 'paid', 6940.0, '2026-01-02 17:39:48', '2026-01-02 17:39:48', '10');
INSERT INTO order_items (order_id, product_id, product_name, product_price, quantity)
VALUES ('c84907b6-9ba4-9c29-92f9-e7f103048b1c', 'c0fb869e-f434-07cb-f666-b9f7e55d4032', 'product_113', 750.0, 3);
INSERT INTO order_items (order_id, product_id, product_name, product_price, quantity)
VALUES ('c84907b6-9ba4-9c29-92f9-e7f103048b1c', '260b99e2-59bd-a3dc-c313-434aff0daf54', 'product_144', 180.0, 1);
INSERT INTO order_items (order_id, product_id, product_name, product_price, quantity)
VALUES ('c84907b6-9ba4-9c29-92f9-e7f103048b1c', '5f05b996-99f5-dfcb-e4b9-79078ca1f540', 'product_100', 450.0, 1);
INSERT INTO order_items (order_id, product_id, product_name, product_price, quantity)
VALUES ('c84907b6-9ba4-9c29-92f9-e7f103048b1c', '81b3193a-f1f9-6ba6-5630-5c911f0c4a69', 'product_48', 200.0, 1);
INSERT INTO order_items (order_id, product_id, product_name, product_price, quantity)
VALUES ('c84907b6-9ba4-9c29-92f9-e7f103048b1c', '8d266d35-f6a4-b267-e097-564510f7f857', 'product_12', 250.0, 1);
INSERT INTO order_items (order_id, product_id, product_name, product_price, quantity)
VALUES ('c84907b6-9ba4-9c29-92f9-e7f103048b1c', '1a9038b5-12c1-4b41-756a-ce6d8bb0fac8', 'product_114', 650.0, 3);
INSERT INTO order_items (order_id, product_id, product_name, product_price, quantity)
VALUES ('c84907b6-9ba4-9c29-92f9-e7f103048b1c', '021231f4-e9fa-ecbb-5f2a-ad1321ca42ea', 'product_59', 270.0, 2);
INSERT INTO order_items (order_id, product_id, product_name, product_price, quantity)
VALUES ('c84907b6-9ba4-9c29-92f9-e7f103048b1c', '12dd0c72-4671-5cd8-b7da-98389426555c', 'product_228', 0.0, 2);
INSERT INTO order_items (order_id, product_id, product_name, product_price, quantity)
VALUES ('c84907b6-9ba4-9c29-92f9-e7f103048b1c', 'bd63cdca-84b0-4bda-520e-13725e4b4e60', 'product_33', 350.0, 1);
INSERT INTO order_items (order_id, product_id, product_name, product_price, quantity)
VALUES ('c84907b6-9ba4-9c29-92f9-e7f103048b1c', '338bdc4d-fbd5-43ad-a7a7-3951ceca3a16', 'product_97', 250.0, 2);
INSERT INTO order_items (order_id, product_id, product_name, product_price, quantity)
VALUES ('c84907b6-9ba4-9c29-92f9-e7f103048b1c', 'd46f67a1-e1dd-e079-0b5c-329f6422c4d4', 'product_60', 270.0, 1);
INSERT INTO payments (order_id, venue_id, method, amount)
VALUES ('c84907b6-9ba4-9c29-92f9-e7f103048b1c', '00000000-0000-0000-0000-000000000010', 'cash', 7981.0);
INSERT INTO orders (id, venue_id, number, status, total_amount, opened_at, closed_at, table_number)
VALUES ('47cbd860-1ab3-b04d-ed5d-aa5e5e82a58f', '00000000-0000-0000-0000-000000000010', '5989', 'paid', 870.0, '2026-01-02 16:30:55', '2026-01-02 16:30:55', '1');
INSERT INTO order_items (order_id, product_id, product_name, product_price, quantity)
VALUES ('47cbd860-1ab3-b04d-ed5d-aa5e5e82a58f', '021231f4-e9fa-ecbb-5f2a-ad1321ca42ea', 'product_59', 270.0, 1);
INSERT INTO order_items (order_id, product_id, product_name, product_price, quantity)
VALUES ('47cbd860-1ab3-b04d-ed5d-aa5e5e82a58f', '9d00fee6-5b1a-acb8-1114-e668525ce1a6', 'product_200', 300.0, 2);
INSERT INTO payments (order_id, venue_id, method, amount)
VALUES ('47cbd860-1ab3-b04d-ed5d-aa5e5e82a58f', '00000000-0000-0000-0000-000000000010', 'cash', 870.0);
INSERT INTO orders (id, venue_id, number, status, total_amount, opened_at, closed_at, table_number)
VALUES ('daa355d1-9d82-7156-c660-194905b8979d', '00000000-0000-0000-0000-000000000010', '5988', 'paid', 0.0, '2026-01-02 13:22:35', '2026-01-02 13:22:35', '9');
INSERT INTO order_items (order_id, product_id, product_name, product_price, quantity)
VALUES ('daa355d1-9d82-7156-c660-194905b8979d', '1afe238c-a186-0e67-9e9d-d39b8c4abe8a', 'product_229', 0.0, 1);
INSERT INTO orders (id, venue_id, number, status, total_amount, opened_at, closed_at, table_number)
VALUES ('e115a2cf-c008-7496-b1ef-858b7cfceafa', '00000000-0000-0000-0000-000000000010', '5985', 'paid', 1760.0, '2026-01-02 12:28:32', '2026-01-02 12:28:32', '13');
INSERT INTO order_items (order_id, product_id, product_name, product_price, quantity)
VALUES ('e115a2cf-c008-7496-b1ef-858b7cfceafa', 'b9bdca4d-a423-6c36-2351-10cf52ff0eec', 'product_230', 0.0, 2);
INSERT INTO order_items (order_id, product_id, product_name, product_price, quantity)
VALUES ('e115a2cf-c008-7496-b1ef-858b7cfceafa', '94d2bddc-c99f-2985-f8eb-9d8a4a995ad3', 'product_10', 280.0, 1);
INSERT INTO order_items (order_id, product_id, product_name, product_price, quantity)
VALUES ('e115a2cf-c008-7496-b1ef-858b7cfceafa', '021231f4-e9fa-ecbb-5f2a-ad1321ca42ea', 'product_59', 270.0, 1);
INSERT INTO order_items (order_id, product_id, product_name, product_price, quantity)
VALUES ('e115a2cf-c008-7496-b1ef-858b7cfceafa', 'a2b39819-292c-0b80-799d-c77d7020fc9d', 'product_34', 180.0, 1);
INSERT INTO order_items (order_id, product_id, product_name, product_price, quantity)
VALUES ('e115a2cf-c008-7496-b1ef-858b7cfceafa', '94d2bddc-c99f-2985-f8eb-9d8a4a995ad3', 'product_10', 280.0, 1);
INSERT INTO order_items (order_id, product_id, product_name, product_price, quantity)
VALUES ('e115a2cf-c008-7496-b1ef-858b7cfceafa', '58e4c43b-44e0-70ce-99e7-6b0093966f41', 'product_176', 300.0, 1);
INSERT INTO order_items (order_id, product_id, product_name, product_price, quantity)
VALUES ('e115a2cf-c008-7496-b1ef-858b7cfceafa', '34be4c41-8483-67b6-927a-0bdb8761fbe4', 'product_162', 150.0, 3);
INSERT INTO order_items (order_id, product_id, product_name, product_price, quantity)
VALUES ('e115a2cf-c008-7496-b1ef-858b7cfceafa', '12dd0c72-4671-5cd8-b7da-98389426555c', 'product_228', 0.0, 1);
INSERT INTO payments (order_id, venue_id, method, amount)
VALUES ('e115a2cf-c008-7496-b1ef-858b7cfceafa', '00000000-0000-0000-0000-000000000010', 'cash', 1184.0);
INSERT INTO orders (id, venue_id, number, status, total_amount, opened_at, closed_at, table_number)
VALUES ('8e3a13f3-414a-0785-9f90-74f7d1085ddd', '00000000-0000-0000-0000-000000000010', '5987', 'paid', 160.0, '2026-01-02 12:21:04', '2026-01-02 12:21:04', '1');
INSERT INTO order_items (order_id, product_id, product_name, product_price, quantity)
VALUES ('8e3a13f3-414a-0785-9f90-74f7d1085ddd', 'da98da7c-a663-0228-294e-97c1fae50fd1', 'product_54', 160.0, 1);
INSERT INTO orders (id, venue_id, number, status, total_amount, opened_at, closed_at, table_number)
VALUES ('a7df0748-390e-9a25-3060-1a46581c8e22', '00000000-0000-0000-0000-000000000010', '5984', 'paid', 1810.0, '2026-01-02 12:19:47', '2026-01-02 12:19:47', '11');
INSERT INTO order_items (order_id, product_id, product_name, product_price, quantity)
VALUES ('a7df0748-390e-9a25-3060-1a46581c8e22', 'ec61223f-a380-dd08-f9eb-461b3c2f80e6', 'product_163', 100.0, 2);
INSERT INTO order_items (order_id, product_id, product_name, product_price, quantity)
VALUES ('a7df0748-390e-9a25-3060-1a46581c8e22', 'b9bdca4d-a423-6c36-2351-10cf52ff0eec', 'product_230', 0.0, 3);
INSERT INTO order_items (order_id, product_id, product_name, product_price, quantity)
VALUES ('a7df0748-390e-9a25-3060-1a46581c8e22', '021231f4-e9fa-ecbb-5f2a-ad1321ca42ea', 'product_59', 270.0, 1);
INSERT INTO order_items (order_id, product_id, product_name, product_price, quantity)
VALUES ('a7df0748-390e-9a25-3060-1a46581c8e22', 'da98da7c-a663-0228-294e-97c1fae50fd1', 'product_54', 160.0, 1);
INSERT INTO order_items (order_id, product_id, product_name, product_price, quantity)
VALUES ('a7df0748-390e-9a25-3060-1a46581c8e22', 'bc75aa2b-4910-21bf-56ff-d9769b039d8e', 'product_47', 200.0, 1);
INSERT INTO order_items (order_id, product_id, product_name, product_price, quantity)
VALUES ('a7df0748-390e-9a25-3060-1a46581c8e22', '81b3193a-f1f9-6ba6-5630-5c911f0c4a69', 'product_48', 200.0, 1);
INSERT INTO order_items (order_id, product_id, product_name, product_price, quantity)
VALUES ('a7df0748-390e-9a25-3060-1a46581c8e22', '7c7c305a-92ed-bc40-0bb5-1155fc4e313f', 'product_99', 200.0, 1);
INSERT INTO order_items (order_id, product_id, product_name, product_price, quantity)
VALUES ('a7df0748-390e-9a25-3060-1a46581c8e22', '58e4c43b-44e0-70ce-99e7-6b0093966f41', 'product_176', 300.0, 1);
INSERT INTO order_items (order_id, product_id, product_name, product_price, quantity)
VALUES ('a7df0748-390e-9a25-3060-1a46581c8e22', '94d2bddc-c99f-2985-f8eb-9d8a4a995ad3', 'product_10', 280.0, 1);
INSERT INTO payments (order_id, venue_id, method, amount)
VALUES ('a7df0748-390e-9a25-3060-1a46581c8e22', '00000000-0000-0000-0000-000000000010', 'card', 690.0);
INSERT INTO orders (id, venue_id, number, status, total_amount, opened_at, closed_at, table_number)
VALUES ('44fb3b3f-e85e-93c5-f376-7a352a3bfd41', '00000000-0000-0000-0000-000000000010', '5963', 'paid', 6590.0, '2026-01-02 12:19:02', '2026-01-02 12:19:02', '10');
INSERT INTO order_items (order_id, product_id, product_name, product_price, quantity)
VALUES ('44fb3b3f-e85e-93c5-f376-7a352a3bfd41', 'c0fb869e-f434-07cb-f666-b9f7e55d4032', 'product_113', 750.0, 2);
INSERT INTO order_items (order_id, product_id, product_name, product_price, quantity)
VALUES ('44fb3b3f-e85e-93c5-f376-7a352a3bfd41', 'bc75aa2b-4910-21bf-56ff-d9769b039d8e', 'product_47', 200.0, 5);
INSERT INTO order_items (order_id, product_id, product_name, product_price, quantity)
VALUES ('44fb3b3f-e85e-93c5-f376-7a352a3bfd41', '627b586a-57c8-d217-1549-c47bb32192ac', 'product_26', 450.0, 3);
INSERT INTO order_items (order_id, product_id, product_name, product_price, quantity)
VALUES ('44fb3b3f-e85e-93c5-f376-7a352a3bfd41', '0caff6fe-c574-8665-33ca-5f2cee71ebb2', 'product_35', 180.0, 1);
INSERT INTO order_items (order_id, product_id, product_name, product_price, quantity)
VALUES ('44fb3b3f-e85e-93c5-f376-7a352a3bfd41', '09d9bcce-e54b-d518-c5bf-1c5d4b683d38', 'product_50', 180.0, 2);
INSERT INTO order_items (order_id, product_id, product_name, product_price, quantity)
VALUES ('44fb3b3f-e85e-93c5-f376-7a352a3bfd41', '7c7c305a-92ed-bc40-0bb5-1155fc4e313f', 'product_99', 200.0, 1);
INSERT INTO order_items (order_id, product_id, product_name, product_price, quantity)
VALUES ('44fb3b3f-e85e-93c5-f376-7a352a3bfd41', '0f7cfc79-3a3f-41ac-1aa4-b27431de9236', 'product_29', 600.0, 3);
INSERT INTO order_items (order_id, product_id, product_name, product_price, quantity)
VALUES ('44fb3b3f-e85e-93c5-f376-7a352a3bfd41', '81b3193a-f1f9-6ba6-5630-5c911f0c4a69', 'product_48', 200.0, 1);
INSERT INTO payments (order_id, venue_id, method, amount)
VALUES ('44fb3b3f-e85e-93c5-f376-7a352a3bfd41', '00000000-0000-0000-0000-000000000010', 'card', 7578.0);
INSERT INTO orders (id, venue_id, number, status, total_amount, opened_at, closed_at, table_number)
VALUES ('3398b91e-2b2c-258c-9c63-2c8cbdb7432d', '00000000-0000-0000-0000-000000000010', '5986', 'paid', 1340.0, '2026-01-02 12:01:13', '2026-01-02 12:01:13', '12');
INSERT INTO order_items (order_id, product_id, product_name, product_price, quantity)
VALUES ('3398b91e-2b2c-258c-9c63-2c8cbdb7432d', 'b9bdca4d-a423-6c36-2351-10cf52ff0eec', 'product_230', 0.0, 1);
INSERT INTO order_items (order_id, product_id, product_name, product_price, quantity)
VALUES ('3398b91e-2b2c-258c-9c63-2c8cbdb7432d', '58e4c43b-44e0-70ce-99e7-6b0093966f41', 'product_176', 300.0, 1);
INSERT INTO order_items (order_id, product_id, product_name, product_price, quantity)
VALUES ('3398b91e-2b2c-258c-9c63-2c8cbdb7432d', '8d266d35-f6a4-b267-e097-564510f7f857', 'product_12', 250.0, 2);
INSERT INTO order_items (order_id, product_id, product_name, product_price, quantity)
VALUES ('3398b91e-2b2c-258c-9c63-2c8cbdb7432d', '021231f4-e9fa-ecbb-5f2a-ad1321ca42ea', 'product_59', 270.0, 2);
INSERT INTO payments (order_id, venue_id, method, amount)
VALUES ('3398b91e-2b2c-258c-9c63-2c8cbdb7432d', '00000000-0000-0000-0000-000000000010', 'card', 575.0);
INSERT INTO orders (id, venue_id, number, status, total_amount, opened_at, closed_at, table_number)
VALUES ('33b27c55-8167-08bd-33d5-de00b066beaf', '00000000-0000-0000-0000-000000000010', '5974', 'paid', 2220.0, '2026-01-01 22:22:16', '2026-01-01 22:22:16', '1');
INSERT INTO order_items (order_id, product_id, product_name, product_price, quantity)
VALUES ('33b27c55-8167-08bd-33d5-de00b066beaf', '0f7cfc79-3a3f-41ac-1aa4-b27431de9236', 'product_29', 600.0, 1);
INSERT INTO order_items (order_id, product_id, product_name, product_price, quantity)
VALUES ('33b27c55-8167-08bd-33d5-de00b066beaf', 'ce90a2e4-a08b-570d-aca7-50bb5d2d0ab2', 'product_112', 400.0, 1);
INSERT INTO order_items (order_id, product_id, product_name, product_price, quantity)
VALUES ('33b27c55-8167-08bd-33d5-de00b066beaf', 'da98da7c-a663-0228-294e-97c1fae50fd1', 'product_54', 160.0, 2);
INSERT INTO order_items (order_id, product_id, product_name, product_price, quantity)
VALUES ('33b27c55-8167-08bd-33d5-de00b066beaf', 'eb1260af-ca5f-c811-fd1c-bf1664229477', 'product_115', 300.0, 3);
INSERT INTO payments (order_id, venue_id, method, amount)
VALUES ('33b27c55-8167-08bd-33d5-de00b066beaf', '00000000-0000-0000-0000-000000000010', 'card', 2553.0);
INSERT INTO orders (id, venue_id, number, status, total_amount, opened_at, closed_at, table_number)
VALUES ('0f2736d5-683e-872f-9dea-9a2a3ce77b26', '00000000-0000-0000-0000-000000000010', '5983', 'paid', 1600.0, '2026-01-01 21:55:16', '2026-01-01 21:55:16', '9');
INSERT INTO order_items (order_id, product_id, product_name, product_price, quantity)
VALUES ('0f2736d5-683e-872f-9dea-9a2a3ce77b26', 'd56291c3-0b81-82df-41d8-2bffd8869d31', 'product_140', 400.0, 1);
INSERT INTO order_items (order_id, product_id, product_name, product_price, quantity)
VALUES ('0f2736d5-683e-872f-9dea-9a2a3ce77b26', '8d39c5f6-7b37-38c9-14be-a79428be2504', 'product_198', 400.0, 1);
INSERT INTO order_items (order_id, product_id, product_name, product_price, quantity)
VALUES ('0f2736d5-683e-872f-9dea-9a2a3ce77b26', 'f17e6b93-235c-e217-e8bb-314b22b364b3', 'product_206', 400.0, 1);
INSERT INTO order_items (order_id, product_id, product_name, product_price, quantity)
VALUES ('0f2736d5-683e-872f-9dea-9a2a3ce77b26', 'c6df6494-4f53-4174-6660-06fb0dc02db5', 'product_199', 400.0, 1);
INSERT INTO orders (id, venue_id, number, status, total_amount, opened_at, closed_at, table_number)
VALUES ('edfded4f-1d57-d995-004a-aa35b6466fed', '00000000-0000-0000-0000-000000000010', '5982', 'paid', 2050.24, '2026-01-01 21:41:16', '2026-01-01 21:41:16', '13');
INSERT INTO order_items (order_id, product_id, product_name, product_price, quantity)
VALUES ('edfded4f-1d57-d995-004a-aa35b6466fed', '0f7cfc79-3a3f-41ac-1aa4-b27431de9236', 'product_29', 600.0, 1);
INSERT INTO order_items (order_id, product_id, product_name, product_price, quantity)
VALUES ('edfded4f-1d57-d995-004a-aa35b6466fed', 'fdb6f575-fe3f-282e-93d0-1dad56530fa5', 'product_15', 600.0, 1);
INSERT INTO order_items (order_id, product_id, product_name, product_price, quantity)
VALUES ('edfded4f-1d57-d995-004a-aa35b6466fed', '12dd0c72-4671-5cd8-b7da-98389426555c', 'product_228', 0.0, 1);
INSERT INTO order_items (order_id, product_id, product_name, product_price, quantity)
VALUES ('edfded4f-1d57-d995-004a-aa35b6466fed', '0d07baf4-74fe-e6af-ddf9-5304e58f2192', 'product_221', 850.24, 1);
INSERT INTO payments (order_id, venue_id, method, amount)
VALUES ('edfded4f-1d57-d995-004a-aa35b6466fed', '00000000-0000-0000-0000-000000000010', 'cash', 2357.0);
INSERT INTO orders (id, venue_id, number, status, total_amount, opened_at, closed_at, table_number)
VALUES ('8a5c71c9-1cf2-a449-9cb6-6fac2df6a772', '00000000-0000-0000-0000-000000000010', '5981', 'paid', 1040.0, '2026-01-01 20:04:33', '2026-01-01 20:04:33', '12');
INSERT INTO order_items (order_id, product_id, product_name, product_price, quantity)
VALUES ('8a5c71c9-1cf2-a449-9cb6-6fac2df6a772', '6599a59a-6cf7-70c9-0971-07a0078ce7cf', 'product_128', 360.0, 2);
INSERT INTO order_items (order_id, product_id, product_name, product_price, quantity)
VALUES ('8a5c71c9-1cf2-a449-9cb6-6fac2df6a772', '898d2cec-bf17-cd4c-dc70-b73dd36af83c', 'product_236', 320.0, 1);
INSERT INTO payments (order_id, venue_id, method, amount)
VALUES ('8a5c71c9-1cf2-a449-9cb6-6fac2df6a772', '00000000-0000-0000-0000-000000000010', 'card', 1040.0);
INSERT INTO orders (id, venue_id, number, status, total_amount, opened_at, closed_at, table_number)
VALUES ('2a0f4a2b-3905-c128-81ce-70e17aa3c3c7', '00000000-0000-0000-0000-000000000010', '5980', 'paid', 0.0, '2026-01-01 19:21:11', '2026-01-01 19:21:11', '9');
INSERT INTO order_items (order_id, product_id, product_name, product_price, quantity)
VALUES ('2a0f4a2b-3905-c128-81ce-70e17aa3c3c7', '12dd0c72-4671-5cd8-b7da-98389426555c', 'product_228', 0.0, 1);
INSERT INTO orders (id, venue_id, number, status, total_amount, opened_at, closed_at, table_number)
VALUES ('6fa0217a-fb06-c146-c12e-78e3b091dae6', '00000000-0000-0000-0000-000000000010', '5979', 'paid', 0.0, '2026-01-01 19:20:59', '2026-01-01 19:20:59', '9');
INSERT INTO order_items (order_id, product_id, product_name, product_price, quantity)
VALUES ('6fa0217a-fb06-c146-c12e-78e3b091dae6', '82c55340-bd07-2a9a-a6cc-6ce377f958f2', 'product_148', 0.0, 1);
INSERT INTO orders (id, venue_id, number, status, total_amount, opened_at, closed_at, table_number)
VALUES ('1f4727b6-facc-aecc-0e3c-0516cabb55a4', '00000000-0000-0000-0000-000000000010', '5978', 'paid', 0.0, '2026-01-01 19:20:42', '2026-01-01 19:20:42', '13');
INSERT INTO order_items (order_id, product_id, product_name, product_price, quantity)
VALUES ('1f4727b6-facc-aecc-0e3c-0516cabb55a4', '12dd0c72-4671-5cd8-b7da-98389426555c', 'product_228', 0.0, 1);
INSERT INTO orders (id, venue_id, number, status, total_amount, opened_at, closed_at, table_number)
VALUES ('2c7ddef2-778b-e25d-d6ad-342a25ff0ff8', '00000000-0000-0000-0000-000000000010', '5977', 'paid', 0.0, '2026-01-01 19:20:30', '2026-01-01 19:20:30', '9');
INSERT INTO order_items (order_id, product_id, product_name, product_price, quantity)
VALUES ('2c7ddef2-778b-e25d-d6ad-342a25ff0ff8', '1afe238c-a186-0e67-9e9d-d39b8c4abe8a', 'product_229', 0.0, 1);
INSERT INTO orders (id, venue_id, number, status, total_amount, opened_at, closed_at, table_number)
VALUES ('ad14dc1f-ac39-5cef-a332-1f7d72a3c270', '00000000-0000-0000-0000-000000000010', '5976', 'paid', 1450.0, '2026-01-01 19:06:35', '2026-01-01 19:06:35', '11');
INSERT INTO order_items (order_id, product_id, product_name, product_price, quantity)
VALUES ('ad14dc1f-ac39-5cef-a332-1f7d72a3c270', 'da98da7c-a663-0228-294e-97c1fae50fd1', 'product_54', 160.0, 4);
INSERT INTO order_items (order_id, product_id, product_name, product_price, quantity)
VALUES ('ad14dc1f-ac39-5cef-a332-1f7d72a3c270', 'd46f67a1-e1dd-e079-0b5c-329f6422c4d4', 'product_60', 270.0, 3);
INSERT INTO orders (id, venue_id, number, status, total_amount, opened_at, closed_at, table_number)
VALUES ('e652bf3c-ee96-cf8f-e0c0-3d7842e4e6a9', '00000000-0000-0000-0000-000000000010', '5975', 'paid', 180.0, '2026-01-01 16:35:51', '2026-01-01 16:35:51', '13');
INSERT INTO order_items (order_id, product_id, product_name, product_price, quantity)
VALUES ('e652bf3c-ee96-cf8f-e0c0-3d7842e4e6a9', '260b99e2-59bd-a3dc-c313-434aff0daf54', 'product_144', 180.0, 1);
INSERT INTO payments (order_id, venue_id, method, amount)
VALUES ('e652bf3c-ee96-cf8f-e0c0-3d7842e4e6a9', '00000000-0000-0000-0000-000000000010', 'card', 207.0);
INSERT INTO orders (id, venue_id, number, status, total_amount, opened_at, closed_at, table_number)
VALUES ('4c25d3ec-49e2-e73f-f69d-a7df4c28f47d', '00000000-0000-0000-0000-000000000010', '5973', 'paid', 3120.0, '2026-01-01 16:20:23', '2026-01-01 16:20:23', '13');
INSERT INTO order_items (order_id, product_id, product_name, product_price, quantity)
VALUES ('4c25d3ec-49e2-e73f-f69d-a7df4c28f47d', 'c0fb869e-f434-07cb-f666-b9f7e55d4032', 'product_113', 750.0, 1);
INSERT INTO order_items (order_id, product_id, product_name, product_price, quantity)
VALUES ('4c25d3ec-49e2-e73f-f69d-a7df4c28f47d', '7ddbed72-7deb-5ee4-0634-41d52192bad1', 'product_23', 1650.0, 1);
INSERT INTO order_items (order_id, product_id, product_name, product_price, quantity)
VALUES ('4c25d3ec-49e2-e73f-f69d-a7df4c28f47d', '627b586a-57c8-d217-1549-c47bb32192ac', 'product_26', 450.0, 1);
INSERT INTO order_items (order_id, product_id, product_name, product_price, quantity)
VALUES ('4c25d3ec-49e2-e73f-f69d-a7df4c28f47d', '021231f4-e9fa-ecbb-5f2a-ad1321ca42ea', 'product_59', 270.0, 1);
INSERT INTO payments (order_id, venue_id, method, amount)
VALUES ('4c25d3ec-49e2-e73f-f69d-a7df4c28f47d', '00000000-0000-0000-0000-000000000010', 'cash', 3588.0);
INSERT INTO orders (id, venue_id, number, status, total_amount, opened_at, closed_at, table_number)
VALUES ('48466608-cbc5-6b49-8ac2-f641e37d8c4c', '00000000-0000-0000-0000-000000000010', '5972', 'paid', 1700.0, '2026-01-01 15:55:42', '2026-01-01 15:55:42', '2');
INSERT INTO order_items (order_id, product_id, product_name, product_price, quantity)
VALUES ('48466608-cbc5-6b49-8ac2-f641e37d8c4c', 'c0fb869e-f434-07cb-f666-b9f7e55d4032', 'product_113', 750.0, 1);
INSERT INTO order_items (order_id, product_id, product_name, product_price, quantity)
VALUES ('48466608-cbc5-6b49-8ac2-f641e37d8c4c', '1a9038b5-12c1-4b41-756a-ce6d8bb0fac8', 'product_114', 650.0, 1);
INSERT INTO order_items (order_id, product_id, product_name, product_price, quantity)
VALUES ('48466608-cbc5-6b49-8ac2-f641e37d8c4c', '9d00fee6-5b1a-acb8-1114-e668525ce1a6', 'product_200', 300.0, 1);
INSERT INTO payments (order_id, venue_id, method, amount)
VALUES ('48466608-cbc5-6b49-8ac2-f641e37d8c4c', '00000000-0000-0000-0000-000000000010', 'cash', 1955.0);
INSERT INTO orders (id, venue_id, number, status, total_amount, opened_at, closed_at, table_number)
VALUES ('0a05702f-25ff-bf77-49df-2d891cb6544e', '00000000-0000-0000-0000-000000000010', '5971', 'paid', 0.0, '2026-01-01 15:05:06', '2026-01-01 15:05:06', '12');
INSERT INTO order_items (order_id, product_id, product_name, product_price, quantity)
VALUES ('0a05702f-25ff-bf77-49df-2d891cb6544e', 'b9bdca4d-a423-6c36-2351-10cf52ff0eec', 'product_230', 0.0, 1);
INSERT INTO orders (id, venue_id, number, status, total_amount, opened_at, closed_at, table_number)
VALUES ('598e0073-1f6e-7b82-4b03-7756bfdd5d46', '00000000-0000-0000-0000-000000000010', '5969', 'paid', 1130.0, '2026-01-01 15:05:02', '2026-01-01 15:05:02', '15');
INSERT INTO order_items (order_id, product_id, product_name, product_price, quantity)
VALUES ('598e0073-1f6e-7b82-4b03-7756bfdd5d46', '94d2bddc-c99f-2985-f8eb-9d8a4a995ad3', 'product_10', 280.0, 1);
INSERT INTO order_items (order_id, product_id, product_name, product_price, quantity)
VALUES ('598e0073-1f6e-7b82-4b03-7756bfdd5d46', '2836be19-8d27-0aa1-68ed-3bbc6cf94fb8', 'product_13', 250.0, 1);
INSERT INTO order_items (order_id, product_id, product_name, product_price, quantity)
VALUES ('598e0073-1f6e-7b82-4b03-7756bfdd5d46', '34be4c41-8483-67b6-927a-0bdb8761fbe4', 'product_162', 150.0, 2);
INSERT INTO order_items (order_id, product_id, product_name, product_price, quantity)
VALUES ('598e0073-1f6e-7b82-4b03-7756bfdd5d46', '58e4c43b-44e0-70ce-99e7-6b0093966f41', 'product_176', 300.0, 1);
INSERT INTO orders (id, venue_id, number, status, total_amount, opened_at, closed_at, table_number)
VALUES ('346a1593-5648-0f55-45d1-d90e6af9df7a', '00000000-0000-0000-0000-000000000010', '5970', 'paid', 600.0, '2026-01-01 15:04:58', '2026-01-01 15:04:58', '13');
INSERT INTO order_items (order_id, product_id, product_name, product_price, quantity)
VALUES ('346a1593-5648-0f55-45d1-d90e6af9df7a', '58e4c43b-44e0-70ce-99e7-6b0093966f41', 'product_176', 300.0, 2);
INSERT INTO orders (id, venue_id, number, status, total_amount, opened_at, closed_at, table_number)
VALUES ('8aaae32e-e791-34b0-0c3a-1268c5efc082', '00000000-0000-0000-0000-000000000010', '5967', 'paid', 1600.0, '2026-01-01 15:04:54', '2026-01-01 15:04:54', '1');
INSERT INTO order_items (order_id, product_id, product_name, product_price, quantity)
VALUES ('8aaae32e-e791-34b0-0c3a-1268c5efc082', '38432f7f-ba41-eaa0-7e46-d791008e4b02', 'product_6', 490.0, 2);
INSERT INTO order_items (order_id, product_id, product_name, product_price, quantity)
VALUES ('8aaae32e-e791-34b0-0c3a-1268c5efc082', 'b9bdca4d-a423-6c36-2351-10cf52ff0eec', 'product_230', 0.0, 2);
INSERT INTO order_items (order_id, product_id, product_name, product_price, quantity)
VALUES ('8aaae32e-e791-34b0-0c3a-1268c5efc082', 'da98da7c-a663-0228-294e-97c1fae50fd1', 'product_54', 160.0, 2);
INSERT INTO order_items (order_id, product_id, product_name, product_price, quantity)
VALUES ('8aaae32e-e791-34b0-0c3a-1268c5efc082', '58e4c43b-44e0-70ce-99e7-6b0093966f41', 'product_176', 300.0, 1);
-- 1735 orders, 5393 order_items, 1197 payments

-- Phase 5: Stock items
INSERT INTO warehouses (id, venue_id, name) VALUES ('f913bb08-02f6-68df-087d-edf4e16165fa', '00000000-0000-0000-0000-000000000010', 'Основной склад') ON CONFLICT DO NOTHING;

INSERT INTO stock_items (warehouse_id, product_id, quantity, unit)
VALUES ('f913bb08-02f6-68df-087d-edf4e16165fa', 'c8f8e038-a0a8-13de-f535-ae5879a03f19', -0.75, 'л');
INSERT INTO stock_items (warehouse_id, product_id, quantity, unit)
VALUES ('f913bb08-02f6-68df-087d-edf4e16165fa', 'd8076592-5848-a970-3690-c59b5295cebe', 1.5, 'л');
INSERT INTO stock_items (warehouse_id, product_id, quantity, unit)
VALUES ('f913bb08-02f6-68df-087d-edf4e16165fa', 'fb249224-f7d8-e460-8747-b311ac2cee20', 0.75, 'л');
INSERT INTO stock_items (warehouse_id, product_id, quantity, unit)
VALUES ('f913bb08-02f6-68df-087d-edf4e16165fa', '3da8bf1c-943a-1605-e277-cd31ed8f64d0', 6.085, 'л');
INSERT INTO stock_items (warehouse_id, product_id, quantity, unit)
VALUES ('f913bb08-02f6-68df-087d-edf4e16165fa', '7a226fc8-ed1a-a229-d666-c5780bff53a6', -30.0, 'шт');
INSERT INTO stock_items (warehouse_id, product_id, quantity, unit)
VALUES ('f913bb08-02f6-68df-087d-edf4e16165fa', '982e8cf3-535f-5c99-9816-abf57d689830', -214.0, 'шт');
INSERT INTO stock_items (warehouse_id, product_id, quantity, unit)
VALUES ('f913bb08-02f6-68df-087d-edf4e16165fa', '715f31a4-2ea8-ef3c-e11d-c09f3cee4df7', -23.0, 'шт');
INSERT INTO stock_items (warehouse_id, product_id, quantity, unit)
VALUES ('f913bb08-02f6-68df-087d-edf4e16165fa', 'b4be783d-0933-33f7-19e5-aba95e86c089', -22.0, 'шт');
INSERT INTO stock_items (warehouse_id, product_id, quantity, unit)
VALUES ('f913bb08-02f6-68df-087d-edf4e16165fa', 'de0d9d6d-a39b-7c91-57b9-b9ec7280d01e', 0.2, 'л');
INSERT INTO stock_items (warehouse_id, product_id, quantity, unit)
VALUES ('f913bb08-02f6-68df-087d-edf4e16165fa', '72b86272-fccc-49d9-bb76-ed06432afa9f', 0.0, 'л');
INSERT INTO stock_items (warehouse_id, product_id, quantity, unit)
VALUES ('f913bb08-02f6-68df-087d-edf4e16165fa', 'b2de86b9-627e-cd8d-2bf1-35ebe7099bbd', 1.05, 'л');
INSERT INTO stock_items (warehouse_id, product_id, quantity, unit)
VALUES ('f913bb08-02f6-68df-087d-edf4e16165fa', '5ebcb4cd-10e5-f27e-96da-da79cb048db8', -0.75, 'л');
INSERT INTO stock_items (warehouse_id, product_id, quantity, unit)
VALUES ('f913bb08-02f6-68df-087d-edf4e16165fa', '4d085aa5-889b-66a9-8190-e130ef26af02', -4.546, 'кг');
INSERT INTO stock_items (warehouse_id, product_id, quantity, unit)
VALUES ('f913bb08-02f6-68df-087d-edf4e16165fa', '899eadb4-2cf3-b21d-1ab1-422159b65177', -0.75, 'л');
INSERT INTO stock_items (warehouse_id, product_id, quantity, unit)
VALUES ('f913bb08-02f6-68df-087d-edf4e16165fa', '9b44c1c4-02c4-a00b-4219-31356e6b4625', 37.0, 'шт');
INSERT INTO stock_items (warehouse_id, product_id, quantity, unit)
VALUES ('f913bb08-02f6-68df-087d-edf4e16165fa', '0eb1deff-056b-95cb-0f83-0546ee66e4f8', -29.0, 'шт');
INSERT INTO stock_items (warehouse_id, product_id, quantity, unit)
VALUES ('f913bb08-02f6-68df-087d-edf4e16165fa', '72463e08-2019-4ab8-dd65-4071d24f160f', 0.0, 'л');
INSERT INTO stock_items (warehouse_id, product_id, quantity, unit)
VALUES ('f913bb08-02f6-68df-087d-edf4e16165fa', '47d19ddb-eacc-ff36-1899-a57074bf3e43', -17.326, 'кг');
INSERT INTO stock_items (warehouse_id, product_id, quantity, unit)
VALUES ('f913bb08-02f6-68df-087d-edf4e16165fa', '8d85184d-e596-1447-2737-264613d56b1d', 0.562, 'кг');
INSERT INTO stock_items (warehouse_id, product_id, quantity, unit)
VALUES ('f913bb08-02f6-68df-087d-edf4e16165fa', '77c1acc3-9080-3285-bfa4-4e9a38dfe4fa', -2.47, 'кг');
INSERT INTO stock_items (warehouse_id, product_id, quantity, unit)
VALUES ('f913bb08-02f6-68df-087d-edf4e16165fa', '4b4e9ece-7056-4e31-5b1e-17e7ef59f1ea', 0.18, 'л');
INSERT INTO stock_items (warehouse_id, product_id, quantity, unit)
VALUES ('f913bb08-02f6-68df-087d-edf4e16165fa', 'ba6283f7-bfc1-2757-6280-114aff417a57', -18.805, 'кг');
INSERT INTO stock_items (warehouse_id, product_id, quantity, unit)
VALUES ('f913bb08-02f6-68df-087d-edf4e16165fa', 'a69108ec-9313-c5f7-6d77-854456fec843', 0.432, 'кг');
INSERT INTO stock_items (warehouse_id, product_id, quantity, unit)
VALUES ('f913bb08-02f6-68df-087d-edf4e16165fa', '6f769653-f126-457d-04de-7b28b0101df9', -25.321, 'кг');
INSERT INTO stock_items (warehouse_id, product_id, quantity, unit)
VALUES ('f913bb08-02f6-68df-087d-edf4e16165fa', 'f245c31b-6315-867e-16f1-b0d116beabdb', 1.1, 'кг');
INSERT INTO stock_items (warehouse_id, product_id, quantity, unit)
VALUES ('f913bb08-02f6-68df-087d-edf4e16165fa', '5402e3e7-df3b-de98-4a5b-bc7f3215eb05', -12.295, 'кг');
INSERT INTO stock_items (warehouse_id, product_id, quantity, unit)
VALUES ('f913bb08-02f6-68df-087d-edf4e16165fa', 'e4a43179-ad39-99d8-3252-e2a979db441f', 2.85, 'л');
INSERT INTO stock_items (warehouse_id, product_id, quantity, unit)
VALUES ('f913bb08-02f6-68df-087d-edf4e16165fa', 'ea2fdd60-d6cf-96e0-c780-0058b275a5b0', -304.0, 'шт');
INSERT INTO stock_items (warehouse_id, product_id, quantity, unit)
VALUES ('f913bb08-02f6-68df-087d-edf4e16165fa', 'a7719d76-dc98-c252-7f83-fec1bfe32352', -15.78, 'кг');
INSERT INTO stock_items (warehouse_id, product_id, quantity, unit)
VALUES ('f913bb08-02f6-68df-087d-edf4e16165fa', 'b19a5f3b-a43f-9c94-73a7-f89e908b7c02', 0.195, 'кг');
INSERT INTO stock_items (warehouse_id, product_id, quantity, unit)
VALUES ('f913bb08-02f6-68df-087d-edf4e16165fa', 'c72930ff-9f44-b90c-85ac-1ec3475bd744', 2.25, 'л');
INSERT INTO stock_items (warehouse_id, product_id, quantity, unit)
VALUES ('f913bb08-02f6-68df-087d-edf4e16165fa', '579e27db-a6d3-ef0f-e2b7-99916fdafecb', 0.0, 'л');
INSERT INTO stock_items (warehouse_id, product_id, quantity, unit)
VALUES ('f913bb08-02f6-68df-087d-edf4e16165fa', 'ec63a806-0d32-d632-30fb-8b3d81a8233e', 3.5, 'л');
INSERT INTO stock_items (warehouse_id, product_id, quantity, unit)
VALUES ('f913bb08-02f6-68df-087d-edf4e16165fa', '39766e7f-3caa-0a7d-3214-e7ffe5858c33', -0.75, 'л');
INSERT INTO stock_items (warehouse_id, product_id, quantity, unit)
VALUES ('f913bb08-02f6-68df-087d-edf4e16165fa', 'ec50160d-de1b-eb60-2362-d4dfca0144ff', 0.0, 'л');
INSERT INTO stock_items (warehouse_id, product_id, quantity, unit)
VALUES ('f913bb08-02f6-68df-087d-edf4e16165fa', '228bb1cd-707a-9f9f-8a2f-eb412e270b3a', -125.32, 'л');
INSERT INTO stock_items (warehouse_id, product_id, quantity, unit)
VALUES ('f913bb08-02f6-68df-087d-edf4e16165fa', '1849b782-be93-a8d1-a816-80c83882b8ae', 2.0, 'л');
INSERT INTO stock_items (warehouse_id, product_id, quantity, unit)
VALUES ('f913bb08-02f6-68df-087d-edf4e16165fa', 'f1fd6a1e-a58e-9ae7-f3b5-224382daf5c4', -0.2, 'л');
INSERT INTO stock_items (warehouse_id, product_id, quantity, unit)
VALUES ('f913bb08-02f6-68df-087d-edf4e16165fa', '489ec47a-3c0d-4d10-72ce-fd8c5dafc3f0', 0.192, 'л');
INSERT INTO stock_items (warehouse_id, product_id, quantity, unit)
VALUES ('f913bb08-02f6-68df-087d-edf4e16165fa', 'd67d1a3b-bbee-646f-7170-8308eb3f994d', -46.99, 'л');
INSERT INTO stock_items (warehouse_id, product_id, quantity, unit)
VALUES ('f913bb08-02f6-68df-087d-edf4e16165fa', '7056ccdc-09c2-54df-56f8-ca2a99cb02ee', 0.242, 'кг');
INSERT INTO stock_items (warehouse_id, product_id, quantity, unit)
VALUES ('f913bb08-02f6-68df-087d-edf4e16165fa', 'e25d25bc-90fd-f776-88e9-4cee19cadb3a', -8.5, 'кг');
INSERT INTO stock_items (warehouse_id, product_id, quantity, unit)
VALUES ('f913bb08-02f6-68df-087d-edf4e16165fa', 'e0a95445-ee67-d3e7-e826-00823f1706f9', -6.102, 'кг');
INSERT INTO stock_items (warehouse_id, product_id, quantity, unit)
VALUES ('f913bb08-02f6-68df-087d-edf4e16165fa', 'fd184d6c-f180-7b02-9a55-e4e9a56f15be', -0.3, 'кг');
INSERT INTO stock_items (warehouse_id, product_id, quantity, unit)
VALUES ('f913bb08-02f6-68df-087d-edf4e16165fa', 'c32b64b4-ae37-36ec-d7af-d6d314759aab', 0.061, 'кг');
INSERT INTO stock_items (warehouse_id, product_id, quantity, unit)
VALUES ('f913bb08-02f6-68df-087d-edf4e16165fa', '36ab4d80-ea3c-a08d-efb4-8acd68417698', 0.68, 'кг');
INSERT INTO stock_items (warehouse_id, product_id, quantity, unit)
VALUES ('f913bb08-02f6-68df-087d-edf4e16165fa', 'f219873f-37cc-bd7c-17ff-3d918a045138', 1.51, 'л');
INSERT INTO stock_items (warehouse_id, product_id, quantity, unit)
VALUES ('f913bb08-02f6-68df-087d-edf4e16165fa', 'c18472a3-f486-2d1a-c680-673ed13f692d', -0.48, 'л');
INSERT INTO stock_items (warehouse_id, product_id, quantity, unit)
VALUES ('f913bb08-02f6-68df-087d-edf4e16165fa', 'ba235038-d4b9-4df6-e646-4bf7764ff59f', 0.9, 'кг');
INSERT INTO stock_items (warehouse_id, product_id, quantity, unit)
VALUES ('f913bb08-02f6-68df-087d-edf4e16165fa', '27d95c99-3f8c-6b26-a977-6e1e0b7320e9', -157.0, 'шт');
INSERT INTO stock_items (warehouse_id, product_id, quantity, unit)
VALUES ('f913bb08-02f6-68df-087d-edf4e16165fa', 'da5a8c2a-24c7-aaef-47bf-f1af688dd057', -16.533, 'кг');
INSERT INTO stock_items (warehouse_id, product_id, quantity, unit)
VALUES ('f913bb08-02f6-68df-087d-edf4e16165fa', '2d0596b0-8a59-44fa-7b7a-abc8c5c892bc', 0.65, 'кг');
INSERT INTO stock_items (warehouse_id, product_id, quantity, unit)
VALUES ('f913bb08-02f6-68df-087d-edf4e16165fa', 'ff11e854-0960-a19f-6246-fd40eff278f6', 1.4, 'л');
INSERT INTO stock_items (warehouse_id, product_id, quantity, unit)
VALUES ('f913bb08-02f6-68df-087d-edf4e16165fa', '90a60bab-596e-1a51-79e6-b3403cf8c1a6', 0.65, 'кг');
INSERT INTO stock_items (warehouse_id, product_id, quantity, unit)
VALUES ('f913bb08-02f6-68df-087d-edf4e16165fa', '84a9d188-0e78-6ef1-4298-4787ca20dac0', 0.162, 'кг');
INSERT INTO stock_items (warehouse_id, product_id, quantity, unit)
VALUES ('f913bb08-02f6-68df-087d-edf4e16165fa', 'f76b23cf-8d5f-b82e-3379-118be5dc3702', -28.4, 'кг');
INSERT INTO stock_items (warehouse_id, product_id, quantity, unit)
VALUES ('f913bb08-02f6-68df-087d-edf4e16165fa', '5c99aa8a-5158-a9b9-9d25-85d215940062', -20.827, 'кг');
INSERT INTO stock_items (warehouse_id, product_id, quantity, unit)
VALUES ('f913bb08-02f6-68df-087d-edf4e16165fa', 'e2ea1dc7-5420-a198-c2f0-2afd9dceb063', -70.7, 'кг');
INSERT INTO stock_items (warehouse_id, product_id, quantity, unit)
VALUES ('f913bb08-02f6-68df-087d-edf4e16165fa', 'eba6b011-5ddc-f12d-eebd-34aed3ac8691', -0.578, 'кг');
INSERT INTO stock_items (warehouse_id, product_id, quantity, unit)
VALUES ('f913bb08-02f6-68df-087d-edf4e16165fa', '0329e5af-b0a3-3c94-73c3-db7d04d161f0', -22.957, 'кг');
INSERT INTO stock_items (warehouse_id, product_id, quantity, unit)
VALUES ('f913bb08-02f6-68df-087d-edf4e16165fa', 'd0d57d63-c6e2-9744-5e89-33d0cf04df91', 17.0, 'шт');
INSERT INTO stock_items (warehouse_id, product_id, quantity, unit)
VALUES ('f913bb08-02f6-68df-087d-edf4e16165fa', 'b702f419-eeba-8bee-24fd-806d0aa6bda2', 0.28, 'кг');
INSERT INTO stock_items (warehouse_id, product_id, quantity, unit)
VALUES ('f913bb08-02f6-68df-087d-edf4e16165fa', '1916c74c-d17d-ef6b-d4b0-b445979a77a0', 0.55, 'л');
INSERT INTO stock_items (warehouse_id, product_id, quantity, unit)
VALUES ('f913bb08-02f6-68df-087d-edf4e16165fa', '0d410d0f-f738-fd3f-51cb-f31cbc760450', 0.119, 'кг');
INSERT INTO stock_items (warehouse_id, product_id, quantity, unit)
VALUES ('f913bb08-02f6-68df-087d-edf4e16165fa', 'd8b5a64e-8f6f-0269-71f3-1483a2180c3d', 1.538, 'кг');
INSERT INTO stock_items (warehouse_id, product_id, quantity, unit)
VALUES ('f913bb08-02f6-68df-087d-edf4e16165fa', '023fd8b1-9274-1e6c-8555-3d6a0582b234', -9.562, 'кг');
INSERT INTO stock_items (warehouse_id, product_id, quantity, unit)
VALUES ('f913bb08-02f6-68df-087d-edf4e16165fa', '326b1521-fb9f-af90-045c-a9b684172690', -8.05, 'кг');
INSERT INTO stock_items (warehouse_id, product_id, quantity, unit)
VALUES ('f913bb08-02f6-68df-087d-edf4e16165fa', '000dafb1-85fc-9d5d-aab4-72db3fa07469', 0.9, 'кг');
INSERT INTO stock_items (warehouse_id, product_id, quantity, unit)
VALUES ('f913bb08-02f6-68df-087d-edf4e16165fa', '3c399d62-3ab5-0885-dec0-74cb655f0574', -6.035, 'кг');
INSERT INTO stock_items (warehouse_id, product_id, quantity, unit)
VALUES ('f913bb08-02f6-68df-087d-edf4e16165fa', '8b13e1a6-a981-ad38-fa63-e38634c4f9fa', 0.385, 'кг');
INSERT INTO stock_items (warehouse_id, product_id, quantity, unit)
VALUES ('f913bb08-02f6-68df-087d-edf4e16165fa', 'aed4c4de-289a-46c5-d99b-f1b75732c928', -73.69, 'кг');
INSERT INTO stock_items (warehouse_id, product_id, quantity, unit)
VALUES ('f913bb08-02f6-68df-087d-edf4e16165fa', 'eb2f80c6-1f1b-921d-3488-598073d24c11', -56.0, 'кг');
INSERT INTO stock_items (warehouse_id, product_id, quantity, unit)
VALUES ('f913bb08-02f6-68df-087d-edf4e16165fa', 'e2c57405-c1b1-bdea-e509-4322e011d622', 5.0, 'кг');
INSERT INTO stock_items (warehouse_id, product_id, quantity, unit)
VALUES ('f913bb08-02f6-68df-087d-edf4e16165fa', 'e1da2b31-3a4f-83c3-3f89-d00a280f3e23', 0.0, 'кг');
INSERT INTO stock_items (warehouse_id, product_id, quantity, unit)
VALUES ('f913bb08-02f6-68df-087d-edf4e16165fa', '641bd907-a005-bd53-5a27-d0c0686621df', 0.476, 'кг');
INSERT INTO stock_items (warehouse_id, product_id, quantity, unit)
VALUES ('f913bb08-02f6-68df-087d-edf4e16165fa', '01fbfc29-c5f4-3dac-a565-dcbb78c298c0', -446.0, 'шт');
INSERT INTO stock_items (warehouse_id, product_id, quantity, unit)
VALUES ('f913bb08-02f6-68df-087d-edf4e16165fa', '02473c15-2046-984e-8ad8-d6381bc10d28', 1.0, 'шт');
INSERT INTO stock_items (warehouse_id, product_id, quantity, unit)
VALUES ('f913bb08-02f6-68df-087d-edf4e16165fa', '3449ef09-a092-16a1-8f38-9bb18f96c35b', -9.79, 'кг');
INSERT INTO stock_items (warehouse_id, product_id, quantity, unit)
VALUES ('f913bb08-02f6-68df-087d-edf4e16165fa', 'b63d9a4c-05fc-d6db-b666-91722360c6dd', 5.402, 'л');
INSERT INTO stock_items (warehouse_id, product_id, quantity, unit)
VALUES ('f913bb08-02f6-68df-087d-edf4e16165fa', 'e0d97529-c333-a74c-8aaa-a02a9e9cbfee', -8.44, 'кг');
INSERT INTO stock_items (warehouse_id, product_id, quantity, unit)
VALUES ('f913bb08-02f6-68df-087d-edf4e16165fa', 'ce07ca59-e737-9a0c-2e3d-15ec5a3bf59d', -32.444, 'кг');
INSERT INTO stock_items (warehouse_id, product_id, quantity, unit)
VALUES ('f913bb08-02f6-68df-087d-edf4e16165fa', '4c94caaa-3be1-5e25-aa68-a61fe6323450', -6.9, 'кг');
INSERT INTO stock_items (warehouse_id, product_id, quantity, unit)
VALUES ('f913bb08-02f6-68df-087d-edf4e16165fa', '83e46956-ed3d-95fe-1a19-6da4278cd8b5', 1.66, 'кг');
INSERT INTO stock_items (warehouse_id, product_id, quantity, unit)
VALUES ('f913bb08-02f6-68df-087d-edf4e16165fa', '464c06da-ccfa-2e41-882e-ea7eefa81ea0', -1.015, 'кг');
INSERT INTO stock_items (warehouse_id, product_id, quantity, unit)
VALUES ('f913bb08-02f6-68df-087d-edf4e16165fa', '5685c6e9-d9c6-3555-d692-4983cdbb87fd', -1.14, 'кг');
INSERT INTO stock_items (warehouse_id, product_id, quantity, unit)
VALUES ('f913bb08-02f6-68df-087d-edf4e16165fa', '2d489411-e4c3-8c5e-c0ef-f8b4e27360aa', 0.12, 'кг');
INSERT INTO stock_items (warehouse_id, product_id, quantity, unit)
VALUES ('f913bb08-02f6-68df-087d-edf4e16165fa', '29ee06c5-65a1-1288-2477-3cf82e712388', 1.0, 'кг');
INSERT INTO stock_items (warehouse_id, product_id, quantity, unit)
VALUES ('f913bb08-02f6-68df-087d-edf4e16165fa', '725d9a3c-095b-3bcb-9172-f0a33457c391', 0.06, 'кг');
INSERT INTO stock_items (warehouse_id, product_id, quantity, unit)
VALUES ('f913bb08-02f6-68df-087d-edf4e16165fa', 'd91812e5-629d-eb2d-cfcd-e9da4bf90e71', -15.967, 'кг');
INSERT INTO stock_items (warehouse_id, product_id, quantity, unit)
VALUES ('f913bb08-02f6-68df-087d-edf4e16165fa', '1ababc5c-f041-b5b3-015f-9b518012f827', 2.2, 'кг');
INSERT INTO stock_items (warehouse_id, product_id, quantity, unit)
VALUES ('f913bb08-02f6-68df-087d-edf4e16165fa', 'df0bcd02-da40-f0fe-fede-7cd69b7acf34', 1.631, 'л');
INSERT INTO stock_items (warehouse_id, product_id, quantity, unit)
VALUES ('f913bb08-02f6-68df-087d-edf4e16165fa', '3e0dceaa-2fc2-5a4d-ff36-8ec0fa900aa6', -1.445, 'кг');
INSERT INTO stock_items (warehouse_id, product_id, quantity, unit)
VALUES ('f913bb08-02f6-68df-087d-edf4e16165fa', 'dc630035-80d1-f0a5-1354-72407de63ba2', 5.224, 'л');
INSERT INTO stock_items (warehouse_id, product_id, quantity, unit)
VALUES ('f913bb08-02f6-68df-087d-edf4e16165fa', '9fdb5018-be93-7768-242e-4bed9a34e6ee', 0.1, 'кг');
INSERT INTO stock_items (warehouse_id, product_id, quantity, unit)
VALUES ('f913bb08-02f6-68df-087d-edf4e16165fa', '100bac75-3965-8bb7-d187-727142547ef0', -135.208, 'л');
INSERT INTO stock_items (warehouse_id, product_id, quantity, unit)
VALUES ('f913bb08-02f6-68df-087d-edf4e16165fa', '93cd2493-f419-01fa-652c-5bd630989043', 33.0, 'шт');
INSERT INTO stock_items (warehouse_id, product_id, quantity, unit)
VALUES ('f913bb08-02f6-68df-087d-edf4e16165fa', 'b6392db4-6734-ce90-007a-93ce5aeaf059', -13.553, 'кг');
INSERT INTO stock_items (warehouse_id, product_id, quantity, unit)
VALUES ('f913bb08-02f6-68df-087d-edf4e16165fa', 'fb31d83e-c077-b7b2-bab9-ef96328c2863', 3.764, 'кг');
INSERT INTO stock_items (warehouse_id, product_id, quantity, unit)
VALUES ('f913bb08-02f6-68df-087d-edf4e16165fa', '991ece9c-b5ed-2413-e646-e4c6857e9f3a', -1.436, 'кг');
INSERT INTO stock_items (warehouse_id, product_id, quantity, unit)
VALUES ('f913bb08-02f6-68df-087d-edf4e16165fa', '137f0a84-c6d2-2f9f-53b5-eb691602617b', -13.06, 'кг');
INSERT INTO stock_items (warehouse_id, product_id, quantity, unit)
VALUES ('f913bb08-02f6-68df-087d-edf4e16165fa', '4ed15b11-0c73-a383-d45c-7186a1a537a7', -0.47, 'кг');
INSERT INTO stock_items (warehouse_id, product_id, quantity, unit)
VALUES ('f913bb08-02f6-68df-087d-edf4e16165fa', '002a6914-85ce-b040-5a44-c3edbc3e154b', -3.68, 'кг');
INSERT INTO stock_items (warehouse_id, product_id, quantity, unit)
VALUES ('f913bb08-02f6-68df-087d-edf4e16165fa', 'a4e1b7d1-1c36-4db6-8db9-77c6b08e6b02', -14.71, 'кг');
INSERT INTO stock_items (warehouse_id, product_id, quantity, unit)
VALUES ('f913bb08-02f6-68df-087d-edf4e16165fa', 'cf769555-f90a-81b3-63fb-d277194f5097', 4.0, 'шт');
INSERT INTO stock_items (warehouse_id, product_id, quantity, unit)
VALUES ('f913bb08-02f6-68df-087d-edf4e16165fa', '0a109983-eaf2-9781-faec-5bf25922386d', -3.321, 'кг');
INSERT INTO stock_items (warehouse_id, product_id, quantity, unit)
VALUES ('f913bb08-02f6-68df-087d-edf4e16165fa', 'a8766aca-aa19-0d28-891e-09af7df10e20', 0.09, 'кг');
INSERT INTO stock_items (warehouse_id, product_id, quantity, unit)
VALUES ('f913bb08-02f6-68df-087d-edf4e16165fa', '545b831c-1c4f-aec9-477c-1b7a64c73fc8', -210.0, 'шт');
INSERT INTO stock_items (warehouse_id, product_id, quantity, unit)
VALUES ('f913bb08-02f6-68df-087d-edf4e16165fa', 'cf5200cf-de22-3d54-a5e7-673863830003', -12.095, 'кг');
INSERT INTO stock_items (warehouse_id, product_id, quantity, unit)
VALUES ('f913bb08-02f6-68df-087d-edf4e16165fa', '967a0a99-3d10-0728-f7ae-2ca2ef9a6ee3', 1.522, 'кг');
INSERT INTO stock_items (warehouse_id, product_id, quantity, unit)
VALUES ('f913bb08-02f6-68df-087d-edf4e16165fa', 'be74a8ba-d499-251f-c0e5-245eca8cae5b', -0.395, 'кг');
INSERT INTO stock_items (warehouse_id, product_id, quantity, unit)
VALUES ('f913bb08-02f6-68df-087d-edf4e16165fa', 'd00c475a-7f07-a7c0-2b03-f3a5834102e6', 1.0, 'шт');
INSERT INTO stock_items (warehouse_id, product_id, quantity, unit)
VALUES ('f913bb08-02f6-68df-087d-edf4e16165fa', '3b38acf6-e791-25ce-5c88-fd1101b6e83b', -34.48, 'кг');
INSERT INTO stock_items (warehouse_id, product_id, quantity, unit)
VALUES ('f913bb08-02f6-68df-087d-edf4e16165fa', 'd5ac2e36-a7ee-4468-d0db-f83b411daf07', -0.533, 'кг');
INSERT INTO stock_items (warehouse_id, product_id, quantity, unit)
VALUES ('f913bb08-02f6-68df-087d-edf4e16165fa', '3f18fe9a-b4f6-dc1f-a16b-ec7937a9d82c', 0.1, 'кг');
INSERT INTO stock_items (warehouse_id, product_id, quantity, unit)
VALUES ('f913bb08-02f6-68df-087d-edf4e16165fa', 'e223c4f0-ac0d-5580-a1da-4035f05f814d', 10.0, 'шт');
INSERT INTO stock_items (warehouse_id, product_id, quantity, unit)
VALUES ('f913bb08-02f6-68df-087d-edf4e16165fa', '38032d28-2330-a74c-15ad-0f61846ad45e', 5.0, 'л');
INSERT INTO stock_items (warehouse_id, product_id, quantity, unit)
VALUES ('f913bb08-02f6-68df-087d-edf4e16165fa', '2db5e773-5514-3cf9-abf4-6553f907b8ba', 1.0, 'кг');
INSERT INTO stock_items (warehouse_id, product_id, quantity, unit)
VALUES ('f913bb08-02f6-68df-087d-edf4e16165fa', 'e85186f4-4301-2755-99b7-63c3e58c9191', -12.92, 'кг');
INSERT INTO stock_items (warehouse_id, product_id, quantity, unit)
VALUES ('f913bb08-02f6-68df-087d-edf4e16165fa', 'a4fe4b1e-c5c1-c69c-a522-dc054678f872', -0.535, 'кг');
INSERT INTO stock_items (warehouse_id, product_id, quantity, unit)
VALUES ('f913bb08-02f6-68df-087d-edf4e16165fa', '0fbefa95-1c0a-28fd-12a4-169c2a6bfadc', 0.09, 'л');
INSERT INTO stock_items (warehouse_id, product_id, quantity, unit)
VALUES ('f913bb08-02f6-68df-087d-edf4e16165fa', 'af79f2d0-87f8-6402-b8a7-d9ca8c6ac59e', -6.23, 'кг');
INSERT INTO stock_items (warehouse_id, product_id, quantity, unit)
VALUES ('f913bb08-02f6-68df-087d-edf4e16165fa', '4e69c83f-eeb4-b971-d326-43bb334c313a', -0.637, 'кг');
INSERT INTO stock_items (warehouse_id, product_id, quantity, unit)
VALUES ('f913bb08-02f6-68df-087d-edf4e16165fa', '72842d78-2dc3-38f2-0197-5d4efb8055c4', -7.0, 'шт');
INSERT INTO stock_items (warehouse_id, product_id, quantity, unit)
VALUES ('f913bb08-02f6-68df-087d-edf4e16165fa', '23923912-6a66-3f2a-b718-a70a5ce04c57', 0.04, 'л');
INSERT INTO stock_items (warehouse_id, product_id, quantity, unit)
VALUES ('f913bb08-02f6-68df-087d-edf4e16165fa', 'f172f05c-d9ce-ef1d-ab9b-850bc1cea2f7', 0.49, 'л');
INSERT INTO stock_items (warehouse_id, product_id, quantity, unit)
VALUES ('f913bb08-02f6-68df-087d-edf4e16165fa', '0bfe17ff-5a93-e837-64ff-71ff7c905e9d', 1.91, 'л');
INSERT INTO stock_items (warehouse_id, product_id, quantity, unit)
VALUES ('f913bb08-02f6-68df-087d-edf4e16165fa', '8cb5ab22-a231-7cb7-f829-116442f41d24', 1.72, 'л');
INSERT INTO stock_items (warehouse_id, product_id, quantity, unit)
VALUES ('f913bb08-02f6-68df-087d-edf4e16165fa', '61a9f3fe-abdb-ce19-0662-341292c9c929', 2.21, 'л');
INSERT INTO stock_items (warehouse_id, product_id, quantity, unit)
VALUES ('f913bb08-02f6-68df-087d-edf4e16165fa', '1ce74bea-eec3-2427-7685-f39da89cf358', 0.2, 'л');
INSERT INTO stock_items (warehouse_id, product_id, quantity, unit)
VALUES ('f913bb08-02f6-68df-087d-edf4e16165fa', '4c6f0e50-0346-a4e0-cbd5-d0aa51b38471', 0.44, 'л');
INSERT INTO stock_items (warehouse_id, product_id, quantity, unit)
VALUES ('f913bb08-02f6-68df-087d-edf4e16165fa', 'b760f25a-721d-dc86-f199-972b40fe9148', 0.48, 'л');
INSERT INTO stock_items (warehouse_id, product_id, quantity, unit)
VALUES ('f913bb08-02f6-68df-087d-edf4e16165fa', 'a4b8b132-29cd-ef6b-4dc4-85f80fdb9746', 0.595, 'л');
INSERT INTO stock_items (warehouse_id, product_id, quantity, unit)
VALUES ('f913bb08-02f6-68df-087d-edf4e16165fa', '5ffe3b07-329f-c62b-dc61-8972aed28d94', 0.0, 'л');
INSERT INTO stock_items (warehouse_id, product_id, quantity, unit)
VALUES ('f913bb08-02f6-68df-087d-edf4e16165fa', '72b2444e-84b8-761c-34d7-7812ff6f25c4', -4.08, 'л');
INSERT INTO stock_items (warehouse_id, product_id, quantity, unit)
VALUES ('f913bb08-02f6-68df-087d-edf4e16165fa', '1477c556-6e0f-b820-22cc-e883b5e47f2a', 0.94, 'кг');
INSERT INTO stock_items (warehouse_id, product_id, quantity, unit)
VALUES ('f913bb08-02f6-68df-087d-edf4e16165fa', 'ea322806-fb74-8621-c6fe-054bf5ce4f7d', 0.02, 'кг');
INSERT INTO stock_items (warehouse_id, product_id, quantity, unit)
VALUES ('f913bb08-02f6-68df-087d-edf4e16165fa', 'bdaf0934-95ba-d80d-02fc-4f0edf6d5197', -2.455, 'кг');
INSERT INTO stock_items (warehouse_id, product_id, quantity, unit)
VALUES ('f913bb08-02f6-68df-087d-edf4e16165fa', 'f22a4a49-6a69-f32b-8c52-5a0deac4da33', -2.295, 'л');
INSERT INTO stock_items (warehouse_id, product_id, quantity, unit)
VALUES ('f913bb08-02f6-68df-087d-edf4e16165fa', 'c3f6dd23-1fab-db4c-0f19-0369b83c10df', -17.7, 'л');
INSERT INTO stock_items (warehouse_id, product_id, quantity, unit)
VALUES ('f913bb08-02f6-68df-087d-edf4e16165fa', '737f2d0d-672b-ed20-71a8-e93759471c20', -0.4, 'л');
INSERT INTO stock_items (warehouse_id, product_id, quantity, unit)
VALUES ('f913bb08-02f6-68df-087d-edf4e16165fa', 'bbcb2837-f4e0-8783-8ce1-9892a93205bd', -0.7, 'л');
INSERT INTO stock_items (warehouse_id, product_id, quantity, unit)
VALUES ('f913bb08-02f6-68df-087d-edf4e16165fa', '52be948a-9a2e-485f-6acd-8ab821f4e1d8', -2.2, 'л');
INSERT INTO stock_items (warehouse_id, product_id, quantity, unit)
VALUES ('f913bb08-02f6-68df-087d-edf4e16165fa', '26f60d1c-7801-197d-af07-cd40be9a74bc', -1.6, 'л');
INSERT INTO stock_items (warehouse_id, product_id, quantity, unit)
VALUES ('f913bb08-02f6-68df-087d-edf4e16165fa', 'aae45e3f-c1c2-86c0-1bd6-03617fe80223', -4.1, 'л');
INSERT INTO stock_items (warehouse_id, product_id, quantity, unit)
VALUES ('f913bb08-02f6-68df-087d-edf4e16165fa', '46c50ff6-9900-31a7-d307-ad5e041c4f71', 5.756, 'кг');
INSERT INTO stock_items (warehouse_id, product_id, quantity, unit)
VALUES ('f913bb08-02f6-68df-087d-edf4e16165fa', 'dd36a227-b81a-b985-d2da-12305852b6d2', -2.84, 'кг');
INSERT INTO stock_items (warehouse_id, product_id, quantity, unit)
VALUES ('f913bb08-02f6-68df-087d-edf4e16165fa', '975cdd3f-3472-a3df-59c7-7ce25ed6ba60', -14.0, 'шт');
INSERT INTO stock_items (warehouse_id, product_id, quantity, unit)
VALUES ('f913bb08-02f6-68df-087d-edf4e16165fa', '714d8548-6bda-fddd-2a8c-b5aa9185228f', -5.0, 'шт');
INSERT INTO stock_items (warehouse_id, product_id, quantity, unit)
VALUES ('f913bb08-02f6-68df-087d-edf4e16165fa', 'af10a8c9-faf5-0733-cf75-55139416b435', -88.0, 'шт');
INSERT INTO stock_items (warehouse_id, product_id, quantity, unit)
VALUES ('f913bb08-02f6-68df-087d-edf4e16165fa', '1b6f48fe-84fa-c70b-5c8c-0f7bae26cfa6', -7.0, 'шт');
INSERT INTO stock_items (warehouse_id, product_id, quantity, unit)
VALUES ('f913bb08-02f6-68df-087d-edf4e16165fa', '3340f104-1228-4cbc-27fc-7b18d973a12c', 0.5, 'кг');
INSERT INTO stock_items (warehouse_id, product_id, quantity, unit)
VALUES ('f913bb08-02f6-68df-087d-edf4e16165fa', '2071d867-3f2f-04d2-2436-6a56d21db07c', -297.0, 'шт');
INSERT INTO stock_items (warehouse_id, product_id, quantity, unit)
VALUES ('f913bb08-02f6-68df-087d-edf4e16165fa', '2e0e14ca-ebcf-765d-20f7-6377acc54411', 0.0, 'кг');
INSERT INTO stock_items (warehouse_id, product_id, quantity, unit)
VALUES ('f913bb08-02f6-68df-087d-edf4e16165fa', '2db48fa1-95ea-439d-6bbc-f58afe597675', 0.18, 'кг');
INSERT INTO stock_items (warehouse_id, product_id, quantity, unit)
VALUES ('f913bb08-02f6-68df-087d-edf4e16165fa', '679ffa35-fcec-b101-48c0-f05eb509a5a2', 0.1, 'кг');
INSERT INTO stock_items (warehouse_id, product_id, quantity, unit)
VALUES ('f913bb08-02f6-68df-087d-edf4e16165fa', 'e0735ef2-0495-cea3-f7e8-1e60536e9f48', 1.92, 'кг');
INSERT INTO stock_items (warehouse_id, product_id, quantity, unit)
VALUES ('f913bb08-02f6-68df-087d-edf4e16165fa', 'a3b87c46-796f-db1d-73c7-57a6318efae4', -0.22, 'кг');
INSERT INTO stock_items (warehouse_id, product_id, quantity, unit)
VALUES ('f913bb08-02f6-68df-087d-edf4e16165fa', 'c6ea0f2d-13f8-5d42-204d-7ba158f4cb96', 0.0, 'кг');
INSERT INTO stock_items (warehouse_id, product_id, quantity, unit)
VALUES ('f913bb08-02f6-68df-087d-edf4e16165fa', '6e15ed31-0607-3700-f423-a0173a24357a', -0.61, 'шт');
INSERT INTO stock_items (warehouse_id, product_id, quantity, unit)
VALUES ('f913bb08-02f6-68df-087d-edf4e16165fa', 'f338bb25-3fb3-255d-5f95-51d7ce058e5b', -0.853, 'л');
INSERT INTO stock_items (warehouse_id, product_id, quantity, unit)
VALUES ('f913bb08-02f6-68df-087d-edf4e16165fa', '366648c9-58e8-1ed5-b027-fba0be87d7ed', -3.3, 'кг');
INSERT INTO stock_items (warehouse_id, product_id, quantity, unit)
VALUES ('f913bb08-02f6-68df-087d-edf4e16165fa', '3148f85a-4f81-6ade-edf1-966df463b88e', 0.45, 'кг');
INSERT INTO stock_items (warehouse_id, product_id, quantity, unit)
VALUES ('f913bb08-02f6-68df-087d-edf4e16165fa', '34883446-d844-62cb-9212-7db1cf490597', 0.0, 'шт');
INSERT INTO stock_items (warehouse_id, product_id, quantity, unit)
VALUES ('f913bb08-02f6-68df-087d-edf4e16165fa', 'd06ae6ec-82be-b26a-4b5a-b0e4de7a3d38', 0.5, 'кг');
INSERT INTO stock_items (warehouse_id, product_id, quantity, unit)
VALUES ('f913bb08-02f6-68df-087d-edf4e16165fa', 'e56bb2b2-7c6b-cd5c-4add-c633c3045aa8', -19.77, 'кг');
INSERT INTO stock_items (warehouse_id, product_id, quantity, unit)
VALUES ('f913bb08-02f6-68df-087d-edf4e16165fa', 'bb79fe04-9217-220c-cfc8-a7f952769fcb', 5.0, 'шт');
INSERT INTO stock_items (warehouse_id, product_id, quantity, unit)
VALUES ('f913bb08-02f6-68df-087d-edf4e16165fa', 'a5c5f0c1-7a1a-e1d5-9ef4-74276281ad38', 1.487, 'кг');
INSERT INTO stock_items (warehouse_id, product_id, quantity, unit)
VALUES ('f913bb08-02f6-68df-087d-edf4e16165fa', '19e038a1-1bb9-0b24-c40e-a518611882d6', -0.62, 'кг');
INSERT INTO stock_items (warehouse_id, product_id, quantity, unit)
VALUES ('f913bb08-02f6-68df-087d-edf4e16165fa', 'abf2eac0-45f0-7b07-75db-68e4f3e40c01', -9.75, 'кг');
INSERT INTO stock_items (warehouse_id, product_id, quantity, unit)
VALUES ('f913bb08-02f6-68df-087d-edf4e16165fa', 'fe9e0eae-a8d6-2b6b-5f3e-27fc5c4be3ee', -2.158, 'кг');
INSERT INTO stock_items (warehouse_id, product_id, quantity, unit)
VALUES ('f913bb08-02f6-68df-087d-edf4e16165fa', '2fb3d515-f60c-3042-b26b-3c5c4cb3b9ce', 6.8, 'кг');
INSERT INTO stock_items (warehouse_id, product_id, quantity, unit)
VALUES ('f913bb08-02f6-68df-087d-edf4e16165fa', '894e60d9-29b7-27fc-619c-4900e1a1b83a', 1.0, 'шт');
INSERT INTO stock_items (warehouse_id, product_id, quantity, unit)
VALUES ('f913bb08-02f6-68df-087d-edf4e16165fa', 'cf46ba39-2b6f-82ce-0fd8-21645912e562', 8.0, 'шт');
INSERT INTO stock_items (warehouse_id, product_id, quantity, unit)
VALUES ('f913bb08-02f6-68df-087d-edf4e16165fa', '9f171c94-14c9-a522-25e8-ed304aed68c0', 2.0, 'кг');
INSERT INTO stock_items (warehouse_id, product_id, quantity, unit)
VALUES ('f913bb08-02f6-68df-087d-edf4e16165fa', '1e284e76-d172-01ed-4825-5902199db987', -8.41, 'кг');
INSERT INTO stock_items (warehouse_id, product_id, quantity, unit)
VALUES ('f913bb08-02f6-68df-087d-edf4e16165fa', '315f3a63-ec37-aaf6-aed9-561d08e540ce', 1.25, 'л');
INSERT INTO stock_items (warehouse_id, product_id, quantity, unit)
VALUES ('f913bb08-02f6-68df-087d-edf4e16165fa', '6d1be1ee-f7d4-e847-dca2-4ad0c093a3d6', 0.0, 'кг');
INSERT INTO stock_items (warehouse_id, product_id, quantity, unit)
VALUES ('f913bb08-02f6-68df-087d-edf4e16165fa', '182edfc9-5063-4d9a-a845-2b51beaf77b0', -289.0, 'шт');
INSERT INTO stock_items (warehouse_id, product_id, quantity, unit)
VALUES ('f913bb08-02f6-68df-087d-edf4e16165fa', '92c80c20-8743-ca38-5eef-0ee66697529e', -0.42, 'кг');
INSERT INTO stock_items (warehouse_id, product_id, quantity, unit)
VALUES ('f913bb08-02f6-68df-087d-edf4e16165fa', 'face28ba-6048-630a-83b9-523e317bd72d', -0.26, 'кг');
INSERT INTO stock_items (warehouse_id, product_id, quantity, unit)
VALUES ('f913bb08-02f6-68df-087d-edf4e16165fa', '25953aee-0051-c7f3-d9d6-d3a0b2fef123', -1700.0, 'шт');
-- 181 stock items

COMMIT;